96 96 96
96 96 96
96 96 96
96 96 96
96 96 96
96 96 96
96 96 96
96 96 96
96 96 96
96 96 96
96 96 96
96 96 96
96 96 96
96 96 96
96 96 96
96 96 96
92 92 92
92 92 92
93 93 93
93 93 93
94 94 94
94 94 94
94 94 94
94 94 94
93 93 93
93 93 93
93 93 93
93 93 93
93 93 93
93 93 93
93 93 93
93 93 93
95 95 95
95 95 95
95 95 95
95 95 95
95 95 95
95 95 95
95 95 95
95 95 95
96 96 96
96 96 96
96 96 96
97 97 97
97 97 97
97 97 97
98 98 98
98 98 98
99 99 99
99 99 99
99 99 99
99 99 99
99 99 99
99 99 99
99 99 99
99 99 99
99 99 99
99 99 99
99 99 99
99 99 99
99 99 99
99 99 99
99 99 99
99 99 99
99 99 99
99 99 99
99 99 99
99 99 99
99 99 99
99 99 99
99 99 99
99 99 99
99 99 99
99 99 99
99 99 99
99 99 99
99 99 99
99 99 99
99 99 99
99 99 99
99 99 99
99 99 99
99 99 99
99 99 99
99 99 99
99 99 99
99 99 99
99 99 99
99 99 99
99 99 99
99 99 99
99 99 99
99 99 99
99 99 99
99 99 99
99 99 99
97 97 97
97 97 97
97 97 97
98 98 98
98 98 98
99 99 99
99 99 99
99 99 99
95 95 95
95 95 95
95 95 95
95 95 95
96 96 96
96 96 96
97 97 97
97 97 97
97 97 97
97 97 97
96 96 96
96 96 96
95 95 95
95 95 95
95 95 95
95 95 95
99 99 99
99 99 99
99 99 99
98 98 98
98 98 98
97 97 97
97 97 97
97 97 97
96 96 96
96 96 96
96 96 96
96 96 96
96 96 96
96 96 96
96 96 96
96 96 96
93 93 93
94 94 94
94 94 94
94 94 94
95 95 95
95 95 95
95 95 95
96 96 96
96 96 96
96 96 96
96 96 96
96 96 96
96 96 96
96 96 96
96 96 96
96 96 96
95 95 95
95 95 95
95 95 95
95 95 95
95 95 95
95 95 95
95 95 95
95 95 95
93 93 93
94 94 94
94 94 94
94 94 94
95 95 95
95 95 95
95 95 95
96 96 96
95 95 95
95 95 95
95 95 95
95 95 95
95 95 95
95 95 95
95 95 95
95 95 95
96 96 96
96 96 96
96 96 96
96 96 96
96 96 96
96 96 96
96 96 96
96 96 96
95 95 95
95 95 95
96 96 96
96 96 96
97 97 97
98 98 98
99 99 99
99 99 99
99 99 99
99 99 99
99 99 99
99 99 99
99 99 99
99 99 99
99 99 99
99 99 99
99 99 99
99 99 99
99 99 99
99 99 99
99 99 99
99 99 99
99 99 99
99 99 99
99 99 99
99 99 99
99 99 99
99 99 99
99 99 99
99 99 99
99 99 99
99 99 99
99 99 99
99 99 99
99 99 99
99 99 99
99 99 99
99 99 99
99 99 99
99 99 99
99 99 99
99 99 99
99 99 99
99 99 99
99 99 99
99 99 99
99 99 99
99 99 99
99 99 99
99 99 99
99 99 99
98 98 98
98 98 98
97 97 97
97 97 97
97 97 97
96 96 96
98 98 98
99 99 99
99 99 99
99 99 99
99 99 99
96 96 96
94 94 94
92 92 92
96 96 96
99 99 99
98 98 98
94 94 94
93 93 93
96 96 96
99 99 99
90 90 90
90 90 90
96 96 96
96 96 96
96 96 96
96 96 96
96 96 96
96 96 96
96 96 96
96 96 96
96 96 96
96 96 96
96 96 96
96 96 96
96 96 96
96 96 96
96 96 96
96 96 96
93 93 93
93 93 93
93 93 93
93 93 93
94 94 94
94 94 94
95 95 95
95 95 95
94 94 94
94 94 94
94 94 94
94 94 94
94 94 94
94 94 94
94 94 94
94 94 94
95 95 95
95 95 95
95 95 95
95 95 95
95 95 95
95 95 95
95 95 95
95 95 95
96 96 96
96 96 96
96 96 96
97 97 97
97 97 97
97 97 97
98 98 98
98 98 98
99 99 99
99 99 99
99 99 99
99 99 99
99 99 99
99 99 99
99 99 99
99 99 99
99 99 99
99 99 99
99 99 99
99 99 99
99 99 99
99 99 99
99 99 99
99 99 99
99 99 99
99 99 99
99 99 99
99 99 99
99 99 99
99 99 99
99 99 99
99 99 99
99 99 99
99 99 99
99 99 99
99 99 99
99 99 99
99 99 99
99 99 99
99 99 99
99 99 99
99 99 99
99 99 99
99 99 99
99 99 99
99 99 99
99 99 99
99 99 99
99 99 99
99 99 99
99 99 99
99 99 99
99 99 99
99 99 99
99 99 99
99 99 99
97 97 97
97 97 97
97 97 97
98 98 98
98 98 98
99 99 99
99 99 99
99 99 99
93 93 93
94 94 94
96 96 96
97 97 97
97 97 97
97 97 97
96 96 96
95 95 95
97 97 97
97 97 97
96 96 96
96 96 96
96 96 96
95 95 95
95 95 95
95 95 95
99 99 99
99 99 99
99 99 99
98 98 98
98 98 98
97 97 97
97 97 97
97 97 97
96 96 96
96 96 96
96 96 96
96 96 96
96 96 96
96 96 96
96 96 96
96 96 96
94 94 94
94 94 94
94 94 94
95 95 95
95 95 95
95 95 95
96 96 96
96 96 96
96 96 96
96 96 96
96 96 96
96 96 96
96 96 96
96 96 96
96 96 96
96 96 96
95 95 95
95 95 95
95 95 95
95 95 95
95 95 95
95 95 95
95 95 95
95 95 95
94 94 94
94 94 94
94 94 94
95 95 95
95 95 95
95 95 95
96 96 96
96 96 96
95 95 95
95 95 95
95 95 95
95 95 95
95 95 95
95 95 95
95 95 95
95 95 95
96 96 96
96 96 96
96 96 96
96 96 96
96 96 96
96 96 96
96 96 96
96 96 96
95 95 95
95 95 95
96 96 96
96 96 96
97 97 97
98 98 98
99 99 99
99 99 99
99 99 99
99 99 99
99 99 99
99 99 99
99 99 99
99 99 99
99 99 99
99 99 99
99 99 99
99 99 99
99 99 99
99 99 99
99 99 99
99 99 99
99 99 99
99 99 99
99 99 99
99 99 99
99 99 99
99 99 99
99 99 99
99 99 99
99 99 99
99 99 99
99 99 99
99 99 99
99 99 99
99 99 99
99 99 99
99 99 99
99 99 99
99 99 99
99 99 99
99 99 99
99 99 99
99 99 99
99 99 99
99 99 99
99 99 99
99 99 99
99 99 99
99 99 99
99 99 99
98 98 98
98 98 98
97 97 97
97 97 97
97 97 97
96 96 96
98 98 98
99 99 99
99 99 99
99 99 99
99 99 99
96 96 96
94 94 94
92 92 92
96 96 96
99 99 99
98 98 98
94 94 94
93 93 93
96 96 96
99 99 99
93 93 93
93 93 93
96 96 96
96 96 96
96 96 96
96 96 96
96 96 96
96 96 96
96 96 96
96 96 96
96 96 96
96 96 96
96 96 96
96 96 96
96 96 96
96 96 96
96 96 96
96 96 96
93 93 93
93 93 93
94 94 94
94 94 94
95 95 95
95 95 95
95 95 95
95 95 95
94 94 94
94 94 94
94 94 94
94 94 94
94 94 94
94 94 94
94 94 94
94 94 94
95 95 95
95 95 95
95 95 95
95 95 95
95 95 95
95 95 95
95 95 95
95 95 95
96 96 96
96 96 96
96 96 96
97 97 97
97 97 97
97 97 97
98 98 98
98 98 98
99 99 99
99 99 99
99 99 99
99 99 99
99 99 99
99 99 99
99 99 99
99 99 99
99 99 99
99 99 99
99 99 99
99 99 99
99 99 99
99 99 99
99 99 99
99 99 99
99 99 99
99 99 99
99 99 99
99 99 99
99 99 99
99 99 99
99 99 99
99 99 99
99 99 99
99 99 99
99 99 99
99 99 99
99 99 99
99 99 99
99 99 99
99 99 99
99 99 99
99 99 99
99 99 99
99 99 99
99 99 99
99 99 99
99 99 99
99 99 99
99 99 99
99 99 99
99 99 99
99 99 99
99 99 99
99 99 99
99 99 99
99 99 99
97 97 97
97 97 97
97 97 97
98 98 98
98 98 98
99 99 99
99 99 99
99 99 99
90 90 90
93 93 93
96 96 96
99 99 99
99 99 99
98 98 98
94 94 94
92 92 92
97 97 97
97 97 97
97 97 97
96 96 96
96 96 96
96 96 96
95 95 95
95 95 95
99 99 99
99 99 99
99 99 99
98 98 98
98 98 98
97 97 97
97 97 97
97 97 97
96 96 96
96 96 96
96 96 96
96 96 96
96 96 96
96 96 96
96 96 96
96 96 96
94 94 94
94 94 94
94 94 94
95 95 95
95 95 95
96 96 96
96 96 96
96 96 96
96 96 96
96 96 96
96 96 96
96 96 96
96 96 96
96 96 96
96 96 96
96 96 96
95 95 95
95 95 95
95 95 95
95 95 95
95 95 95
95 95 95
95 95 95
95 95 95
94 94 94
94 94 94
94 94 94
95 95 95
95 95 95
96 96 96
96 96 96
96 96 96
95 95 95
95 95 95
95 95 95
95 95 95
95 95 95
95 95 95
95 95 95
95 95 95
96 96 96
96 96 96
96 96 96
96 96 96
96 96 96
96 96 96
96 96 96
96 96 96
95 95 95
95 95 95
96 96 96
96 96 96
97 97 97
98 98 98
99 99 99
99 99 99
99 99 99
99 99 99
99 99 99
99 99 99
99 99 99
99 99 99
99 99 99
99 99 99
99 99 99
99 99 99
99 99 99
99 99 99
99 99 99
99 99 99
99 99 99
99 99 99
99 99 99
99 99 99
99 99 99
99 99 99
99 99 99
99 99 99
99 99 99
99 99 99
99 99 99
99 99 99
99 99 99
99 99 99
99 99 99
99 99 99
99 99 99
99 99 99
99 99 99
99 99 99
99 99 99
99 99 99
99 99 99
99 99 99
99 99 99
99 99 99
99 99 99
99 99 99
99 99 99
98 98 98
98 98 98
97 97 97
97 97 97
97 97 97
96 96 96
98 98 98
99 99 99
99 99 99
99 99 99
99 99 99
96 96 96
94 94 94
92 92 92
96 96 96
99 99 99
98 98 98
94 94 94
93 93 93
96 96 96
99 99 99
96 96 96
96 96 96
97 97 97
97 97 97
97 97 97
97 97 97
97 97 97
97 97 97
97 97 97
97 97 97
97 97 97
97 97 97
97 97 97
97 97 97
97 97 97
97 97 97
97 97 97
97 97 97
94 94 94
94 94 94
95 95 95
95 95 95
95 95 95
96 96 96
96 96 96
96 96 96
95 95 95
95 95 95
95 95 95
95 95 95
95 95 95
95 95 95
95 95 95
95 95 95
96 96 96
96 96 96
96 96 96
96 96 96
96 96 96
96 96 96
96 96 96
96 96 96
96 96 96
96 96 96
96 96 96
97 97 97
97 97 97
97 97 97
98 98 98
98 98 98
99 99 99
99 99 99
99 99 99
99 99 99
99 99 99
99 99 99
99 99 99
99 99 99
99 99 99
99 99 99
99 99 99
99 99 99
99 99 99
99 99 99
99 99 99
99 99 99
99 99 99
99 99 99
99 99 99
99 99 99
99 99 99
99 99 99
99 99 99
99 99 99
99 99 99
99 99 99
99 99 99
99 99 99
99 99 99
99 99 99
99 99 99
99 99 99
99 99 99
99 99 99
99 99 99
99 99 99
99 99 99
99 99 99
99 99 99
99 99 99
99 99 99
99 99 99
99 99 99
99 99 99
99 99 99
99 99 99
99 99 99
99 99 99
97 97 97
97 97 97
97 97 97
98 98 98
98 98 98
99 99 99
99 99 99
99 99 99
89 89 89
92 92 92
96 96 96
99 99 99
99 99 99
98 98 98
94 94 94
91 91 91
98 98 98
98 98 98
97 97 97
97 97 97
96 96 96
96 96 96
96 96 96
96 96 96
99 99 99
99 99 99
99 99 99
98 98 98
98 98 98
97 97 97
97 97 97
97 97 97
97 97 97
97 97 97
97 97 97
97 97 97
97 97 97
97 97 97
97 97 97
97 97 97
94 94 94
95 95 95
95 95 95
95 95 95
96 96 96
96 96 96
96 96 96
97 97 97
97 97 97
97 97 97
97 97 97
97 97 97
97 97 97
97 97 97
97 97 97
97 97 97
96 96 96
96 96 96
96 96 96
96 96 96
96 96 96
96 96 96
96 96 96
96 96 96
94 94 94
95 95 95
95 95 95
95 95 95
96 96 96
96 96 96
96 96 96
97 97 97
96 96 96
96 96 96
96 96 96
96 96 96
96 96 96
96 96 96
96 96 96
96 96 96
96 96 96
96 96 96
96 96 96
96 96 96
96 96 96
96 96 96
96 96 96
96 96 96
95 95 95
95 95 95
96 96 96
96 96 96
97 97 97
98 98 98
99 99 99
99 99 99
99 99 99
99 99 99
99 99 99
99 99 99
99 99 99
99 99 99
99 99 99
99 99 99
99 99 99
99 99 99
99 99 99
99 99 99
99 99 99
99 99 99
99 99 99
99 99 99
99 99 99
99 99 99
99 99 99
99 99 99
99 99 99
99 99 99
99 99 99
99 99 99
99 99 99
99 99 99
99 99 99
99 99 99
99 99 99
99 99 99
99 99 99
99 99 99
99 99 99
99 99 99
99 99 99
99 99 99
99 99 99
99 99 99
99 99 99
99 99 99
99 99 99
99 99 99
99 99 99
98 98 98
98 98 98
97 97 97
97 97 97
97 97 97
96 96 96
98 98 98
99 99 99
99 99 99
99 99 99
99 99 99
96 96 96
94 94 94
92 92 92
96 96 96
99 99 99
98 98 98
94 94 94
93 93 93
96 96 96
99 99 99
99 99 99
99 99 99
97 97 97
97 97 97
97 97 97
97 97 97
97 97 97
97 97 97
97 97 97
97 97 97
97 97 97
97 97 97
97 97 97
97 97 97
97 97 97
97 97 97
97 97 97
97 97 97
95 95 95
95 95 95
96 96 96
96 96 96
96 96 96
97 97 97
97 97 97
97 97 97
96 96 96
96 96 96
96 96 96
96 96 96
96 96 96
96 96 96
96 96 96
96 96 96
96 96 96
96 96 96
96 96 96
96 96 96
96 96 96
96 96 96
96 96 96
96 96 96
96 96 96
96 96 96
96 96 96
97 97 97
97 97 97
97 97 97
98 98 98
98 98 98
99 99 99
99 99 99
99 99 99
99 99 99
99 99 99
99 99 99
99 99 99
99 99 99
99 99 99
99 99 99
99 99 99
99 99 99
99 99 99
99 99 99
99 99 99
99 99 99
99 99 99
99 99 99
99 99 99
99 99 99
99 99 99
99 99 99
99 99 99
99 99 99
99 99 99
99 99 99
99 99 99
99 99 99
99 99 99
99 99 99
99 99 99
99 99 99
99 99 99
99 99 99
99 99 99
99 99 99
99 99 99
99 99 99
99 99 99
99 99 99
99 99 99
99 99 99
99 99 99
99 99 99
99 99 99
99 99 99
99 99 99
99 99 99
97 97 97
97 97 97
97 97 97
98 98 98
98 98 98
99 99 99
99 99 99
99 99 99
90 90 90
92 92 92
95 95 95
98 98 98
98 98 98
96 96 96
94 94 94
92 92 92
98 98 98
98 98 98
98 98 98
97 97 97
97 97 97
97 97 97
96 96 96
96 96 96
99 99 99
99 99 99
99 99 99
98 98 98
98 98 98
97 97 97
97 97 97
97 97 97
97 97 97
97 97 97
97 97 97
97 97 97
97 97 97
97 97 97
97 97 97
97 97 97
95 95 95
95 95 95
95 95 95
96 96 96
96 96 96
97 97 97
97 97 97
97 97 97
97 97 97
97 97 97
97 97 97
97 97 97
97 97 97
97 97 97
97 97 97
97 97 97
96 96 96
96 96 96
96 96 96
96 96 96
96 96 96
96 96 96
96 96 96
96 96 96
95 95 95
95 95 95
95 95 95
96 96 96
96 96 96
97 97 97
97 97 97
97 97 97
96 96 96
96 96 96
96 96 96
96 96 96
96 96 96
96 96 96
96 96 96
96 96 96
96 96 96
96 96 96
96 96 96
96 96 96
96 96 96
96 96 96
96 96 96
96 96 96
95 95 95
95 95 95
96 96 96
96 96 96
97 97 97
98 98 98
99 99 99
99 99 99
99 99 99
99 99 99
99 99 99
99 99 99
99 99 99
99 99 99
99 99 99
99 99 99
99 99 99
99 99 99
99 99 99
99 99 99
99 99 99
99 99 99
99 99 99
99 99 99
99 99 99
99 99 99
99 99 99
99 99 99
99 99 99
99 99 99
99 99 99
99 99 99
99 99 99
99 99 99
99 99 99
99 99 99
99 99 99
99 99 99
99 99 99
99 99 99
99 99 99
99 99 99
99 99 99
99 99 99
99 99 99
99 99 99
99 99 99
99 99 99
99 99 99
99 99 99
99 99 99
98 98 98
98 98 98
97 97 97
97 97 97
97 97 97
96 96 96
98 98 98
99 99 99
99 99 99
99 99 99
99 99 99
96 96 96
94 94 94
92 92 92
96 96 96
99 99 99
98 98 98
94 94 94
93 93 93
96 96 96
99 99 99
99 99 99
99 99 99
98 98 98
98 98 98
98 98 98
98 98 98
98 98 98
98 98 98
98 98 98
98 98 98
98 98 98
98 98 98
98 98 98
98 98 98
98 98 98
98 98 98
98 98 98
98 98 98
96 96 96
96 96 96
97 97 97
97 97 97
97 97 97
98 98 98
98 98 98
98 98 98
97 97 97
97 97 97
97 97 97
97 97 97
97 97 97
97 97 97
97 97 97
97 97 97
96 96 96
96 96 96
96 96 96
96 96 96
96 96 96
96 96 96
96 96 96
96 96 96
96 96 96
96 96 96
96 96 96
97 97 97
97 97 97
97 97 97
98 98 98
98 98 98
99 99 99
99 99 99
99 99 99
99 99 99
99 99 99
99 99 99
99 99 99
99 99 99
99 99 99
99 99 99
99 99 99
99 99 99
99 99 99
99 99 99
99 99 99
99 99 99
99 99 99
99 99 99
99 99 99
99 99 99
99 99 99
99 99 99
99 99 99
99 99 99
99 99 99
99 99 99
99 99 99
99 99 99
99 99 99
99 99 99
99 99 99
99 99 99
99 99 99
99 99 99
99 99 99
99 99 99
99 99 99
99 99 99
99 99 99
99 99 99
99 99 99
99 99 99
99 99 99
99 99 99
99 99 99
99 99 99
99 99 99
99 99 99
97 97 97
97 97 97
97 97 97
98 98 98
98 98 98
99 99 99
99 99 99
99 99 99
93 93 93
93 93 93
93 93 93
93 93 93
94 94 94
94 94 94
95 95 95
95 95 95
99 99 99
98 98 98
98 98 98
98 98 98
97 97 97
97 97 97
97 97 97
97 97 97
99 99 99
99 99 99
99 99 99
98 98 98
98 98 98
97 97 97
97 97 97
97 97 97
98 98 98
98 98 98
98 98 98
98 98 98
98 98 98
98 98 98
98 98 98
98 98 98
95 95 95
96 96 96
96 96 96
96 96 96
97 97 97
97 97 97
97 97 97
97 97 97
98 98 98
98 98 98
98 98 98
98 98 98
98 98 98
98 98 98
98 98 98
98 98 98
96 96 96
96 96 96
96 96 96
96 96 96
96 96 96
96 96 96
96 96 96
96 96 96
95 95 95
96 96 96
96 96 96
96 96 96
97 97 97
97 97 97
97 97 97
97 97 97
96 96 96
96 96 96
96 96 96
96 96 96
96 96 96
96 96 96
96 96 96
96 96 96
96 96 96
96 96 96
96 96 96
96 96 96
96 96 96
96 96 96
96 96 96
96 96 96
95 95 95
95 95 95
96 96 96
96 96 96
97 97 97
98 98 98
99 99 99
99 99 99
99 99 99
99 99 99
99 99 99
99 99 99
99 99 99
99 99 99
99 99 99
99 99 99
99 99 99
99 99 99
99 99 99
99 99 99
99 99 99
99 99 99
99 99 99
99 99 99
99 99 99
99 99 99
99 99 99
99 99 99
99 99 99
99 99 99
99 99 99
99 99 99
99 99 99
99 99 99
99 99 99
99 99 99
99 99 99
99 99 99
99 99 99
99 99 99
99 99 99
99 99 99
99 99 99
99 99 99
99 99 99
99 99 99
99 99 99
99 99 99
99 99 99
99 99 99
99 99 99
98 98 98
98 98 98
97 97 97
97 97 97
97 97 97
96 96 96
98 98 98
99 99 99
99 99 99
99 99 99
99 99 99
96 96 96
94 94 94
92 92 92
96 96 96
99 99 99
98 98 98
94 94 94
93 93 93
96 96 96
99 99 99
99 99 99
99 99 99
98 98 98
98 98 98
98 98 98
98 98 98
98 98 98
98 98 98
98 98 98
98 98 98
98 98 98
98 98 98
98 98 98
98 98 98
98 98 98
98 98 98
98 98 98
98 98 98
97 97 97
97 97 97
97 97 97
98 98 98
98 98 98
98 98 98
99 99 99
99 99 99
98 98 98
98 98 98
98 98 98
98 98 98
98 98 98
98 98 98
98 98 98
98 98 98
97 97 97
97 97 97
97 97 97
97 97 97
97 97 97
97 97 97
97 97 97
97 97 97
96 96 96
96 96 96
96 96 96
97 97 97
97 97 97
97 97 97
98 98 98
98 98 98
99 99 99
99 99 99
99 99 99
99 99 99
99 99 99
99 99 99
99 99 99
99 99 99
99 99 99
99 99 99
99 99 99
99 99 99
99 99 99
99 99 99
99 99 99
99 99 99
99 99 99
99 99 99
99 99 99
99 99 99
99 99 99
99 99 99
99 99 99
99 99 99
99 99 99
99 99 99
99 99 99
99 99 99
99 99 99
99 99 99
99 99 99
99 99 99
99 99 99
99 99 99
99 99 99
99 99 99
99 99 99
99 99 99
99 99 99
99 99 99
99 99 99
99 99 99
99 99 99
99 99 99
99 99 99
99 99 99
99 99 99
99 99 99
97 97 97
97 97 97
97 97 97
98 98 98
98 98 98
99 99 99
99 99 99
99 99 99
98 98 98
95 95 95
91 91 91
88 88 88
88 88 88
92 92 92
97 97 97
99 99 99
99 99 99
99 99 99
98 98 98
98 98 98
98 98 98
97 97 97
97 97 97
97 97 97
99 99 99
99 99 99
99 99 99
98 98 98
98 98 98
97 97 97
97 97 97
97 97 97
98 98 98
98 98 98
98 98 98
98 98 98
98 98 98
98 98 98
98 98 98
98 98 98
96 96 96
96 96 96
96 96 96
97 97 97
97 97 97
97 97 97
98 98 98
98 98 98
98 98 98
98 98 98
98 98 98
98 98 98
98 98 98
98 98 98
98 98 98
98 98 98
97 97 97
97 97 97
97 97 97
97 97 97
97 97 97
97 97 97
97 97 97
97 97 97
96 96 96
96 96 96
96 96 96
97 97 97
97 97 97
97 97 97
98 98 98
98 98 98
97 97 97
97 97 97
97 97 97
97 97 97
97 97 97
97 97 97
97 97 97
97 97 97
96 96 96
96 96 96
96 96 96
96 96 96
96 96 96
96 96 96
96 96 96
96 96 96
95 95 95
95 95 95
96 96 96
96 96 96
97 97 97
98 98 98
99 99 99
99 99 99
99 99 99
99 99 99
99 99 99
99 99 99
99 99 99
99 99 99
99 99 99
99 99 99
99 99 99
99 99 99
99 99 99
99 99 99
99 99 99
99 99 99
99 99 99
99 99 99
99 99 99
99 99 99
99 99 99
99 99 99
99 99 99
99 99 99
99 99 99
99 99 99
99 99 99
99 99 99
99 99 99
99 99 99
99 99 99
99 99 99
99 99 99
99 99 99
99 99 99
99 99 99
99 99 99
99 99 99
99 99 99
99 99 99
99 99 99
99 99 99
99 99 99
99 99 99
99 99 99
98 98 98
98 98 98
97 97 97
97 97 97
97 97 97
96 96 96
98 98 98
99 99 99
99 99 99
99 99 99
99 99 99
96 96 96
94 94 94
92 92 92
96 96 96
99 99 99
98 98 98
94 94 94
93 93 93
96 96 96
99 99 99
99 99 99
99 99 99
98 98 98
98 98 98
98 98 98
98 98 98
98 98 98
98 98 98
98 98 98
98 98 98
98 98 98
98 98 98
98 98 98
98 98 98
98 98 98
98 98 98
98 98 98
98 98 98
97 97 97
97 97 97
98 98 98
98 98 98
98 98 98
99 99 99
99 99 99
99 99 99
98 98 98
98 98 98
98 98 98
98 98 98
98 98 98
98 98 98
98 98 98
98 98 98
97 97 97
97 97 97
97 97 97
97 97 97
97 97 97
97 97 97
97 97 97
97 97 97
96 96 96
96 96 96
96 96 96
97 97 97
97 97 97
97 97 97
98 98 98
98 98 98
99 99 99
99 99 99
99 99 99
99 99 99
99 99 99
99 99 99
99 99 99
99 99 99
99 99 99
99 99 99
99 99 99
99 99 99
99 99 99
99 99 99
99 99 99
99 99 99
99 99 99
99 99 99
99 99 99
99 99 99
99 99 99
99 99 99
99 99 99
99 99 99
99 99 99
99 99 99
99 99 99
99 99 99
99 99 99
99 99 99
99 99 99
99 99 99
99 99 99
99 99 99
99 99 99
99 99 99
99 99 99
99 99 99
99 99 99
99 99 99
99 99 99
99 99 99
99 99 99
99 99 99
99 99 99
99 99 99
99 99 99
99 99 99
97 97 97
97 97 97
97 97 97
98 98 98
98 98 98
99 99 99
99 99 99
99 99 99
99 99 99
96 96 96
89 89 89
85 85 85
85 85 85
90 90 90
98 98 98
99 99 99
99 99 99
99 99 99
99 99 99
98 98 98
98 98 98
98 98 98
97 97 97
97 97 97
99 99 99
99 99 99
99 99 99
98 98 98
98 98 98
97 97 97
97 97 97
97 97 97
98 98 98
98 98 98
98 98 98
98 98 98
98 98 98
98 98 98
98 98 98
98 98 98
96 96 96
96 96 96
96 96 96
97 97 97
97 97 97
98 98 98
98 98 98
98 98 98
98 98 98
98 98 98
98 98 98
98 98 98
98 98 98
98 98 98
98 98 98
98 98 98
97 97 97
97 97 97
97 97 97
97 97 97
97 97 97
97 97 97
97 97 97
97 97 97
96 96 96
96 96 96
96 96 96
97 97 97
97 97 97
98 98 98
98 98 98
98 98 98
97 97 97
97 97 97
97 97 97
97 97 97
97 97 97
97 97 97
97 97 97
97 97 97
96 96 96
96 96 96
96 96 96
96 96 96
96 96 96
96 96 96
96 96 96
96 96 96
95 95 95
95 95 95
96 96 96
96 96 96
97 97 97
98 98 98
99 99 99
99 99 99
99 99 99
99 99 99
99 99 99
99 99 99
99 99 99
99 99 99
99 99 99
99 99 99
99 99 99
99 99 99
99 99 99
99 99 99
99 99 99
99 99 99
99 99 99
99 99 99
99 99 99
99 99 99
99 99 99
99 99 99
99 99 99
99 99 99
99 99 99
99 99 99
99 99 99
99 99 99
99 99 99
99 99 99
99 99 99
99 99 99
99 99 99
99 99 99
99 99 99
99 99 99
99 99 99
99 99 99
99 99 99
99 99 99
99 99 99
99 99 99
99 99 99
99 99 99
99 99 99
98 98 98
98 98 98
97 97 97
97 97 97
97 97 97
96 96 96
98 98 98
99 99 99
99 99 99
99 99 99
99 99 99
96 96 96
94 94 94
92 92 92
96 96 96
99 99 99
98 98 98
94 94 94
93 93 93
96 96 96
99 99 99
97 97 97
97 97 97
99 99 99
99 99 99
99 99 99
99 99 99
99 99 99
99 99 99
99 99 99
99 99 99
99 99 99
99 99 99
99 99 99
99 99 99
99 99 99
99 99 99
99 99 99
99 99 99
99 99 99
99 99 99
99 99 99
99 99 99
99 99 99
99 99 99
99 99 99
99 99 99
99 99 99
99 99 99
99 99 99
99 99 99
99 99 99
99 99 99
99 99 99
99 99 99
99 99 99
99 99 99
99 99 99
99 99 99
99 99 99
99 99 99
99 99 99
99 99 99
99 99 99
99 99 99
99 99 99
99 99 99
99 99 99
99 99 99
99 99 99
99 99 99
99 99 99
99 99 99
99 99 99
99 99 99
99 99 99
99 99 99
99 99 99
99 99 99
99 99 99
99 99 99
99 99 99
99 99 99
99 99 99
99 99 99
99 99 99
99 99 99
99 99 99
99 99 99
99 99 99
99 99 99
99 99 99
99 99 99
99 99 99
99 99 99
99 99 99
99 99 99
99 99 99
99 99 99
99 99 99
99 99 99
99 99 99
99 99 99
99 99 99
99 99 99
99 99 99
99 99 99
99 99 99
99 99 99
99 99 99
99 99 99
99 99 99
99 99 99
99 99 99
99 99 99
99 99 99
99 99 99
99 99 99
99 99 99
98 98 98
98 98 98
97 97 97
97 97 97
97 97 97
96 96 96
96 96 96
96 96 96
99 99 99
99 99 99
99 99 99
99 99 99
99 99 99
99 99 99
99 99 99
99 99 99
96 96 96
96 96 96
96 96 96
97 97 97
97 97 97
97 97 97
98 98 98
98 98 98
99 99 99
99 99 99
99 99 99
99 99 99
99 99 99
99 99 99
99 99 99
99 99 99
99 99 99
99 99 99
99 99 99
99 99 99
99 99 99
99 99 99
99 99 99
99 99 99
99 99 99
99 99 99
99 99 99
99 99 99
99 99 99
99 99 99
99 99 99
99 99 99
99 99 99
99 99 99
99 99 99
99 99 99
99 99 99
99 99 99
99 99 99
99 99 99
99 99 99
99 99 99
99 99 99
99 99 99
99 99 99
99 99 99
99 99 99
99 99 99
99 99 99
99 99 99
99 99 99
99 99 99
99 99 99
99 99 99
99 99 99
99 99 99
99 99 99
99 99 99
99 99 99
99 99 99
99 99 99
99 99 99
99 99 99
99 99 99
99 99 99
96 96 96
99 99 99
99 99 99
94 94 94
97 97 97
96 96 96
93 93 93
99 99 99
98 98 98
92 92 92
92 92 92
97 97 97
99 99 99
99 99 99
99 99 99
99 99 99
99 99 99
99 99 99
99 99 99
99 99 99
99 99 99
99 99 99
99 99 99
99 99 99
99 99 99
99 99 99
99 99 99
99 99 99
99 99 99
99 99 99
99 99 99
99 99 99
99 99 99
99 99 99
99 99 99
99 99 99
99 99 99
99 99 99
99 99 99
87 87 87
97 97 97
99 99 99
99 99 99
99 99 99
96 96 96
96 96 96
99 99 99
99 99 99
99 99 99
99 99 99
99 99 99
99 99 99
99 99 99
99 99 99
99 99 99
99 99 99
99 99 99
99 99 99
99 99 99
99 99 99
99 99 99
99 99 99
99 99 99
97 97 97
97 97 97
97 97 97
97 97 97
97 97 97
97 97 97
97 97 97
97 97 97
99 99 99
99 99 99
99 99 99
99 99 99
99 99 99
99 99 99
99 99 99
99 99 99
97 97 97
97 97 97
99 99 99
99 99 99
99 99 99
99 99 99
99 99 99
99 99 99
99 99 99
99 99 99
99 99 99
99 99 99
99 99 99
99 99 99
99 99 99
99 99 99
99 99 99
99 99 99
99 99 99
99 99 99
99 99 99
99 99 99
99 99 99
99 99 99
99 99 99
99 99 99
99 99 99
99 99 99
99 99 99
99 99 99
99 99 99
99 99 99
99 99 99
99 99 99
99 99 99
99 99 99
99 99 99
99 99 99
99 99 99
99 99 99
99 99 99
99 99 99
99 99 99
99 99 99
99 99 99
99 99 99
99 99 99
99 99 99
99 99 99
99 99 99
99 99 99
99 99 99
99 99 99
99 99 99
99 99 99
99 99 99
99 99 99
99 99 99
99 99 99
99 99 99
99 99 99
99 99 99
99 99 99
99 99 99
99 99 99
99 99 99
99 99 99
99 99 99
99 99 99
99 99 99
99 99 99
99 99 99
99 99 99
99 99 99
99 99 99
99 99 99
99 99 99
99 99 99
99 99 99
99 99 99
99 99 99
99 99 99
99 99 99
99 99 99
99 99 99
99 99 99
99 99 99
99 99 99
99 99 99
99 99 99
99 99 99
99 99 99
99 99 99
99 99 99
99 99 99
99 99 99
99 99 99
99 99 99
98 98 98
98 98 98
98 98 98
97 97 97
97 97 97
96 96 96
96 96 96
96 96 96
99 99 99
99 99 99
99 99 99
99 99 99
99 99 99
99 99 99
99 99 99
99 99 99
96 96 96
96 96 96
96 96 96
97 97 97
97 97 97
98 98 98
98 98 98
98 98 98
99 99 99
99 99 99
99 99 99
99 99 99
99 99 99
99 99 99
99 99 99
99 99 99
99 99 99
99 99 99
99 99 99
99 99 99
99 99 99
99 99 99
99 99 99
99 99 99
99 99 99
99 99 99
99 99 99
99 99 99
99 99 99
99 99 99
99 99 99
99 99 99
99 99 99
99 99 99
99 99 99
99 99 99
99 99 99
99 99 99
99 99 99
99 99 99
99 99 99
99 99 99
99 99 99
99 99 99
99 99 99
99 99 99
99 99 99
99 99 99
99 99 99
99 99 99
99 99 99
99 99 99
99 99 99
99 99 99
99 99 99
99 99 99
99 99 99
99 99 99
99 99 99
99 99 99
99 99 99
99 99 99
99 99 99
99 99 99
93 93 93
97 97 97
99 99 99
96 96 96
88 88 88
93 93 93
98 98 98
99 99 99
91 91 91
99 99 99
99 99 99
99 99 99
99 99 99
95 95 95
96 96 96
99 99 99
99 99 99
99 99 99
99 99 99
99 99 99
99 99 99
99 99 99
99 99 99
99 99 99
99 99 99
99 99 99
99 99 99
99 99 99
99 99 99
99 99 99
99 99 99
99 99 99
99 99 99
99 99 99
99 99 99
99 99 99
99 99 99
99 99 99
99 99 99
99 99 99
99 99 99
99 99 99
99 99 99
99 99 99
97 97 97
95 95 95
99 99 99
99 99 99
99 99 99
99 99 99
99 99 99
99 99 99
99 99 99
99 99 99
99 99 99
99 99 99
99 99 99
99 99 99
99 99 99
99 99 99
99 99 99
99 99 99
99 99 99
99 99 99
97 97 97
97 97 97
97 97 97
97 97 97
97 97 97
97 97 97
97 97 97
97 97 97
99 99 99
99 99 99
99 99 99
99 99 99
99 99 99
99 99 99
99 99 99
99 99 99
97 97 97
97 97 97
99 99 99
99 99 99
99 99 99
99 99 99
99 99 99
99 99 99
99 99 99
99 99 99
99 99 99
99 99 99
99 99 99
99 99 99
99 99 99
99 99 99
99 99 99
99 99 99
99 99 99
99 99 99
99 99 99
99 99 99
99 99 99
99 99 99
99 99 99
99 99 99
99 99 99
99 99 99
99 99 99
99 99 99
99 99 99
99 99 99
99 99 99
99 99 99
99 99 99
99 99 99
99 99 99
99 99 99
99 99 99
99 99 99
99 99 99
99 99 99
99 99 99
99 99 99
99 99 99
99 99 99
99 99 99
99 99 99
99 99 99
99 99 99
99 99 99
99 99 99
99 99 99
99 99 99
99 99 99
99 99 99
99 99 99
99 99 99
99 99 99
99 99 99
99 99 99
99 99 99
99 99 99
99 99 99
99 99 99
99 99 99
99 99 99
99 99 99
99 99 99
99 99 99
99 99 99
99 99 99
99 99 99
99 99 99
99 99 99
99 99 99
99 99 99
99 99 99
99 99 99
99 99 99
99 99 99
99 99 99
99 99 99
99 99 99
99 99 99
99 99 99
99 99 99
99 99 99
99 99 99
99 99 99
99 99 99
99 99 99
99 99 99
99 99 99
99 99 99
99 99 99
99 99 99
99 99 99
98 98 98
98 98 98
98 98 98
98 98 98
97 97 97
97 97 97
96 96 96
96 96 96
97 97 97
97 97 97
97 97 97
97 97 97
97 97 97
97 97 97
97 97 97
97 97 97
96 96 96
96 96 96
97 97 97
97 97 97
98 98 98
98 98 98
98 98 98
98 98 98
99 99 99
99 99 99
99 99 99
99 99 99
99 99 99
99 99 99
99 99 99
99 99 99
99 99 99
99 99 99
99 99 99
99 99 99
99 99 99
99 99 99
99 99 99
99 99 99
99 99 99
99 99 99
99 99 99
99 99 99
99 99 99
99 99 99
99 99 99
99 99 99
99 99 99
99 99 99
99 99 99
99 99 99
99 99 99
99 99 99
99 99 99
99 99 99
99 99 99
99 99 99
99 99 99
99 99 99
99 99 99
99 99 99
99 99 99
99 99 99
99 99 99
99 99 99
99 99 99
99 99 99
99 99 99
99 99 99
99 99 99
99 99 99
99 99 99
99 99 99
99 99 99
99 99 99
99 99 99
99 99 99
99 99 99
99 99 99
99 99 99
99 99 99
97 97 97
91 91 91
95 95 95
99 99 99
99 99 99
99 99 99
99 99 99
98 98 98
91 91 91
90 90 90
93 93 93
97 97 97
99 99 99
99 99 99
99 99 99
99 99 99
99 99 99
99 99 99
99 99 99
99 99 99
99 99 99
99 99 99
99 99 99
99 99 99
99 99 99
99 99 99
99 99 99
99 99 99
99 99 99
99 99 99
99 99 99
99 99 99
99 99 99
99 99 99
99 99 99
99 99 99
99 99 99
99 99 99
95 95 95
97 97 97
98 98 98
96 96 96
92 92 92
91 91 91
94 94 94
98 98 98
99 99 99
99 99 99
99 99 99
99 99 99
99 99 99
99 99 99
99 99 99
99 99 99
99 99 99
99 99 99
99 99 99
99 99 99
99 99 99
99 99 99
99 99 99
99 99 99
97 97 97
97 97 97
97 97 97
97 97 97
97 97 97
97 97 97
97 97 97
97 97 97
97 97 97
97 97 97
97 97 97
97 97 97
97 97 97
97 97 97
97 97 97
97 97 97
97 97 97
97 97 97
99 99 99
99 99 99
99 99 99
99 99 99
99 99 99
99 99 99
99 99 99
99 99 99
99 99 99
99 99 99
99 99 99
99 99 99
99 99 99
99 99 99
99 99 99
99 99 99
99 99 99
99 99 99
99 99 99
99 99 99
99 99 99
99 99 99
99 99 99
99 99 99
99 99 99
99 99 99
99 99 99
99 99 99
99 99 99
99 99 99
99 99 99
99 99 99
99 99 99
99 99 99
99 99 99
99 99 99
99 99 99
99 99 99
99 99 99
99 99 99
99 99 99
99 99 99
99 99 99
99 99 99
99 99 99
99 99 99
99 99 99
99 99 99
99 99 99
99 99 99
99 99 99
99 99 99
99 99 99
99 99 99
99 99 99
99 99 99
99 99 99
99 99 99
99 99 99
99 99 99
99 99 99
99 99 99
99 99 99
99 99 99
99 99 99
99 99 99
99 99 99
99 99 99
99 99 99
99 99 99
99 99 99
99 99 99
99 99 99
99 99 99
99 99 99
99 99 99
99 99 99
99 99 99
99 99 99
99 99 99
99 99 99
99 99 99
99 99 99
99 99 99
99 99 99
99 99 99
99 99 99
99 99 99
99 99 99
99 99 99
99 99 99
99 99 99
99 99 99
99 99 99
99 99 99
99 99 99
99 99 99
99 99 99
98 98 98
98 98 98
98 98 98
97 97 97
97 97 97
97 97 97
95 95 95
95 95 95
95 95 95
95 95 95
95 95 95
95 95 95
95 95 95
95 95 95
97 97 97
97 97 97
97 97 97
98 98 98
98 98 98
98 98 98
99 99 99
99 99 99
99 99 99
99 99 99
99 99 99
99 99 99
99 99 99
99 99 99
99 99 99
99 99 99
99 99 99
99 99 99
99 99 99
99 99 99
99 99 99
99 99 99
99 99 99
99 99 99
99 99 99
99 99 99
99 99 99
99 99 99
99 99 99
99 99 99
99 99 99
99 99 99
99 99 99
99 99 99
99 99 99
99 99 99
99 99 99
99 99 99
99 99 99
99 99 99
99 99 99
99 99 99
99 99 99
99 99 99
99 99 99
99 99 99
99 99 99
99 99 99
99 99 99
99 99 99
99 99 99
99 99 99
99 99 99
99 99 99
99 99 99
99 99 99
99 99 99
99 99 99
99 99 99
99 99 99
99 99 99
99 99 99
99 99 99
99 99 99
88 88 88
98 98 98
97 97 97
99 99 99
99 99 99
99 99 99
97 97 97
92 92 92
91 91 91
96 96 96
99 99 99
99 99 99
94 94 94
92 92 92
97 97 97
99 99 99
99 99 99
99 99 99
99 99 99
99 99 99
99 99 99
99 99 99
99 99 99
99 99 99
99 99 99
99 99 99
99 99 99
99 99 99
99 99 99
99 99 99
99 99 99
99 99 99
99 99 99
99 99 99
99 99 99
99 99 99
99 99 99
99 99 99
99 99 99
99 99 99
94 94 94
96 96 96
97 97 97
98 98 98
98 98 98
99 99 99
99 99 99
99 99 99
99 99 99
99 99 99
99 99 99
99 99 99
99 99 99
99 99 99
99 99 99
99 99 99
99 99 99
99 99 99
99 99 99
99 99 99
99 99 99
99 99 99
99 99 99
99 99 99
98 98 98
98 98 98
98 98 98
98 98 98
98 98 98
98 98 98
98 98 98
98 98 98
95 95 95
95 95 95
95 95 95
95 95 95
95 95 95
95 95 95
95 95 95
95 95 95
98 98 98
98 98 98
99 99 99
99 99 99
99 99 99
99 99 99
99 99 99
99 99 99
99 99 99
99 99 99
99 99 99
99 99 99
99 99 99
99 99 99
99 99 99
99 99 99
99 99 99
99 99 99
99 99 99
99 99 99
99 99 99
99 99 99
99 99 99
99 99 99
99 99 99
99 99 99
99 99 99
99 99 99
99 99 99
99 99 99
99 99 99
99 99 99
99 99 99
99 99 99
99 99 99
99 99 99
99 99 99
99 99 99
99 99 99
99 99 99
99 99 99
99 99 99
99 99 99
99 99 99
99 99 99
99 99 99
99 99 99
99 99 99
99 99 99
99 99 99
99 99 99
99 99 99
99 99 99
99 99 99
99 99 99
99 99 99
99 99 99
99 99 99
99 99 99
99 99 99
99 99 99
99 99 99
99 99 99
99 99 99
99 99 99
99 99 99
99 99 99
99 99 99
99 99 99
99 99 99
99 99 99
99 99 99
99 99 99
99 99 99
99 99 99
99 99 99
99 99 99
99 99 99
99 99 99
99 99 99
99 99 99
99 99 99
99 99 99
99 99 99
99 99 99
99 99 99
99 99 99
99 99 99
99 99 99
99 99 99
99 99 99
99 99 99
99 99 99
99 99 99
99 99 99
99 99 99
99 99 99
99 99 99
99 99 99
99 99 99
99 99 99
98 98 98
98 98 98
98 98 98
97 97 97
97 97 97
95 95 95
95 95 95
95 95 95
95 95 95
95 95 95
95 95 95
95 95 95
95 95 95
97 97 97
97 97 97
98 98 98
98 98 98
98 98 98
99 99 99
99 99 99
99 99 99
99 99 99
99 99 99
99 99 99
99 99 99
99 99 99
99 99 99
99 99 99
99 99 99
99 99 99
99 99 99
99 99 99
99 99 99
99 99 99
99 99 99
99 99 99
99 99 99
99 99 99
99 99 99
99 99 99
99 99 99
99 99 99
99 99 99
99 99 99
99 99 99
99 99 99
99 99 99
99 99 99
99 99 99
99 99 99
99 99 99
99 99 99
99 99 99
99 99 99
99 99 99
99 99 99
99 99 99
99 99 99
99 99 99
99 99 99
99 99 99
99 99 99
99 99 99
99 99 99
99 99 99
99 99 99
99 99 99
99 99 99
99 99 99
99 99 99
99 99 99
99 99 99
99 99 99
99 99 99
99 99 99
99 99 99
99 99 99
94 94 94
99 99 99
94 94 94
99 99 99
99 99 99
84 84 84
99 99 99
99 99 99
99 99 99
99 99 99
93 93 93
92 92 92
99 99 99
99 99 99
99 99 99
99 99 99
99 99 99
99 99 99
99 99 99
99 99 99
99 99 99
99 99 99
99 99 99
99 99 99
99 99 99
99 99 99
99 99 99
99 99 99
99 99 99
99 99 99
99 99 99
99 99 99
99 99 99
99 99 99
99 99 99
99 99 99
99 99 99
99 99 99
99 99 99
99 99 99
99 99 99
98 98 98
96 96 96
96 96 96
97 97 97
98 98 98
98 98 98
98 98 98
99 99 99
99 99 99
99 99 99
99 99 99
99 99 99
99 99 99
99 99 99
99 99 99
99 99 99
99 99 99
99 99 99
99 99 99
99 99 99
99 99 99
99 99 99
99 99 99
98 98 98
98 98 98
98 98 98
98 98 98
98 98 98
98 98 98
98 98 98
98 98 98
95 95 95
95 95 95
95 95 95
95 95 95
95 95 95
95 95 95
95 95 95
95 95 95
98 98 98
98 98 98
99 99 99
99 99 99
99 99 99
99 99 99
99 99 99
99 99 99
99 99 99
99 99 99
99 99 99
99 99 99
99 99 99
99 99 99
99 99 99
99 99 99
99 99 99
99 99 99
99 99 99
99 99 99
99 99 99
99 99 99
99 99 99
99 99 99
99 99 99
99 99 99
99 99 99
99 99 99
99 99 99
99 99 99
99 99 99
99 99 99
99 99 99
99 99 99
99 99 99
99 99 99
99 99 99
99 99 99
99 99 99
99 99 99
99 99 99
99 99 99
99 99 99
99 99 99
99 99 99
99 99 99
99 99 99
99 99 99
99 99 99
99 99 99
99 99 99
99 99 99
99 99 99
99 99 99
99 99 99
99 99 99
99 99 99
99 99 99
99 99 99
99 99 99
99 99 99
99 99 99
99 99 99
99 99 99
99 99 99
99 99 99
99 99 99
99 99 99
99 99 99
99 99 99
99 99 99
99 99 99
99 99 99
99 99 99
99 99 99
99 99 99
99 99 99
99 99 99
99 99 99
99 99 99
99 99 99
99 99 99
99 99 99
99 99 99
99 99 99
99 99 99
99 99 99
99 99 99
99 99 99
99 99 99
99 99 99
99 99 99
99 99 99
99 99 99
99 99 99
99 99 99
99 99 99
99 99 99
99 99 99
99 99 99
99 99 99
99 99 99
98 98 98
98 98 98
98 98 98
98 98 98
97 97 97
97 97 97
97 97 97
97 97 97
97 97 97
97 97 97
97 97 97
97 97 97
98 98 98
98 98 98
98 98 98
98 98 98
99 99 99
99 99 99
99 99 99
99 99 99
99 99 99
99 99 99
99 99 99
99 99 99
99 99 99
99 99 99
99 99 99
99 99 99
99 99 99
99 99 99
99 99 99
99 99 99
99 99 99
99 99 99
99 99 99
99 99 99
99 99 99
99 99 99
99 99 99
99 99 99
99 99 99
99 99 99
99 99 99
99 99 99
99 99 99
99 99 99
99 99 99
99 99 99
99 99 99
99 99 99
99 99 99
99 99 99
99 99 99
99 99 99
99 99 99
99 99 99
99 99 99
99 99 99
99 99 99
99 99 99
99 99 99
99 99 99
99 99 99
99 99 99
99 99 99
99 99 99
99 99 99
99 99 99
99 99 99
99 99 99
99 99 99
99 99 99
99 99 99
99 99 99
99 99 99
99 99 99
99 99 99
99 99 99
93 93 93
99 99 99
99 99 99
90 90 90
99 99 99
80 80 80
95 95 95
91 91 91
90 90 90
95 95 95
99 99 99
99 99 99
99 99 99
96 96 96
99 99 99
99 99 99
99 99 99
99 99 99
99 99 99
99 99 99
99 99 99
99 99 99
99 99 99
99 99 99
99 99 99
99 99 99
99 99 99
99 99 99
99 99 99
99 99 99
99 99 99
99 99 99
99 99 99
99 99 99
99 99 99
99 99 99
99 99 99
99 99 99
99 99 99
99 99 99
99 99 99
99 99 99
99 99 99
99 99 99
93 93 93
86 86 86
99 99 99
99 99 99
99 99 99
99 99 99
99 99 99
99 99 99
99 99 99
99 99 99
99 99 99
99 99 99
99 99 99
99 99 99
99 99 99
99 99 99
99 99 99
99 99 99
99 99 99
99 99 99
99 99 99
99 99 99
99 99 99
99 99 99
99 99 99
99 99 99
97 97 97
97 97 97
97 97 97
97 97 97
97 97 97
97 97 97
97 97 97
97 97 97
99 99 99
99 99 99
99 99 99
99 99 99
99 99 99
99 99 99
99 99 99
99 99 99
99 99 99
99 99 99
99 99 99
99 99 99
99 99 99
99 99 99
99 99 99
99 99 99
99 99 99
99 99 99
99 99 99
99 99 99
99 99 99
99 99 99
99 99 99
99 99 99
99 99 99
99 99 99
99 99 99
99 99 99
99 99 99
99 99 99
99 99 99
99 99 99
99 99 99
99 99 99
99 99 99
99 99 99
99 99 99
99 99 99
99 99 99
99 99 99
99 99 99
99 99 99
99 99 99
99 99 99
99 99 99
99 99 99
99 99 99
99 99 99
99 99 99
99 99 99
99 99 99
99 99 99
99 99 99
99 99 99
99 99 99
99 99 99
99 99 99
99 99 99
99 99 99
99 99 99
99 99 99
99 99 99
99 99 99
99 99 99
99 99 99
99 99 99
99 99 99
99 99 99
99 99 99
99 99 99
99 99 99
99 99 99
99 99 99
99 99 99
99 99 99
99 99 99
99 99 99
99 99 99
99 99 99
99 99 99
99 99 99
99 99 99
99 99 99
99 99 99
99 99 99
99 99 99
99 99 99
99 99 99
99 99 99
99 99 99
99 99 99
99 99 99
99 99 99
99 99 99
99 99 99
99 99 99
99 99 99
99 99 99
99 99 99
99 99 99
99 99 99
99 99 99
99 99 99
98 98 98
98 98 98
98 98 98
99 99 99
99 99 99
99 99 99
99 99 99
99 99 99
99 99 99
99 99 99
99 99 99
98 98 98
98 98 98
98 98 98
99 99 99
99 99 99
99 99 99
99 99 99
99 99 99
99 99 99
99 99 99
99 99 99
99 99 99
99 99 99
99 99 99
99 99 99
99 99 99
99 99 99
99 99 99
99 99 99
99 99 99
99 99 99
99 99 99
99 99 99
99 99 99
99 99 99
99 99 99
99 99 99
99 99 99
99 99 99
99 99 99
99 99 99
99 99 99
99 99 99
99 99 99
99 99 99
99 99 99
99 99 99
99 99 99
99 99 99
99 99 99
99 99 99
99 99 99
99 99 99
99 99 99
99 99 99
99 99 99
99 99 99
99 99 99
99 99 99
99 99 99
99 99 99
99 99 99
99 99 99
99 99 99
99 99 99
99 99 99
99 99 99
99 99 99
99 99 99
99 99 99
99 99 99
99 99 99
99 99 99
99 99 99
89 89 89
99 99 99
99 99 99
99 99 99
70 70 70
55 55 55
54 54 54
246 246 246
252 252 252
38 38 38
86 86 86
99 99 99
97 97 97
85 85 85
88 88 88
97 97 97
99 99 99
99 99 99
99 99 99
99 99 99
99 99 99
99 99 99
99 99 99
99 99 99
99 99 99
99 99 99
99 99 99
99 99 99
99 99 99
99 99 99
99 99 99
99 99 99
99 99 99
99 99 99
99 99 99
99 99 99
99 99 99
99 99 99
99 99 99
99 99 99
99 99 99
94 94 94
84 84 84
82 82 82
88 88 88
97 97 97
99 99 99
99 99 99
99 99 99
99 99 99
99 99 99
99 99 99
99 99 99
99 99 99
99 99 99
99 99 99
99 99 99
99 99 99
99 99 99
99 99 99
99 99 99
99 99 99
99 99 99
99 99 99
99 99 99
99 99 99
99 99 99
99 99 99
99 99 99
99 99 99
99 99 99
99 99 99
99 99 99
99 99 99
99 99 99
99 99 99
99 99 99
99 99 99
99 99 99
99 99 99
99 99 99
99 99 99
99 99 99
99 99 99
99 99 99
99 99 99
99 99 99
99 99 99
99 99 99
99 99 99
99 99 99
99 99 99
99 99 99
99 99 99
99 99 99
99 99 99
99 99 99
99 99 99
99 99 99
99 99 99
99 99 99
99 99 99
99 99 99
99 99 99
99 99 99
99 99 99
99 99 99
99 99 99
99 99 99
99 99 99
99 99 99
99 99 99
99 99 99
99 99 99
99 99 99
99 99 99
99 99 99
99 99 99
99 99 99
99 99 99
99 99 99
99 99 99
99 99 99
99 99 99
99 99 99
99 99 99
99 99 99
99 99 99
99 99 99
99 99 99
99 99 99
99 99 99
99 99 99
99 99 99
99 99 99
99 99 99
99 99 99
99 99 99
99 99 99
99 99 99
99 99 99
99 99 99
99 99 99
99 99 99
99 99 99
99 99 99
99 99 99
99 99 99
99 99 99
99 99 99
99 99 99
99 99 99
99 99 99
99 99 99
99 99 99
99 99 99
99 99 99
99 99 99
99 99 99
99 99 99
99 99 99
99 99 99
99 99 99
99 99 99
99 99 99
99 99 99
99 99 99
99 99 99
99 99 99
99 99 99
99 99 99
99 99 99
99 99 99
99 99 99
99 99 99
99 99 99
99 99 99
99 99 99
99 99 99
99 99 99
99 99 99
99 99 99
99 99 99
99 99 99
98 98 98
98 98 98
99 99 99
99 99 99
99 99 99
99 99 99
99 99 99
99 99 99
99 99 99
99 99 99
98 98 98
98 98 98
99 99 99
99 99 99
99 99 99
99 99 99
99 99 99
99 99 99
99 99 99
99 99 99
99 99 99
99 99 99
99 99 99
99 99 99
99 99 99
99 99 99
99 99 99
99 99 99
99 99 99
99 99 99
99 99 99
99 99 99
99 99 99
99 99 99
99 99 99
99 99 99
99 99 99
99 99 99
99 99 99
99 99 99
99 99 99
99 99 99
99 99 99
99 99 99
99 99 99
99 99 99
99 99 99
99 99 99
99 99 99
99 99 99
99 99 99
99 99 99
99 99 99
99 99 99
99 99 99
99 99 99
99 99 99
99 99 99
99 99 99
99 99 98
99 99 99
99 99 99
99 99 99
99 99 99
99 99 99
99 99 99
99 99 99
99 99 99
99 99 99
99 99 99
99 99 99
99 99 99
99 99 99
97 99 99
88 90 91
97 99 99
97 96 98
35 34 38
204 203 207
205 204 208
2 1 5
221 220 224
240 242 243
241 243 244
0 2 3
33 35 36
74 74 74
99 99 99
99 98 99
99 99 98
99 99 98
99 99 98
99 99 98
99 99 98
99 99 98
99 99 98
99 99 98
99 99 98
99 99 99
99 99 99
99 99 99
99 99 99
99 99 99
99 99 99
99 99 99
99 99 99
99 99 98
99 99 98
99 99 98
99 99 98
99 99 98
99 99 98
99 99 98
99 99 98
83 81 80
55 53 52
21 19 19
5 3 3
19 17 17
54 52 52
90 88 88
99 99 99
99 99 99
99 99 99
99 99 99
99 99 99
99 99 99
99 99 99
99 99 99
99 99 99
99 99 99
99 99 99
99 99 99
99 99 99
99 99 99
99 99 99
99 99 99
99 99 99
99 99 99
99 99 99
99 99 99
99 99 99
99 99 99
99 99 99
99 99 99
99 99 99
99 99 99
99 99 99
99 99 99
99 99 99
99 99 99
99 99 99
99 99 99
99 99 99
99 99 99
99 99 99
99 99 99
99 99 99
99 99 99
99 99 99
99 99 99
99 99 99
99 99 99
99 99 99
99 99 99
99 99 99
99 99 99
99 99 99
99 99 99
99 99 99
99 99 99
99 99 99
99 99 99
99 99 99
99 99 99
99 99 99
99 99 99
99 99 99
99 99 99
99 99 99
99 99 99
99 99 99
99 99 99
99 99 99
99 99 99
99 99 99
99 99 99
99 99 99
99 99 99
99 99 99
99 99 99
99 99 99
99 99 99
99 99 99
99 99 99
99 99 99
99 99 99
99 99 99
99 99 99
99 99 99
99 99 99
99 99 99
99 99 99
99 99 99
99 99 99
99 99 99
99 99 99
99 99 99
99 99 99
99 99 99
99 99 99
99 99 99
99 99 99
99 99 99
99 99 99
99 99 99
99 99 99
99 99 99
99 99 99
99 99 99
99 99 99
99 99 99
99 99 99
99 99 99
99 99 99
99 99 99
99 99 99
99 99 99
99 99 99
99 99 99
99 99 99
99 99 99
99 99 99
99 99 99
99 99 99
99 99 99
99 99 99
99 99 99
99 99 99
99 99 99
99 99 99
99 99 99
99 99 99
99 99 99
99 99 99
99 99 99
99 99 99
99 99 99
99 99 99
99 99 99
99 99 99
99 99 99
99 99 99
99 99 99
99 99 99
99 99 99
99 99 99
99 99 99
99 99 99
99 99 99
99 99 99
99 99 99
99 99 99
99 99 99
99 99 99
99 99 99
99 99 99
99 99 99
99 99 99
99 99 99
99 99 99
99 99 99
99 99 99
99 99 99
99 99 99
99 99 99
99 99 99
99 99 99
99 99 99
99 99 99
99 99 99
99 99 99
99 99 99
99 99 99
99 99 99
99 99 99
99 99 99
99 99 99
99 99 99
99 99 99
99 99 99
99 99 99
99 99 99
99 99 99
99 99 99
99 99 99
99 99 99
99 99 99
99 99 99
99 99 99
99 99 99
99 99 99
99 99 99
99 99 99
99 99 99
99 99 99
99 99 99
99 99 99
99 99 99
99 99 99
99 99 99
99 99 99
99 99 99
99 99 99
99 99 99
99 99 99
99 99 98
99 99 96
99 99 98
99 99 98
99 99 98
99 99 98
99 99 98
99 99 98
99 99 99
92 92 92
91 93 94
97 99 99
97 99 99
93 95 96
92 94 95
95 99 99
94 98 99
91 94 99
59 58 67
192 188 199
199 193 204
169 163 174
181 177 188
148 147 157
176 178 186
190 194 199
234 238 243
24 27 31
34 31 33
24 16 17
46 34 34
86 73 71
99 96 92
99 99 92
99 99 93
37 29 22
249 243 238
15 11 6
35 32 28
99 99 96
89 90 88
99 99 98
99 99 99
98 96 96
99 98 99
99 98 99
97 92 94
99 98 99
99 95 91
98 88 81
99 99 95
99 99 95
99 96 92
99 92 88
81 72 69
32 25 22
9 2 255
247 240 237
253 245 245
2 250 250
19 14 13
18 13 12
67 62 61
99 98 99
89 89 89
96 98 99
96 98 99
97 99 99
97 99 99
97 99 99
94 96 97
97 99 99
99 99 99
99 99 99
99 99 99
99 99 99
99 99 99
99 99 99
99 99 99
99 99 99
99 99 99
99 99 99
99 99 99
99 99 99
99 99 99
99 99 99
99 99 99
99 99 99
99 99 99
99 99 99
99 99 99
99 99 99
99 99 99
99 99 99
99 99 99
99 99 99
99 99 99
99 99 99
99 99 99
99 99 99
99 99 99
99 99 99
99 99 99
99 99 99
99 99 99
99 99 99
99 99 99
99 99 99
99 99 99
99 99 99
99 99 99
99 99 99
99 99 99
99 99 99
99 99 99
99 99 99
99 99 99
99 99 99
99 99 99
99 99 99
99 99 99
99 99 99
99 99 99
99 99 99
99 99 99
99 99 99
99 99 99
99 99 99
99 99 99
99 99 99
99 99 99
99 99 99
99 99 99
99 99 99
99 99 99
99 99 99
99 99 99
99 99 99
99 99 99
99 99 99
99 99 99
99 99 99
99 99 99
99 99 99
99 99 99
99 99 99
99 99 99
99 99 99
99 99 99
99 99 99
99 99 99
99 99 99
99 99 99
99 99 99
99 99 99
99 99 99
99 99 99
99 99 99
99 99 99
99 99 99
99 99 99
99 99 99
99 99 99
99 99 99
99 99 99
99 99 99
99 99 99
99 99 99
99 99 99
99 99 99
99 99 99
99 99 99
99 99 99
99 99 99
99 99 99
99 99 99
99 99 99
99 99 99
99 99 99
99 99 99
99 99 99
99 99 99
99 99 99
99 99 99
99 99 99
99 99 99
99 99 99
99 99 99
99 99 99
99 99 99
99 99 99
99 99 99
99 99 99
99 99 99
99 99 99
99 99 99
99 99 99
99 99 99
99 99 99
99 99 99
99 99 99
99 99 99
99 99 99
99 99 99
99 99 99
99 99 99
99 99 99
99 99 99
99 99 99
99 99 99
99 99 99
99 99 99
99 99 99
99 99 99
99 99 99
99 99 99
99 99 99
99 99 99
99 99 99
99 99 99
99 99 99
99 99 99
99 99 99
99 99 99
99 99 99
99 99 99
99 99 99
99 99 99
99 99 99
99 99 99
99 99 99
99 99 99
99 99 99
99 99 99
99 99 99
99 99 99
99 99 99
99 99 99
99 99 99
99 99 99
99 99 99
99 99 99
99 99 99
99 99 99
99 99 99
99 99 99
99 99 99
99 99 99
99 99 99
99 99 99
99 99 99
99 99 99
99 99 99
99 99 99
99 99 99
99 99 99
99 99 99
99 99 98
99 99 98
99 99 96
99 99 96
99 99 96
99 99 98
99 99 98
99 99 98
99 99 98
99 99 99
99 99 99
97 99 99
95 97 98
93 95 96
94 96 97
96 98 99
95 98 99
94 98 99
78 81 89
1 0 10
131 127 138
104 100 108
141 132 145
131 124 137
119 117 129
115 117 127
165 171 178
201 207 212
209 212 216
237 235 235
32 22 22
49 34 32
33 14 11
11 251 245
20 6 0
34 22 16
28 18 11
41 35 28
4 0 251
11 8 3
250 249 245
19 20 18
85 86 84
99 99 99
93 91 91
95 92 94
99 98 99
99 96 98
90 84 85
99 99 95
99 94 88
99 89 82
80 70 63
40 29 25
19 8 4
15 4 0
4 249 245
18 9 6
6 253 250
20 11 8
7 254 251
245 237 237
30 22 22
95 87 87
98 93 92
98 96 96
99 99 99
99 99 99
99 99 99
99 99 99
96 98 98
98 97 99
99 99 99
99 99 99
99 99 99
99 99 99
99 99 99
99 99 99
99 99 99
99 99 99
99 99 99
99 99 99
99 99 99
99 99 99
99 99 99
99 99 99
99 99 99
99 99 99
99 99 99
99 99 99
99 99 99
99 99 99
99 99 99
99 99 99
99 99 99
99 99 99
99 99 99
99 99 99
99 99 99
99 99 99
99 99 99
99 99 99
99 99 99
99 99 99
99 99 99
99 99 99
99 99 99
99 99 99
99 99 99
99 99 99
99 99 99
99 99 99
99 99 99
99 99 99
99 99 99
99 99 99
99 99 99
99 99 99
99 99 99
99 99 99
99 99 99
99 99 99
99 99 99
99 99 99
99 99 99
99 99 99
99 99 99
99 99 99
99 99 99
99 99 99
99 99 99
99 99 99
99 99 99
99 99 99
99 99 99
99 99 99
99 99 99
99 99 99
99 99 99
99 99 99
99 99 99
99 99 99
99 99 99
99 99 99
99 99 99
99 99 99
99 99 99
99 99 99
99 99 99
99 99 99
99 99 99
99 99 99
99 99 99
99 99 99
99 99 99
99 99 99
99 99 99
99 99 99
99 99 99
99 99 99
99 99 99
99 99 99
99 99 99
99 99 99
99 99 99
99 99 99
99 99 99
99 99 99
99 99 99
99 99 99
99 99 99
99 99 99
99 99 99
99 99 99
99 99 99
99 99 99
99 99 99
99 99 99
99 99 99
99 99 99
99 99 99
99 99 99
99 99 99
99 99 99
99 99 99
99 99 99
99 99 99
99 99 99
99 99 99
99 99 99
99 99 99
99 99 99
99 99 99
99 99 99
99 99 99
99 99 99
99 99 99
99 99 99
99 99 99
99 99 99
99 99 99
99 99 99
99 99 99
99 99 99
99 99 99
99 99 99
99 99 99
99 99 99
99 99 99
99 99 99
99 99 99
99 99 99
99 99 99
99 99 99
99 99 99
99 99 99
99 99 99
99 99 99
99 99 99
99 99 99
99 99 99
99 99 99
99 99 99
99 99 99
99 99 99
99 99 99
99 99 99
99 99 99
99 99 99
99 99 99
99 99 99
99 99 99
99 99 99
99 99 99
99 99 99
99 99 99
99 99 99
99 99 99
99 99 99
99 99 99
99 99 99
99 99 99
99 99 99
99 99 99
99 99 99
99 99 99
99 99 99
99 99 99
99 99 99
99 99 99
99 99 99
99 99 99
99 99 99
99 99 99
99 99 99
99 99 99
99 99 99
99 99 99
99 99 98
99 99 98
99 99 96
99 99 96
99 99 96
99 99 98
99 99 98
99 99 98
99 99 98
98 98 98
99 99 99
97 99 99
97 99 99
96 98 99
94 96 97
95 98 99
95 98 99
95 99 99
97 99 99
56 55 59
107 101 106
132 121 129
108 100 107
104 100 106
122 119 128
121 124 129
100 100 103
119 124 125
205 210 209
247 245 244
231 222 219
243 228 226
36 19 16
45 30 27
8 253 249
30 19 15
61 52 48
27 23 18
32 29 25
31 30 26
48 49 47
21 22 20
24 26 26
38 40 41
55 54 56
49 48 52
23 19 24
11 7 12
23 18 20
41 33 33
31 22 18
32 23 19
39 30 26
32 23 20
17 8 5
11 2 255
11 2 255
254 245 242
19 10 7
17 8 5
253 244 241
220 211 208
224 215 212
29 20 17
99 99 96
99 99 98
95 93 92
93 91 90
97 95 94
99 99 98
99 99 98
99 99 99
99 99 99
99 99 99
99 99 99
99 99 99
99 99 99
99 99 99
99 99 99
97 99 99
97 99 99
99 99 99
99 99 99
99 99 99
99 99 99
99 99 99
99 99 99
99 99 99
99 99 99
99 99 99
99 99 99
99 99 99
99 99 99
99 99 99
99 99 99
99 99 99
99 99 99
99 99 99
99 99 99
99 99 99
99 99 99
99 99 99
99 99 99
99 99 99
99 99 99
99 99 99
99 99 99
99 99 99
99 99 99
99 99 99
99 99 99
99 99 99
99 99 99
99 99 99
99 99 99
99 99 99
99 99 99
99 99 99
99 99 99
99 99 99
99 99 99
99 99 99
99 99 99
99 99 99
99 99 99
99 99 99
99 99 99
99 99 99
99 99 99
99 99 99
99 99 99
99 99 99
99 99 99
99 99 99
99 99 99
99 99 99
99 99 99
99 99 99
99 99 99
99 99 99
99 99 99
99 99 99
99 99 99
99 99 99
99 99 99
99 99 99
99 99 99
99 99 99
99 99 99
99 99 99
99 99 99
99 99 99
99 99 99
99 99 99
99 99 99
99 99 99
99 99 99
99 99 99
99 99 99
99 99 99
99 99 99
99 99 99
99 99 99
99 99 99
99 99 99
99 99 99
99 99 99
99 99 99
99 99 99
99 99 99
99 99 99
99 99 99
99 99 99
99 99 99
99 99 99
99 99 99
99 99 99
99 99 99
99 99 99
99 99 99
99 99 99
99 99 99
99 99 99
99 99 99
99 99 99
99 99 99
99 99 99
99 99 99
99 99 99
99 99 99
99 99 99
99 99 99
99 99 99
99 99 99
99 99 99
99 99 99
99 99 99
99 99 99
99 99 99
99 99 99
99 99 99
99 99 99
99 99 99
99 99 99
99 99 99
99 99 99
99 99 99
99 99 99
99 99 99
99 99 99
99 99 99
99 99 99
99 99 99
99 99 99
99 99 99
99 99 99
99 99 99
99 99 99
99 99 99
99 99 99
99 99 99
99 99 99
99 99 99
99 99 99
99 99 99
99 99 99
99 99 99
99 99 99
99 99 99
99 99 99
99 99 99
99 99 99
99 99 99
99 99 99
99 99 99
99 99 99
99 99 99
99 99 99
99 99 99
99 99 99
99 99 99
99 99 99
99 99 99
99 99 99
99 99 99
99 99 99
99 99 99
99 99 99
99 99 99
99 99 99
99 99 99
99 99 99
99 99 99
99 99 99
99 99 99
99 99 99
99 99 99
99 99 99
99 99 99
99 99 98
99 99 96
99 99 96
99 99 96
99 99 98
99 99 98
99 99 98
99 99 98
91 91 91
97 97 97
97 99 99
97 99 99
97 99 99
94 96 97
95 98 99
95 99 99
95 97 97
64 65 63
64 59 60
204 198 199
109 100 101
107 100 103
125 118 123
126 122 127
111 114 118
112 117 120
122 127 128
138 143 142
160 158 157
178 171 168
198 185 183
212 197 194
214 202 200
28 19 16
250 242 242
205 200 199
251 247 246
253 251 250
50 50 50
67 69 69
78 80 81
62 66 67
54 57 61
54 55 59
49 50 54
45 43 49
39 37 43
37 33 38
45 40 41
37 32 31
32 27 26
39 34 33
47 39 39
33 25 25
11 3 3
0 249 246
248 241 238
1 248 245
237 228 225
2 249 246
4 251 248
244 235 232
9 0 253
99 99 95
99 97 92
97 93 88
99 97 92
99 99 95
99 99 96
99 99 96
99 99 96
97 95 94
99 99 98
99 99 99
99 99 99
99 99 99
99 99 99
99 99 99
97 99 99
97 99 99
99 99 99
99 99 99
99 99 99
99 99 99
99 99 99
99 99 99
99 99 99
99 99 99
99 99 99
99 99 99
99 99 99
99 99 99
99 99 99
99 99 99
99 99 99
99 99 99
99 99 99
99 99 99
99 99 99
99 99 99
99 99 99
99 99 99
99 99 99
99 99 99
99 99 99
99 99 99
99 99 99
99 99 99
99 99 99
99 99 99
99 99 99
99 99 99
99 99 99
99 99 99
99 99 99
99 99 99
99 99 99
99 99 99
99 99 99
99 99 99
99 99 99
99 99 99
99 99 99
99 99 99
99 99 99
99 99 99
99 99 99
99 99 99
99 99 99
99 99 99
99 99 99
99 99 99
99 99 99
99 99 99
99 99 99
99 99 99
99 99 99
99 99 99
99 99 99
99 99 99
99 99 99
99 99 99
99 99 99
99 99 99
99 99 99
99 99 99
99 99 99
99 99 99
99 99 99
99 99 99
99 99 99
99 99 99
99 99 99
99 99 99
99 99 99
99 99 99
99 99 99
99 99 99
99 99 99
99 99 99
99 99 99
99 99 99
99 99 99
99 99 99
99 99 99
99 99 99
99 99 99
99 99 99
99 99 99
99 99 99
99 99 99
99 99 99
99 99 99
99 99 99
99 99 99
99 99 99
99 99 99
99 99 99
99 99 99
99 99 99
99 99 99
99 99 99
99 99 99
99 99 99
99 99 99
99 99 99
99 99 99
99 99 99
99 99 99
99 99 99
99 99 99
99 99 99
99 99 99
99 99 99
99 99 99
99 99 99
99 99 99
99 99 99
99 99 99
99 99 99
99 99 99
99 99 99
99 99 99
99 99 99
99 99 99
99 99 99
99 99 99
99 99 99
99 99 99
99 99 99
99 99 99
99 99 99
99 99 99
99 99 99
99 99 99
99 99 99
99 99 99
99 99 99
99 99 99
99 99 99
99 99 99
99 99 99
99 99 99
99 99 99
99 99 99
99 99 99
99 99 99
99 99 99
99 99 99
99 99 99
99 99 99
99 99 99
99 99 99
99 99 99
99 99 99
99 99 99
99 99 99
99 99 99
99 99 99
99 99 99
99 99 99
99 99 99
99 99 99
99 99 99
99 99 99
99 99 99
99 99 99
99 99 99
99 99 99
99 99 99
99 99 99
99 99 99
99 99 99
99 99 99
99 99 99
99 99 99
99 99 99
99 99 99
99 99 98
99 99 98
99 99 98
99 99 98
99 99 98
99 99 98
99 99 99
99 99 99
99 98 99
97 99 99
92 94 95
88 90 91
93 96 99
95 98 99
92 95 99
76 78 79
30 31 27
47 47 41
48 43 40
22 15 12
161 151 151
168 157 159
141 134 137
116 112 117
100 103 107
100 100 103
100 106 106
114 120 119
121 124 122
139 136 132
188 179 176
239 227 225
235 225 225
200 194 195
205 200 201
212 210 210
197 196 198
73 75 76
30 34 35
13 18 19
24 29 32
36 41 44
55 59 64
69 72 77
76 79 84
84 83 92
85 84 93
81 79 85
64 63 67
66 65 69
60 57 59
50 47 49
54 49 50
58 53 54
58 52 53
55 50 49
60 55 54
52 44 44
51 42 39
66 57 54
38 29 25
35 26 22
34 23 19
41 33 26
90 82 75
99 97 90
99 99 93
99 99 93
99 99 94
94 90 85
97 93 88
99 99 95
99 99 98
99 99 98
99 99 99
99 99 99
97 99 99
97 99 99
97 99 99
97 99 99
99 99 99
99 99 99
99 99 99
99 99 99
99 99 99
99 99 99
99 99 99
99 99 99
99 99 99
99 99 99
99 99 99
99 99 99
99 99 99
99 99 99
99 99 99
99 99 99
99 99 99
99 99 99
99 99 99
99 99 99
99 99 99
99 99 99
99 99 99
99 99 99
99 99 99
99 99 99
99 99 99
99 99 99
99 99 99
99 99 99
99 99 99
99 99 99
99 99 99
99 99 99
99 99 99
99 99 99
99 99 99
99 99 99
99 99 99
99 99 99
99 99 99
99 99 99
99 99 99
99 99 99
99 99 99
99 99 99
99 99 99
99 99 99
99 99 99
99 99 99
99 99 99
99 99 99
99 99 99
99 99 99
99 99 99
99 99 99
99 99 99
99 99 99
99 99 99
99 99 99
99 99 99
99 99 99
99 99 99
99 99 99
99 99 99
99 99 99
99 99 99
99 99 99
99 99 99
99 99 99
99 99 99
99 99 99
99 99 99
99 99 99
99 99 99
99 99 99
99 99 99
99 99 99
99 99 99
99 99 99
99 99 99
99 99 99
99 99 99
99 99 99
99 99 99
99 99 99
99 99 99
99 99 99
99 99 99
99 99 99
99 99 99
99 99 99
99 99 99
99 99 99
99 99 99
99 99 99
99 99 99
99 99 99
99 99 99
99 99 99
99 99 99
99 99 99
99 99 99
99 99 99
99 99 99
99 99 99
99 99 99
99 99 99
99 99 99
99 99 99
99 99 99
99 99 99
99 99 99
99 99 99
99 99 99
99 99 99
99 99 99
99 99 99
99 99 99
99 99 99
99 99 99
99 99 99
99 99 99
99 99 99
99 99 99
99 99 99
99 99 99
99 99 99
99 99 99
99 99 99
99 99 99
99 99 99
99 99 99
99 99 99
99 99 99
99 99 99
99 99 99
99 99 99
99 99 99
99 99 99
99 99 99
99 99 99
99 99 99
99 99 99
99 99 99
99 99 99
99 99 99
99 99 99
99 99 99
99 99 99
99 99 99
99 99 99
99 99 99
99 99 99
99 99 99
99 99 99
99 99 99
99 99 99
99 99 99
99 99 99
99 99 99
99 99 99
99 99 99
99 99 99
99 99 99
99 99 99
99 99 99
99 99 99
99 99 99
99 99 99
99 99 99
99 99 99
99 99 99
99 99 99
99 99 99
99 99 99
99 99 99
99 99 99
99 99 98
99 99 98
99 99 98
99 99 98
99 99 98
99 99 98
99 99 99
99 99 99
94 96 97
97 99 99
97 99 99
88 90 91
95 98 99
95 98 99
68 71 75
16 20 21
29 31 25
44 45 36
249 245 240
121 114 111
169 159 159
128 120 121
127 122 124
115 116 120
123 129 134
130 141 145
136 148 150
125 137 139
112 117 118
118 118 118
151 145 146
183 175 176
219 212 215
186 182 187
165 161 166
123 124 128
122 122 128
195 198 203
6 10 15
12 18 23
216 222 227
199 205 212
183 189 196
190 193 201
216 218 228
249 251 3
28 29 39
62 61 70
73 75 83
74 76 84
75 75 81
66 66 72
65 64 68
72 71 75
69 66 68
54 49 50
55 50 51
67 62 61
70 63 60
69 60 57
59 50 46
63 54 50
61 51 44
59 49 42
67 58 49
76 69 60
79 72 63
88 81 72
99 99 93
99 99 93
99 98 93
99 99 95
99 99 96
99 99 98
99 99 99
99 99 99
97 99 99
97 99 99
97 99 99
97 99 99
99 99 99
99 99 99
99 99 99
99 99 99
99 99 99
99 99 99
99 99 99
99 99 99
99 99 99
99 99 99
99 99 99
99 99 99
99 99 99
99 99 99
99 99 99
99 99 99
99 99 99
99 99 99
99 99 99
99 99 99
99 99 99
99 99 99
99 99 99
99 99 99
99 99 99
99 99 99
99 99 99
99 99 99
99 99 99
99 99 99
99 99 99
99 99 99
99 99 99
99 99 99
99 99 99
99 99 99
99 99 99
99 99 99
99 99 99
99 99 99
99 99 99
99 99 99
99 99 99
99 99 99
99 99 99
99 99 99
99 99 99
99 99 99
99 99 99
99 99 99
99 99 99
99 99 99
99 99 99
99 99 99
99 99 99
99 99 99
99 99 99
99 99 99
99 99 99
99 99 99
99 99 99
99 99 99
99 99 99
99 99 99
99 99 99
99 99 99
99 99 99
99 99 99
99 99 99
99 99 99
99 99 99
99 99 99
99 99 99
99 99 99
99 99 99
99 99 99
99 99 99
99 99 99
99 99 99
99 99 99
99 99 99
99 99 99
99 99 99
99 99 99
99 99 99
99 99 99
99 99 99
99 99 99
99 99 99
99 99 99
99 99 99
99 99 99
99 99 99
99 99 99
99 99 99
99 99 99
99 99 99
99 99 99
99 99 99
99 99 99
99 99 99
99 99 99
99 99 99
99 99 99
99 99 99
99 99 99
99 99 99
99 99 99
99 99 99
99 99 99
99 99 99
99 99 99
99 99 99
99 99 99
99 99 99
99 99 99
99 99 99
99 99 99
99 99 99
99 99 99
99 99 99
99 99 99
99 99 99
99 99 99
99 99 99
99 99 99
99 99 99
99 99 99
99 99 99
99 99 99
99 99 99
99 99 99
99 99 99
99 99 99
99 99 99
99 99 99
99 99 99
99 99 99
99 99 99
99 99 99
99 99 99
99 99 99
99 99 99
99 99 99
99 99 99
99 99 99
99 99 99
99 99 99
99 99 99
99 99 99
99 99 99
99 99 99
99 99 99
99 99 99
99 99 99
99 99 99
99 99 99
99 99 99
99 99 99
99 99 99
99 99 99
99 99 99
99 99 99
99 99 99
99 99 99
99 99 99
99 99 99
99 99 99
99 99 99
99 99 99
99 99 99
99 99 99
99 99 99
99 99 99
99 99 99
99 99 99
99 99 99
99 99 99
99 99 98
99 99 98
99 99 98
99 99 98
99 99 99
99 99 99
99 98 99
97 99 99
89 91 92
97 99 99
95 98 99
95 98 99
89 92 96
69 72 76
36 40 45
9 13 14
33 39 34
254 2 252
223 222 218
106 102 101
115 108 111
111 105 110
121 121 127
100 100 107
122 133 141
126 142 149
129 147 154
123 139 145
112 122 129
106 112 117
114 114 120
125 121 127
116 113 122
100 100 107
113 112 121
100 100 106
100 100 106
198 204 211
185 193 200
122 132 139
171 181 188
189 198 207
178 185 194
164 169 178
190 194 205
226 228 238
240 240 252
246 246 2
27 29 40
22 26 37
40 42 52
52 54 64
49 51 59
56 58 66
62 62 68
49 48 52
71 69 69
72 68 67
53 48 45
42 35 32
68 59 55
53 44 40
28 20 13
24 15 6
29 20 10
38 29 19
25 16 6
33 27 16
81 74 65
95 89 82
86 82 77
99 96 91
99 99 96
99 99 98
99 99 99
99 99 99
97 99 99
97 99 99
95 98 99
97 99 99
99 99 99
99 99 99
99 99 99
99 99 99
99 99 99
99 99 99
99 99 99
99 99 99
99 99 99
99 99 99
99 99 99
99 99 99
99 99 99
99 99 99
99 99 99
99 99 99
99 99 99
99 99 99
99 99 99
99 99 99
99 99 99
99 99 99
99 99 99
99 99 99
99 99 99
99 99 99
99 99 99
99 99 99
99 99 99
99 99 99
99 99 99
99 99 99
99 99 99
99 99 99
99 99 99
99 99 99
99 99 99
99 99 99
99 99 99
99 99 99
99 99 99
99 99 99
99 99 99
99 99 99
99 99 99
99 99 99
99 99 99
99 99 99
99 99 99
99 99 99
99 99 99
99 99 99
99 99 99
99 99 99
99 99 99
99 99 99
99 99 99
99 99 99
99 99 99
99 99 99
99 99 99
99 99 99
99 99 99
99 99 99
99 99 99
99 99 99
99 99 99
99 99 99
99 99 99
99 99 99
99 99 99
99 99 99
99 99 99
99 99 99
99 99 99
99 99 99
99 99 99
99 99 99
99 99 99
99 99 99
99 99 99
99 99 99
99 99 99
99 99 99
99 99 99
99 99 99
99 99 99
99 99 99
99 99 99
99 99 99
99 99 99
99 99 99
99 99 99
99 99 99
99 99 99
99 99 99
99 99 99
99 99 99
99 99 99
99 99 99
99 99 99
99 99 99
99 99 99
99 99 99
99 99 99
99 99 99
99 99 99
99 99 99
99 99 99
99 99 99
99 99 99
99 99 99
99 99 99
99 99 99
99 99 99
99 99 99
99 99 99
99 99 99
99 99 99
99 99 99
99 99 99
99 99 99
99 99 99
99 99 99
99 99 99
99 99 99
99 99 99
99 99 99
99 99 99
99 99 99
99 99 99
99 99 99
99 99 99
99 99 99
99 99 99
99 99 99
99 99 99
99 99 99
99 99 99
99 99 99
99 99 99
99 99 99
99 99 99
99 99 99
99 99 99
99 99 99
99 99 99
99 99 99
99 99 99
99 99 99
99 99 99
99 99 99
99 99 99
99 99 99
99 99 99
99 99 99
99 99 99
99 99 99
99 99 99
99 99 99
99 99 99
99 99 99
99 99 99
99 99 99
99 99 99
99 99 99
99 99 99
99 99 99
99 99 99
99 99 99
99 99 99
99 99 99
99 99 99
99 99 99
99 99 99
99 99 99
99 99 99
99 99 99
99 99 98
99 99 98
99 99 98
99 99 98
99 99 99
99 99 99
97 99 99
97 99 99
97 99 99
89 93 94
95 98 99
95 98 99
64 67 71
18 21 25
20 24 29
56 61 64
14 20 19
241 248 245
229 231 231
129 128 130
114 112 118
116 115 124
111 113 124
140 148 161
153 169 181
156 176 187
137 159 171
106 126 137
100 112 124
110 120 130
107 111 122
100 100 107
114 114 126
125 126 136
100 102 113
100 100 107
167 173 184
116 125 134
119 128 138
155 166 174
132 142 152
125 135 145
115 124 134
126 132 143
133 137 148
114 118 129
146 148 159
226 228 239
12 18 31
1 9 22
18 24 37
17 23 34
240 244 255
244 246 0
30 32 40
56 56 62
49 48 50
57 55 55
95 91 90
77 72 69
50 43 40
35 29 24
38 32 27
253 245 238
252 243 233
26 17 7
13 4 250
2 251 242
32 25 16
36 30 23
43 39 34
88 84 79
99 99 96
99 99 98
99 99 99
99 99 99
97 99 99
97 99 99
95 98 99
97 99 99
99 99 99
99 99 99
99 99 99
99 99 99
99 99 99
99 99 99
99 99 99
99 99 99
99 99 99
99 99 99
99 99 99
99 99 99
99 99 99
99 99 99
99 99 99
99 99 99
99 99 99
99 99 99
99 99 99
99 99 99
99 99 99
99 99 99
99 99 99
99 99 99
99 99 99
99 99 99
99 99 99
99 99 99
99 99 99
99 99 99
99 99 99
99 99 99
99 99 99
99 99 99
99 99 99
99 99 99
99 99 99
99 99 99
99 99 99
99 99 99
99 99 99
99 99 99
99 99 99
99 99 99
99 99 99
99 99 99
99 99 99
99 99 99
99 99 99
99 99 99
99 99 99
99 99 99
99 99 99
99 99 99
99 99 99
99 99 99
99 99 99
99 99 99
99 99 99
99 99 99
99 99 99
99 99 99
99 99 99
99 99 99
99 99 99
99 99 99
99 99 99
99 99 99
99 99 99
99 99 99
99 99 99
99 99 99
99 99 99
99 99 99
99 99 99
99 99 99
99 99 99
99 99 99
99 99 99
99 99 99
99 99 99
99 99 99
99 99 99
99 99 99
99 99 99
99 99 99
99 99 99
99 99 99
99 99 99
99 99 99
99 99 99
99 99 99
99 99 99
99 99 99
99 99 99
99 99 99
99 99 99
99 99 99
99 99 99
99 99 99
99 99 99
99 99 99
99 99 99
99 99 99
99 99 99
99 99 99
99 99 99
99 99 99
99 99 99
99 99 99
99 99 99
99 99 99
99 99 99
99 99 99
99 99 99
99 99 99
99 99 99
99 99 99
99 99 99
99 99 99
99 99 99
99 99 99
99 99 99
99 99 99
99 99 99
99 99 99
99 99 99
99 99 99
99 99 99
99 99 99
99 99 99
99 99 99
99 99 99
99 99 99
99 99 99
99 99 99
99 99 99
99 99 99
99 99 99
99 99 99
99 99 99
99 99 99
99 99 99
99 99 99
99 99 99
99 99 99
99 99 99
99 99 99
99 99 99
99 99 99
99 99 99
99 99 99
99 99 99
99 99 99
99 99 99
99 99 99
99 99 99
99 99 99
99 99 99
99 99 99
99 99 99
99 99 99
99 99 99
99 99 99
99 99 99
99 99 99
99 99 99
99 99 99
99 99 99
99 99 99
99 99 99
99 99 99
99 99 99
99 99 99
99 99 99
99 99 99
99 99 99
99 99 99
95 95 95
99 99 99
99 99 99
99 99 99
91 90 92
93 95 96
97 99 99
90 92 93
95 98 99
95 98 99
95 98 99
52 56 61
0 4 9
25 29 34
64 68 73
8 14 19
212 224 226
224 236 238
6 12 17
138 141 149
125 127 138
131 134 148
121 128 145
123 135 153
127 147 164
220 245 5
248 18 35
197 222 238
100 100 117
100 110 126
110 118 135
100 100 114
106 109 123
132 136 147
130 133 147
100 101 112
133 141 154
148 158 168
137 146 159
121 133 143
147 159 171
161 171 181
170 179 189
172 178 189
171 175 186
166 170 181
155 157 168
139 142 156
147 154 169
222 231 245
14 21 36
235 243 0
178 184 197
112 118 129
20 25 34
62 65 73
239 242 246
157 159 160
214 214 214
8 6 5
36 32 31
57 52 49
55 50 47
19 13 8
14 7 254
4 253 244
243 236 227
250 244 237
17 11 4
11 5 254
35 31 26
28 24 19
57 54 50
87 85 84
93 93 93
99 99 99
96 98 99
96 98 99
97 99 99
97 99 99
99 99 99
99 99 99
99 99 99
99 99 99
99 99 99
99 99 99
99 99 99
99 99 99
99 99 99
99 99 99
99 99 99
99 99 99
99 99 99
99 99 99
99 99 99
99 99 99
99 99 99
99 99 99
99 99 99
99 99 99
99 99 99
99 99 99
99 99 99
99 99 99
99 99 99
99 99 99
99 99 99
99 99 99
99 99 99
99 99 99
99 99 99
99 99 99
99 99 99
99 99 99
99 99 99
99 99 99
99 99 99
99 99 99
99 99 99
99 99 99
99 99 99
99 99 99
99 99 99
99 99 99
99 99 99
99 99 99
99 99 99
99 99 99
99 99 99
99 99 99
99 99 99
99 99 99
99 99 99
99 99 99
99 99 99
99 99 99
99 99 99
99 99 99
99 99 99
99 99 99
99 99 99
99 99 99
99 99 99
99 99 99
99 99 99
99 99 99
99 99 99
99 99 99
99 99 99
99 99 99
99 99 99
99 99 99
99 99 99
99 99 99
99 99 99
99 99 99
99 99 99
99 99 99
99 99 99
99 99 99
99 99 99
99 99 99
99 99 99
99 99 99
99 99 99
99 99 99
99 99 99
99 99 99
99 99 99
99 99 99
99 99 99
99 99 99
99 99 99
99 99 99
99 99 99
99 99 99
99 99 99
99 99 99
99 99 99
99 99 99
99 99 99
99 99 99
99 99 99
99 99 99
99 99 99
99 99 99
99 99 99
99 99 99
99 99 99
99 99 99
99 99 99
99 99 99
99 99 99
99 99 99
99 99 99
99 99 99
99 99 99
99 99 99
99 99 99
99 99 99
99 99 99
99 99 99
99 99 99
99 99 99
99 99 99
99 99 99
99 99 99
99 99 99
99 99 99
99 99 99
99 99 99
99 99 99
99 99 99
99 99 99
99 99 99
99 99 99
99 99 99
99 99 99
99 99 99
99 99 99
99 99 99
99 99 99
99 99 99
99 99 99
99 99 99
99 99 99
99 99 99
99 99 99
99 99 99
99 99 99
99 99 99
99 99 99
99 99 99
99 99 99
99 99 99
99 99 99
99 99 99
99 99 99
99 99 99
99 99 99
99 99 99
99 99 99
99 99 99
99 99 99
99 99 99
99 99 99
99 99 99
99 99 99
99 99 99
99 99 99
99 99 99
99 99 99
99 99 99
99 99 99
99 99 99
99 99 99
99 99 99
99 99 99
93 93 93
99 99 99
99 99 99
91 91 91
96 98 99
97 99 99
97 99 99
91 95 96
86 89 93
95 98 99
50 54 59
228 232 237
43 47 52
59 63 68
31 35 40
230 239 243
185 197 203
203 217 223
235 244 253
182 188 199
142 147 162
130 134 152
151 160 180
123 138 157
162 183 204
5 30 50
223 250 14
230 255 19
193 215 233
100 100 115
100 103 121
103 110 127
114 119 134
131 137 150
140 146 159
155 163 176
164 173 186
170 179 192
141 153 165
174 186 198
213 225 237
226 235 248
236 245 255
238 244 255
238 242 253
237 239 250
225 227 238
210 213 227
163 172 186
150 160 177
191 200 214
2 11 25
223 231 244
181 189 202
11 17 28
6 11 20
170 174 179
114 117 121
103 105 106
100 100 101
216 214 214
43 41 41
46 42 41
40 37 33
6 2 253
16 10 3
247 243 238
245 241 236
222 218 213
3 255 250
2 255 251
17 14 10
17 15 14
50 48 47
70 70 70
95 95 95
97 99 99
96 98 99
97 99 99
92 94 95
99 99 99
99 99 99
99 99 99
99 99 99
99 99 99
99 99 99
99 99 99
99 99 99
99 99 99
99 99 99
99 99 99
99 99 99
99 99 99
99 99 99
99 99 99
99 99 99
99 99 99
99 99 99
99 99 99
99 99 99
99 99 99
99 99 99
99 99 99
99 99 99
99 99 99
99 99 99
99 99 99
99 99 99
99 99 99
99 99 99
99 99 99
99 99 99
99 99 99
99 99 99
99 99 99
99 99 99
99 99 99
99 99 99
99 99 99
99 99 99
99 99 99
99 99 99
99 99 99
99 99 99
99 99 99
99 99 99
99 99 99
99 99 99
99 99 99
99 99 99
99 99 99
99 99 99
99 99 99
99 99 99
99 99 99
99 99 99
99 99 99
99 99 99
99 99 99
99 99 99
99 99 99
99 99 99
99 99 99
99 99 99
99 99 99
99 99 99
99 99 99
99 99 99
99 99 99
99 99 99
99 99 99
99 99 99
99 99 99
99 99 99
99 99 99
99 99 99
99 99 99
99 99 99
99 99 99
99 99 99
99 99 99
99 99 99
99 99 99
99 99 99
99 99 99
99 99 99
99 99 99
99 99 99
99 99 99
99 99 99
99 99 99
99 99 99
99 99 99
99 99 99
99 99 99
99 99 99
99 99 99
99 99 99
99 99 99
99 99 99
99 99 99
99 99 99
99 99 99
99 99 99
99 99 99
99 99 99
99 99 99
99 99 99
99 99 99
99 99 99
99 99 99
99 99 99
99 99 99
99 99 99
99 99 99
99 99 99
99 99 99
99 99 99
99 99 99
99 99 99
99 99 99
99 99 99
99 99 99
99 99 99
99 99 99
99 99 99
99 99 99
99 99 99
99 99 99
99 99 99
99 99 99
99 99 99
99 99 99
99 99 99
99 99 99
99 99 99
99 99 99
99 99 99
99 99 99
99 99 99
99 99 99
99 99 99
99 99 99
99 99 99
99 99 99
99 99 99
99 99 99
99 99 99
99 99 99
99 99 99
99 99 99
99 99 99
99 99 99
99 99 99
99 99 99
99 99 99
99 99 99
99 99 99
99 99 99
99 99 99
99 99 99
99 99 99
99 99 99
99 99 99
99 99 99
99 99 99
99 99 99
99 99 99
99 99 99
99 99 99
99 99 99
99 99 99
99 99 99
99 99 99
99 99 99
99 99 99
99 99 99
99 99 99
94 94 94
99 99 99
97 99 99
92 94 95
97 99 99
97 99 99
93 96 99
95 98 99
90 93 98
53 57 62
234 238 243
23 27 32
46 52 59
67 73 80
213 219 226
158 166 173
182 195 203
191 206 215
227 236 249
207 214 229
161 165 183
146 152 171
159 168 188
119 133 155
131 152 174
216 240 6
100 100 117
100 124 144
135 155 173
100 100 115
100 100 118
134 138 156
143 148 163
164 169 184
188 193 208
212 219 234
205 214 228
196 205 219
185 197 209
242 254 10
253 7 17
9 19 29
19 28 38
22 28 39
23 28 37
23 25 35
15 16 26
2 4 15
223 230 245
205 215 232
191 202 216
14 25 39
248 1 14
229 237 250
239 248 2
26 33 42
245 252 5
100 100 106
100 103 108
100 100 104
126 127 131
178 179 183
7 9 10
27 27 27
39 37 36
232 230 229
240 238 237
227 225 224
247 245 244
215 213 212
219 217 216
252 250 249
250 250 250
17 17 17
46 46 46
85 85 85
99 99 99
97 97 97
99 99 99
97 97 97
99 99 99
99 99 99
99 99 99
99 99 99
99 99 99
99 99 99
99 99 99
99 99 99
99 99 99
99 99 99
99 99 99
99 99 99
99 99 99
99 99 99
99 99 99
99 99 99
99 99 99
99 99 99
99 99 99
99 99 99
99 99 99
99 99 99
99 99 99
99 99 99
99 99 99
99 99 99
99 99 99
99 99 99
99 99 99
99 99 99
99 99 99
99 99 99
99 99 99
99 99 99
99 99 99
99 99 99
99 99 99
99 99 99
99 99 99
99 99 99
99 99 99
99 99 99
99 99 99
99 99 99
99 99 99
99 99 99
99 99 99
99 99 99
99 99 99
99 99 99
99 99 99
99 99 99
99 99 99
99 99 99
99 99 99
99 99 99
99 99 99
99 99 99
99 99 99
99 99 99
99 99 99
99 99 99
99 99 99
99 99 99
99 99 99
99 99 99
99 99 99
99 99 99
99 99 99
99 99 99
99 99 99
99 99 99
99 99 99
99 99 99
99 99 99
99 99 99
99 99 99
99 99 99
99 99 99
99 99 99
99 99 99
99 99 99
99 99 99
99 99 99
99 99 99
99 99 99
99 99 99
99 99 99
99 99 99
99 99 99
99 99 99
99 99 99
99 99 99
99 99 99
99 99 99
99 99 99
99 99 99
99 99 99
99 99 99
99 99 99
99 99 99
99 99 99
99 99 99
99 99 99
99 99 99
99 99 99
99 99 99
99 99 99
99 99 99
99 99 99
99 99 99
99 99 99
99 99 99
99 99 99
99 99 99
99 99 99
99 99 99
99 99 99
99 99 99
99 99 99
99 99 99
99 99 99
99 99 99
99 99 99
99 99 99
99 99 99
99 99 99
99 99 99
99 99 99
99 99 99
99 99 99
99 99 99
99 99 99
99 99 99
99 99 99
99 99 99
99 99 99
99 99 99
99 99 99
99 99 99
99 99 99
99 99 99
99 99 99
99 99 99
99 99 99
99 99 99
99 99 99
99 99 99
99 99 99
99 99 99
99 99 99
99 99 99
99 99 99
99 99 99
99 99 99
99 99 99
99 99 99
99 99 99
99 99 99
99 99 99
99 99 99
99 99 99
99 99 99
99 99 99
99 99 99
99 99 99
99 99 99
99 99 99
99 99 99
99 99 99
99 99 99
99 99 99
99 99 99
99 99 99
99 99 99
99 99 99
99 99 99
99 99 99
99 99 99
97 97 97
97 99 99
97 99 99
97 99 99
94 96 97
92 95 99
95 98 99
65 69 74
228 232 237
245 249 254
66 70 75
61 67 74
8 14 21
172 178 185
107 114 123
167 179 189
189 201 213
233 242 255
182 187 202
186 188 206
193 197 216
160 167 187
149 160 180
100 115 134
190 212 230
127 149 167
116 136 153
111 126 142
113 121 138
132 135 150
182 182 198
136 139 154
187 192 207
214 221 236
205 212 227
209 218 232
199 208 221
244 0 12
17 29 39
20 30 40
32 41 51
43 49 60
46 51 60
48 50 60
49 50 60
43 42 52
30 32 42
9 16 31
254 9 23
206 217 231
1 12 26
5 14 27
13 22 35
198 207 217
207 216 226
39 48 58
0 7 16
177 182 191
100 100 107
100 102 110
102 105 113
169 173 178
7 11 16
23 26 30
252 255 3
232 235 239
231 233 234
229 231 232
249 251 252
237 239 240
247 249 250
255 1 2
8 8 8
32 32 32
72 72 72
95 95 95
96 96 96
99 99 99
99 99 99
99 99 99
99 99 99
99 99 99
99 99 99
99 99 99
99 99 99
99 99 99
99 99 99
99 99 99
99 99 99
99 99 99
99 99 99
99 99 99
99 99 99
99 99 99
99 99 99
99 99 99
99 99 99
99 99 99
99 99 99
99 99 99
99 99 99
99 99 99
99 99 99
99 99 99
99 99 99
99 99 99
99 99 99
99 99 99
99 99 99
99 99 99
99 99 99
99 99 99
99 99 99
99 99 99
99 99 99
99 99 99
99 99 99
99 99 99
99 99 99
99 99 99
99 99 99
99 99 99
99 99 99
99 99 99
99 99 99
99 99 99
99 99 99
99 99 99
99 99 99
99 99 99
99 99 99
99 99 99
99 99 99
99 99 99
99 99 99
99 99 99
99 99 99
99 99 99
99 99 99
99 99 99
99 99 99
99 99 99
99 99 99
99 99 99
99 99 99
99 99 99
99 99 99
99 99 99
99 99 99
99 99 99
99 99 99
99 99 99
99 99 99
99 99 99
99 99 99
99 99 99
99 99 99
99 99 99
99 99 99
99 99 99
99 99 99
99 99 99
99 99 99
99 99 99
99 99 99
99 99 99
99 99 99
99 99 99
99 99 99
99 99 99
99 99 99
99 99 99
99 99 99
99 99 99
99 99 99
99 99 99
99 99 99
99 99 99
99 99 99
99 99 99
99 99 99
99 99 99
99 99 99
99 99 99
99 99 99
99 99 99
99 99 99
99 99 99
99 99 99
99 99 99
99 99 99
99 99 99
99 99 99
99 99 99
99 99 99
99 99 99
99 99 99
99 99 99
99 99 99
99 99 99
99 99 99
99 99 99
99 99 99
99 99 99
99 99 99
99 99 99
99 99 99
99 99 99
99 99 99
99 99 99
99 99 99
99 99 99
99 99 99
99 99 99
99 99 99
99 99 99
99 99 99
99 99 99
99 99 99
99 99 99
99 99 99
99 99 99
99 99 99
99 99 99
99 99 99
99 99 99
99 99 99
99 99 99
99 99 99
99 99 99
99 99 99
99 99 99
99 99 99
99 99 99
99 99 99
99 99 99
99 99 99
99 99 99
99 99 99
99 99 99
99 99 99
99 99 99
99 99 99
99 99 99
99 99 99
99 99 99
99 99 99
99 99 99
99 99 99
99 99 99
99 99 99
99 99 99
99 99 99
99 99 99
99 99 99
99 99 99
99 99 99
97 99 99
88 90 91
97 99 99
97 99 99
92 95 99
95 98 99
95 98 99
63 66 70
255 3 8
239 243 248
15 21 28
37 43 50
45 51 58
239 245 252
142 148 155
125 133 140
153 162 171
235 244 253
2 6 17
163 164 178
219 219 233
207 206 222
157 159 177
168 175 192
224 234 251
173 189 202
191 207 219
173 188 197
174 183 192
143 145 155
178 173 182
179 174 183
133 134 148
218 223 238
226 233 248
211 218 233
212 221 234
217 226 239
40 49 62
34 44 54
34 43 53
44 53 62
53 60 69
54 60 67
58 60 68
61 60 69
55 54 63
43 45 53
28 34 47
251 4 17
228 237 250
251 4 17
232 241 254
8 17 30
193 202 215
144 153 166
157 166 179
227 236 246
19 28 38
40 49 59
254 7 17
203 212 222
201 210 220
177 186 196
252 3 12
2 9 18
228 235 244
221 227 234
201 207 214
209 213 218
217 221 226
216 219 223
254 1 5
252 254 255
19 19 19
56 56 56
88 86 85
99 98 97
99 99 98
99 99 98
99 99 99
99 99 99
99 99 99
99 99 99
99 99 99
99 99 99
99 99 99
99 99 99
99 99 99
99 99 99
99 99 99
99 99 99
99 99 99
99 99 99
99 99 99
99 99 99
99 99 99
99 99 99
99 99 99
99 99 99
99 99 99
99 99 99
99 99 99
99 99 99
99 99 99
99 99 99
99 99 99
99 99 99
99 99 99
99 99 99
99 99 99
99 99 99
99 99 99
99 99 99
99 99 99
99 99 99
99 99 99
99 99 99
99 99 99
99 99 99
99 99 99
99 99 99
99 99 99
99 99 99
99 99 99
99 99 99
99 99 99
99 99 99
99 99 99
99 99 99
99 99 99
99 99 99
99 99 99
99 99 99
99 99 99
99 99 99
99 99 99
99 99 99
99 99 99
99 99 99
99 99 99
99 99 99
99 99 99
99 99 99
99 99 99
99 99 99
99 99 99
99 99 99
99 99 99
99 99 99
99 99 99
99 99 99
99 99 99
99 99 99
99 99 99
99 99 99
99 99 99
99 99 99
99 99 99
99 99 99
99 99 99
99 99 99
99 99 99
99 99 99
99 99 99
99 99 99
99 99 99
99 99 99
99 99 99
99 99 99
99 99 99
99 99 99
99 99 99
99 99 99
99 99 99
99 99 99
99 99 99
99 99 99
99 99 99
99 99 99
99 99 99
99 99 99
99 99 99
99 99 99
99 99 99
99 99 99
99 99 99
99 99 99
99 99 99
99 99 99
99 99 99
99 99 99
99 99 99
99 99 99
99 99 99
99 99 99
99 99 99
99 99 99
99 99 99
99 99 99
99 99 99
99 99 99
99 99 99
99 99 99
99 99 99
99 99 99
99 99 99
99 99 99
99 99 99
99 99 99
99 99 99
99 99 99
99 99 99
99 99 99
99 99 99
99 99 99
99 99 99
99 99 99
99 99 99
99 99 99
99 99 99
99 99 99
99 99 99
99 99 99
99 99 99
99 99 99
99 99 99
99 99 99
99 99 99
99 99 99
99 99 99
99 99 99
99 99 99
99 99 99
99 99 99
99 99 99
99 99 99
99 99 99
99 99 99
99 99 99
99 99 99
99 99 99
99 99 99
99 99 99
99 99 99
99 99 99
99 99 99
99 99 99
99 99 99
99 99 99
99 99 99
99 99 99
99 99 99
99 99 99
99 99 99
99 99 99
99 99 99
99 99 99
97 99 99
92 94 95
92 94 95
91 93 94
89 92 96
95 98 99
88 91 95
15 18 22
239 243 248
12 16 21
22 28 35
35 41 48
16 22 29
240 246 253
118 124 131
147 153 160
169 177 184
43 49 56
23 25 33
189 185 196
251 244 1
189 182 195
161 159 171
173 173 185
172 178 189
155 164 173
154 164 171
104 110 115
101 102 106
185 180 181
235 222 224
137 128 131
182 182 194
3 8 23
241 248 7
248 255 14
224 232 245
239 248 5
40 50 60
29 39 49
35 44 53
46 54 61
53 59 66
53 56 64
55 54 63
58 56 62
53 51 57
41 40 49
34 40 51
25 34 47
11 20 33
250 3 16
215 224 237
225 234 247
194 203 216
195 204 217
148 157 170
122 134 146
115 124 137
217 229 241
8 19 33
1 12 26
2 13 27
251 6 20
0 11 25
246 1 15
245 254 11
246 255 12
5 14 24
209 216 225
226 232 239
211 215 220
242 246 251
237 240 244
3 5 6
35 35 35
74 72 71
99 99 95
99 99 96
99 99 96
99 99 98
99 99 99
99 99 99
99 99 99
99 99 99
99 99 99
99 99 99
99 99 99
99 99 99
99 99 99
99 99 99
99 99 99
99 99 99
99 99 99
99 99 99
99 99 99
99 99 99
99 99 99
99 99 99
99 99 99
99 99 99
99 99 99
99 99 99
99 99 99
99 99 99
99 99 99
99 99 99
99 99 99
99 99 99
99 99 99
99 99 99
99 99 99
99 99 99
99 99 99
99 99 99
99 99 99
99 99 99
99 99 99
99 99 99
99 99 99
99 99 99
99 99 99
99 99 99
99 99 99
99 99 99
99 99 99
99 99 99
99 99 99
99 99 99
99 99 99
99 99 99
99 99 99
99 99 99
99 99 99
99 99 99
99 99 99
99 99 99
99 99 99
99 99 99
99 99 99
99 99 99
99 99 99
99 99 99
99 99 99
99 99 99
99 99 99
99 99 99
99 99 99
99 99 99
99 99 99
99 99 99
99 99 99
99 99 99
99 99 99
99 99 99
99 99 99
99 99 99
99 99 99
99 99 99
99 99 99
99 99 99
99 99 99
99 99 99
99 99 99
99 99 99
99 99 99
99 99 99
99 99 99
99 99 99
99 99 99
99 99 99
99 99 99
99 99 99
99 99 99
99 99 99
99 99 99
99 99 99
99 99 99
99 99 99
99 99 99
99 99 99
99 99 99
99 99 99
99 99 99
99 99 99
99 99 99
99 99 99
99 99 99
99 99 99
99 99 99
99 99 99
99 99 99
99 99 99
99 99 99
99 99 99
99 99 99
99 99 99
99 99 99
99 99 99
99 99 99
99 99 99
99 99 99
99 99 99
99 99 99
99 99 99
99 99 99
99 99 99
99 99 99
99 99 99
99 99 99
99 99 99
99 99 99
99 99 99
99 99 99
99 99 99
99 99 99
99 99 99
99 99 99
99 99 99
99 99 99
99 99 99
99 99 99
99 99 99
99 99 99
99 99 99
99 99 99
99 99 99
99 99 99
99 99 99
99 99 99
99 99 99
99 99 99
99 99 99
99 99 99
99 99 99
99 99 99
99 99 99
99 99 99
99 99 99
99 99 99
99 99 99
99 99 99
99 99 99
99 99 99
99 99 99
99 99 99
99 99 99
99 99 99
99 99 99
99 99 99
99 99 99
99 99 99
99 99 99
99 99 99
99 99 99
99 99 99
99 99 99
99 99 99
97 99 99
97 99 99
90 92 93
86 88 89
95 98 99
95 98 99
51 55 60
254 2 7
18 22 27
252 0 5
38 44 51
37 43 50
27 33 40
225 231 238
130 137 146
148 154 161
232 236 241
53 54 58
25 21 26
226 220 225
5 250 2
196 185 193
184 176 183
196 192 198
166 166 172
120 123 127
100 100 100
162 163 161
194 189 186
247 237 230
194 175 170
166 151 149
233 232 242
6 11 26
246 251 10
242 249 8
220 228 241
242 250 7
15 25 35
15 25 35
46 55 64
56 64 71
61 67 74
59 63 68
60 60 66
63 62 66
59 55 60
48 46 52
31 36 45
34 43 53
15 25 35
6 16 26
253 6 19
236 245 2
199 211 223
222 234 246
236 247 5
233 246 4
205 216 230
178 191 205
169 182 198
175 188 204
184 197 213
210 223 239
196 210 228
218 232 250
213 226 242
243 0 16
244 255 13
20 29 42
250 1 10
229 235 242
254 2 7
244 247 251
254 0 1
12 12 12
52 50 49
96 93 89
99 95 92
99 98 94
99 99 98
99 99 99
99 99 99
99 99 99
99 99 99
99 99 99
99 99 99
99 99 99
99 99 99
99 99 99
99 99 99
99 99 99
99 99 99
99 99 99
99 99 99
99 99 99
99 99 99
99 99 99
99 99 99
99 99 99
99 99 99
99 99 99
99 99 99
99 99 99
99 99 99
99 99 99
99 99 99
99 99 99
99 99 99
99 99 99
99 99 99
99 99 99
99 99 99
99 99 99
99 99 99
99 99 99
99 99 99
99 99 99
99 99 99
99 99 99
99 99 99
99 99 99
99 99 99
99 99 99
99 99 99
99 99 99
99 99 99
99 99 99
99 99 99
99 99 99
99 99 99
99 99 99
99 99 99
99 99 99
99 99 99
99 99 99
99 99 99
99 99 99
99 99 99
99 99 99
99 99 99
99 99 99
99 99 99
99 99 99
99 99 99
99 99 99
99 99 99
99 99 99
99 99 99
99 99 99
99 99 99
99 99 99
99 99 99
99 99 99
99 99 99
99 99 99
99 99 99
99 99 99
99 99 99
99 99 99
99 99 99
99 99 99
99 99 99
99 99 99
99 99 99
99 99 99
99 99 99
99 99 99
99 99 99
99 99 99
99 99 99
99 99 99
99 99 99
99 99 99
99 99 99
99 99 99
99 99 99
99 99 99
99 99 99
99 99 99
99 99 99
99 99 99
99 99 99
99 99 99
99 99 99
99 99 99
99 99 99
99 99 99
99 99 99
99 99 99
99 99 99
99 99 99
99 99 99
99 99 99
99 99 99
99 99 99
99 99 99
99 99 99
99 99 99
99 99 99
99 99 99
99 99 99
99 99 99
99 99 99
99 99 99
99 99 99
99 99 99
99 99 99
99 99 99
99 99 99
99 99 99
99 99 99
99 99 99
99 99 99
99 99 99
99 99 99
99 99 99
99 99 99
99 99 99
99 99 99
99 99 99
99 99 99
99 99 99
99 99 99
99 99 99
99 99 99
99 99 99
99 99 99
99 99 99
99 99 99
99 99 99
99 99 99
99 99 99
99 99 99
99 99 99
99 99 99
99 99 99
99 99 99
99 99 99
99 99 99
99 99 99
99 99 99
99 99 99
99 99 99
99 99 99
99 99 99
99 99 99
99 99 99
99 99 99
99 99 99
99 99 99
99 99 99
99 99 99
99 99 99
99 99 99
99 99 99
99 99 99
99 99 99
94 93 95
97 99 99
90 92 93
95 97 98
95 98 99
67 70 74
11 15 20
9 13 18
21 25 30
9 13 18
16 20 25
48 52 57
8 11 19
6 9 17
139 142 150
174 177 185
64 69 72
41 44 48
29 25 30
247 241 246
246 236 242
210 198 204
179 169 175
201 194 197
225 220 222
224 221 223
213 211 211
213 209 208
236 228 228
233 221 219
148 133 131
225 214 216
3 5 15
245 254 12
252 5 19
217 226 240
227 236 249
255 8 21
29 39 49
37 47 57
47 56 65
56 63 72
59 65 72
56 59 67
54 57 62
56 56 62
52 50 56
41 40 49
38 44 51
18 27 36
28 37 46
43 53 63
5 14 27
1 10 23
2 13 27
3 14 28
21 34 50
11 23 41
32 46 64
237 251 13
223 239 0
247 9 26
215 232 251
171 190 211
204 225 247
178 199 221
206 224 247
220 237 2
241 0 19
237 250 10
241 252 10
14 26 36
20 31 39
0 10 17
250 3 7
247 252 255
28 30 31
84 84 84
97 92 93
99 95 96
99 99 99
99 99 99
99 99 99
99 99 99
99 99 99
99 99 99
99 99 99
99 99 99
99 99 99
99 99 99
99 99 99
99 99 99
99 99 99
99 99 99
99 99 99
99 99 99
99 99 99
99 99 99
99 99 99
99 99 99
99 99 99
99 99 99
99 99 99
99 99 99
99 99 99
99 99 99
99 99 99
99 99 99
99 99 99
99 99 99
99 99 99
99 99 99
99 99 99
99 99 99
99 99 99
99 99 99
99 99 99
99 99 99
99 99 99
99 99 99
99 99 99
99 99 99
99 99 99
99 99 99
99 99 99
99 99 99
99 99 99
99 99 99
99 99 99
99 99 99
99 99 99
99 99 99
99 99 99
99 99 99
99 99 99
99 99 99
99 99 99
99 99 99
99 99 99
99 99 99
99 99 99
99 99 99
99 99 99
99 99 99
99 99 99
99 99 99
99 99 99
99 99 99
99 99 99
99 99 99
99 99 99
99 99 99
99 99 99
99 99 99
99 99 99
99 99 99
99 99 99
99 99 99
99 99 99
99 99 99
99 99 99
99 99 99
99 99 99
99 99 99
99 99 99
99 99 99
99 99 99
99 99 99
99 99 99
99 99 99
99 99 99
99 99 99
99 99 99
99 99 99
99 99 99
99 99 99
99 99 99
99 99 99
99 99 99
99 99 99
99 99 99
99 99 99
99 99 99
99 99 99
99 99 99
99 99 99
99 99 99
99 99 99
99 99 99
99 99 99
99 99 99
99 99 99
99 99 99
99 99 99
99 99 99
99 99 99
99 99 99
99 99 99
99 99 99
99 99 99
99 99 99
99 99 99
99 99 99
99 99 99
99 99 99
99 99 99
99 99 99
99 99 99
99 99 99
99 99 99
99 99 99
99 99 99
99 99 99
99 99 99
99 99 99
99 99 99
99 99 99
99 99 99
99 99 99
99 99 99
99 99 99
99 99 99
99 99 99
99 99 99
99 99 99
99 99 99
99 99 99
99 99 99
99 99 99
99 99 99
99 99 99
99 99 99
99 99 99
99 99 99
99 99 99
99 99 99
99 99 99
99 99 99
99 99 99
99 99 99
99 99 99
99 99 99
99 99 99
99 99 99
99 99 99
99 99 99
99 99 99
99 99 99
99 99 99
99 99 99
99 99 99
99 99 99
99 99 99
99 99 99
99 99 99
99 99 99
99 99 99
99 99 99
94 93 95
98 97 99
97 98 99
96 97 99
84 87 91
21 24 28
1 6 9
21 28 31
236 243 246
246 251 254
12 17 20
253 0 4
7 10 15
223 223 229
160 160 166
19 22 27
65 71 76
23 32 36
8 11 16
238 239 243
252 248 253
234 227 230
220 211 214
240 231 234
7 254 1
248 241 246
3 252 3
18 13 22
217 213 224
156 154 166
197 194 209
3 6 20
11 23 35
1 17 29
254 14 26
198 214 226
244 4 16
0 14 26
18 32 44
39 51 63
41 53 63
48 58 68
40 49 59
51 60 70
54 60 71
41 45 56
40 44 55
28 33 42
15 24 28
31 40 44
52 60 67
43 52 61
44 53 63
48 57 71
12 22 39
11 20 40
4 15 37
220 232 0
221 235 2
221 239 6
210 231 253
209 232 254
165 189 211
201 227 251
159 189 218
210 242 15
186 212 242
210 234 6
228 249 20
247 12 34
215 235 253
203 226 242
228 251 10
196 220 232
240 6 17
226 243 252
249 4 12
25 30 39
85 84 94
99 95 99
99 98 99
99 99 99
99 99 99
99 99 99
99 99 99
99 99 99
99 99 99
99 99 99
99 99 99
99 99 99
99 99 99
99 99 99
99 99 99
99 99 99
99 99 99
99 99 99
99 99 99
99 99 99
99 99 99
99 99 99
99 99 99
99 99 99
99 99 99
99 99 99
99 99 99
99 99 99
99 99 99
99 99 99
99 99 99
99 99 99
99 99 99
99 99 99
99 99 99
99 99 99
99 99 99
99 99 99
99 99 99
99 99 99
99 99 99
99 99 99
99 99 99
99 99 99
99 99 99
99 99 99
99 99 99
99 99 99
99 99 99
99 99 99
99 99 99
99 99 99
99 99 99
99 99 99
99 99 99
99 99 99
99 99 99
99 99 99
99 99 99
99 99 99
99 99 99
99 99 99
99 99 99
99 99 99
99 99 99
99 99 99
99 99 99
99 99 99
99 99 99
99 99 99
99 99 99
99 99 99
99 99 99
99 99 99
99 99 99
99 99 99
99 99 99
99 99 99
99 99 99
99 99 99
99 99 99
99 99 99
99 99 99
99 99 99
99 99 99
99 99 99
99 99 99
99 99 99
99 99 99
99 99 99
99 99 99
99 99 99
99 99 99
99 99 99
99 99 99
99 99 99
99 99 99
99 99 99
99 99 99
99 99 99
99 99 99
99 99 99
99 99 99
99 99 99
99 99 99
99 99 99
99 99 99
99 99 99
99 99 99
99 99 99
99 99 99
99 99 99
99 99 99
99 99 99
99 99 99
99 99 99
99 99 99
99 99 99
99 99 99
99 99 99
99 99 99
99 99 99
99 99 99
99 99 99
99 99 99
99 99 99
99 99 99
99 99 99
99 99 99
99 99 99
99 99 99
99 99 99
99 99 99
99 99 99
99 99 99
99 99 99
99 99 99
99 99 99
99 99 99
99 99 99
99 99 99
99 99 99
99 99 99
99 99 99
99 99 99
99 99 99
99 99 99
99 99 99
99 99 99
99 99 99
99 99 99
99 99 99
99 99 99
99 99 99
99 99 99
99 99 99
99 99 99
99 99 99
99 99 99
99 99 99
99 99 99
99 99 99
99 99 99
99 99 99
99 99 99
99 99 99
99 99 99
99 99 99
99 99 99
99 99 99
99 99 99
99 99 99
99 99 99
99 99 99
99 99 99
99 99 99
99 99 99
99 99 99
99 99 99
99 99 99
99 96 99
93 92 96
90 91 95
97 98 99
67 70 74
21 26 29
1 8 11
240 247 250
194 201 204
205 212 215
206 211 214
218 221 225
11 12 16
194 195 199
212 211 215
67 67 73
28 36 43
15 25 32
252 2 7
222 225 229
231 230 234
9 4 6
6 254 255
5 252 255
0 245 248
1 247 253
217 209 219
155 151 163
120 119 135
162 164 182
240 245 10
12 22 40
244 5 18
2 22 33
255 17 28
201 219 230
240 2 13
16 32 44
29 43 55
31 45 57
47 59 71
40 52 64
39 48 61
23 32 45
30 38 51
36 44 57
11 19 32
5 14 24
26 37 41
30 42 44
42 50 57
32 41 50
25 33 46
0 9 23
241 251 13
0 11 33
231 243 11
241 254 24
228 245 15
191 211 236
198 220 245
192 218 242
233 3 27
192 223 248
210 244 18
174 209 242
229 2 33
240 10 40
211 233 5
241 7 32
245 13 35
230 0 17
222 251 10
244 20 33
25 55 66
10 34 46
239 255 11
248 1 14
70 71 85
97 96 99
99 98 99
99 99 99
99 99 99
99 99 99
99 99 99
99 99 99
99 99 99
99 99 99
99 99 99
99 99 99
99 99 99
99 99 99
99 99 99
99 99 99
99 99 99
99 99 99
99 99 99
99 99 99
99 99 99
99 99 99
99 99 99
99 99 99
99 99 99
99 99 99
99 99 99
99 99 99
99 99 99
99 99 99
99 99 99
99 99 99
99 99 99
99 99 99
99 99 99
99 99 99
99 99 99
99 99 99
99 99 99
99 99 99
99 99 99
99 99 99
99 99 99
99 99 99
99 99 99
99 99 99
99 99 99
99 99 99
99 99 99
99 99 99
99 99 99
99 99 99
99 99 99
99 99 99
99 99 99
99 99 99
99 99 99
99 99 99
99 99 99
99 99 99
99 99 99
99 99 99
99 99 99
99 99 99
99 99 99
99 99 99
99 99 99
99 99 99
99 99 99
99 99 99
99 99 99
99 99 99
99 99 99
99 99 99
99 99 99
99 99 99
99 99 99
99 99 99
99 99 99
99 99 99
99 99 99
99 99 99
99 99 99
99 99 99
99 99 99
99 99 99
99 99 99
99 99 99
99 99 99
99 99 99
99 99 99
99 99 99
99 99 99
99 99 99
99 99 99
99 99 99
99 99 99
99 99 99
99 99 99
99 99 99
99 99 99
99 99 99
99 99 99
99 99 99
99 99 99
99 99 99
99 99 99
99 99 99
99 99 99
99 99 99
99 99 99
99 99 99
99 99 99
99 99 99
99 99 99
99 99 99
99 99 99
99 99 99
99 99 99
99 99 99
99 99 99
99 99 99
99 99 99
99 99 99
99 99 99
99 99 99
99 99 99
99 99 99
99 99 99
99 99 99
99 99 99
99 99 99
99 99 99
99 99 99
99 99 99
99 99 99
99 99 99
99 99 99
99 99 99
99 99 99
99 99 99
99 99 99
99 99 99
99 99 99
99 99 99
99 99 99
99 99 99
99 99 99
99 99 99
99 99 99
99 99 99
99 99 99
99 99 99
99 99 99
99 99 99
99 99 99
99 99 99
99 99 99
99 99 99
99 99 99
99 99 99
99 99 99
99 99 99
99 99 99
99 99 99
99 99 99
99 99 99
99 99 99
99 99 99
99 99 99
99 99 99
99 99 99
99 99 99
99 99 99
99 99 99
99 99 99
99 99 99
99 99 99
99 99 99
99 99 99
99 98 99
97 96 99
93 94 98
94 95 99
15 18 22
247 252 255
251 2 5
227 234 237
211 218 221
203 210 213
215 220 223
252 255 3
28 29 33
159 160 164
199 198 202
44 47 52
25 35 42
20 32 38
3 12 16
239 244 247
218 219 223
252 249 251
250 243 246
247 240 243
204 195 198
164 157 162
111 106 115
108 107 117
162 163 177
242 247 6
32 40 57
10 23 39
12 28 41
14 32 43
244 6 17
207 225 236
240 0 12
24 40 52
27 41 53
24 38 50
29 41 53
36 48 60
24 33 46
22 31 44
23 32 45
1 10 23
242 250 7
241 250 4
25 36 40
43 56 58
23 33 40
33 44 52
12 21 34
7 17 34
240 252 14
241 254 20
193 207 230
231 247 14
230 247 17
205 225 250
219 241 10
226 252 20
195 222 243
214 245 12
186 219 245
212 244 17
199 228 255
230 255 25
8 30 55
216 237 3
241 9 29
213 239 0
238 11 26
252 28 41
239 13 24
249 19 31
246 7 20
5 16 30
64 67 82
90 90 99
97 98 99
99 99 99
99 99 99
99 99 99
99 99 99
99 99 99
99 99 99
99 99 99
99 99 99
99 99 99
99 99 99
99 99 99
99 99 99
99 99 99
99 99 99
99 99 99
99 99 99
99 99 99
99 99 99
99 99 99
99 99 99
99 99 99
99 99 99
99 99 99
99 99 99
99 99 99
99 99 99
99 99 99
99 99 99
99 99 99
99 99 99
99 99 99
99 99 99
99 99 99
99 99 99
99 99 99
99 99 99
99 99 99
99 99 99
99 99 99
99 99 99
99 99 99
99 99 99
99 99 99
99 99 99
99 99 99
99 99 99
99 99 99
99 99 99
99 99 99
99 99 99
99 99 99
99 99 99
99 99 99
99 99 99
99 99 99
99 99 99
99 99 99
99 99 99
99 99 99
99 99 99
99 99 99
99 99 99
99 99 99
99 99 99
99 99 99
99 99 99
99 99 99
99 99 99
99 99 99
99 99 99
99 99 99
99 99 99
99 99 99
99 99 99
99 99 99
99 99 99
99 99 99
99 99 99
99 99 99
99 99 99
99 99 99
99 99 99
99 99 99
99 99 99
99 99 99
99 99 99
99 99 99
99 99 99
99 99 99
99 99 99
99 99 99
99 99 99
99 99 99
99 99 99
99 99 99
99 99 99
99 99 99
99 99 99
99 99 99
99 99 99
99 99 99
99 99 99
99 99 99
99 99 99
99 99 99
99 99 99
99 99 99
99 99 99
99 99 99
99 99 99
99 99 99
99 99 99
99 99 99
99 99 99
99 99 99
99 99 99
99 99 99
99 99 99
99 99 99
99 99 99
99 99 99
99 99 99
99 99 99
99 99 99
99 99 99
99 99 99
99 99 99
99 99 99
99 99 99
99 99 99
99 99 99
99 99 99
99 99 99
99 99 99
99 99 99
99 99 99
99 99 99
99 99 99
99 99 99
99 99 99
99 99 99
99 99 99
99 99 99
99 99 99
99 99 99
99 99 99
99 99 99
99 99 99
99 99 99
99 99 99
99 99 99
99 99 99
99 99 99
99 99 99
99 99 99
99 99 99
99 99 99
99 99 99
99 99 99
99 99 99
99 99 99
99 99 99
99 99 99
99 99 99
99 99 99
99 99 99
99 99 99
99 99 99
99 99 99
99 99 99
99 99 99
99 99 99
99 99 99
99 99 99
99 99 99
99 99 99
99 98 99
99 98 99
95 96 99
97 98 99
59 62 66
235 240 243
223 230 233
226 233 236
217 224 227
190 197 200
198 205 208
180 185 188
19 24 27
251 254 2
131 132 136
245 244 248
59 62 67
25 35 42
255 12 20
250 4 11
251 1 6
210 213 217
190 189 191
184 181 183
194 189 191
136 131 133
117 113 118
136 134 140
210 212 220
1 5 16
10 18 31
22 33 47
19 32 46
11 27 40
244 6 17
209 227 238
221 239 250
250 10 22
19 35 47
7 21 33
14 28 40
251 7 19
1 13 25
254 7 20
12 21 34
4 13 26
218 227 240
221 229 242
255 9 19
19 31 37
19 34 37
25 38 46
241 253 7
6 19 33
194 207 223
214 228 247
192 206 228
203 219 242
169 187 210
175 195 220
177 199 224
146 170 194
171 195 217
150 177 198
183 212 233
201 232 255
186 217 240
206 232 0
204 227 249
225 244 9
211 230 251
227 249 11
218 243 3
224 253 11
254 30 43
8 40 51
24 52 63
8 27 40
248 5 19
33 40 55
93 95 99
97 98 99
99 99 99
99 99 99
99 99 99
99 99 99
99 99 99
99 99 99
99 99 99
99 99 99
99 99 99
99 99 99
99 99 99
99 99 99
99 99 99
99 99 99
99 99 99
99 99 99
99 99 99
99 99 99
99 99 99
99 99 99
99 99 99
99 99 99
99 99 99
99 99 99
99 99 99
99 99 99
99 99 99
99 99 99
99 99 99
99 99 99
99 99 99
99 99 99
99 99 99
99 99 99
99 99 99
99 99 99
99 99 99
99 99 99
99 99 99
99 99 99
99 99 99
99 99 99
99 99 99
99 99 99
99 99 99
99 99 99
99 99 99
99 99 99
99 99 99
99 99 99
99 99 99
99 99 99
99 99 99
99 99 99
99 99 99
99 99 99
99 99 99
99 99 99
99 99 99
99 99 99
99 99 99
99 99 99
99 99 99
99 99 99
99 99 99
99 99 99
99 99 99
99 99 99
99 99 99
99 99 99
99 99 99
99 99 99
99 99 99
99 99 99
99 99 99
99 99 99
99 99 99
99 99 99
99 99 99
99 99 99
99 99 99
99 99 99
99 99 99
99 99 99
99 99 99
99 99 99
99 99 99
99 99 99
99 99 99
99 99 99
99 99 99
99 99 99
99 99 99
99 99 99
99 99 99
99 99 99
99 99 99
99 99 99
99 99 99
99 99 99
99 99 99
99 99 99
99 99 99
99 99 99
99 99 99
99 99 99
99 99 99
99 99 99
99 99 99
99 99 99
99 99 99
99 99 99
99 99 99
99 99 99
99 99 99
99 99 99
99 99 99
99 99 99
99 99 99
99 99 99
99 99 99
99 99 99
99 99 99
99 99 99
99 99 99
99 99 99
99 99 99
99 99 99
99 99 99
99 99 99
99 99 99
99 99 99
99 99 99
99 99 99
99 99 99
99 99 99
99 99 99
99 99 99
99 99 99
99 99 99
99 99 99
99 99 99
99 99 99
99 99 99
99 99 99
99 99 99
99 99 99
99 99 99
99 99 99
99 99 99
99 99 99
99 99 99
99 99 99
99 99 99
99 99 99
99 99 99
99 99 99
99 99 99
99 99 99
99 99 99
99 99 99
99 99 99
99 99 99
99 99 99
99 99 99
99 99 99
99 99 99
99 99 99
99 99 99
99 99 99
99 99 99
99 99 99
99 99 99
99 99 99
99 99 99
99 99 99
99 98 99
97 98 99
87 87 93
87 87 93
15 18 23
238 242 247
226 232 237
194 200 205
191 200 204
193 202 206
0 9 13
193 199 204
54 58 63
202 205 210
131 134 139
36 36 42
31 35 40
59 71 77
23 36 44
13 25 31
2 11 15
230 234 239
184 187 191
170 171 175
156 155 159
192 191 195
220 221 225
238 241 246
249 252 4
254 5 14
13 23 33
11 23 33
222 236 248
217 233 246
205 222 235
194 210 223
242 2 15
2 18 31
2 18 31
237 250 8
246 3 17
2 13 27
222 233 247
1 12 26
232 243 1
223 232 246
227 236 250
203 212 226
24 33 46
19 35 42
22 38 44
239 255 6
3 20 29
236 253 10
210 226 242
183 200 219
181 200 221
164 182 205
194 215 237
166 189 211
162 186 208
208 232 254
165 190 210
172 199 219
168 196 213
132 160 177
138 164 181
194 216 234
213 233 250
202 218 235
185 201 218
183 203 220
189 215 229
182 211 225
188 220 233
226 2 15
253 26 40
14 37 52
0 16 32
18 28 45
90 96 99
97 98 99
99 99 99
99 99 99
99 99 99
99 99 99
99 99 99
99 99 99
99 99 99
99 99 99
99 99 99
99 99 99
99 99 99
99 99 99
99 99 99
99 99 99
99 99 99
99 99 99
99 99 99
99 99 99
99 99 99
99 99 99
99 99 99
99 99 99
99 99 99
99 99 99
99 99 99
99 99 99
99 99 99
99 99 99
99 99 99
99 99 99
99 99 99
99 99 99
99 99 99
99 99 99
99 99 99
99 99 99
99 99 99
99 99 99
99 99 99
99 99 99
99 99 99
99 99 99
99 99 99
99 99 99
99 99 99
99 99 99
99 99 99
99 99 99
99 99 99
99 99 99
99 99 99
99 99 99
99 99 99
99 99 99
99 99 99
99 99 99
99 99 99
99 99 99
99 99 99
99 99 99
99 99 99
99 99 99
99 99 99
99 99 99
99 99 99
99 99 99
99 99 99
99 99 99
99 99 99
99 99 99
99 99 99
99 99 99
99 99 99
99 99 99
99 99 99
99 99 99
99 99 99
99 99 99
99 99 99
99 99 99
99 99 99
99 99 99
99 99 99
99 99 99
99 99 99
99 99 99
99 99 99
99 99 99
99 99 99
99 99 99
99 99 99
99 99 99
99 99 99
99 99 99
99 99 99
99 99 99
99 99 99
99 99 99
99 99 99
99 99 99
99 99 99
99 99 99
99 99 99
99 99 99
99 99 99
99 99 99
99 99 99
99 99 99
99 99 99
99 99 99
99 99 99
99 99 99
99 99 99
99 99 99
99 99 99
99 99 99
99 99 99
99 99 99
99 99 99
99 99 99
99 99 99
99 99 99
99 99 99
99 99 99
99 99 99
99 99 99
99 99 99
99 99 99
99 99 99
99 99 99
99 99 99
99 99 99
99 99 99
99 99 99
99 99 99
99 99 99
99 99 99
99 99 99
99 99 99
99 99 99
99 99 99
99 99 99
99 99 99
99 99 99
99 99 99
99 99 99
99 99 99
99 99 99
99 99 99
99 99 99
99 99 99
99 99 99
99 99 99
99 99 99
99 99 99
99 99 99
99 99 99
99 99 99
99 99 99
99 99 99
99 99 99
99 99 99
99 99 99
99 99 99
99 99 99
99 99 99
99 99 99
99 99 99
99 99 99
99 99 99
99 99 99
99 99 99
99 99 99
99 99 99
99 99 99
99 99 99
99 98 99
97 98 99
88 91 96
68 71 76
238 242 247
224 230 235
205 214 218
176 185 189
194 205 209
183 192 196
250 3 7
7 16 20
45 51 56
173 177 182
239 242 247
62 62 68
50 53 61
33 44 52
18 34 41
7 20 28
251 5 12
18 26 33
22 26 31
18 21 26
226 229 233
208 211 215
193 196 200
203 207 212
231 240 244
208 218 225
179 192 200
228 244 251
28 45 54
40 56 68
48 64 77
35 51 64
47 63 76
18 34 47
247 7 20
219 232 246
209 222 236
194 205 219
213 224 238
189 200 214
215 226 240
220 229 243
213 222 236
7 16 30
1 13 25
215 233 240
11 30 37
20 39 47
1 19 30
220 239 254
197 217 234
189 209 227
187 208 229
183 204 226
164 187 209
161 185 207
172 197 217
164 189 209
162 188 205
182 208 225
150 176 192
123 147 159
136 158 170
118 135 148
133 149 162
129 142 156
102 117 133
100 115 130
112 135 150
100 107 121
100 115 128
147 181 194
207 239 252
1 27 41
1 20 35
1 14 30
60 68 81
95 98 99
99 99 99
99 99 99
99 99 99
99 99 99
99 99 99
99 99 99
99 99 99
99 99 99
99 99 99
99 99 99
99 99 99
99 99 99
99 99 99
99 99 99
99 99 99
99 99 99
99 99 99
99 99 99
99 99 99
99 99 99
99 99 99
99 99 99
99 99 99
99 99 99
99 99 99
99 99 99
99 99 99
99 99 99
99 99 99
99 99 99
99 99 99
99 99 99
99 99 99
99 99 99
99 99 99
99 99 99
99 99 99
99 99 99
99 99 99
99 99 99
99 99 99
99 99 99
99 99 99
99 99 99
99 99 99
99 99 99
99 99 99
99 99 99
99 99 99
99 99 99
99 99 99
99 99 99
99 99 99
99 99 99
99 99 99
99 99 99
99 99 99
99 99 99
99 99 99
99 99 99
99 99 99
99 99 99
99 99 99
99 99 99
99 99 99
99 99 99
99 99 99
99 99 99
99 99 99
99 99 99
99 99 99
99 99 99
99 99 99
99 99 99
99 99 99
99 99 99
99 99 99
99 99 99
99 99 99
99 99 99
99 99 99
99 99 99
99 99 99
99 99 99
99 99 99
99 99 99
99 99 99
99 99 99
99 99 99
99 99 99
99 99 99
99 99 99
99 99 99
99 99 99
99 99 99
99 99 99
99 99 99
99 99 99
99 99 99
99 99 99
99 99 99
99 99 99
99 99 99
99 99 99
99 99 99
99 99 99
99 99 99
99 99 99
99 99 99
99 99 99
99 99 99
99 99 99
99 99 99
99 99 99
99 99 99
99 99 99
99 99 99
99 99 99
99 99 99
99 99 99
99 99 99
99 99 99
99 99 99
99 99 99
99 99 99
99 99 99
99 99 99
99 99 99
99 99 99
99 99 99
99 99 99
99 99 99
99 99 99
99 99 99
99 99 99
99 99 99
99 99 99
99 99 99
99 99 99
99 99 99
99 99 99
99 99 99
99 99 99
99 99 99
99 99 99
99 99 99
99 99 99
99 99 99
99 99 99
99 99 99
99 99 99
99 99 99
99 99 99
99 99 99
99 99 99
99 99 99
99 99 99
99 99 99
99 99 99
99 99 99
99 99 99
99 99 99
99 99 99
99 99 99
99 99 99
99 99 99
99 99 99
99 99 99
99 99 99
99 99 99
99 99 99
99 99 99
99 99 99
99 99 99
99 99 99
99 99 99
99 98 99
97 97 99
94 96 99
39 41 49
231 234 242
204 210 217
181 189 196
180 190 197
200 212 218
192 202 209
232 242 249
48 56 63
0 6 13
169 172 180
45 48 56
42 44 52
54 60 67
36 49 57
35 51 58
9 22 30
3 15 21
21 31 38
20 28 35
1 7 14
214 218 223
197 201 206
208 214 219
202 211 215
207 218 222
239 251 1
38 52 58
63 79 85
28 46 53
253 13 25
21 34 48
19 32 46
32 45 59
23 36 50
20 33 47
13 26 40
249 6 20
180 193 207
149 162 176
228 239 253
210 221 235
216 227 241
21 32 46
249 4 18
19 33 45
13 32 40
24 45 53
246 10 21
240 6 18
226 249 8
2 27 43
200 224 242
170 195 215
195 219 241
181 205 227
178 203 223
181 206 226
143 167 185
142 167 183
100 116 132
102 126 138
105 126 134
100 100 107
121 136 145
100 107 117
132 141 154
199 210 224
120 135 151
135 156 171
200 226 242
132 163 178
100 108 123
107 138 153
172 198 214
238 2 19
10 26 42
49 58 71
95 98 99
99 99 99
99 99 99
99 99 99
99 99 99
99 99 99
99 99 99
99 99 99
99 99 99
99 99 99
99 99 99
99 99 99
99 99 99
99 99 99
99 99 99
99 99 99
99 99 99
99 99 99
99 99 99
99 99 99
99 99 99
99 99 99
99 99 99
99 99 99
99 99 99
99 99 99
99 99 99
99 99 99
99 99 99
99 99 99
99 99 99
99 99 99
99 99 99
99 99 99
99 99 99
99 99 99
99 99 99
99 99 99
99 99 99
99 99 99
99 99 99
99 99 99
99 99 99
99 99 99
99 99 99
99 99 99
99 99 99
99 99 99
99 99 99
99 99 99
99 99 99
99 99 99
99 99 99
99 99 99
99 99 99
99 99 99
99 99 99
99 99 99
99 99 99
99 99 99
99 99 99
99 99 99
99 99 99
99 99 99
99 99 99
99 99 99
99 99 99
99 99 99
99 99 99
99 99 99
99 99 99
99 99 99
99 99 99
99 99 99
99 99 99
99 99 99
99 99 99
99 99 99
99 99 99
99 99 99
99 99 99
99 99 99
99 99 99
99 99 99
99 99 99
99 99 99
99 99 99
99 99 99
99 99 99
99 99 99
99 99 99
99 99 99
99 99 99
99 99 99
99 99 99
99 99 99
99 99 99
99 99 99
99 99 99
99 99 99
99 99 99
99 99 99
99 99 99
99 99 99
99 99 99
99 99 99
99 99 99
99 99 99
99 99 99
99 99 99
99 99 99
99 99 99
99 99 99
99 99 99
99 99 99
99 99 99
99 99 99
99 99 99
99 99 99
99 99 99
99 99 99
99 99 99
99 99 99
99 99 99
99 99 99
99 99 99
99 99 99
99 99 99
99 99 99
99 99 99
99 99 99
99 99 99
99 99 99
99 99 99
99 99 99
99 99 99
99 99 99
99 99 99
99 99 99
99 99 99
99 99 99
99 99 99
99 99 99
99 99 99
99 99 99
99 99 99
99 99 99
99 99 99
99 99 99
99 99 99
99 99 99
99 99 99
99 99 99
99 99 99
99 99 99
99 99 99
99 99 99
99 99 99
99 99 99
99 99 99
99 99 99
99 99 99
99 99 99
99 99 99
99 99 99
99 99 99
99 99 99
99 99 99
99 99 99
99 99 99
99 99 99
99 99 99
99 99 99
99 99 99
99 99 99
99 99 99
99 99 99
97 99 99
95 98 99
91 94 99
3 5 15
238 244 251
208 215 224
183 193 200
191 202 210
178 190 196
160 171 179
239 251 1
35 44 53
21 29 36
248 253 6
62 65 73
66 68 78
44 49 58
23 36 44
24 39 48
1 14 22
30 43 51
29 40 48
254 7 16
224 231 240
217 224 233
2 8 15
12 20 27
16 26 33
30 42 48
37 51 57
41 55 61
19 35 42
219 237 244
236 250 6
251 8 22
255 12 26
28 41 55
45 58 72
48 61 75
41 54 68
5 18 32
25 38 52
13 26 40
39 50 64
43 54 68
15 26 40
17 28 42
31 42 56
23 36 50
17 35 46
234 0 11
245 11 23
202 225 240
208 233 249
171 197 214
194 219 239
242 13 33
218 245 10
201 228 248
173 198 218
146 170 188
105 130 146
100 106 121
137 158 173
100 118 129
182 201 206
23 38 41
207 219 225
100 109 118
228 234 245
13 22 36
152 165 181
205 223 240
249 19 35
221 252 11
134 167 182
125 158 173
111 137 153
169 192 208
239 255 15
39 51 63
94 99 99
99 99 99
99 99 99
99 99 99
99 99 99
99 99 99
99 99 99
99 99 99
99 99 99
99 99 99
99 99 99
99 99 99
99 99 99
99 99 99
99 99 99
99 99 99
99 99 99
99 99 99
99 99 99
99 99 99
99 99 99
99 99 99
99 99 99
99 99 99
99 99 99
99 99 99
99 99 99
99 99 99
99 99 99
99 99 99
99 99 99
99 99 99
99 99 99
99 99 99
99 99 99
99 99 99
99 99 99
90 90 90
99 99 99
99 99 99
99 99 99
99 99 99
94 94 94
99 99 99
99 99 99
94 94 94
99 99 99
99 99 99
99 99 99
99 99 99
99 99 99
99 99 99
99 99 99
99 99 99
99 99 99
99 99 99
99 99 99
99 99 99
99 99 99
99 99 99
99 99 99
99 99 99
99 99 99
99 99 99
99 99 99
99 99 99
99 99 99
99 99 99
99 99 99
99 99 99
99 99 99
99 99 99
99 99 99
99 99 99
99 99 99
99 99 99
99 99 99
99 99 99
99 99 99
99 99 99
99 99 99
99 99 99
99 99 99
99 99 99
99 99 99
99 99 99
99 99 99
99 99 99
99 99 99
99 99 99
99 99 99
99 99 99
99 99 99
99 99 99
99 99 99
99 99 99
99 99 99
99 99 99
99 99 99
99 99 99
99 99 99
99 99 99
99 99 99
99 99 99
99 99 99
99 99 99
99 99 99
99 99 99
99 99 99
99 99 99
99 99 99
99 99 99
99 99 99
99 99 99
99 99 99
99 99 99
99 99 99
99 99 99
99 99 99
99 99 99
99 99 99
99 99 99
99 99 99
99 99 99
99 99 99
99 99 99
99 99 99
99 99 99
99 99 99
99 99 99
99 99 99
99 99 99
99 99 99
99 99 99
99 99 99
99 99 99
99 99 99
99 99 99
99 99 99
99 99 99
99 99 99
99 99 99
99 99 99
99 99 99
99 99 99
99 99 99
99 99 99
99 99 99
96 96 96
99 99 99
93 93 93
99 99 99
99 99 99
95 95 95
99 99 99
99 99 99
99 99 99
99 99 99
99 99 99
99 99 99
99 99 99
99 99 99
99 99 99
99 99 99
99 99 99
99 99 99
99 99 99
99 99 99
99 99 99
99 99 99
97 97 97
96 96 96
94 94 94
99 99 99
99 99 99
99 99 99
99 99 99
97 99 99
95 97 99
51 53 63
248 252 7
231 238 247
189 198 208
198 209 217
206 216 226
195 208 216
176 188 198
27 38 46
39 49 59
250 3 12
18 24 35
49 54 63
46 48 59
47 52 61
26 39 47
10 26 33
16 28 38
38 50 60
42 52 62
24 33 43
16 25 35
25 34 44
27 33 44
33 42 52
43 52 62
39 49 59
14 26 36
237 250 2
210 225 234
198 213 222
220 231 245
247 1 18
1 11 28
244 254 15
29 39 56
26 36 53
25 38 54
48 61 77
44 57 73
44 57 73
37 50 66
21 34 50
41 54 70
30 43 59
24 37 53
19 34 50
241 4 17
181 202 217
182 205 220
211 236 252
217 243 4
201 228 248
206 233 253
214 243 8
202 232 251
194 221 241
141 167 184
103 128 144
123 144 159
203 225 237
246 10 21
124 143 150
196 211 213
46 58 58
236 245 249
100 102 109
202 206 217
31 36 51
110 120 137
204 220 237
4 28 46
144 174 191
216 249 9
197 230 246
100 105 120
100 111 127
167 186 201
33 45 57
94 99 99
99 99 99
99 99 99
99 99 99
99 99 99
99 99 99
99 99 99
99 99 99
99 99 99
99 99 99
99 99 99
99 99 99
99 99 99
99 99 99
99 99 99
99 99 99
99 99 99
99 99 99
99 99 99
99 99 99
99 99 99
99 99 99
99 99 99
99 99 99
99 99 99
99 99 99
99 99 99
99 99 99
99 99 99
99 99 99
99 99 99
99 99 99
99 99 99
99 99 99
90 90 90
99 99 99
97 97 97
99 99 99
79 79 79
99 99 99
95 95 95
99 99 99
94 94 94
99 99 99
99 99 99
99 99 99
99 99 99
91 91 91
92 92 92
99 99 99
99 99 99
99 99 99
99 99 99
99 99 99
99 99 99
99 99 99
99 99 99
99 99 99
99 99 99
99 99 99
99 99 99
99 99 99
99 99 99
99 99 99
99 99 99
99 99 99
99 99 99
99 99 99
99 99 99
99 99 99
99 99 99
99 99 99
99 99 99
99 99 99
99 99 99
99 99 99
99 99 99
99 99 99
99 99 99
99 99 99
99 99 99
99 99 99
99 99 99
99 99 99
99 99 99
99 99 99
99 99 99
99 99 99
99 99 99
99 99 99
99 99 99
99 99 99
99 99 99
99 99 99
99 99 99
99 99 99
99 99 99
99 99 99
99 99 99
99 99 99
99 99 99
99 99 99
99 99 99
99 99 99
99 99 99
99 99 99
99 99 99
99 99 99
99 99 99
99 99 99
99 99 99
99 99 99
99 99 99
99 99 99
99 99 99
99 99 99
99 99 99
99 99 99
99 99 99
99 99 99
99 99 99
99 99 99
99 99 99
99 99 99
99 99 99
99 99 99
99 99 99
99 99 99
99 99 99
99 99 99
99 99 99
99 99 99
99 99 99
99 99 99
99 99 99
99 99 99
99 99 99
99 99 99
99 99 99
99 99 99
99 99 99
99 99 99
99 99 99
99 99 99
99 99 99
99 99 99
98 98 98
98 98 98
98 98 98
99 99 99
99 99 99
99 99 99
99 99 99
99 99 99
99 99 99
99 99 99
99 99 99
99 99 99
99 99 99
99 99 99
99 99 99
99 99 99
99 99 99
99 99 99
99 99 99
99 99 99
99 99 99
99 99 99
99 99 99
99 99 99
96 96 96
96 96 96
98 98 98
99 99 99
99 99 99
99 99 99
95 95 95
95 96 99
82 84 94
19 23 34
247 253 8
234 243 253
190 200 210
209 221 231
201 213 223
172 184 194
219 231 241
29 41 51
33 43 53
21 31 41
65 74 84
76 82 93
52 56 67
56 62 73
32 43 51
45 58 66
57 69 79
47 59 69
22 32 42
3 12 25
10 17 32
25 32 47
242 249 8
222 229 244
209 218 232
208 217 231
188 199 213
155 167 179
137 149 161
141 152 166
196 206 223
242 252 13
18 28 45
19 29 46
0 10 27
7 17 34
26 39 55
13 26 42
248 5 21
12 25 41
21 34 50
252 9 25
1 14 30
250 7 23
242 255 15
217 232 248
216 235 250
204 227 243
165 188 204
180 206 223
194 219 239
201 228 248
180 209 230
174 203 224
132 162 181
100 116 133
100 123 139
111 134 149
154 173 186
241 3 14
0 17 26
162 178 184
144 157 159
34 44 44
207 211 216
100 100 106
138 139 153
13 16 31
100 100 115
197 212 231
234 2 22
100 110 129
203 235 254
173 206 222
167 196 211
101 126 142
104 123 138
0 12 24
94 99 99
99 99 99
99 99 99
99 99 99
99 99 99
99 99 99
99 99 99
99 99 99
99 99 99
99 99 99
99 99 99
99 99 99
99 99 99
99 99 99
99 99 99
99 99 99
99 99 99
99 99 99
99 99 99
99 99 99
99 99 99
99 99 99
99 99 99
99 99 99
99 99 99
99 99 99
99 99 99
99 99 99
99 99 99
99 99 99
99 99 99
99 99 99
99 99 99
99 99 99
99 99 99
97 97 97
99 99 99
92 92 92
99 99 99
99 99 99
99 99 99
95 95 95
99 99 99
99 99 99
96 96 96
97 97 97
97 97 97
99 99 99
99 99 99
99 99 99
99 99 99
99 99 99
99 99 99
99 99 99
99 99 99
99 99 99
99 99 99
99 99 99
99 99 99
99 99 99
99 99 99
99 99 99
99 99 99
99 99 99
99 99 99
99 99 99
99 99 99
99 99 99
99 99 99
99 99 99
99 99 99
99 99 99
99 99 99
99 99 99
99 99 99
99 99 99
99 99 99
99 99 99
99 99 99
99 99 99
99 99 99
99 99 99
99 99 99
99 99 99
99 99 99
99 99 99
99 99 99
99 99 99
99 99 99
99 99 99
99 99 99
99 99 99
99 99 99
99 99 99
99 99 99
99 99 99
99 99 99
99 99 99
99 99 99
99 99 99
99 99 99
99 99 99
99 99 99
99 99 99
99 99 99
99 99 99
99 99 99
99 99 99
99 99 99
99 99 99
99 99 99
99 99 99
99 99 99
99 99 99
99 99 99
99 99 99
99 99 99
99 99 99
99 99 99
99 99 99
99 99 99
99 99 99
99 99 99
99 99 99
99 99 99
99 99 99
99 99 99
99 99 99
99 99 99
99 99 99
99 99 99
99 99 99
99 99 99
99 99 99
99 99 99
99 99 99
99 99 99
99 99 99
99 99 99
99 99 99
99 99 99
99 99 99
99 99 99
99 99 99
99 99 99
99 99 99
95 95 95
94 94 94
94 94 94
96 96 96
96 96 96
95 95 95
95 95 95
97 97 97
99 99 99
99 99 99
99 99 99
99 99 99
99 99 99
99 99 99
99 99 99
99 99 99
99 99 99
99 99 99
99 99 99
99 99 99
99 99 99
99 99 99
99 99 99
99 99 99
96 96 96
98 98 98
99 99 99
99 99 99
99 99 99
98 98 98
96 96 96
91 92 96
73 75 85
253 3 16
242 248 5
227 235 248
183 192 205
211 223 235
210 222 234
182 196 208
19 33 45
27 41 53
46 58 70
58 67 80
51 59 72
36 42 55
32 38 51
37 43 54
32 43 51
30 42 48
13 24 32
248 2 12
240 249 6
231 240 254
197 205 222
158 165 184
138 145 165
114 121 141
100 107 127
106 113 133
107 114 134
100 104 123
100 101 120
101 108 127
100 101 120
141 148 167
201 208 227
6 13 32
15 25 43
10 20 38
24 34 52
12 22 40
28 40 58
4 16 34
250 8 26
232 246 8
223 237 255
207 221 239
230 244 6
245 5 22
246 8 25
216 238 0
204 226 244
182 207 227
183 208 228
151 178 199
154 183 204
102 131 152
100 119 139
158 184 201
187 210 226
130 151 166
107 125 136
254 13 22
13 26 34
102 114 120
100 106 109
27 34 37
138 141 149
101 102 112
100 100 113
174 176 194
100 100 118
154 166 190
178 199 221
100 105 126
203 232 253
129 159 178
229 255 16
148 171 187
100 100 113
24 36 46
94 99 99
99 99 99
99 99 99
99 99 99
99 99 99
99 99 99
99 99 99
99 99 99
99 99 99
99 99 99
99 99 99
99 99 99
99 99 99
99 99 99
99 99 99
99 99 99
99 99 99
99 99 99
99 99 99
99 99 99
99 99 99
99 99 99
99 99 99
99 99 99
99 99 99
99 99 99
99 99 99
99 99 99
99 99 99
99 99 99
99 99 99
99 99 99
99 99 99
99 99 99
91 91 91
99 99 99
88 88 88
86 86 86
99 99 99
98 98 98
84 84 84
99 99 99
99 99 99
99 99 99
99 99 99
95 95 95
90 90 90
98 98 98
99 99 99
94 94 94
99 99 99
99 99 99
99 99 99
99 99 99
99 99 99
99 99 99
99 99 99
99 99 99
99 99 99
99 99 99
99 99 99
99 99 99
99 99 99
99 99 99
99 99 99
99 99 99
99 99 99
99 99 99
99 99 99
99 99 99
99 99 99
99 99 99
99 99 99
99 99 99
99 99 99
99 99 99
99 99 99
99 99 99
99 99 99
99 99 99
99 99 99
99 99 99
99 99 99
99 99 99
99 99 99
99 99 99
99 99 99
99 99 99
99 99 99
99 99 99
99 99 99
99 99 99
99 99 99
99 99 99
99 99 99
99 99 99
99 99 99
99 99 99
99 99 99
99 99 99
99 99 99
99 99 99
99 99 99
99 99 99
99 99 99
99 99 99
99 99 99
99 99 99
99 99 99
99 99 99
99 99 99
99 99 99
99 99 99
99 99 99
99 99 99
99 99 99
99 99 99
99 99 99
99 99 99
99 99 99
99 99 99
99 99 99
99 99 99
99 99 99
99 99 99
99 99 99
99 99 99
99 99 99
99 99 99
99 99 99
99 99 99
99 99 99
99 99 99
99 99 99
99 99 99
99 99 99
99 99 99
99 99 99
99 99 99
99 99 99
99 99 99
99 99 99
99 99 99
99 99 99
99 99 99
99 99 99
99 99 99
99 99 99
99 99 99
99 99 99
98 98 98
99 99 99
99 99 99
93 93 93
99 99 99
99 99 99
99 99 99
99 99 99
99 99 99
99 99 99
99 99 99
99 99 99
99 99 99
99 99 99
99 99 99
99 99 99
99 99 99
99 99 99
99 99 99
99 99 99
99 99 99
99 99 99
99 99 99
99 99 99
96 96 96
99 99 99
99 99 99
93 94 98
20 25 34
239 247 4
240 248 5
250 3 16
220 232 244
212 226 238
223 237 249
214 228 240
22 36 48
31 45 57
38 50 62
21 33 45
0 9 22
3 11 24
17 23 36
12 21 31
36 46 53
32 44 50
8 17 26
224 234 244
198 207 221
179 187 204
143 150 170
103 109 132
100 105 130
100 105 130
100 101 126
100 100 120
100 100 125
100 105 130
100 104 129
100 100 121
100 100 115
112 119 138
108 115 134
199 206 225
226 236 254
18 28 46
228 238 0
248 2 20
197 209 227
215 227 245
232 246 8
204 218 236
197 211 229
206 220 238
212 228 245
175 191 208
124 141 160
148 167 188
123 144 165
141 164 186
134 158 180
119 146 167
100 100 118
100 114 135
100 125 145
235 5 22
246 13 29
171 188 201
100 100 110
206 217 225
5 15 22
100 100 104
100 100 103
212 218 223
100 100 107
105 105 119
106 104 123
100 100 119
107 111 136
118 129 156
106 125 152
105 129 153
175 203 227
115 145 164
228 252 14
191 212 227
109 126 139
66 76 86
95 98 99
99 99 99
99 99 99
99 99 99
99 99 99
99 99 99
99 99 99
99 99 99
99 99 99
99 99 99
99 99 99
99 99 99
99 99 99
99 99 99
99 99 99
99 99 99
99 99 99
99 99 99
99 99 99
99 99 99
99 99 99
99 99 99
99 99 99
99 99 99
99 99 99
99 99 99
99 99 99
99 99 99
99 99 99
99 99 99
99 99 99
99 99 99
99 99 99
99 99 99
99 99 99
89 89 89
6 6 6
205 205 205
26 26 26
76 76 76
94 94 94
99 99 99
87 87 87
94 94 94
99 99 99
99 99 99
92 92 92
89 89 89
94 94 94
99 99 99
99 99 99
99 99 99
99 99 99
99 99 99
99 99 99
99 99 99
99 99 99
99 99 99
99 99 99
99 99 99
99 99 99
99 99 99
99 99 99
99 99 99
99 99 99
99 99 99
99 99 99
99 99 99
99 99 99
99 99 99
99 99 99
99 99 99
99 99 99
99 99 99
99 99 99
99 99 99
99 99 99
99 99 99
99 99 99
99 99 99
99 99 99
99 99 99
99 99 99
99 99 99
99 99 99
99 99 99
99 99 99
99 99 99
99 99 99
99 99 99
99 99 99
99 99 99
99 99 99
99 99 99
99 99 99
99 99 99
99 99 99
99 99 99
99 99 99
99 99 99
99 99 99
99 99 99
99 99 99
99 99 99
99 99 99
99 99 99
99 99 99
99 99 99
99 99 99
99 99 99
99 99 99
99 99 99
99 99 99
99 99 99
99 99 99
99 99 99
99 99 99
99 99 99
99 99 99
99 99 99
99 99 99
99 99 99
99 99 99
99 99 99
99 99 99
99 99 99
99 99 99
99 99 99
99 99 99
99 99 99
99 99 99
99 99 99
99 99 99
99 99 99
99 99 99
99 99 99
99 99 99
99 99 99
99 99 99
99 99 99
99 99 99
99 99 99
99 99 99
99 99 99
99 99 99
99 99 99
98 98 98
99 99 99
92 92 92
99 99 99
93 93 93
99 99 99
96 96 96
99 99 99
99 99 99
99 99 99
99 99 99
99 99 99
99 99 99
99 99 99
99 99 99
99 99 99
99 99 99
99 99 99
99 99 99
99 99 99
99 99 99
99 99 99
99 99 99
99 99 99
99 99 99
99 99 99
99 99 99
98 98 98
93 93 93
99 99 99
99 99 99
86 87 91
231 235 246
243 250 9
223 230 245
250 3 17
246 1 15
206 219 233
253 10 24
23 39 52
40 56 69
12 28 41
200 213 227
149 160 174
167 176 190
212 221 235
241 248 7
254 7 17
254 8 15
243 254 2
214 222 229
168 177 187
130 137 152
109 115 134
100 104 128
100 100 125
102 104 134
114 116 147
117 119 150
107 109 140
103 104 138
109 111 142
112 111 143
104 107 135
128 133 154
108 114 133
122 129 148
100 103 122
175 182 201
222 229 248
245 255 17
237 247 9
215 227 245
187 199 217
193 207 225
195 209 227
188 204 221
159 175 192
157 173 190
147 162 181
171 188 209
124 142 165
149 170 192
106 128 153
100 121 145
113 139 163
144 173 194
118 147 168
100 122 142
208 233 249
252 17 32
157 173 185
100 100 110
155 162 171
233 237 242
100 100 105
100 101 106
104 110 117
100 100 108
101 100 116
119 114 135
113 110 135
115 118 146
116 124 153
100 108 137
117 138 166
159 185 209
158 185 206
204 226 244
205 224 239
207 223 236
88 97 99
95 98 99
99 99 99
99 99 99
99 99 99
99 99 99
99 99 99
99 99 99
99 99 99
99 99 99
99 99 99
99 99 99
99 99 99
99 99 99
99 99 99
99 99 99
99 99 99
99 99 99
99 99 99
99 99 99
99 99 99
99 99 99
99 99 99
99 99 99
99 99 99
99 99 99
99 99 99
99 99 99
99 99 99
99 99 99
99 99 99
99 99 99
99 99 99
99 99 99
99 99 99
89 89 89
99 99 99
46 46 46
144 144 144
163 163 163
189 189 189
42 42 42
99 99 99
99 99 99
99 99 99
87 87 87
93 93 93
99 99 99
99 99 99
98 98 98
99 99 99
99 99 99
99 99 99
99 99 99
99 99 99
99 99 99
99 99 99
99 99 99
99 99 99
99 99 99
99 99 99
99 99 99
99 99 99
99 99 99
99 99 99
99 99 99
99 99 99
99 99 99
99 99 99
99 99 99
99 99 99
99 99 99
99 99 99
99 99 99
99 99 99
99 99 99
99 99 99
99 99 99
99 99 99
99 99 99
99 99 99
99 99 99
99 99 99
99 99 99
99 99 99
99 99 99
99 99 99
99 99 99
99 99 99
99 99 99
99 99 99
99 99 99
99 99 99
99 99 99
99 99 99
99 99 99
99 99 99
99 99 99
99 99 99
99 99 99
99 99 99
99 99 99
99 99 99
99 99 99
99 99 99
99 99 99
99 99 99
99 99 99
99 99 99
99 99 99
99 99 99
99 99 99
99 99 99
99 99 99
99 99 99
99 99 99
99 99 99
99 99 99
99 99 99
99 99 99
99 99 99
99 99 99
99 99 99
99 99 99
99 99 99
99 99 99
99 99 99
99 99 99
99 99 99
99 99 99
99 99 99
99 99 99
99 99 99
99 99 99
99 99 99
99 99 99
99 99 99
99 99 99
99 99 99
99 99 99
99 99 99
99 99 99
99 99 99
99 99 99
99 99 99
99 99 99
99 99 99
91 91 91
92 92 92
92 92 92
99 99 99
97 97 97
96 96 96
96 96 96
99 99 99
99 99 99
99 99 99
99 99 99
99 99 99
99 99 99
99 99 99
99 99 99
99 99 99
99 99 99
99 99 99
99 99 99
99 99 99
99 99 99
99 99 99
99 99 99
99 99 99
99 99 99
97 97 97
99 99 99
97 97 97
93 93 93
99 99 99
96 96 96
52 55 59
218 222 233
248 255 14
201 210 224
222 233 247
240 253 11
196 209 223
6 22 35
43 59 72
5 21 34
148 164 177
100 103 117
100 102 116
100 100 111
110 119 133
164 171 186
188 197 207
203 212 216
173 182 186
140 148 155
122 128 139
114 118 136
105 110 131
100 102 130
100 100 129
100 100 133
101 101 137
104 103 142
104 103 142
104 101 140
106 103 142
118 116 152
130 129 161
113 117 141
100 101 120
100 103 122
168 175 194
100 100 114
192 199 218
212 222 240
231 241 3
235 247 9
223 235 253
196 210 228
144 158 176
139 155 172
154 170 187
166 182 199
141 156 175
105 122 143
109 125 148
100 106 132
100 100 120
100 100 120
181 207 231
204 231 252
177 204 225
100 118 138
167 190 206
17 36 51
116 130 142
100 100 108
118 121 129
166 166 172
100 100 103
104 107 115
100 100 108
100 100 111
115 113 133
119 113 138
130 126 155
128 130 161
101 108 141
108 121 153
125 146 174
172 195 221
152 176 198
138 160 178
189 205 221
62 75 89
88 97 99
95 98 99
99 99 99
99 99 99
99 99 99
99 99 99
99 99 99
99 99 99
99 99 99
99 99 99
99 99 99
99 99 99
99 99 99
99 99 99
99 99 99
99 99 99
99 99 99
99 99 99
99 99 99
99 99 99
99 99 99
99 99 99
99 99 99
99 99 99
99 99 99
99 99 99
99 99 99
99 99 99
99 99 99
99 99 99
99 99 99
99 99 99
99 99 99
99 99 99
99 99 99
96 96 96
99 99 99
86 86 86
15 15 15
159 159 159
156 156 156
179 179 179
234 234 234
86 86 86
99 99 99
99 99 99
88 88 88
99 99 99
99 99 99
92 92 92
97 97 97
99 99 99
99 99 99
99 99 99
99 99 99
99 99 99
99 99 99
99 99 99
99 99 99
99 99 99
99 99 99
99 99 99
99 99 99
99 99 99
99 99 99
99 99 99
99 99 99
99 99 99
99 99 99
99 99 99
99 99 99
99 99 99
99 99 99
99 99 99
99 99 99
99 99 99
99 99 99
99 99 99
99 99 99
99 99 99
99 99 99
99 99 99
99 99 99
99 99 99
99 99 99
99 99 99
99 99 99
99 99 99
99 99 99
99 99 99
99 99 99
99 99 99
99 99 99
99 99 99
99 99 99
99 99 99
99 99 99
99 99 99
99 99 99
99 99 99
99 99 99
99 99 99
99 99 99
99 99 99
99 99 99
99 99 99
99 99 99
99 99 99
99 99 99
99 99 99
99 99 99
99 99 99
99 99 99
99 99 99
99 99 99
99 99 99
99 99 99
99 99 99
99 99 99
99 99 99
99 99 99
99 99 99
99 99 99
99 99 99
99 99 99
99 99 99
99 99 99
99 99 99
99 99 99
99 99 99
99 99 99
99 99 99
99 99 99
99 99 99
99 99 99
99 99 99
99 99 99
99 99 99
99 99 99
99 99 99
99 99 99
99 99 99
99 99 99
99 99 99
99 99 99
99 99 99
99 99 99
99 99 99
99 99 99
99 99 99
86 86 86
99 99 99
99 99 99
99 99 99
87 87 87
99 99 99
99 99 99
99 99 99
99 99 99
99 99 99
99 99 99
99 99 99
99 99 99
99 99 99
99 99 99
99 99 99
99 99 99
99 99 99
99 99 99
99 99 99
99 99 99
99 99 99
92 92 92
98 98 98
99 99 99
96 96 96
99 99 99
69 69 69
2 5 9
209 213 224
239 246 5
209 218 232
225 236 250
247 4 18
197 210 224
217 233 246
195 212 225
131 148 161
100 104 117
100 100 112
108 121 135
103 114 128
100 101 115
103 110 125
115 121 132
127 133 138
119 126 129
113 119 126
109 115 126
103 107 125
100 102 126
108 110 140
123 124 158
124 123 162
122 121 161
119 115 157
114 110 152
115 108 151
121 114 157
129 122 165
134 130 166
107 108 134
100 100 114
100 105 124
223 229 248
100 100 115
112 119 138
150 160 178
170 180 198
144 156 174
137 149 167
137 151 169
128 144 161
136 152 169
115 131 148
109 127 144
108 125 144
107 121 144
100 100 123
125 142 168
152 172 197
142 164 189
195 221 245
6 32 56
141 168 189
100 117 137
108 131 147
201 218 231
104 116 126
100 101 110
100 100 104
101 100 104
116 115 119
105 107 117
115 118 132
100 100 116
125 122 144
115 110 137
124 119 150
126 127 161
100 105 140
112 124 158
126 146 177
160 183 209
108 131 153
155 175 192
228 244 1
85 97 99
87 94 99
95 98 99
99 99 99
99 99 99
99 99 99
99 99 99
99 99 99
99 99 99
99 99 99
99 99 99
99 99 99
99 99 99
99 99 99
99 99 99
99 99 99
99 99 99
99 99 99
99 99 99
99 99 99
99 99 99
99 99 99
99 99 99
99 99 99
99 99 99
99 99 99
99 99 99
99 99 99
99 99 99
99 99 99
99 99 99
99 99 99
99 99 99
99 99 99
99 99 99
99 99 99
97 98 96
88 89 87
99 99 98
99 99 99
238 238 238
165 164 166
159 158 160
179 178 180
219 218 220
76 75 77
99 98 99
89 88 90
98 98 98
99 99 99
97 97 97
99 99 99
97 99 99
97 99 99
97 99 99
99 99 99
99 99 99
99 99 99
99 99 99
99 99 99
99 99 99
99 99 99
99 99 99
99 99 99
99 99 99
99 99 99
99 99 99
99 99 99
99 99 99
99 99 99
99 99 99
99 99 99
99 99 99
99 99 99
99 99 99
99 99 99
99 99 99
99 99 99
99 99 99
99 99 99
99 99 99
99 99 99
99 99 99
99 99 99
99 99 99
99 99 99
99 99 99
99 99 99
99 99 99
99 99 99
99 99 99
99 99 99
99 99 99
99 99 99
99 99 99
99 99 99
99 99 99
99 99 99
99 99 99
99 99 99
99 99 99
99 99 99
99 99 99
99 99 99
99 99 99
99 99 99
99 99 99
99 99 99
99 99 99
99 99 99
99 99 99
99 99 99
99 99 99
99 99 98
99 99 99
99 99 98
99 99 99
99 99 98
99 99 99
99 99 98
99 99 99
99 99 98
99 99 99
99 99 98
99 99 99
99 99 98
99 99 99
99 99 98
99 99 99
99 99 98
99 99 99
99 99 98
99 99 98
99 99 98
99 99 98
99 99 98
99 99 98
99 99 98
99 99 99
99 99 99
99 99 99
99 99 99
99 99 99
99 99 99
99 99 99
99 98 99
99 98 99
99 99 99
96 94 94
93 91 90
92 90 90
27 25 24
79 77 77
87 88 86
86 86 86
9 10 8
99 99 99
99 99 98
97 99 99
97 99 98
97 99 99
97 99 98
97 99 99
97 99 99
99 99 99
99 99 99
99 99 99
99 99 99
99 99 99
99 99 99
99 99 99
99 99 99
99 98 99
89 88 90
98 97 99
97 99 99
99 98 99
92 94 95
47 46 48
218 221 226
227 236 246
236 247 5
216 229 245
214 229 245
229 243 5
189 205 222
171 187 203
100 115 130
100 105 118
212 229 242
157 171 183
100 100 111
141 152 166
157 165 182
100 100 117
105 109 127
106 110 121
105 109 120
103 106 121
100 104 123
100 102 130
109 111 142
129 130 168
146 148 189
124 124 170
133 131 177
125 122 171
109 106 152
113 110 156
134 129 174
134 127 172
116 112 148
100 100 115
100 100 114
100 100 110
192 198 211
110 117 132
100 100 111
158 166 183
163 173 190
116 128 146
125 139 157
116 131 150
100 100 116
100 103 122
100 100 118
100 104 125
100 108 129
167 183 206
131 147 170
135 153 176
217 238 4
170 193 215
169 192 214
242 9 31
145 168 190
100 100 118
100 100 120
100 104 122
100 100 113
100 100 110
116 115 125
102 100 104
114 113 122
100 105 120
100 104 125
116 120 144
107 108 136
103 105 136
129 131 165
100 100 136
127 136 173
131 148 181
136 157 185
142 164 189
128 150 168
44 61 74
83 98 99
85 95 99
86 93 96
97 99 99
99 99 99
99 99 99
99 99 99
99 99 99
99 99 99
99 99 99
99 99 99
99 99 99
99 99 99
99 99 99
99 99 99
99 99 99
99 99 99
99 99 99
99 99 99
99 99 99
99 99 99
99 99 99
99 99 99
99 99 99
99 99 99
99 99 99
99 99 99
99 99 99
99 99 99
99 99 99
99 99 99
99 99 99
99 99 99
99 99 99
99 99 99
99 99 99
99 99 98
99 99 96
99 99 95
88 89 85
99 99 98
99 98 99
241 240 244
148 146 152
181 178 187
178 175 184
199 196 205
70 68 74
97 96 99
96 95 97
98 98 98
95 95 95
97 99 98
95 99 99
95 99 99
95 99 99
97 99 99
97 99 99
99 99 99
99 99 99
99 99 99
99 98 98
99 98 98
99 98 98
99 98 98
98 98 98
98 98 98
98 98 98
98 98 98
99 99 99
99 99 99
99 99 99
99 99 99
99 99 99
99 99 99
99 99 99
99 99 99
99 99 99
99 99 99
99 99 99
99 99 99
99 99 99
99 99 99
99 99 99
99 99 99
99 99 99
99 99 99
99 99 99
99 99 99
99 99 99
99 99 99
99 99 99
99 99 99
99 99 99
99 99 99
99 99 99
99 99 99
99 99 99
99 99 99
99 99 99
99 99 99
99 98 99
99 98 99
99 98 99
99 98 99
99 99 99
99 99 99
99 99 99
99 99 99
99 99 98
99 99 98
97 99 98
97 99 98
97 99 98
97 99 96
97 99 98
97 99 96
99 99 98
99 99 96
99 99 98
98 99 95
98 99 97
97 98 94
97 98 96
99 99 96
95 96 94
99 99 96
95 96 94
99 99 96
99 99 98
97 98 94
99 99 98
98 99 95
99 99 95
99 99 94
92 89 84
99 99 95
97 94 90
99 99 96
98 94 93
97 93 92
99 98 99
97 92 93
84 77 80
99 97 99
61 54 57
31 24 29
99 97 99
99 97 99
97 89 89
99 99 96
76 71 70
228 223 220
247 243 242
79 78 74
243 241 240
217 218 214
79 80 78
93 97 92
25 30 28
78 84 79
94 99 98
84 91 86
92 99 98
94 99 98
96 96 96
96 93 95
96 95 97
99 98 99
97 96 98
99 98 99
97 99 99
90 92 93
97 98 99
97 98 99
92 93 97
94 97 99
97 98 99
48 51 55
237 237 243
200 206 213
221 235 247
216 235 250
230 247 10
197 216 237
219 237 4
198 216 239
100 116 137
115 135 152
252 15 28
15 33 44
3 18 27
180 192 204
135 142 159
179 182 203
135 134 160
111 109 138
112 110 139
104 102 132
100 100 127
100 100 133
114 113 157
138 140 188
162 165 216
177 180 235
151 154 209
128 131 186
114 116 170
106 107 158
137 137 185
148 146 192
150 147 192
133 132 164
104 102 114
100 100 101
100 100 101
126 129 133
100 104 109
100 100 107
164 173 183
170 179 192
169 182 198
214 230 247
112 129 150
199 220 242
107 129 154
126 149 175
175 199 227
100 116 142
194 215 237
171 190 211
100 100 115
221 244 4
190 210 227
120 140 157
10 27 48
100 100 118
100 100 123
100 100 121
100 102 132
110 108 137
100 100 122
110 106 125
114 109 124
100 100 114
100 105 132
100 109 141
116 126 160
107 119 155
104 116 156
122 139 178
102 121 159
118 140 176
107 130 162
142 165 191
130 154 172
190 210 221
83 99 99
88 99 99
92 99 96
95 99 96
97 99 98
99 99 99
99 99 99
99 99 99
99 99 99
99 99 99
99 99 99
99 99 99
99 99 99
99 99 99
99 99 99
99 99 99
99 99 99
99 99 99
99 99 99
99 99 99
99 99 99
99 99 99
99 99 99
99 99 99
99 99 99
99 99 99
99 99 99
99 99 99
99 99 99
99 99 99
99 99 99
99 99 99
99 99 99
99 99 99
99 99 99
99 99 99
99 99 99
99 99 98
98 99 94
94 96 90
99 99 96
98 99 97
95 94 96
84 82 88
7 4 13
152 148 159
183 179 190
177 173 184
202 199 208
63 61 67
85 84 88
99 98 99
94 94 94
95 98 96
92 97 96
91 97 96
92 97 96
92 97 96
94 96 96
96 96 96
96 96 96
98 96 96
99 98 98
99 98 98
99 98 98
99 98 98
98 98 98
98 98 98
98 98 98
98 98 98
99 99 99
99 99 99
99 99 99
99 99 99
99 99 99
99 99 99
99 99 99
99 99 99
99 99 99
99 99 99
99 99 99
99 99 99
99 99 99
99 99 99
99 99 99
99 99 99
99 99 99
99 99 99
99 99 99
99 99 99
99 99 99
99 99 99
99 99 99
99 99 99
99 99 99
99 99 99
99 99 99
99 99 99
99 99 99
99 99 99
99 99 99
99 99 99
99 98 99
99 98 99
99 98 99
99 98 99
99 99 99
99 99 99
99 99 99
99 99 99
93 94 92
95 96 94
96 99 97
97 99 98
97 99 96
97 99 96
97 99 96
96 99 95
91 92 88
96 97 93
93 94 92
92 93 89
99 99 98
99 99 96
98 99 97
99 99 96
96 97 95
96 97 93
98 99 97
99 99 96
99 99 98
99 99 96
99 99 98
99 99 96
99 99 95
96 94 86
95 93 85
93 91 83
99 99 95
94 91 86
33 28 25
60 55 54
98 92 93
26 18 19
254 246 247
60 49 52
26 15 18
221 209 215
29 17 23
86 75 78
99 91 91
73 61 59
51 39 37
53 44 41
59 52 49
42 37 34
234 229 226
8 5 1
45 44 40
36 37 33
215 219 214
39 45 40
83 89 84
94 99 96
94 99 96
90 95 93
99 99 99
99 97 97
99 99 99
81 79 79
99 99 99
96 95 97
95 94 96
87 88 92
97 98 99
89 90 94
83 86 91
95 98 99
88 91 96
26 28 36
224 226 234
203 210 219
219 236 249
222 242 3
194 215 236
205 225 250
203 222 249
220 240 9
107 128 150
131 153 171
239 2 15
20 38 49
18 33 42
249 3 13
198 205 222
185 188 209
172 168 197
177 172 204
136 132 167
121 119 155
110 109 149
120 119 163
143 144 194
164 165 221
170 174 233
168 173 234
143 148 209
116 122 181
105 109 167
108 112 165
146 150 199
152 154 202
139 140 184
111 111 141
107 105 111
105 102 100
103 102 100
110 111 109
102 106 107
100 103 106
123 131 138
154 163 172
174 186 198
2 17 33
100 116 135
220 241 7
138 160 185
151 174 200
221 245 17
122 145 171
193 214 236
157 177 195
100 102 119
198 219 234
175 194 209
100 115 132
186 199 221
100 100 129
100 100 124
100 100 126
108 106 142
100 100 131
134 130 159
110 107 129
102 100 115
118 118 136
120 128 158
113 125 161
108 124 161
116 133 172
102 120 161
101 123 164
123 149 186
104 130 166
120 146 176
152 176 200
243 7 24
15 34 42
87 99 99
90 99 96
94 99 93
97 99 93
99 99 98
99 99 99
99 99 99
99 99 99
99 99 99
99 99 99
99 99 99
99 99 99
99 99 99
99 99 99
99 99 99
99 99 99
99 99 99
99 99 99
99 99 99
99 99 99
99 99 99
99 99 99
99 99 99
99 99 99
99 99 99
99 99 99
99 99 99
99 99 99
99 99 99
99 99 99
99 99 99
99 99 99
99 99 99
99 99 99
99 99 99
99 99 99
99 99 99
99 99 98
99 99 95
87 89 83
99 99 96
99 99 99
87 86 88
99 97 99
91 88 97
238 235 244
169 165 176
171 167 178
180 177 186
214 212 218
70 69 73
86 85 87
99 99 99
91 93 93
90 95 94
90 95 94
92 94 94
92 94 94
94 94 94
94 94 94
94 94 94
94 94 94
99 98 98
99 98 98
99 98 98
99 98 98
98 98 98
98 98 98
98 98 98
98 98 98
99 99 99
99 99 99
99 99 99
99 99 99
99 99 99
99 99 99
99 99 99
99 99 99
99 99 99
99 99 99
99 99 99
99 99 99
99 99 99
99 99 99
99 99 99
99 99 99
99 99 99
99 99 99
99 99 99
99 99 99
99 99 99
99 99 99
99 99 99
99 99 99
99 99 99
99 99 99
99 99 99
99 99 99
99 99 99
99 99 99
99 99 99
99 99 99
99 98 99
99 98 99
99 98 99
99 98 99
99 99 99
99 99 99
99 99 99
99 99 99
92 92 92
95 95 95
97 99 98
97 99 98
97 99 98
97 99 98
92 97 95
92 95 93
98 99 97
99 99 98
99 99 99
96 97 95
99 99 99
98 99 97
91 91 91
98 99 97
99 99 99
99 99 98
99 99 99
99 99 98
99 99 99
99 99 98
96 96 96
99 99 98
99 99 95
96 96 90
99 97 92
40 37 32
90 86 81
97 93 88
18 11 8
235 228 225
32 24 24
16 6 6
4 250 250
16 3 5
14 1 3
21 7 11
51 37 41
56 42 44
49 33 34
66 50 51
49 33 34
58 44 45
64 50 51
62 50 50
54 44 44
54 46 46
24 16 16
245 240 239
240 236 235
7 5 4
65 63 62
4 5 3
74 75 73
88 89 87
12 8 7
59 55 54
99 99 98
99 95 94
60 56 55
95 93 93
98 97 99
99 98 99
75 76 80
75 76 80
95 98 99
95 97 99
67 70 78
6 8 18
225 227 237
210 219 229
212 229 242
211 234 250
190 211 232
195 215 240
204 225 252
199 220 247
120 140 165
137 159 177
220 239 252
253 15 26
243 4 13
25 37 49
22 29 46
238 241 6
224 220 249
211 208 240
198 197 229
183 184 218
172 173 211
175 176 220
186 190 238
191 195 248
179 183 241
164 170 229
148 153 214
114 120 179
100 105 162
109 114 169
155 159 210
156 160 209
131 134 179
100 100 126
107 107 113
106 103 100
109 108 104
100 101 100
104 106 106
104 108 109
100 100 104
130 138 145
129 139 149
239 252 10
100 100 116
239 0 19
115 134 155
122 143 165
241 6 28
107 128 150
149 166 185
115 133 150
100 102 119
138 156 173
133 148 167
100 100 118
100 111 139
101 108 141
105 108 146
115 115 155
100 100 127
105 104 138
122 119 145
100 100 116
134 132 144
130 130 146
101 108 133
113 124 156
133 145 179
101 117 153
140 158 195
113 132 169
130 152 187
149 172 204
209 231 3
164 187 209
62 81 96
70 86 93
81 94 96
92 99 96
95 99 93
97 99 93
99 99 98
99 99 99
99 99 99
99 99 99
99 99 99
99 99 99
99 99 99
99 99 99
99 99 99
99 99 99
99 99 99
99 99 99
99 99 99
99 99 99
99 99 99
99 99 99
99 99 99
99 99 99
99 99 99
99 99 99
99 99 99
99 99 99
99 99 99
99 99 99
99 99 99
99 99 99
99 99 99
99 99 99
99 99 99
99 99 99
99 99 99
99 99 99
99 99 99
99 99 98
99 99 95
97 99 93
99 99 96
99 99 99
96 95 97
93 92 96
98 96 99
99 96 99
202 198 209
191 188 197
181 178 187
213 211 217
222 221 225
89 88 90
91 90 92
99 99 99
93 95 95
93 95 95
93 95 95
93 95 95
95 95 95
95 95 95
95 95 95
95 95 95
99 98 98
99 98 98
99 98 98
99 98 98
98 98 98
98 98 98
98 98 98
98 98 98
99 99 99
99 99 99
99 99 99
99 99 99
99 99 99
99 99 99
99 99 99
99 99 99
99 99 99
99 99 99
99 99 99
99 99 99
99 99 99
99 99 99
99 99 99
99 99 99
99 99 99
99 99 99
99 99 99
99 99 99
99 99 99
99 99 99
99 99 99
99 99 99
99 99 99
99 99 99
99 99 99
99 99 99
99 99 99
99 99 99
99 99 99
99 99 99
99 98 99
99 98 99
99 98 99
99 98 99
99 99 99
99 99 99
99 99 99
99 99 99
99 99 99
99 99 99
97 99 98
97 99 98
97 99 98
96 99 97
92 97 95
91 96 95
96 96 96
99 98 99
99 98 99
97 96 98
99 98 99
99 98 99
99 98 99
99 98 99
99 98 99
81 80 82
91 90 92
66 65 67
56 55 57
61 60 62
36 35 37
47 47 47
55 54 50
23 23 17
65 62 57
51 48 43
64 60 55
67 63 58
69 62 59
61 52 49
49 40 37
51 39 37
53 41 39
48 35 33
55 39 40
64 48 49
56 40 41
51 33 34
50 29 31
61 39 41
48 27 29
62 41 43
60 42 43
59 41 42
77 61 62
76 62 63
51 39 39
46 34 34
35 25 25
35 27 27
9 1 1
223 218 217
18 13 12
39 34 31
216 209 206
21 15 10
99 99 95
93 88 85
235 230 227
58 54 53
99 97 97
93 92 94
4 5 9
51 51 57
95 97 99
92 94 99
24 26 36
238 242 253
226 230 241
201 210 223
196 215 228
203 226 242
192 213 234
188 210 235
193 214 242
167 188 216
119 139 164
141 162 183
205 226 241
216 236 247
195 212 221
235 247 3
20 27 44
11 14 35
254 252 25
233 231 5
228 230 4
223 226 1
218 222 1
215 219 4
211 217 6
204 211 5
194 201 0
185 193 252
157 165 224
120 128 187
106 112 171
115 122 179
158 164 217
154 158 209
128 132 181
100 100 132
107 106 115
104 101 100
108 107 103
102 101 100
106 107 105
106 108 108
100 100 103
108 114 119
100 105 112
163 174 182
100 100 110
243 0 14
100 108 124
121 137 153
253 13 30
100 101 117
100 106 122
100 100 113
100 100 114
100 100 118
100 106 133
100 101 131
100 100 127
111 117 158
103 106 150
122 124 165
131 131 171
42 43 77
50 50 74
37 37 53
21 22 32
112 114 125
157 164 184
183 194 221
133 144 172
151 165 194
128 143 175
145 163 194
123 143 174
166 187 215
44 64 89
186 206 224
74 90 99
83 96 99
81 90 93
94 99 98
97 99 95
93 95 89
99 99 98
99 99 99
99 99 99
99 99 99
99 99 99
99 99 99
99 99 99
99 99 99
99 99 99
99 99 99
99 99 99
99 99 99
99 99 99
99 99 99
99 99 99
99 99 99
99 99 99
99 99 99
99 99 99
99 99 99
99 99 99
99 99 99
99 99 99
99 99 99
99 99 99
99 99 99
99 99 99
99 99 99
99 99 99
99 99 99
99 99 99
99 99 99
99 99 99
99 99 98
98 99 95
99 99 95
96 97 93
92 92 92
99 98 99
99 98 99
95 93 99
99 97 99
62 59 68
168 165 174
195 192 201
192 190 196
221 220 224
247 246 248
96 95 97
99 98 99
99 99 99
99 99 99
99 99 99
99 99 99
99 99 99
99 99 99
99 99 99
99 99 99
98 98 98
98 98 98
98 98 98
98 98 98
98 98 98
98 98 98
99 98 98
99 98 98
99 99 99
99 99 99
99 99 99
99 99 99
99 99 99
99 99 99
99 99 99
99 99 99
99 99 99
99 99 99
99 99 99
99 99 99
99 99 99
99 99 99
99 99 99
99 99 99
99 99 99
99 99 99
99 99 99
99 99 99
99 99 99
99 99 99
99 99 99
99 99 99
99 99 99
99 99 99
99 99 99
99 99 99
99 99 99
99 99 99
99 99 99
99 99 99
99 99 99
99 99 99
99 99 99
99 99 99
99 99 99
99 99 99
99 99 99
99 99 99
99 99 99
97 99 99
97 99 99
97 99 99
95 99 99
95 99 99
95 99 99
95 99 99
99 98 99
99 98 99
96 95 99
88 87 91
91 90 94
86 85 89
81 80 84
88 87 91
91 90 94
73 72 76
85 84 88
63 62 66
57 56 60
68 67 71
47 46 50
60 59 61
78 76 75
53 52 48
60 59 55
68 65 61
48 43 40
33 28 25
59 53 48
59 50 46
69 58 54
59 47 43
61 46 43
55 40 37
55 38 35
48 31 28
38 19 14
56 35 33
57 33 33
52 25 28
61 37 39
71 47 49
68 46 48
59 37 39
58 37 39
56 38 39
64 48 49
72 56 57
54 40 41
44 32 32
29 17 17
44 32 32
46 34 34
255 243 241
233 223 216
240 231 222
78 70 63
22 14 7
242 236 231
48 43 40
99 99 99
75 74 76
232 233 237
26 29 34
77 80 88
47 52 61
229 235 246
209 217 230
213 221 234
182 193 207
193 214 229
202 227 243
170 193 215
192 214 239
165 186 214
170 192 220
121 142 169
169 190 212
206 226 243
200 219 232
192 208 220
178 192 204
195 204 218
215 219 238
239 238 8
13 14 42
240 244 16
236 242 15
228 235 12
218 226 7
206 213 0
196 203 252
188 196 249
184 193 250
159 167 226
129 140 198
128 136 195
141 148 205
170 177 232
152 158 211
124 131 181
100 103 141
107 106 115
104 101 100
103 102 100
104 103 100
104 105 103
102 104 104
100 100 100
100 100 101
100 100 103
100 102 107
100 100 106
184 193 202
100 106 115
148 158 168
224 234 244
100 100 108
100 100 108
100 100 110
100 100 117
100 100 118
100 100 127
110 117 156
105 110 155
115 119 167
111 112 162
105 105 151
163 163 203
84 86 99
82 85 99
92 95 99
93 96 99
201 207 214
53 60 75
66 76 94
159 168 188
49 62 84
109 123 146
251 10 36
186 203 229
223 241 8
69 86 99
234 248 10
81 95 99
87 99 99
91 99 99
86 91 89
94 96 90
91 93 87
99 99 98
99 99 99
99 99 99
99 99 99
99 99 99
99 99 99
99 99 99
99 99 99
99 99 99
99 99 99
99 99 99
99 99 99
99 99 99
99 99 99
99 99 99
99 99 99
99 99 99
99 99 99
99 99 99
99 99 99
99 99 99
99 99 99
99 99 99
99 99 99
99 99 99
99 99 99
99 99 99
99 99 99
99 99 99
99 99 99
99 99 99
99 99 99
99 99 99
99 99 98
99 99 96
98 99 95
96 97 95
96 97 95
98 97 99
99 98 99
99 98 99
90 88 94
99 97 99
3 1 7
160 158 164
194 192 198
208 207 211
201 200 204
25 24 26
99 98 99
99 99 99
99 99 99
99 99 99
99 99 99
99 99 99
99 99 99
99 99 99
99 99 99
98 98 98
98 98 98
98 98 98
98 98 98
98 98 98
98 98 98
99 98 98
99 98 98
99 99 99
99 99 99
99 99 99
99 99 99
99 99 99
99 99 99
99 99 99
99 99 99
99 99 99
99 99 99
99 99 99
99 99 99
99 99 99
99 99 99
99 99 99
99 99 99
99 99 99
99 99 99
99 99 99
99 99 99
99 99 99
99 99 99
99 99 99
99 99 99
99 99 99
99 99 99
99 99 99
99 99 99
99 99 99
99 99 99
99 99 99
99 99 99
99 99 99
99 99 99
99 99 99
99 99 99
99 99 99
99 99 99
99 99 99
99 99 99
95 97 97
95 97 97
95 97 97
96 98 98
95 99 99
95 99 99
95 99 99
95 99 99
97 97 99
92 90 96
78 75 84
62 60 66
49 46 55
44 42 48
44 41 50
43 41 47
57 54 63
46 44 50
55 52 61
46 44 50
48 45 54
62 60 66
55 52 61
68 67 71
67 65 65
79 78 74
39 38 34
44 43 39
57 52 49
59 54 51
57 48 44
42 31 27
38 26 22
51 37 31
57 41 35
40 24 17
42 24 17
57 39 32
61 42 35
67 45 39
57 31 31
66 39 42
86 62 64
57 33 35
60 36 38
72 50 52
57 35 37
32 11 13
50 32 33
47 31 32
71 55 56
68 54 55
84 70 71
79 65 66
80 66 67
39 26 24
55 44 36
41 31 21
57 46 38
16 7 254
28 20 13
45 40 37
50 46 45
26 25 27
22 23 27
26 29 34
38 40 50
7 13 24
210 218 231
201 210 224
209 218 232
186 199 215
208 229 244
185 210 226
170 193 215
169 192 218
172 193 224
176 197 228
151 172 200
199 221 246
210 232 250
191 213 225
221 239 250
183 197 209
157 166 180
158 164 183
189 191 215
0 4 29
246 253 22
239 248 19
227 237 11
213 223 1
199 209 249
188 199 243
179 190 240
175 185 239
151 162 219
136 147 205
152 160 219
171 180 237
189 198 255
153 160 215
117 124 179
100 100 138
103 104 114
105 102 100
102 101 100
114 113 109
102 103 101
100 101 100
116 116 116
100 100 100
100 101 100
100 100 101
100 100 103
108 113 116
100 100 104
125 131 136
135 141 146
100 100 104
102 112 119
100 100 109
100 100 115
100 100 122
100 100 135
105 108 153
105 108 159
100 100 154
116 116 170
137 139 187
21 23 64
87 90 99
88 94 99
90 97 99
89 94 97
86 93 96
92 97 99
85 93 99
244 251 10
85 95 99
141 153 171
67 81 99
182 196 214
42 56 74
79 92 99
40 51 65
87 97 99
88 97 99
94 99 99
97 99 99
99 99 96
93 92 88
99 99 98
99 99 99
99 99 99
99 99 99
99 99 99
99 99 99
99 99 99
99 99 99
99 99 99
99 99 99
99 99 99
99 99 99
99 99 99
99 99 99
99 99 99
99 99 99
99 99 99
99 99 99
99 99 99
99 99 99
99 99 99
99 99 99
99 99 99
99 99 99
99 99 99
99 99 99
99 99 99
99 99 99
99 99 99
99 99 99
99 99 99
99 99 99
99 99 99
99 99 99
99 99 98
93 94 92
98 99 97
99 99 98
93 92 94
89 88 90
97 96 99
98 97 99
87 86 90
99 97 99
194 192 198
187 185 191
195 194 198
213 212 216
216 215 219
52 49 51
99 97 98
99 97 98
99 97 98
99 97 98
99 98 98
99 98 98
98 98 98
98 98 98
96 98 98
96 98 98
98 98 98
98 98 98
99 98 98
99 98 98
99 98 98
99 98 98
99 99 99
99 99 99
99 99 99
99 99 99
99 99 99
99 99 99
99 99 99
99 99 99
99 99 99
99 99 99
99 99 99
99 99 99
99 99 99
99 99 99
99 99 99
99 99 99
99 99 99
99 99 99
99 99 99
99 99 99
99 99 99
99 99 99
99 99 99
99 99 99
99 99 99
99 99 99
99 99 99
99 99 99
99 99 99
99 99 99
99 99 99
99 99 99
99 99 99
99 99 99
99 99 99
99 99 99
99 99 99
99 99 99
99 98 99
97 99 99
89 91 92
93 95 96
95 99 99
95 99 99
95 98 99
93 97 98
85 90 93
81 84 88
60 59 68
40 39 48
34 33 43
27 26 35
12 11 21
22 21 30
40 39 49
37 36 45
47 46 56
42 41 50
38 37 47
33 32 41
33 32 42
38 37 46
42 41 51
47 47 53
50 49 51
46 47 45
34 32 31
54 52 51
51 46 43
32 27 24
33 24 20
59 48 44
51 39 33
48 35 27
53 37 30
69 52 43
68 49 41
58 40 29
68 48 37
76 55 47
83 62 61
72 49 53
83 60 64
65 44 47
70 49 52
52 31 34
49 28 31
54 35 38
65 46 49
78 61 64
83 66 69
99 96 98
62 48 50
71 58 60
51 38 40
74 61 59
57 46 38
65 56 43
44 34 24
56 47 38
51 43 36
66 59 56
38 34 33
42 41 43
57 58 62
25 28 36
4 8 19
238 244 1
206 215 229
200 210 227
208 218 236
196 210 228
203 226 241
162 188 204
191 215 237
155 179 207
191 214 246
167 190 222
160 181 212
205 226 253
202 224 242
183 204 219
246 8 19
222 238 250
182 193 207
153 161 178
155 160 181
192 198 221
212 223 245
216 230 252
219 232 2
210 224 253
196 208 244
186 198 238
185 198 244
190 201 251
154 166 220
140 151 208
159 170 227
181 192 249
196 207 8
153 162 219
112 121 178
100 100 136
100 102 113
109 107 106
106 104 103
111 109 108
102 100 100
102 100 100
115 113 112
101 102 100
108 109 107
116 116 116
113 113 113
100 100 101
100 101 102
101 103 104
100 100 101
104 108 109
107 112 115
100 105 114
100 100 114
100 100 125
100 101 145
101 101 155
100 100 158
100 100 151
103 104 160
173 174 224
58 60 99
78 82 99
88 95 99
90 98 99
73 78 79
94 99 99
90 95 98
88 94 99
91 97 99
81 88 97
12 21 31
87 96 99
202 211 224
87 96 99
87 96 99
79 88 98
86 94 99
86 90 95
96 98 99
99 99 99
99 99 98
99 99 98
99 99 99
99 99 99
99 99 99
99 99 99
99 99 99
99 99 99
99 99 99
99 99 99
99 99 99
99 99 99
99 99 99
99 99 99
99 99 99
99 99 99
99 99 99
99 99 99
99 99 99
99 99 99
99 99 99
99 99 99
99 99 99
99 99 99
99 99 99
99 99 99
99 99 99
99 99 99
99 99 99
99 99 99
99 99 99
99 99 99
99 99 99
99 99 99
99 99 99
99 99 99
92 93 91
99 99 98
99 99 98
99 99 99
99 99 99
97 96 98
90 89 91
99 98 99
99 98 99
91 90 94
25 23 29
171 169 175
212 211 215
218 217 221
222 221 225
215 211 216
99 92 95
99 93 94
99 93 94
99 93 94
98 93 94
96 94 94
94 94 94
92 94 94
96 98 98
96 98 98
98 98 98
98 98 98
99 98 98
99 98 98
99 98 98
99 98 98
99 99 99
99 99 99
99 99 99
99 99 99
99 99 99
99 99 99
99 99 99
99 99 99
99 99 99
99 99 99
99 99 99
99 99 99
99 99 99
99 99 99
99 99 99
99 99 99
99 99 99
99 99 99
99 99 99
99 99 99
99 99 99
99 99 99
99 99 99
99 99 99
99 99 99
99 99 99
99 99 99
99 99 99
99 99 99
99 99 99
99 99 99
99 99 99
99 99 99
99 99 99
99 99 99
99 99 99
99 99 99
99 99 99
97 99 99
97 99 99
91 93 94
95 99 99
95 98 99
95 98 99
95 98 99
81 84 88
62 66 71
49 53 58
37 38 48
12 11 21
11 9 21
9 8 18
249 247 3
13 12 22
42 40 52
37 36 46
31 29 41
33 32 42
26 24 36
33 32 42
39 37 49
45 44 54
62 60 72
64 63 72
36 35 37
13 13 13
34 32 31
29 25 24
14 9 8
52 47 44
63 54 51
34 23 19
52 40 34
59 46 38
56 40 33
65 48 39
62 45 36
65 47 36
79 61 50
62 43 35
57 39 38
64 47 50
72 55 58
63 46 49
75 61 63
58 44 46
76 62 64
87 73 75
85 71 73
91 78 80
96 83 85
54 43 45
51 40 42
65 57 58
72 61 63
61 52 49
70 59 51
64 54 44
63 53 43
64 55 46
54 45 41
53 48 45
67 62 63
45 44 46
40 43 48
9 11 21
236 242 255
213 220 235
191 201 218
191 203 221
199 210 230
192 207 226
180 205 221
156 184 201
197 223 247
182 206 234
181 204 236
168 190 225
133 156 188
195 217 245
182 206 226
179 202 217
1 21 32
247 9 20
203 217 229
162 172 189
150 157 177
147 156 176
183 197 216
202 219 238
219 235 2
208 223 249
177 192 224
159 173 209
167 179 221
181 194 240
166 177 227
144 157 209
156 168 222
177 189 243
194 206 4
150 162 216
111 123 177
100 100 139
100 100 113
114 112 112
111 109 109
102 100 100
102 100 100
102 100 100
103 101 101
107 105 105
105 103 103
102 100 100
102 100 100
102 100 100
106 106 106
102 102 102
100 100 100
106 106 106
100 100 101
110 113 121
100 100 120
100 100 127
113 110 159
119 117 176
109 108 172
108 107 171
142 143 201
2 6 54
83 89 99
86 91 99
85 93 99
92 99 99
90 96 95
86 92 87
95 99 99
95 99 99
82 87 88
94 99 99
92 98 99
92 98 99
44 51 60
83 90 99
92 97 99
90 96 99
94 98 99
95 98 99
92 91 93
95 92 94
93 88 89
99 99 98
99 99 99
99 99 99
99 99 99
99 99 99
99 99 99
99 99 99
99 99 99
99 99 99
99 99 99
99 99 99
99 99 99
99 99 99
99 99 99
99 99 99
99 99 99
99 99 99
99 99 99
99 99 99
99 99 99
99 99 99
99 99 99
99 99 99
99 99 99
99 99 99
99 99 99
99 99 99
99 99 99
99 99 99
99 99 99
99 99 99
99 99 99
99 99 99
99 99 99
99 99 99
99 99 99
99 99 99
99 99 99
99 99 99
99 99 99
99 99 99
99 99 99
99 98 99
95 94 96
92 91 93
97 96 99
220 219 223
210 208 214
224 222 228
231 229 235
217 210 217
10 255 2
99 97 99
99 89 91
99 98 99
91 86 87
97 95 95
96 96 96
96 98 98
90 92 92
90 95 94
94 96 96
98 98 98
99 99 99
99 98 98
99 94 95
96 94 94
98 98 98
98 98 98
97 97 97
97 97 97
97 97 97
96 96 96
96 96 96
96 96 96
95 95 95
95 95 95
95 95 95
96 96 96
96 96 96
96 96 96
97 97 97
97 97 97
97 97 97
97 97 97
98 98 98
98 98 98
98 98 98
99 99 99
99 99 99
99 99 99
97 97 97
97 97 97
97 97 97
97 97 97
97 97 97
97 97 97
97 97 97
97 97 97
95 96 94
97 98 96
99 99 99
99 99 99
98 98 98
97 99 99
97 99 99
97 99 99
95 98 99
91 94 98
95 98 99
94 98 99
71 75 80
46 50 55
31 34 42
10 13 21
1 1 13
251 251 7
245 245 3
245 245 1
252 252 10
5 5 17
14 14 28
18 18 30
246 246 4
12 12 24
33 33 47
21 21 33
34 34 48
41 41 53
54 54 68
46 45 55
5 4 8
8 6 6
13 8 9
18 14 13
26 21 20
35 30 27
46 37 34
52 41 37
53 41 35
58 45 37
67 54 46
67 52 43
66 49 40
68 52 40
67 51 39
73 57 50
69 57 55
63 52 54
87 79 80
79 71 72
63 55 56
77 69 70
74 66 67
60 54 55
54 48 49
40 34 35
36 30 31
47 42 43
55 50 51
49 47 47
49 44 45
55 50 49
62 54 47
65 56 47
83 74 65
74 66 59
71 64 61
55 51 50
53 50 52
31 32 36
31 34 42
211 215 226
202 209 224
215 225 242
187 199 217
178 192 211
206 219 241
210 227 248
179 204 220
140 168 185
202 228 252
155 181 211
180 205 239
172 196 232
160 185 219
180 204 234
201 225 247
241 10 26
230 252 8
245 7 18
206 220 232
178 189 203
191 198 217
178 188 206
156 172 189
191 209 226
200 217 236
215 231 254
239 253 25
198 211 243
140 152 188
140 152 192
159 170 214
175 187 235
167 178 228
174 185 235
203 216 12
162 175 227
120 134 186
100 100 132
100 101 116
111 110 114
100 100 103
125 124 128
117 116 118
113 112 114
102 100 101
109 106 108
104 101 103
112 109 111
122 119 121
126 123 125
117 114 116
106 103 105
108 105 107
117 114 116
112 112 112
100 102 110
100 100 115
100 100 125
114 110 162
100 100 149
117 115 181
118 118 182
209 212 11
72 78 99
83 91 99
82 89 99
90 97 99
86 94 94
95 99 98
96 99 95
94 98 93
94 98 93
94 97 95
94 96 96
92 96 97
92 96 97
91 96 99
91 96 99
94 97 99
94 97 99
96 97 99
98 97 99
99 97 99
99 97 99
99 97 98
99 97 98
99 97 97
97 97 97
97 97 97
97 97 97
97 97 97
97 97 97
97 97 97
97 97 97
96 96 96
96 96 96
96 96 96
96 96 96
96 96 96
96 96 96
96 96 96
96 96 96
99 99 99
99 99 99
99 99 99
99 99 99
99 99 99
99 99 99
99 99 99
99 99 99
99 99 99
99 99 99
99 99 99
99 99 99
99 99 99
99 99 99
99 99 99
99 99 99
99 99 99
99 99 99
99 99 99
99 99 99
99 99 99
99 99 99
99 99 99
99 99 99
99 99 99
99 99 99
95 94 96
99 98 99
95 94 98
38 37 41
213 211 217
236 234 240
218 215 224
206 199 206
228 214 218
67 53 55
99 96 98
99 97 99
91 85 86
94 92 92
92 92 92
92 94 94
88 93 92
90 95 94
94 96 96
96 98 98
99 99 99
99 98 98
99 94 95
98 93 94
99 98 98
98 98 98
97 97 97
97 97 97
97 97 97
96 96 96
96 96 96
96 96 96
95 95 95
95 95 95
95 95 95
96 96 96
96 96 96
96 96 96
97 97 97
97 97 97
97 97 97
97 97 97
97 97 97
98 98 98
98 98 98
98 98 98
99 99 99
99 99 99
97 97 97
97 97 97
97 97 97
97 97 97
97 97 97
97 97 97
97 97 97
97 97 97
97 98 96
97 98 96
96 96 96
95 95 95
92 94 94
93 95 95
96 98 99
95 99 99
91 94 98
95 98 99
83 87 92
51 55 60
36 39 47
34 37 45
24 27 35
13 15 25
5 5 17
7 7 21
6 6 20
255 255 13
247 247 5
246 246 4
254 254 12
6 6 20
244 244 2
6 6 20
16 16 30
16 16 30
18 18 32
30 30 44
27 27 41
19 18 28
1 0 4
6 4 4
14 9 10
21 16 17
30 25 24
36 31 30
43 35 35
47 38 35
69 58 54
62 52 45
47 35 29
69 56 48
74 61 53
58 42 35
63 48 39
54 42 36
67 62 61
82 80 80
56 54 54
80 78 78
92 90 90
58 56 56
48 46 46
15 13 13
35 35 35
26 26 26
26 26 26
38 38 38
42 44 44
39 41 41
40 42 42
51 49 48
60 56 51
74 68 61
55 49 44
47 42 39
54 50 49
31 28 30
255 0 4
8 11 19
240 244 255
193 201 214
211 221 238
192 204 222
183 197 216
185 199 221
180 194 217
203 222 243
184 210 227
126 156 175
189 216 242
188 213 245
200 224 4
130 153 191
214 238 18
195 220 252
187 213 237
245 13 31
231 252 11
206 226 237
181 197 209
163 177 189
208 218 235
215 228 244
213 229 245
144 165 180
162 180 197
217 234 253
221 237 4
225 239 11
211 222 254
148 160 196
180 191 229
182 194 236
182 193 237
173 186 232
203 218 8
213 227 19
130 146 193
100 100 128
102 103 123
110 109 118
102 100 108
122 121 130
119 116 125
112 109 118
100 100 106
117 114 123
100 100 106
117 114 123
132 129 138
126 123 132
108 106 112
100 100 104
106 102 108
117 113 118
101 100 102
108 107 116
112 109 134
100 100 129
100 100 143
121 117 182
106 103 172
152 153 214
247 251 46
77 85 99
83 93 99
77 86 99
89 96 99
88 93 92
97 99 98
94 95 91
96 98 92
96 98 92
96 97 93
96 97 93
96 97 95
94 96 96
94 96 96
94 96 97
96 98 99
98 97 99
98 97 99
99 97 99
99 97 99
99 97 99
99 97 98
99 97 98
99 97 97
97 97 97
97 97 97
97 97 97
97 97 97
97 97 97
97 97 97
97 97 97
96 96 96
96 96 96
96 96 96
96 96 96
96 96 96
96 96 96
96 96 96
96 96 96
97 97 97
97 97 97
99 99 99
99 99 99
99 99 99
99 99 99
99 99 99
99 99 99
99 99 99
99 99 99
99 99 99
99 99 99
99 99 99
99 99 99
99 99 99
99 99 99
99 99 99
99 99 99
99 98 99
99 98 99
99 98 99
99 99 99
99 99 99
99 99 98
99 99 98
99 99 98
97 97 97
98 98 98
96 95 97
99 98 99
234 232 238
235 232 241
221 217 228
215 207 217
204 189 193
10 247 250
94 80 82
99 92 94
89 83 84
94 92 92
96 96 96
89 91 91
88 93 92
89 95 94
92 97 96
96 98 98
99 99 99
99 98 98
99 94 95
98 93 94
99 98 98
98 98 98
97 97 97
97 97 97
97 97 97
96 96 96
96 96 96
96 96 96
95 95 95
95 95 95
95 95 95
96 96 96
96 96 96
96 96 96
97 97 97
97 97 97
96 96 96
96 96 96
97 97 97
97 97 97
97 97 97
98 98 98
98 98 98
98 98 98
96 96 96
96 96 96
96 96 96
96 96 96
96 96 96
96 96 96
96 96 96
96 96 96
99 99 98
96 97 95
91 94 92
89 92 90
89 91 91
91 93 93
92 96 97
93 96 99
95 98 99
94 98 99
56 59 67
20 23 31
27 32 41
32 37 46
19 24 33
21 23 34
20 20 34
10 10 24
255 255 13
252 252 10
255 255 13
252 252 10
243 243 1
233 233 247
233 233 247
249 249 7
253 253 11
12 12 26
6 6 20
20 20 34
7 7 21
3 2 12
248 244 249
1 252 253
14 9 10
28 23 24
40 34 35
47 42 41
51 46 45
54 47 44
57 50 47
63 54 50
86 75 71
60 49 45
55 44 40
81 71 64
75 65 58
84 78 73
72 72 72
36 40 41
77 81 82
82 86 87
68 72 73
61 65 66
14 18 19
4 8 9
33 37 38
33 37 38
38 42 43
46 50 51
48 52 53
45 49 50
49 53 54
60 62 62
50 48 47
53 49 48
29 24 25
27 25 25
9 8 10
247 247 253
220 223 231
236 240 251
195 201 214
172 181 195
232 244 6
183 197 216
172 185 207
194 208 231
180 194 217
195 213 236
196 224 241
136 168 187
176 206 231
195 223 254
173 199 236
153 178 218
255 25 62
197 222 0
148 173 199
220 245 9
7 30 45
177 199 210
151 169 180
147 161 173
148 159 173
183 196 210
217 234 247
234 253 12
181 200 215
151 169 186
220 235 254
8 22 45
255 10 37
4 15 45
243 254 30
18 28 62
236 247 29
215 227 11
212 227 10
206 222 8
135 153 194
100 100 132
100 100 118
102 102 116
102 100 114
124 124 138
134 131 146
121 118 133
100 100 110
100 100 110
103 100 115
123 120 135
129 126 141
109 106 121
100 100 110
101 100 113
120 117 132
130 129 139
123 124 128
113 114 124
110 107 133
100 100 137
100 100 150
115 114 178
104 103 169
185 189 247
37 46 89
79 91 99
76 86 99
78 89 93
89 95 94
89 92 90
99 99 98
96 92 91
97 96 92
97 97 91
97 97 91
97 96 92
97 96 92
95 96 94
95 96 94
95 95 95
97 97 97
99 97 97
99 97 97
99 97 97
99 97 97
99 97 97
99 97 97
99 97 97
96 96 96
96 96 96
96 96 96
96 96 96
96 96 96
96 96 96
96 96 96
96 96 96
96 96 96
96 96 96
96 96 96
96 96 96
96 96 96
96 96 96
96 96 96
96 96 96
94 94 94
94 94 94
99 99 99
99 99 99
99 99 99
99 99 99
99 99 99
99 99 99
99 99 99
99 99 99
99 99 99
99 99 99
99 99 99
99 99 99
99 99 99
99 99 99
99 99 99
99 98 99
99 98 99
99 98 99
99 98 99
99 99 99
99 99 99
99 99 98
99 99 98
99 99 98
99 99 99
90 90 90
99 98 99
99 98 99
21 19 25
217 214 223
236 232 243
245 236 246
216 199 203
231 210 213
54 37 40
99 87 89
94 86 87
96 94 94
99 99 99
89 94 93
87 93 92
89 95 94
92 97 96
96 98 98
99 99 99
99 97 98
99 94 95
98 93 94
99 98 98
98 98 98
97 97 97
97 97 97
97 97 97
96 96 96
96 96 96
96 96 96
95 95 95
95 95 95
95 95 95
96 96 96
96 96 96
96 96 96
97 97 97
97 97 97
95 95 95
95 95 95
96 96 96
96 96 96
96 96 96
97 97 97
97 97 97
97 97 97
96 96 96
96 96 96
96 96 96
96 96 96
96 96 96
96 96 96
96 96 96
96 96 96
98 99 97
94 95 93
88 91 89
88 91 89
92 94 94
95 97 97
95 98 99
94 97 99
94 98 99
63 67 72
26 29 37
23 26 34
38 43 52
29 34 43
13 17 28
19 23 34
18 19 33
3 3 17
246 246 4
248 248 6
1 1 15
255 255 13
235 235 249
215 215 229
216 216 230
230 230 244
243 243 1
7 7 21
6 6 20
10 10 24
4 4 18
10 9 19
240 236 241
254 249 250
18 13 14
39 34 35
56 50 51
66 60 61
69 63 64
70 65 64
68 63 62
86 81 80
58 50 50
63 55 55
75 68 65
78 73 70
92 85 82
48 44 43
45 47 47
86 91 92
69 74 75
61 66 67
62 67 68
19 24 25
5 10 11
32 37 38
30 35 36
36 41 42
43 48 49
46 51 52
42 47 48
38 43 44
42 47 48
50 54 55
44 45 49
22 23 27
26 27 31
25 28 33
233 236 244
234 239 248
243 249 4
226 234 247
172 181 195
171 181 198
246 4 23
189 203 225
160 174 197
196 212 235
205 220 246
193 214 236
174 202 219
150 182 201
187 216 243
206 234 12
172 198 238
246 15 57
217 242 26
126 152 188
130 157 184
4 31 52
8 33 49
217 239 250
195 213 224
149 166 175
149 163 175
122 135 149
151 168 181
219 238 251
227 246 5
192 208 224
208 222 240
253 8 28
4 15 37
248 2 26
5 14 41
0 11 39
10 21 53
2 14 48
216 233 10
211 230 9
170 189 224
114 127 159
100 100 123
105 103 122
113 111 131
131 130 150
154 152 172
151 150 170
112 110 132
100 100 116
100 100 115
133 131 153
153 151 173
125 123 145
100 100 115
100 100 119
122 120 142
136 136 154
127 129 137
126 126 138
117 115 144
108 106 148
100 100 153
100 100 150
138 141 202
202 209 3
65 77 99
76 90 99
74 88 94
87 98 96
92 98 93
92 91 87
99 98 99
99 94 95
99 96 92
97 97 91
97 96 92
97 96 92
97 96 92
97 96 92
97 95 94
97 95 94
98 96 95
98 96 95
98 96 96
98 96 96
98 96 96
98 96 96
98 96 96
98 96 96
96 96 96
96 96 96
96 96 96
96 96 96
96 96 96
96 96 96
96 96 96
96 96 96
96 96 96
96 96 96
96 96 96
96 96 96
96 96 96
96 96 96
96 96 96
96 96 96
93 93 93
93 93 93
99 99 99
99 99 99
99 99 99
99 99 99
99 99 99
99 99 99
99 99 99
99 99 99
99 99 99
99 99 99
99 99 99
99 99 99
99 99 99
99 99 99
99 99 99
99 98 99
99 98 99
99 98 99
99 98 99
99 99 99
99 99 99
99 99 98
99 99 96
99 99 96
96 97 95
93 93 93
99 98 99
90 89 93
63 61 67
214 211 220
234 230 241
5 252 6
236 216 221
225 202 206
21 2 5
99 92 94
99 94 95
94 89 90
97 99 99
94 99 98
87 93 92
89 95 94
92 97 96
96 98 98
99 99 99
99 97 98
99 94 95
99 93 94
99 98 98
98 98 98
97 97 97
97 97 97
97 97 97
96 96 96
96 96 96
96 96 96
95 95 95
95 95 95
95 95 95
96 96 96
96 96 96
96 96 96
97 97 97
97 97 97
94 94 94
94 94 94
95 95 95
95 95 95
95 95 95
96 96 96
96 96 96
96 96 96
96 96 96
96 96 96
96 96 96
96 96 96
96 96 96
96 96 96
96 96 96
96 96 96
95 98 96
91 95 90
88 91 89
91 94 92
95 99 99
95 99 99
95 98 99
90 93 97
69 73 78
24 27 35
9 14 23
27 32 41
24 28 39
11 15 26
12 15 29
18 21 35
8 10 21
5 7 18
1 3 14
252 254 9
247 249 4
236 238 249
223 225 236
213 215 226
203 205 216
209 211 222
236 238 249
251 253 8
4 6 17
247 249 4
1 3 14
17 16 26
3 253 2
16 10 11
35 29 30
55 49 50
69 63 64
76 70 71
76 71 72
75 70 71
68 63 64
38 33 34
60 57 59
67 64 66
72 69 71
67 66 68
38 35 37
56 55 57
77 81 82
80 85 86
68 73 74
49 54 55
12 17 18
3 8 9
34 38 39
31 35 36
40 44 45
49 53 54
55 59 60
51 55 56
44 48 49
39 43 44
39 43 44
40 43 47
46 49 57
23 28 37
33 38 47
14 20 31
249 255 10
1 9 22
14 23 37
226 236 253
157 169 187
201 215 234
234 248 11
179 193 215
164 178 201
188 204 227
211 226 252
199 222 244
180 210 229
151 184 203
184 214 241
196 224 2
209 235 19
241 13 54
145 170 212
100 109 146
117 143 173
225 252 17
251 20 36
221 246 0
216 236 247
224 241 250
192 207 216
172 188 200
143 160 173
156 175 188
209 226 239
236 252 9
215 228 244
210 220 237
209 219 237
184 193 213
174 183 203
190 201 223
216 228 252
202 215 241
5 22 49
5 23 52
165 186 214
157 171 199
102 105 133
110 107 132
134 131 157
137 136 162
162 159 185
181 180 206
166 164 193
148 146 175
130 130 160
141 141 171
138 140 171
128 130 161
132 134 165
141 144 175
126 128 159
100 101 127
100 100 110
121 122 136
142 142 172
114 113 157
100 100 139
120 121 181
185 190 245
216 225 13
70 85 99
70 87 96
79 93 91
92 99 93
99 99 93
94 89 86
99 96 99
99 96 99
98 93 94
96 95 91
98 94 93
98 95 91
98 95 91
98 95 91
98 95 91
98 95 91
99 96 92
99 96 92
97 95 94
97 95 94
95 96 94
95 96 94
95 95 95
95 95 95
96 96 96
96 96 96
96 96 96
96 96 96
96 96 96
96 96 96
96 96 96
96 96 96
96 96 96
96 96 96
96 96 96
96 96 96
96 96 96
96 96 96
96 96 96
96 96 96
93 93 93
93 93 93
99 99 99
99 99 99
99 99 99
99 99 99
99 99 99
99 99 99
99 99 99
99 99 99
99 99 99
99 99 99
99 99 99
99 99 99
99 99 99
99 99 99
99 99 99
99 98 99
99 98 99
99 98 99
99 98 99
99 99 99
99 99 99
99 99 98
99 99 96
99 99 96
89 90 88
99 99 98
99 99 99
98 97 99
87 85 91
242 238 249
220 216 228
255 245 1
244 223 231
227 202 206
8 243 246
99 82 85
99 96 98
88 83 84
97 99 99
94 99 99
87 93 92
87 95 94
92 97 96
96 98 98
99 99 99
99 97 98
99 94 95
99 93 94
99 98 98
98 98 98
97 97 97
97 97 97
97 97 97
96 96 96
96 96 96
96 96 96
95 95 95
95 95 95
95 95 95
96 96 96
96 96 96
96 96 96
97 97 97
97 97 97
93 93 93
93 93 93
94 94 94
94 94 94
95 95 95
95 95 95
95 95 95
95 95 95
95 95 95
95 95 95
95 95 95
95 95 95
95 95 95
95 95 95
95 95 95
95 96 94
96 99 97
92 96 91
89 92 90
94 97 95
95 99 99
95 99 99
83 86 90
72 75 79
36 39 47
15 18 26
19 24 33
23 28 37
3 7 18
8 12 23
30 33 47
33 36 50
21 23 34
14 16 27
5 7 18
254 0 11
247 249 4
235 237 248
219 221 232
208 210 221
202 204 215
195 197 208
221 223 234
239 241 252
1 3 14
238 240 251
254 0 11
19 18 27
36 31 33
47 39 40
59 51 52
68 62 63
73 67 68
72 66 67
66 61 63
60 57 59
41 37 42
59 58 62
56 54 60
70 70 76
51 54 59
24 27 32
61 63 71
81 84 89
74 77 81
62 66 67
45 49 50
253 1 2
17 21 22
45 49 50
18 22 23
50 52 53
50 52 53
59 61 62
62 64 65
56 58 59
49 51 52
46 48 49
43 42 44
31 34 39
26 32 43
30 37 52
14 23 37
239 248 6
14 24 41
16 26 43
249 3 21
211 222 242
154 168 187
236 250 16
203 217 239
160 177 198
169 185 208
176 192 215
188 205 231
201 224 246
212 242 5
138 171 191
169 199 226
186 214 249
234 6 47
133 160 204
102 127 171
100 124 161
141 169 199
9 36 57
246 16 32
249 18 28
201 222 230
167 186 194
199 216 225
165 182 191
157 174 187
160 177 190
138 154 167
140 153 167
160 171 185
133 142 156
115 124 138
155 164 178
135 143 160
117 127 145
153 164 184
207 221 240
211 227 250
230 248 15
17 37 62
162 177 203
100 100 128
100 100 123
144 142 172
152 150 180
166 163 195
192 191 223
201 200 234
187 188 222
196 196 232
160 161 199
115 118 156
103 105 145
132 137 176
165 170 209
158 163 202
135 138 169
105 107 125
102 102 118
126 125 157
117 118 162
100 100 148
192 196 254
190 199 249
230 243 25
69 87 99
71 89 90
84 99 89
94 99 89
99 99 92
98 89 86
99 91 98
99 94 99
99 92 95
96 94 93
98 94 93
98 94 93
98 94 93
98 95 91
98 95 91
98 95 91
98 95 91
98 95 91
96 94 93
96 94 93
94 95 93
94 95 93
94 94 94
94 94 94
95 95 95
95 95 95
95 95 95
95 95 95
95 95 95
95 95 95
95 95 95
95 95 95
96 96 96
96 96 96
96 96 96
96 96 96
96 96 96
96 96 96
96 96 96
96 96 96
94 94 94
94 94 94
99 99 99
99 99 99
99 99 99
99 99 99
99 99 99
99 99 99
99 99 99
99 99 99
99 99 99
99 99 99
99 99 99
99 99 99
99 99 99
99 99 99
99 99 99
99 98 99
99 98 99
99 98 99
99 98 99
99 99 99
99 99 99
99 99 98
99 99 96
99 99 95
85 86 82
99 99 98
94 94 94
99 98 99
94 92 98
26 22 33
227 223 235
252 242 254
3 236 244
223 196 200
252 229 233
50 33 36
96 85 87
92 87 88
89 91 91
92 98 97
87 93 92
87 95 94
92 97 96
96 98 98
99 99 99
99 97 98
99 94 95
99 93 94
99 98 98
98 98 98
97 97 97
97 97 97
97 97 97
96 96 96
96 96 96
96 96 96
95 95 95
95 95 95
95 95 95
96 96 96
96 96 96
96 96 96
97 97 97
97 97 97
93 93 93
93 93 93
93 93 93
93 93 93
94 94 94
94 94 94
95 95 95
95 95 95
95 95 95
95 95 95
95 95 95
95 95 95
95 95 95
95 95 95
95 95 95
95 96 94
97 99 98
94 98 93
92 95 93
95 98 96
94 99 98
83 88 87
60 65 68
41 46 49
9 12 20
16 19 27
16 21 30
6 10 21
4 7 21
22 25 39
36 41 56
38 41 55
31 33 44
19 21 31
6 8 18
0 2 12
255 1 11
248 250 4
232 234 244
218 220 230
207 209 219
187 189 199
197 199 209
235 237 247
5 7 17
1 3 13
10 12 22
33 32 41
61 54 57
67 59 59
72 64 65
74 66 67
70 63 66
64 57 60
55 49 54
48 44 49
76 74 80
67 67 73
66 68 76
41 44 52
42 47 56
65 70 79
57 62 71
59 62 70
36 39 44
29 30 34
2 3 7
25 26 30
26 27 31
30 31 35
64 65 69
31 30 34
35 34 38
43 42 46
46 42 47
40 36 41
39 35 40
40 36 41
31 27 32
12 11 20
254 5 20
14 26 44
254 10 28
238 250 12
11 22 42
7 21 40
226 240 3
202 216 238
180 194 216
232 248 15
186 202 225
174 190 213
157 172 198
167 184 210
183 200 226
186 209 231
195 225 244
122 155 175
175 208 234
214 244 23
203 231 16
100 103 147
100 114 158
100 120 160
164 192 223
223 249 17
11 37 53
7 32 42
216 239 247
206 225 232
222 239 248
217 234 243
200 217 230
196 213 226
173 189 201
145 159 171
132 141 154
127 135 148
127 135 148
133 141 154
122 129 144
134 143 157
128 138 155
184 197 213
183 198 217
195 215 233
25 46 67
234 250 17
132 134 164
100 100 122
150 146 181
170 169 203
181 179 215
201 201 237
215 216 254
199 202 240
209 211 251
195 199 240
164 170 213
127 132 177
106 112 157
122 128 173
163 169 214
200 206 243
179 183 202
136 138 156
108 110 141
104 105 149
112 113 169
206 211 10
175 185 232
239 254 30
78 98 99
78 98 93
83 99 84
92 99 83
99 99 89
99 90 88
99 85 94
99 93 99
99 92 97
96 94 94
98 93 94
98 94 93
98 94 93
98 94 93
99 94 91
99 94 91
98 95 91
98 95 91
96 95 91
96 95 91
94 95 93
92 95 93
92 94 94
92 94 94
95 95 95
95 95 95
95 95 95
95 95 95
95 95 95
95 95 95
95 95 95
95 95 95
96 96 96
96 96 96
96 96 96
96 96 96
96 96 96
96 96 96
96 96 96
96 96 96
97 97 97
97 97 97
99 99 99
99 99 99
99 99 99
99 99 99
99 99 99
99 99 99
99 99 99
99 99 99
99 99 99
99 99 99
99 99 99
99 99 99
99 99 99
99 99 99
99 99 99
99 98 99
99 98 99
99 98 99
99 98 99
99 99 99
99 99 99
99 99 98
99 99 96
99 99 96
85 86 82
96 97 95
92 92 92
99 98 99
93 93 99
49 48 58
247 245 1
3 251 6
21 255 4
213 189 191
238 217 219
251 235 236
79 71 71
99 97 98
87 89 89
90 95 94
87 93 92
89 95 94
92 97 96
96 98 98
99 99 99
99 97 98
99 94 95
99 93 94
99 98 98
96 98 98
97 97 97
95 97 97
97 97 97
94 96 96
96 96 96
94 96 96
95 95 95
93 95 95
95 95 95
94 96 96
96 96 96
94 96 96
97 97 97
97 97 97
92 92 92
92 92 92
93 92 94
93 93 93
94 93 95
94 94 94
94 93 95
94 94 94
95 94 96
95 95 95
95 94 96
95 95 95
95 94 96
95 95 95
95 94 96
95 95 95
97 99 96
97 99 96
93 96 94
94 96 96
89 93 94
72 75 79
42 46 51
18 21 29
242 244 254
0 4 15
246 249 7
239 245 2
12 18 31
29 35 48
19 26 41
17 25 38
14 20 31
19 23 34
18 23 32
9 14 23
254 0 10
246 248 2
246 249 1
249 252 4
212 215 223
183 186 194
179 182 190
238 241 249
14 17 25
30 32 42
30 32 42
52 54 62
64 60 65
69 62 65
70 65 67
70 64 69
64 60 65
58 54 59
48 46 52
42 42 48
50 49 58
50 51 61
48 50 60
56 61 70
64 68 79
60 66 77
55 61 72
44 49 58
4 6 14
254 254 4
25 25 31
35 35 41
31 31 37
31 31 37
23 23 29
32 32 38
31 29 35
38 36 42
40 36 42
36 32 38
40 36 42
45 41 47
34 30 36
9 10 20
243 252 10
252 10 28
6 20 38
18 32 50
0 14 33
4 18 37
238 253 16
217 231 253
213 230 251
207 223 246
189 205 228
205 223 246
135 152 178
166 186 211
198 218 243
165 189 213
180 211 234
128 162 186
182 216 245
220 252 31
112 140 181
100 117 161
100 128 169
100 126 163
212 237 13
207 233 1
242 12 29
5 29 41
0 23 31
246 12 18
255 18 26
212 231 239
227 244 1
234 251 8
215 231 244
183 196 210
165 177 189
151 163 175
135 144 157
124 133 146
151 160 174
143 154 168
158 169 183
142 155 169
176 192 208
212 231 246
177 196 211
27 42 61
206 210 239
117 116 150
155 154 188
185 184 218
201 200 234
219 220 254
233 235 14
216 217 255
221 223 7
218 222 7
208 211 0
177 181 229
138 143 192
117 124 174
133 139 192
161 167 214
222 226 5
210 215 248
131 134 178
100 100 135
102 108 161
157 168 218
173 188 227
237 254 25
78 99 99
83 99 98
80 97 83
81 91 74
96 96 84
99 93 89
99 83 87
99 92 99
98 91 94
95 92 94
95 93 93
95 93 93
97 93 92
97 93 92
97 93 92
97 94 90
97 93 92
95 94 90
95 93 92
93 94 92
93 94 92
91 94 92
91 93 93
91 93 93
95 95 95
95 95 95
95 95 95
95 95 95
95 95 95
95 95 95
95 95 95
95 95 95
96 96 96
96 96 96
96 96 96
96 96 96
96 96 96
96 96 96
96 96 96
96 96 96
99 99 99
99 99 99
99 99 99
99 99 99
99 99 99
99 99 99
99 99 99
99 99 99
99 99 99
99 99 99
99 99 99
99 99 99
99 99 99
99 99 99
99 99 99
99 99 99
99 99 99
99 98 99
97 98 99
97 98 99
97 99 99
99 99 99
99 99 99
99 99 98
99 99 98
99 99 98
94 92 91
95 96 94
97 97 97
95 96 99
95 98 99
75 78 86
242 247 0
9 7 13
2 242 243
236 216 211
227 210 207
232 221 217
35 28 25
99 98 97
97 99 99
91 96 95
89 94 95
91 96 97
95 99 99
97 99 99
99 98 99
99 97 99
99 92 95
97 90 93
98 98 98
94 99 98
95 97 97
93 98 97
95 97 97
92 97 96
94 96 96
92 97 96
95 97 97
93 98 97
95 97 97
93 98 97
95 97 97
93 98 97
95 97 97
95 97 97
91 93 94
92 94 95
93 94 98
93 95 96
91 92 96
90 92 93
92 93 97
94 96 97
93 94 98
86 88 89
88 89 93
97 99 99
97 98 99
97 99 99
93 94 98
96 98 98
95 96 92
99 99 96
82 83 81
72 74 75
26 29 33
24 26 34
26 28 39
12 15 29
254 1 16
248 252 14
1 8 25
24 32 49
36 45 59
27 38 52
20 32 44
21 33 45
16 25 38
12 20 33
15 24 34
26 33 42
21 26 35
4 7 15
252 0 5
3 6 11
225 228 232
175 178 182
180 183 188
251 254 3
12 16 21
11 14 22
39 45 52
55 58 66
57 59 67
61 63 71
62 64 72
57 58 68
51 52 62
49 50 60
54 56 66
61 63 73
43 45 55
39 41 52
52 56 67
65 69 80
57 61 72
45 49 60
22 26 37
246 250 5
240 242 252
21 23 31
14 16 24
22 24 32
6 8 16
16 18 26
32 34 42
27 29 37
28 30 38
35 37 45
33 35 43
25 27 35
21 23 31
24 26 34
21 23 31
11 13 23
12 21 34
1 14 28
0 13 29
27 40 56
247 5 23
13 27 45
238 254 15
193 208 227
225 242 7
193 212 233
198 216 239
179 200 222
197 217 242
171 193 218
117 138 165
201 226 252
172 206 235
158 196 226
180 215 249
216 250 30
100 126 165
100 117 156
100 125 164
100 123 158
236 5 37
159 184 210
236 5 25
237 4 20
238 4 16
0 21 29
32 54 60
254 19 27
10 29 42
243 6 21
243 6 21
215 234 249
199 215 232
164 180 197
151 167 184
142 158 175
146 162 178
168 183 199
150 166 179
141 157 170
160 176 189
168 184 196
194 210 222
242 255 15
42 47 72
157 159 189
120 122 152
157 158 186
187 188 216
212 213 241
238 239 11
238 238 12
243 244 22
230 231 13
219 218 4
220 222 14
210 213 8
121 124 179
121 125 184
174 179 240
210 217 24
236 245 52
1 10 73
120 131 189
100 104 156
167 184 227
185 204 237
234 255 20
71 92 99
80 98 99
81 95 89
84 93 83
99 99 93
93 90 82
99 99 96
99 98 98
98 93 94
94 94 94
94 94 94
94 94 94
96 94 94
96 94 94
96 94 94
96 94 93
98 96 96
96 97 95
96 96 96
96 96 96
96 96 96
96 96 96
96 96 96
96 96 96
94 94 94
94 94 94
94 94 94
94 94 94
94 94 94
94 94 94
94 94 94
94 94 94
96 96 96
96 96 96
96 96 96
96 96 96
96 96 96
96 96 96
96 96 96
96 96 96
99 99 99
99 99 99
99 99 99
99 99 99
99 99 99
99 99 99
99 99 99
99 99 99
99 99 99
99 99 99
99 99 99
99 99 99
99 99 99
99 99 99
99 99 99
99 99 99
99 99 99
97 99 99
97 98 99
95 98 99
97 99 99
97 99 99
99 99 99
99 99 98
99 99 98
99 99 98
95 93 92
94 95 93
98 97 99
93 96 99
94 98 99
75 81 88
242 249 2
5 5 11
15 2 0
246 228 221
219 205 199
233 223 216
254 247 244
89 88 84
99 99 98
78 83 82
90 94 95
92 96 97
97 98 99
99 98 99
99 98 99
99 97 99
99 93 96
97 90 93
98 98 98
94 99 98
94 99 98
93 98 97
93 98 97
92 97 96
92 97 96
92 97 96
93 98 97
93 98 97
93 98 97
93 98 97
93 98 97
93 98 97
93 98 97
93 98 97
97 99 99
96 97 99
96 97 99
97 98 99
97 98 99
97 98 99
92 93 97
87 88 92
97 98 99
94 95 99
92 93 97
94 95 99
97 98 99
97 98 99
97 98 99
89 91 92
97 99 98
87 91 86
54 56 56
41 43 44
13 15 23
8 10 20
21 24 39
25 29 47
16 22 41
18 24 43
27 34 53
35 45 63
27 40 56
8 24 37
2 18 31
10 23 37
4 15 29
14 25 39
27 36 49
26 35 45
9 16 25
249 255 4
252 255 4
6 9 13
231 233 234
211 213 214
190 193 197
244 247 251
18 22 27
26 32 37
42 48 55
45 50 59
55 59 70
55 59 70
54 58 69
50 54 65
47 51 62
47 51 62
51 55 66
54 58 69
48 52 63
38 42 53
45 49 60
57 61 72
42 46 57
12 16 27
250 254 9
245 249 4
253 255 9
251 253 7
0 2 12
252 254 8
255 1 11
2 4 14
3 5 15
6 8 18
19 21 31
17 19 29
23 25 35
32 34 44
28 30 40
12 14 24
1 3 13
254 3 12
247 0 13
7 19 31
7 20 34
255 12 26
1 16 32
16 31 47
234 250 11
170 188 205
189 206 227
203 222 243
222 243 9
211 234 0
174 196 221
123 147 171
138 161 187
235 6 33
134 169 202
137 175 209
201 237 17
137 173 209
100 126 162
103 135 171
105 132 169
130 156 192
188 213 245
115 139 167
249 16 38
219 243 5
9 30 45
249 15 26
4 26 32
242 7 15
223 242 255
249 11 28
217 237 254
234 254 15
204 224 242
184 204 222
164 184 202
174 194 212
152 170 187
147 165 182
151 167 183
141 158 171
151 167 180
157 171 183
155 170 179
202 213 227
27 34 59
40 44 72
100 100 120
100 100 122
107 109 133
147 147 171
195 195 219
239 240 10
5 5 35
246 247 25
9 8 50
1 1 47
230 230 28
201 203 5
100 100 152
181 184 252
244 250 69
247 255 76
9 19 89
9 22 84
100 102 153
160 179 217
183 204 232
206 228 246
78 98 99
74 93 96
82 94 94
84 93 90
93 97 91
95 93 85
99 98 90
99 99 95
97 95 94
95 95 95
95 95 95
95 95 95
95 95 95
95 95 95
95 95 95
95 95 95
96 96 96
96 96 96
96 96 96
96 96 96
96 96 96
96 96 96
96 96 96
96 96 96
95 95 95
95 95 95
95 95 95
95 95 95
95 95 95
95 95 95
95 95 95
95 95 95
96 96 96
96 96 96
96 96 96
96 96 96
96 96 96
96 96 96
96 96 96
96 96 96
98 98 98
98 98 98
99 99 99
99 99 99
99 99 99
99 99 99
99 99 99
99 99 99
99 99 99
99 99 99
99 99 99
99 99 99
99 99 99
99 99 99
99 99 99
99 99 99
99 99 99
97 99 99
97 98 99
95 98 99
97 99 99
97 99 99
99 99 99
99 99 98
99 99 98
99 99 98
96 94 93
94 95 93
98 97 99
92 95 99
94 98 99
78 84 91
246 253 6
2 2 8
31 16 14
233 213 208
213 197 191
246 234 228
253 244 241
51 48 44
99 99 98
85 88 86
94 96 96
95 97 97
96 98 99
99 98 99
99 98 99
99 96 98
99 93 96
98 93 95
98 98 98
96 98 98
96 98 98
96 98 98
95 97 97
95 97 97
94 96 96
94 96 96
95 97 97
95 97 97
95 97 97
95 97 97
95 97 97
95 97 97
95 97 97
95 97 97
97 96 98
93 92 94
90 89 91
93 92 94
99 98 99
99 98 99
99 98 99
98 97 99
96 95 97
99 98 99
99 98 99
92 91 93
89 88 90
93 92 94
86 85 87
71 73 74
2 7 6
18 23 22
16 21 22
12 17 20
12 17 26
253 3 14
1 8 25
252 3 22
240 250 12
246 255 19
2 13 33
15 29 47
17 31 49
11 27 43
13 29 45
22 38 51
16 29 43
23 34 48
24 33 46
14 23 33
5 12 21
254 4 9
247 250 255
238 241 245
230 233 237
221 224 228
183 186 190
243 246 250
27 31 36
37 43 50
42 47 56
43 50 59
52 58 69
48 54 67
43 49 62
42 48 61
43 49 62
45 51 64
45 51 64
45 51 64
46 52 65
42 48 61
39 45 58
36 42 55
17 23 36
237 243 0
222 228 241
233 239 250
243 248 1
217 222 231
238 243 252
226 231 240
242 247 0
240 245 254
238 243 252
0 5 14
19 24 33
10 15 24
5 10 19
7 12 21
5 10 19
254 3 12
255 4 13
5 12 21
230 239 252
228 240 252
237 251 7
232 245 3
5 20 36
236 251 11
227 243 4
217 235 252
237 254 19
207 226 247
174 195 217
100 106 128
100 106 131
174 197 223
193 216 242
193 222 249
135 170 203
108 146 180
227 8 42
131 168 202
100 124 160
111 143 179
117 145 180
160 187 221
140 165 197
124 148 176
199 221 246
238 6 26
234 254 15
14 36 48
244 9 17
255 20 28
236 255 12
204 223 238
235 253 14
224 242 3
198 218 235
195 215 232
182 202 219
179 199 216
154 174 191
160 180 197
148 166 183
178 194 210
179 195 211
149 165 178
161 177 190
161 176 192
224 234 2
34 41 68
228 235 6
100 100 125
111 115 139
100 100 124
112 114 138
140 141 167
195 195 225
6 7 41
17 16 58
31 31 77
15 15 69
247 249 51
145 146 207
153 156 224
226 232 49
252 3 76
10 19 87
20 31 91
197 212 5
128 147 185
186 207 235
211 232 253
65 84 97
68 87 92
81 93 93
92 99 98
90 94 89
99 99 95
99 96 91
98 93 90
98 96 95
96 96 96
96 96 96
96 96 96
96 96 96
96 96 96
96 96 96
96 96 96
97 97 97
97 97 97
97 97 97
97 97 97
97 97 97
97 97 97
97 97 97
97 97 97
96 96 96
96 96 96
96 96 96
96 96 96
96 96 96
96 96 96
96 96 96
96 96 96
96 96 96
96 96 96
96 96 96
96 96 96
96 96 96
96 96 96
96 96 96
96 96 96
96 96 96
96 96 96
99 99 99
99 99 99
99 99 99
99 99 99
99 99 99
99 99 99
99 99 99
99 99 99
99 99 99
99 99 99
99 99 99
99 99 99
99 99 99
99 99 99
99 99 99
97 99 99
97 98 99
95 98 99
97 99 99
97 99 99
99 99 99
99 99 98
99 99 98
99 99 98
98 96 95
94 95 93
98 97 99
92 95 99
94 98 99
81 87 94
250 1 10
254 254 4
16 1 255
234 212 207
236 217 212
246 231 228
15 4 0
20 13 10
99 96 95
98 96 95
97 97 97
95 97 97
96 98 98
98 97 99
97 96 98
99 96 98
99 95 97
97 94 96
99 99 99
97 99 99
96 98 98
96 98 98
96 98 98
95 97 97
95 97 97
95 97 97
96 98 98
96 98 98
96 98 98
96 98 98
96 98 98
96 98 98
96 98 98
96 98 98
90 90 90
90 90 90
93 90 92
93 93 93
97 94 96
97 97 97
99 96 98
97 97 97
99 98 99
96 96 96
91 88 90
93 93 93
99 98 99
86 86 86
39 36 38
244 246 247
13 18 19
39 48 51
33 42 46
253 7 14
6 15 25
254 7 21
8 18 36
249 4 24
1 15 34
255 13 32
1 15 37
11 26 45
18 35 54
19 37 54
12 32 49
11 30 45
250 9 25
4 15 29
2 13 27
253 6 19
3 10 19
12 18 25
6 10 15
246 249 253
231 234 238
194 197 201
166 169 173
255 3 8
31 37 44
29 37 44
38 45 54
48 54 65
50 56 69
40 48 61
35 41 54
33 41 54
40 46 59
41 49 62
41 47 60
35 43 56
34 40 53
45 53 66
37 43 56
15 23 36
3 9 22
233 241 254
217 223 236
221 227 240
217 221 232
205 210 219
223 228 237
222 227 236
232 237 246
236 241 250
249 254 7
19 24 33
12 17 26
12 17 26
3 8 17
244 249 2
240 245 254
248 253 6
252 1 10
247 254 7
228 238 248
193 205 217
205 219 231
230 244 0
9 24 40
228 243 3
227 243 4
233 250 13
234 253 18
142 163 184
100 100 118
125 149 173
151 174 200
155 180 206
208 233 3
191 219 249
135 170 203
138 176 210
209 246 24
122 157 191
100 103 139
109 141 177
127 155 190
194 221 255
100 109 141
105 129 157
146 170 194
228 252 16
223 245 7
236 1 16
241 7 18
218 238 249
226 245 2
232 251 10
194 212 229
187 205 222
222 242 3
180 200 217
189 209 226
179 199 216
167 187 204
146 166 183
184 204 221
193 211 228
192 210 227
195 213 230
162 181 196
165 181 198
166 177 204
246 1 28
40 49 76
215 222 247
105 111 134
100 100 117
105 109 133
100 100 118
105 107 137
212 214 248
12 14 55
26 29 74
36 38 92
254 0 58
230 233 38
122 126 191
221 223 38
248 252 67
13 19 84
31 42 99
246 4 53
108 127 165
206 226 1
161 182 204
0 19 34
70 88 95
81 94 96
92 99 99
95 99 98
99 99 96
99 99 96
96 91 88
98 96 95
96 96 96
96 96 96
96 96 96
96 96 96
96 96 96
96 96 96
96 96 96
98 98 98
98 98 98
98 98 98
98 98 98
98 98 98
98 98 98
98 98 98
98 98 98
96 96 96
96 96 96
96 96 96
96 96 96
96 96 96
96 96 96
96 96 96
96 96 96
97 97 97
97 97 97
97 97 97
97 97 97
97 97 97
97 97 97
97 97 97
97 97 97
94 94 94
94 94 94
99 99 99
99 99 99
99 99 99
99 99 99
99 99 99
99 99 99
99 99 99
99 99 99
99 99 99
99 99 99
99 99 99
99 99 99
99 99 99
99 99 99
99 99 99
97 99 99
97 98 99
95 98 99
97 99 99
97 99 99
99 99 99
99 99 98
99 99 98
99 99 98
99 97 96
93 94 92
99 98 99
91 94 98
93 97 99
85 91 98
255 6 15
249 249 255
251 235 236
21 254 252
16 251 249
235 218 215
2 246 242
13 4 0
89 82 79
99 97 93
99 99 98
98 99 97
97 98 96
96 96 96
96 96 96
96 96 96
96 96 96
97 97 97
97 99 99
97 99 99
97 99 99
96 98 98
96 98 98
96 98 98
95 97 97
95 97 97
96 98 98
96 98 98
96 98 98
96 98 98
96 98 98
96 98 98
96 98 98
98 98 98
94 92 92
99 98 97
99 98 99
99 99 98
99 97 98
95 93 92
95 90 91
94 92 91
96 91 92
99 99 98
99 98 99
78 76 75
35 30 31
255 253 252
3 254 255
15 17 18
39 48 52
35 49 55
0 13 21
214 226 236
229 241 253
230 243 3
244 2 21
233 247 13
255 16 37
255 16 37
253 15 38
2 21 42
8 29 50
15 37 55
11 35 53
8 30 48
233 249 10
251 8 24
2 13 27
249 2 15
243 252 6
250 1 10
254 4 11
249 253 2
232 236 241
171 175 180
178 182 187
16 22 29
29 35 42
25 32 41
42 48 59
41 50 60
42 50 63
33 42 56
27 34 49
26 35 49
32 39 54
34 43 57
33 40 55
28 37 51
25 32 47
34 43 57
26 33 48
11 20 34
6 13 28
243 252 10
224 231 246
223 231 244
207 213 224
219 224 233
212 217 226
233 238 247
236 241 250
249 254 7
15 20 29
26 31 40
1 6 15
10 15 24
14 19 28
10 15 24
11 16 25
16 21 30
13 18 27
3 10 19
14 24 34
210 222 232
183 195 207
185 199 211
218 233 249
3 18 34
16 32 49
234 251 14
116 135 156
100 112 134
135 157 182
155 179 203
158 181 207
198 222 250
190 214 242
138 166 196
100 117 150
193 230 8
178 213 247
100 125 159
100 121 157
118 150 186
123 151 186
178 205 239
100 119 151
100 120 150
134 157 183
230 253 19
222 246 10
221 244 4
236 3 18
214 236 248
223 242 1
182 201 216
195 214 229
211 230 245
186 204 221
223 241 2
197 215 232
198 216 233
166 186 204
176 196 214
167 187 205
189 209 227
188 208 226
184 204 222
201 223 241
161 180 201
153 168 194
190 203 229
11 22 49
11 23 47
148 159 181
100 102 125
112 118 141
122 127 152
101 105 134
113 118 151
11 13 54
16 19 64
24 26 80
17 19 77
0 3 64
171 173 238
221 222 34
15 16 84
34 39 99
17 26 83
219 233 25
100 103 142
226 246 21
156 176 201
191 211 228
80 96 99
83 97 99
90 99 99
95 99 99
99 99 98
99 99 96
98 95 91
99 97 96
97 97 97
97 97 97
97 97 97
97 97 97
97 97 97
97 97 97
97 97 97
98 98 98
98 98 98
98 98 98
98 98 98
98 98 98
98 98 98
98 98 98
98 98 98
97 97 97
97 97 97
97 97 97
97 97 97
97 97 97
97 97 97
97 97 97
97 97 97
97 97 97
97 97 97
97 97 97
97 97 97
97 97 97
97 97 97
97 97 97
97 97 97
94 94 94
94 94 94
99 99 99
99 99 99
99 99 99
99 99 99
99 99 99
99 99 99
99 99 99
99 99 99
99 99 99
99 99 99
99 99 99
99 99 99
99 99 99
99 99 99
99 99 99
97 99 99
97 98 99
95 98 99
97 99 99
97 99 99
99 99 99
99 99 98
99 99 98
99 99 98
99 99 98
93 94 92
99 98 99
90 93 97
91 95 99
89 95 99
4 11 20
245 245 251
11 251 252
55 32 30
22 255 253
245 226 223
242 225 222
4 248 244
47 36 32
99 99 96
99 99 96
99 99 96
99 97 96
95 96 94
92 94 94
93 95 95
95 97 97
96 98 98
97 99 99
97 99 99
97 99 99
97 99 99
96 98 98
96 98 98
96 98 98
96 98 98
97 99 99
97 99 99
97 99 99
97 99 99
97 99 99
97 99 99
97 99 99
99 99 99
99 99 98
99 99 98
99 98 97
99 96 95
99 95 94
99 99 98
99 99 98
99 99 98
99 95 94
68 64 63
36 31 30
14 10 9
4 255 254
6 2 1
30 25 24
50 52 53
34 46 52
250 11 20
212 228 240
215 232 245
245 5 21
244 6 23
250 13 34
245 8 29
231 252 18
242 7 29
247 14 36
246 13 35
247 15 37
2 26 48
11 35 57
15 39 59
254 15 34
0 14 32
250 7 23
240 251 9
234 243 0
231 240 250
224 231 240
216 222 229
223 229 236
170 176 183
221 227 234
21 28 37
20 27 36
27 36 46
43 52 62
26 35 48
33 42 56
27 38 52
22 32 49
20 31 45
22 32 49
24 35 49
24 34 51
23 34 48
23 33 50
15 26 40
11 21 38
17 28 42
11 21 38
244 255 13
233 243 4
245 254 12
230 236 247
238 243 252
212 217 226
244 249 2
251 0 9
7 12 21
19 24 33
14 19 28
28 33 42
17 22 31
8 13 22
7 12 21
2 7 16
251 0 9
253 2 11
3 10 19
21 31 41
3 15 25
4 16 28
7 21 33
240 253 13
242 2 18
191 206 225
100 117 135
167 188 210
179 202 224
175 199 223
185 210 236
174 198 226
187 213 243
202 228 2
108 137 168
125 160 193
201 238 16
153 188 222
100 129 163
108 140 176
113 145 180
143 171 206
135 163 197
100 117 148
100 105 135
141 165 193
211 234 4
197 220 242
209 233 253
179 203 221
196 219 235
182 202 219
216 235 250
196 215 230
218 237 252
230 248 9
204 222 239
203 221 238
208 226 243
194 214 232
178 198 216
192 214 232
170 191 212
166 190 210
203 226 248
195 218 240
184 207 229
141 158 185
185 200 226
187 202 228
25 39 62
230 243 9
177 188 210
100 100 117
138 145 170
133 139 168
100 100 124
200 204 245
19 24 69
18 22 75
25 29 87
15 18 79
11 13 77
176 175 241
7 9 73
51 54 99
40 50 99
185 199 247
100 101 142
207 227 6
159 180 207
162 181 202
67 86 99
83 98 99
81 92 96
94 99 99
87 87 87
99 95 94
99 98 97
99 98 98
98 98 98
98 98 98
98 98 98
98 98 98
98 98 98
98 98 98
98 98 98
99 99 99
99 99 99
99 99 99
99 99 99
99 99 99
99 99 99
99 99 99
99 99 99
98 98 98
98 98 98
98 98 98
98 98 98
98 98 98
98 98 98
98 98 98
98 98 98
98 98 98
98 98 98
98 98 98
98 98 98
98 98 98
98 98 98
98 98 98
98 98 98
96 96 96
96 96 96
99 99 99
99 99 99
99 99 99
99 99 99
99 99 99
99 99 99
99 99 99
99 99 99
99 99 99
99 99 99
99 99 99
99 99 99
99 99 99
99 99 99
99 99 99
97 99 99
97 98 99
95 98 99
97 99 99
97 99 99
99 99 99
99 99 98
99 99 98
99 99 98
99 99 98
92 93 91
99 98 99
90 93 97
90 94 99
92 98 99
8 15 24
242 242 248
30 13 16
46 22 22
14 246 246
3 238 237
246 227 224
252 235 232
14 255 252
99 96 92
99 99 95
99 99 95
99 97 93
96 95 91
93 94 92
93 96 94
93 98 97
95 99 99
97 99 99
99 99 99
99 99 99
99 99 99
99 99 99
98 98 98
98 98 98
98 98 98
99 99 99
99 99 99
99 99 99
99 99 99
99 99 99
99 99 99
99 99 99
99 99 99
99 99 98
99 98 97
95 87 87
94 89 88
99 96 96
99 99 98
99 92 92
88 83 82
37 29 29
32 27 26
29 21 21
22 17 16
23 15 15
28 23 22
48 40 40
54 56 57
24 39 48
231 252 11
200 220 237
231 251 12
247 11 29
248 13 34
253 21 41
255 22 44
3 27 51
12 36 60
9 35 59
252 22 46
245 15 39
250 22 46
255 27 51
0 27 48
5 24 45
244 3 22
228 242 4
228 241 1
233 244 2
226 235 248
210 219 229
200 207 216
193 200 209
167 174 183
253 4 13
9 18 28
17 26 36
28 37 50
32 41 54
20 31 45
21 34 50
21 34 50
20 32 50
17 30 46
13 25 43
13 26 42
17 29 47
21 34 50
19 31 49
8 21 37
11 23 41
15 28 44
254 10 28
239 252 12
247 3 21
9 19 36
248 0 13
234 240 251
225 231 242
249 255 10
6 12 23
5 11 22
4 10 21
7 13 24
253 3 14
246 252 7
248 254 9
3 9 20
12 18 29
16 22 33
25 31 42
38 44 55
0 10 20
240 250 4
215 227 239
195 209 221
169 182 198
192 208 224
215 230 249
216 236 254
214 235 1
204 226 251
227 250 20
197 221 249
169 195 225
185 213 244
157 185 216
114 145 176
234 13 46
180 217 251
119 154 188
100 120 154
100 111 146
122 154 189
174 202 237
118 146 180
100 109 140
123 148 180
202 226 0
176 200 228
204 227 253
201 225 249
171 195 217
181 205 225
202 222 240
186 206 223
234 254 15
221 241 2
222 240 1
198 216 233
198 216 233
191 209 226
192 212 230
202 222 240
189 210 231
189 212 234
189 213 237
195 221 245
212 237 7
192 215 241
151 170 197
194 211 237
160 177 203
198 214 237
55 69 91
196 209 231
144 157 179
109 119 143
137 145 174
143 152 185
115 123 163
255 8 52
20 28 81
20 29 86
21 29 89
45 50 99
11 13 77
18 21 82
19 23 82
63 73 99
100 100 138
100 100 141
192 214 250
183 207 237
144 166 191
16 36 54
81 97 99
81 93 99
92 98 99
87 88 92
93 91 91
99 98 99
99 99 99
99 99 99
99 99 99
99 99 99
99 99 99
99 99 99
99 99 99
99 99 99
99 99 99
99 99 99
99 99 99
99 99 99
99 99 99
99 99 99
99 99 99
99 99 99
99 99 99
99 99 99
99 99 99
99 99 99
99 99 99
99 99 99
99 99 99
99 99 99
98 98 98
98 98 98
98 98 98
98 98 98
98 98 98
98 98 98
98 98 98
98 98 98
98 98 98
98 98 98
99 99 99
99 99 99
99 99 99
99 99 99
99 99 99
99 99 99
99 99 99
99 99 99
99 99 99
99 99 99
99 99 99
99 99 99
99 99 99
99 99 99
99 99 99
97 99 99
97 98 99
95 98 99
97 99 99
97 99 99
99 99 99
99 99 98
99 99 98
99 99 98
99 99 98
92 93 91
99 98 99
90 93 97
89 93 98
92 98 99
9 16 25
240 239 248
19 4 8
27 3 5
23 255 1
252 231 230
253 232 230
3 240 235
18 2 252
85 72 64
99 99 93
99 99 93
99 97 92
97 94 90
93 94 90
93 96 94
94 99 98
95 99 99
97 99 99
99 99 99
99 99 99
99 99 99
99 99 99
99 99 99
98 98 98
98 98 98
99 99 99
99 99 99
99 99 99
99 99 99
99 99 99
99 99 99
99 99 99
99 99 99
99 99 98
99 98 98
99 92 92
99 98 98
99 98 98
99 92 92
57 49 49
18 10 10
33 25 25
39 31 31
36 28 28
25 17 17
25 17 17
38 30 30
48 40 40
41 42 46
240 0 13
221 245 7
220 244 8
8 32 52
1 25 45
255 24 44
253 21 43
246 17 38
236 6 30
240 10 34
236 8 32
232 4 28
245 16 42
9 36 62
14 44 69
10 36 60
5 26 48
247 8 29
236 251 14
232 246 8
220 233 249
199 210 224
190 199 212
193 202 212
162 171 181
153 162 172
2 11 21
250 3 16
19 28 41
22 33 47
16 27 41
25 38 54
14 28 46
17 33 50
18 33 52
13 29 46
6 21 40
5 21 38
11 26 45
18 34 51
10 25 44
11 27 44
17 32 51
4 20 37
232 247 10
234 250 11
3 18 37
16 29 45
250 2 15
220 226 237
243 249 4
252 2 13
12 18 29
251 1 12
246 252 7
16 22 33
239 245 0
255 5 16
9 15 26
1 7 18
237 243 254
206 212 223
167 173 184
133 142 152
129 138 148
164 174 184
184 196 208
189 203 215
199 212 226
212 228 244
221 238 1
232 251 16
195 216 238
188 212 236
212 236 8
223 249 23
212 240 15
201 230 5
179 208 239
156 187 220
232 11 45
163 200 234
100 134 168
100 102 136
100 108 143
172 204 239
165 196 229
100 111 145
100 118 149
217 245 20
176 201 233
132 156 186
106 130 158
197 219 247
177 199 227
209 232 2
194 217 239
207 228 249
199 221 239
220 240 2
208 228 245
200 218 235
184 202 219
187 205 222
175 195 213
180 202 220
198 219 240
203 227 251
205 230 0
206 233 3
196 223 250
192 216 244
167 188 215
150 170 195
189 206 232
146 164 187
11 28 49
30 44 66
201 215 237
113 127 150
129 141 169
206 217 249
100 104 144
210 223 11
12 23 75
26 37 94
248 3 63
13 22 85
43 48 99
35 40 99
33 41 99
42 53 99
167 184 235
100 116 162
142 166 208
171 197 233
130 154 184
214 236 5
78 95 99
83 96 99
88 97 99
95 98 99
91 90 92
99 99 99
99 99 99
99 99 99
99 99 99
99 99 99
99 99 99
99 99 99
99 99 99
99 99 99
99 99 99
99 99 99
99 99 99
99 99 99
99 99 99
99 99 99
99 99 99
99 99 99
99 99 99
99 99 99
99 99 99
99 99 99
99 99 99
99 99 99
99 99 99
99 99 99
98 98 98
98 98 98
98 98 98
98 98 98
98 98 98
98 98 98
98 98 98
98 98 98
99 99 99
99 99 99
99 99 99
99 99 99
99 99 99
99 99 99
99 99 99
99 99 99
99 99 99
99 99 99
99 99 99
99 99 99
99 99 99
99 99 99
99 99 99
99 99 99
99 99 99
97 99 99
97 98 99
95 98 99
97 99 99
97 99 99
99 99 99
99 99 98
99 99 98
99 99 98
99 99 98
99 99 98
93 92 94
95 98 99
90 94 99
91 97 99
25 32 41
232 231 240
248 232 239
12 245 249
22 0 2
15 250 249
0 235 233
253 233 228
11 248 241
26 9 0
99 84 77
99 99 92
99 99 93
99 97 92
99 99 96
94 97 95
86 91 90
95 99 99
91 93 93
95 95 95
98 98 98
99 99 99
99 99 99
99 99 99
99 99 99
99 99 99
95 95 95
96 96 96
97 97 97
98 98 98
97 97 97
98 98 98
99 99 99
99 99 99
99 99 98
99 93 93
99 95 95
99 91 91
67 59 59
28 20 20
25 17 17
48 40 40
37 29 29
43 35 35
32 24 24
15 7 7
28 20 20
57 49 49
52 44 44
13 14 18
222 238 255
219 243 9
207 231 253
248 16 38
239 7 29
21 48 69
251 22 43
1 30 51
233 5 29
228 0 24
245 16 42
7 34 60
7 37 62
14 44 69
17 47 72
4 31 57
255 21 46
233 251 18
226 243 8
213 228 247
208 222 240
206 219 235
185 196 210
188 197 210
161 170 183
185 194 207
255 8 21
248 3 17
7 18 32
1 14 30
13 26 42
17 31 49
252 13 32
16 33 52
10 27 48
254 15 34
6 23 44
9 26 45
255 16 37
253 14 33
18 35 56
254 15 34
0 17 38
224 241 4
237 254 19
253 14 33
10 27 48
2 16 34
214 223 237
250 0 13
250 0 13
246 252 9
11 17 30
244 250 7
245 251 8
237 243 0
6 12 25
8 14 27
225 231 244
198 204 217
220 226 239
251 1 14
8 14 27
1 10 20
237 246 0
210 221 229
174 186 196
170 184 196
222 235 249
156 172 188
218 235 254
237 2 23
164 187 209
189 213 237
240 8 36
189 215 245
136 164 195
199 227 5
165 196 229
159 191 226
170 205 239
117 151 187
100 118 152
100 119 153
116 149 182
190 223 0
136 167 200
100 100 127
214 242 20
181 208 242
112 139 173
100 113 145
100 108 140
121 144 176
189 212 244
181 205 235
210 233 3
197 221 245
192 215 237
195 219 239
160 182 200
184 204 222
186 204 221
164 182 199
162 182 199
178 200 218
181 202 223
204 228 252
195 220 246
211 238 9
218 246 20
195 222 249
199 222 248
138 160 185
197 217 242
178 196 219
150 169 190
33 50 71
2 19 40
130 146 169
15 29 57
249 8 40
100 100 138
100 101 144
243 1 53
0 15 71
243 3 62
245 4 66
20 30 90
51 61 99
18 29 89
22 39 96
31 52 99
138 165 216
139 167 214
169 199 240
136 164 199
193 219 249
60 83 99
79 95 99
79 89 99
87 93 98
97 99 99
94 94 94
99 99 99
99 99 99
99 99 99
99 99 99
99 99 99
99 99 99
99 99 99
99 99 99
99 99 99
99 99 99
99 99 99
99 99 99
99 99 99
99 99 99
99 99 99
99 99 99
99 99 99
99 99 99
99 99 99
99 99 99
99 99 99
99 99 99
99 99 99
99 99 99
99 99 99
99 99 99
99 99 99
99 99 99
99 99 99
99 99 99
99 99 99
99 99 99
99 99 99
99 99 99
99 99 99
99 99 99
99 99 99
99 99 99
99 99 99
99 99 99
99 99 99
99 99 99
99 99 99
99 99 99
99 99 99
99 99 99
99 99 99
99 99 99
99 99 99
97 99 99
97 98 99
95 98 99
97 99 99
97 99 99
99 99 99
99 99 98
99 99 98
99 99 98
99 99 98
99 99 98
94 93 95
95 98 99
90 94 99
91 97 99
30 37 46
231 233 241
217 205 211
251 231 236
11 246 249
3 238 237
2 235 233
12 246 240
16 249 241
5 240 232
61 42 34
99 95 86
99 99 92
99 99 93
91 88 83
98 99 95
95 99 98
95 99 99
99 99 99
98 98 98
97 97 97
95 95 95
95 95 95
95 95 95
96 96 96
97 97 97
99 99 99
99 99 99
94 94 94
95 95 95
99 99 99
99 99 99
98 98 98
94 92 92
99 98 99
93 88 87
69 61 62
47 42 41
40 32 33
36 31 30
40 32 33
41 36 35
58 50 51
30 25 24
13 5 6
13 8 7
31 23 24
40 35 34
23 15 16
232 235 240
223 240 3
211 237 5
206 232 0
228 254 22
232 3 24
255 26 47
2 29 50
17 46 67
20 47 68
6 34 58
11 37 61
12 39 65
5 32 58
5 32 58
4 31 58
248 16 44
251 16 43
240 4 29
247 9 32
246 7 28
247 6 25
240 254 16
213 226 242
206 217 231
164 175 189
206 217 231
238 249 7
249 6 22
2 15 31
249 7 25
15 29 47
0 15 34
249 12 33
4 25 46
2 20 43
251 16 37
4 22 45
1 22 43
250 12 35
250 15 36
254 16 39
0 21 42
253 15 38
203 224 245
225 243 10
255 20 41
2 20 43
233 248 11
227 236 250
250 0 13
224 230 243
255 5 18
238 244 1
8 14 27
2 8 21
5 11 24
246 252 9
198 204 217
238 244 1
15 21 34
240 246 3
212 218 231
208 214 227
224 233 243
239 248 2
2 13 21
234 244 254
232 244 0
254 11 25
177 193 210
177 194 213
195 216 237
201 223 248
173 198 224
123 149 179
156 184 215
173 201 235
185 215 250
138 170 205
202 234 14
147 181 217
100 115 151
100 116 150
108 143 177
165 198 231
175 208 241
100 116 149
180 211 244
164 192 226
120 148 182
100 127 161
100 120 156
100 112 148
100 119 155
124 147 185
162 186 222
160 185 217
153 180 207
158 183 209
176 200 224
152 176 196
162 184 202
161 181 199
154 172 189
155 175 192
177 197 215
188 209 230
213 237 3
191 216 242
190 217 244
203 231 5
203 230 1
187 209 237
200 220 245
162 182 207
188 206 229
166 185 206
205 224 245
38 57 78
219 237 4
1 20 47
174 194 225
118 137 175
5 27 69
110 131 182
245 10 65
240 6 64
238 3 64
244 3 65
31 46 99
44 63 99
4 28 88
29 57 99
24 57 99
100 128 181
150 184 230
131 166 206
185 215 250
49 74 99
50 70 88
83 97 99
90 98 99
84 88 89
97 99 99
99 99 99
99 99 99
99 99 99
99 99 99
99 99 99
99 99 99
99 99 99
99 99 99
99 99 99
99 99 99
99 99 99
99 99 99
99 99 99
99 99 99
99 99 99
99 99 99
99 99 99
99 99 99
99 99 99
99 99 99
99 99 99
99 99 99
99 99 99
99 99 99
99 99 99
99 99 99
99 99 99
99 99 99
99 99 99
99 99 99
99 99 99
99 99 99
99 99 99
99 99 99
99 99 99
99 99 99
99 99 99
99 99 99
99 99 99
99 99 99
99 99 99
99 99 99
99 99 99
99 99 99
99 99 99
99 99 99
99 99 99
99 99 99
99 99 99
97 99 99
97 98 99
95 98 99
97 99 99
97 99 99
99 99 99
99 99 98
99 99 98
99 99 98
99 99 98
99 99 98
95 94 96
95 98 99
91 95 99
92 98 99
40 47 56
234 236 244
212 204 211
245 229 236
26 9 12
50 29 31
48 25 23
30 6 0
16 246 239
9 240 230
42 20 9
88 68 57
99 99 91
99 97 89
99 93 88
99 99 96
97 99 98
87 90 88
98 98 98
99 98 98
99 99 99
99 99 99
99 99 99
99 99 99
99 99 99
99 99 99
99 99 99
99 97 97
97 95 95
99 97 97
99 99 99
99 99 99
99 98 98
97 95 95
72 67 68
52 47 48
32 25 28
25 20 21
38 31 34
49 44 45
50 43 46
41 36 37
55 48 51
9 4 5
252 245 248
15 10 11
24 17 20
12 7 8
247 240 243
211 213 221
224 241 6
213 236 6
215 238 8
218 242 10
242 10 32
255 23 45
16 41 61
14 41 61
9 34 54
252 23 44
251 19 41
250 20 44
247 16 42
251 20 46
254 22 50
249 15 43
247 13 41
242 7 34
251 15 40
252 14 37
252 13 34
243 2 21
212 226 244
197 210 226
172 185 201
232 245 5
216 229 245
248 6 24
247 5 23
243 2 21
12 27 46
232 249 14
245 10 32
246 13 35
247 11 36
249 16 38
1 21 46
248 15 37
244 8 33
249 16 38
238 2 27
251 18 40
239 3 28
190 213 235
223 243 12
251 18 40
235 255 24
210 227 248
250 4 21
249 1 14
230 238 251
237 245 2
231 239 252
251 3 16
1 9 22
241 249 6
222 230 243
3 11 24
206 214 227
188 196 209
234 242 255
15 23 36
46 54 67
44 53 63
39 48 58
39 50 58
244 254 8
218 230 242
4 17 31
215 231 248
188 205 224
193 214 235
224 246 15
193 218 244
155 183 213
219 248 23
166 196 231
155 187 223
168 200 236
198 232 12
109 143 179
100 102 138
114 146 181
116 148 183
185 218 251
154 187 220
168 199 230
191 222 253
120 151 184
100 112 145
106 134 169
103 130 167
100 123 163
100 116 156
100 108 150
159 183 225
132 161 198
137 168 201
146 176 205
165 192 219
151 175 199
146 169 191
151 171 189
168 188 206
158 176 193
164 184 202
165 186 207
189 212 234
182 205 231
193 220 247
207 235 9
215 242 13
185 206 234
203 220 246
182 199 225
189 207 230
182 201 222
172 191 212
250 13 34
26 47 69
215 236 7
189 213 243
248 18 55
194 222 7
128 155 205
215 246 43
220 250 51
221 249 53
223 248 56
209 234 42
2 30 95
30 62 99
249 29 93
2 41 99
236 20 79
116 158 211
135 175 223
180 216 0
238 13 44
20 44 66
70 87 99
87 99 99
92 99 99
95 99 99
97 99 99
99 99 99
99 99 99
99 99 99
99 99 99
99 99 99
99 99 99
99 99 99
99 99 99
99 99 99
99 99 99
99 99 99
99 99 99
99 99 99
99 99 99
99 99 99
99 99 99
99 99 99
99 99 99
99 99 99
99 99 99
99 99 99
99 99 99
99 99 99
99 99 99
99 99 99
99 99 99
99 99 99
99 99 99
99 99 99
99 99 99
99 99 99
99 99 99
99 99 99
99 99 99
99 99 99
99 99 99
99 99 99
99 99 99
99 99 99
99 99 99
99 99 99
99 99 99
99 99 99
99 99 99
99 99 99
99 99 99
99 99 99
99 99 99
97 99 99
97 98 99
95 98 99
97 99 99
97 99 99
99 99 99
99 99 98
99 99 98
99 99 98
99 99 98
99 99 98
97 96 98
95 98 99
92 96 99
92 98 99
52 59 68
236 238 248
204 196 206
242 230 236
29 15 19
52 34 35
39 18 16
14 246 240
2 231 221
3 231 220
3 233 221
50 26 14
99 92 81
99 99 91
99 99 93
99 95 90
99 99 96
97 98 96
97 95 95
99 98 98
99 99 99
99 99 99
99 99 99
99 99 99
99 98 98
97 95 95
99 99 99
98 96 96
90 88 88
98 96 96
99 99 99
99 99 99
77 75 75
50 48 48
29 26 28
20 16 21
24 18 23
38 34 39
49 43 48
42 38 43
40 34 39
41 37 42
19 13 18
242 238 243
249 243 248
14 10 15
6 0 5
239 235 240
234 228 233
219 221 231
226 240 7
220 242 14
222 243 14
224 248 16
3 26 48
14 39 59
17 41 61
241 9 27
227 251 15
223 247 11
225 249 13
233 0 22
242 8 33
253 18 45
2 23 51
0 22 50
8 30 58
3 25 53
0 21 48
251 15 40
252 14 37
249 10 31
230 245 8
214 228 246
184 198 216
244 2 20
200 214 232
242 1 20
232 247 10
243 4 25
250 11 32
213 231 254
240 6 31
234 2 26
236 1 28
247 15 39
250 15 42
238 6 30
236 1 28
245 13 37
236 1 28
236 4 28
216 237 8
196 220 244
234 255 26
238 6 30
203 224 251
205 223 246
253 7 24
248 0 13
233 241 254
224 232 245
232 240 253
229 237 250
222 230 243
208 216 229
215 223 236
197 205 218
1 9 22
33 41 54
33 41 54
29 37 50
3 11 24
19 27 40
51 60 69
23 32 41
227 237 247
185 197 209
239 252 10
228 244 5
209 226 245
185 206 228
207 229 254
191 215 243
215 243 18
181 212 245
147 179 215
154 187 226
228 5 44
131 164 203
100 116 152
108 142 178
118 150 185
131 163 198
144 177 210
217 250 27
218 249 24
117 148 179
100 130 163
100 119 154
117 144 181
100 126 166
102 127 169
105 130 174
100 115 161
158 184 230
146 178 219
135 171 209
121 153 188
129 158 189
143 170 197
145 169 193
137 158 179
144 164 182
163 181 198
167 185 202
159 179 197
173 194 215
170 194 218
188 213 239
190 217 244
194 218 246
193 212 239
177 192 218
212 227 253
181 197 220
188 205 226
178 197 218
174 195 216
253 20 42
251 20 46
231 3 33
245 18 55
137 169 210
230 7 56
163 200 252
135 172 228
10 46 99
211 243 52
186 219 32
213 248 60
231 16 85
18 60 99
0 47 99
12 60 99
227 18 79
112 159 211
141 183 228
220 1 35
62 92 99
62 83 98
77 93 99
89 99 99
93 99 98
97 99 99
99 99 99
99 99 99
99 99 99
99 99 99
99 99 99
99 99 99
99 99 99
99 99 99
99 99 99
99 99 99
99 99 99
99 99 99
99 99 99
99 99 99
99 99 99
99 99 99
99 99 99
99 99 99
99 99 99
99 99 99
99 99 99
99 99 99
99 99 99
99 99 99
99 99 99
99 99 99
99 99 99
99 99 99
99 99 99
99 99 99
99 99 99
99 99 99
99 99 99
99 99 99
99 99 99
99 99 99
99 99 99
99 99 99
99 99 99
99 99 99
99 99 99
99 99 99
99 99 99
99 99 99
99 99 99
99 99 99
99 99 99
99 99 99
97 99 99
97 98 99
95 98 99
97 99 99
97 99 99
99 99 99
99 99 98
99 99 98
99 99 98
99 99 98
99 99 98
99 98 99
95 98 99
93 97 99
92 98 99
66 73 82
239 241 251
203 200 209
247 240 247
14 3 6
253 239 240
249 229 224
9 242 234
15 243 232
0 227 213
248 219 205
11 240 226
64 42 30
99 94 82
99 99 92
99 98 93
99 99 96
98 96 95
99 99 99
99 99 99
99 99 99
98 96 96
96 94 94
93 91 91
91 89 89
90 88 88
99 99 99
99 99 99
99 99 99
99 98 98
78 76 76
53 51 51
31 29 29
18 15 17
29 25 30
27 25 31
33 29 35
37 35 41
36 32 38
24 22 28
24 20 26
26 24 30
242 238 244
231 229 235
246 242 248
0 254 4
241 237 243
222 220 226
229 225 231
232 233 247
226 240 7
224 245 17
218 237 8
241 7 32
1 22 44
2 26 46
251 17 35
227 250 10
232 254 16
233 255 17
235 1 19
242 7 28
253 17 42
2 22 47
255 18 45
252 17 45
247 13 41
248 14 42
238 4 32
233 254 25
241 3 26
245 6 27
237 252 15
218 233 252
195 210 229
239 254 17
192 207 226
230 245 8
215 232 253
244 6 29
223 241 8
206 226 251
236 3 29
225 250 20
231 253 25
241 10 36
241 7 35
228 253 23
229 251 23
233 2 28
234 0 28
224 249 19
201 223 251
202 227 253
240 6 34
227 252 22
185 207 235
205 225 250
239 251 13
237 244 3
198 205 220
225 232 247
213 220 235
209 216 231
173 180 195
212 219 234
254 5 20
12 19 34
251 2 17
14 21 36
31 38 53
44 51 66
51 58 73
242 250 7
225 234 243
229 238 247
230 240 250
224 236 248
224 237 251
232 248 9
220 237 0
183 204 226
195 218 244
221 248 19
145 174 205
154 185 218
155 187 223
246 23 62
171 206 246
100 118 158
100 126 165
118 150 186
118 150 185
113 145 180
186 219 252
241 19 49
140 174 204
100 125 155
100 118 151
102 132 167
107 136 173
100 119 160
103 130 174
108 134 181
102 127 177
143 170 220
102 138 184
138 177 221
150 186 226
120 152 187
100 124 155
100 104 130
100 120 140
133 153 171
129 147 164
140 158 175
154 172 189
180 200 218
173 196 218
176 200 224
168 193 219
189 212 238
197 211 239
188 201 227
200 213 239
177 191 214
185 202 223
169 188 209
165 186 207
192 216 238
24 51 77
239 13 42
201 235 15
193 229 13
251 35 83
100 138 189
166 212 10
14 58 99
189 231 42
162 204 19
146 189 6
196 245 63
203 254 71
249 48 99
252 52 99
3 59 99
238 35 92
124 172 220
187 229 10
241 18 44
72 97 99
81 99 99
77 89 89
94 99 98
97 99 99
99 99 99
99 99 99
99 99 99
99 99 99
99 99 99
99 99 99
99 99 99
99 99 99
99 99 99
99 99 99
99 99 99
99 99 99
99 99 99
99 99 99
99 99 99
99 99 99
99 99 99
99 99 99
99 99 99
99 99 99
99 99 99
99 99 99
99 99 99
99 99 99
99 99 99
99 99 99
99 99 99
99 99 99
99 99 99
99 99 99
99 99 99
99 99 99
99 99 99
99 99 99
99 99 99
99 99 99
99 99 99
99 99 99
99 99 99
99 99 99
99 99 99
99 99 99
99 99 99
99 99 99
99 99 99
99 99 99
99 99 99
99 99 99
97 99 99
97 98 99
95 98 99
97 99 99
97 99 99
99 99 99
99 99 98
99 99 98
99 99 98
99 98 97
99 99 98
99 98 99
93 96 99
94 98 99
92 98 99
79 86 95
240 245 254
230 232 240
241 237 243
241 234 237
242 230 230
2 239 234
26 0 249
32 2 247
22 247 232
24 249 234
5 232 217
6 236 222
36 16 5
77 61 54
99 97 93
99 99 96
98 96 95
99 99 99
99 99 99
99 99 99
97 95 95
97 95 95
99 99 99
99 99 99
99 99 99
99 99 99
99 97 97
86 84 84
57 55 55
26 24 24
12 10 10
20 18 18
33 30 32
18 16 22
31 28 37
32 29 38
21 18 27
19 16 25
25 22 31
18 15 24
2 255 8
230 227 236
231 228 237
231 228 237
230 227 236
223 220 229
215 212 221
222 219 228
232 235 249
229 240 11
227 245 18
208 226 255
250 14 39
235 0 22
225 247 9
229 249 10
241 5 22
249 13 30
252 16 33
250 11 30
251 12 31
5 21 44
2 17 43
249 7 35
244 6 35
243 8 39
251 19 49
244 10 38
241 6 33
244 8 33
244 6 29
233 250 15
204 219 238
200 215 234
225 240 3
183 198 217
217 234 255
203 221 244
238 0 23
199 219 244
207 229 254
233 255 27
223 247 19
228 252 24
235 3 31
228 252 24
223 247 19
223 247 19
219 243 15
221 245 17
221 245 17
197 221 249
201 225 253
228 252 24
225 249 21
181 205 233
203 225 250
245 1 19
212 219 234
191 198 213
200 207 222
199 206 221
164 171 186
164 171 186
233 240 255
0 7 22
20 27 42
41 48 63
27 34 49
30 37 52
5 12 27
213 220 235
246 254 11
229 238 247
250 4 11
246 0 10
9 21 33
210 223 237
239 255 16
242 3 22
212 233 255
164 187 213
191 217 247
197 226 1
198 230 9
0 33 72
198 233 17
106 141 184
100 113 153
106 139 178
108 140 176
115 147 182
126 159 192
240 17 50
158 192 222
100 130 160
100 125 155
100 123 156
114 144 179
107 136 173
105 133 174
118 144 190
110 135 185
112 136 188
133 162 213
128 168 217
139 181 228
135 174 218
114 150 188
125 156 189
116 143 170
108 131 153
103 123 141
118 137 152
109 125 141
115 133 150
157 177 194
175 196 217
179 202 224
163 187 211
191 212 239
190 202 230
188 199 226
197 208 235
183 195 219
189 203 225
187 206 227
172 193 214
166 190 212
181 211 236
35 69 98
218 254 34
233 18 57
197 241 32
125 174 224
244 38 91
216 10 70
148 197 11
13 62 99
142 194 15
144 200 21
169 226 49
190 252 74
227 33 99
0 62 99
241 44 99
2 55 99
156 202 243
6 43 71
67 95 99
78 99 99
78 92 91
92 99 98
97 99 99
99 99 99
99 99 99
99 99 99
99 99 99
99 99 99
99 99 99
99 99 99
99 99 99
99 99 99
99 99 99
99 99 99
99 99 99
99 99 99
99 99 99
99 99 99
99 99 99
99 99 99
99 99 99
99 99 99
99 99 99
99 99 99
99 99 99
99 99 99
99 99 99
99 99 99
99 99 99
99 99 99
99 99 99
99 99 99
99 99 99
99 99 99
99 99 99
99 99 99
99 99 99
99 99 99
99 99 99
99 99 99
99 99 99
99 99 99
99 99 99
99 99 99
99 99 99
99 99 99
99 99 99
99 99 99
99 99 99
99 99 99
99 99 99
97 99 99
97 98 99
95 98 99
97 99 99
97 99 99
99 99 99
99 99 98
99 99 98
99 99 98
99 98 97
99 99 98
99 98 99
93 96 99
94 98 99
92 98 99
88 95 99
242 247 0
248 250 4
218 217 226
216 210 215
253 241 241
22 3 254
16 246 239
15 242 228
30 253 238
25 248 233
28 253 238
19 248 234
13 247 236
26 8 1
51 39 35
79 72 69
99 99 98
99 98 99
99 98 99
99 98 99
99 98 99
99 98 99
99 98 99
99 95 96
98 93 94
82 77 78
50 45 46
16 11 12
8 3 4
23 18 19
37 32 33
35 30 31
24 21 23
0 253 6
15 14 24
20 19 29
8 7 17
6 5 15
12 11 21
1 0 10
236 235 245
220 219 229
224 223 233
211 210 220
204 203 213
209 208 218
203 202 212
212 211 221
242 245 4
229 240 11
239 255 28
216 232 5
246 7 33
224 242 9
221 241 3
239 1 18
254 17 32
0 19 34
2 21 36
248 8 25
244 3 22
0 14 37
255 12 38
247 3 31
248 8 37
231 252 27
246 14 44
238 4 32
235 0 27
235 255 24
228 246 13
213 230 251
173 190 211
197 212 231
215 230 249
167 184 205
209 226 247
199 217 240
223 241 8
189 209 234
211 233 2
228 252 24
223 250 21
229 0 27
227 254 25
215 242 13
217 244 15
218 245 16
203 230 1
208 235 6
211 238 9
191 218 245
197 224 251
213 240 11
216 243 14
179 206 233
204 226 251
233 245 7
189 198 212
214 223 237
170 179 193
175 184 198
146 155 169
209 218 232
250 3 17
28 37 51
253 6 20
249 2 16
23 32 46
12 21 35
12 21 35
44 53 67
29 37 50
34 43 52
42 52 59
7 17 27
2 14 26
219 232 246
226 242 3
254 15 34
226 247 13
151 174 200
189 215 245
240 12 46
244 20 55
206 239 22
106 141 181
100 107 150
100 130 170
100 132 171
126 158 194
113 145 180
201 234 11
178 211 244
102 136 166
100 126 156
100 121 151
105 138 171
126 158 193
122 153 192
114 143 187
120 146 193
116 140 192
120 144 198
134 165 218
142 182 234
131 177 225
133 174 219
125 164 203
153 185 220
145 174 201
142 166 188
132 152 170
142 161 176
122 139 152
104 120 136
121 139 156
153 173 191
177 201 221
147 171 193
155 175 200
187 198 226
176 185 212
196 205 232
187 199 223
202 216 238
220 237 2
163 184 205
170 194 216
143 173 198
239 17 46
14 54 89
202 247 29
245 38 84
162 213 7
238 36 89
173 228 33
144 198 13
18 72 99
217 17 98
100 134 214
108 171 252
132 198 23
148 215 38
210 19 93
9 71 99
249 49 99
11 59 99
190 230 3
67 97 99
76 99 99
64 80 79
90 99 98
95 99 99
99 99 99
99 99 99
99 99 99
99 99 99
99 99 99
99 99 99
99 99 99
99 99 99
99 99 99
99 99 99
99 99 99
99 99 99
99 99 99
99 99 99
99 99 99
99 99 99
99 99 99
99 99 99
99 99 99
99 99 99
99 99 99
99 99 99
99 99 99
99 99 99
99 99 99
99 99 99
99 99 99
99 99 99
99 99 99
99 99 99
99 99 99
99 99 99
99 99 99
99 99 99
99 99 99
99 99 99
99 99 99
99 99 99
99 99 99
99 99 99
99 99 99
99 99 99
99 99 99
99 99 99
99 99 99
99 99 99
99 99 99
99 99 99
99 99 99
97 99 99
97 99 99
97 99 99
99 99 99
99 99 99
99 99 98
99 99 98
99 99 98
99 98 97
99 99 99
99 99 99
94 96 97
95 98 99
94 98 99
92 98 99
244 250 1
1 6 15
229 230 240
224 220 226
248 239 242
10 251 249
6 240 234
11 240 230
29 0 242
19 243 230
35 6 248
37 9 254
30 8 253
29 10 3
24 10 4
33 24 21
62 54 54
96 91 90
99 98 99
99 98 99
99 98 99
99 95 96
78 73 74
51 48 50
35 32 34
10 7 9
13 9 14
17 16 20
23 22 26
25 24 28
23 21 27
18 16 22
12 11 20
2 2 14
9 9 21
11 11 25
2 2 14
245 245 1
234 236 247
229 229 241
225 225 237
205 205 217
213 214 224
196 197 207
190 189 199
200 199 209
192 191 201
210 206 217
5 6 20
229 239 7
0 14 42
232 247 17
239 255 22
231 245 11
247 6 25
11 27 44
252 12 28
13 29 46
12 28 45
250 9 28
241 255 21
253 10 36
254 10 38
248 6 35
254 16 47
234 3 35
251 23 54
242 12 42
241 9 37
245 10 37
242 6 31
232 250 17
193 210 231
193 207 229
210 225 244
156 173 194
206 223 244
200 218 241
207 228 250
187 207 232
214 236 5
229 252 22
227 252 22
233 1 29
225 249 21
210 234 6
217 241 13
218 242 14
196 220 248
207 231 3
200 227 254
183 210 237
199 226 253
206 233 4
206 233 4
175 202 229
208 230 255
189 203 221
179 188 202
217 226 240
172 181 195
136 145 159
179 190 204
3 14 28
13 24 38
238 249 7
1 12 26
10 21 35
8 19 33
26 36 53
27 40 54
2 12 29
245 0 14
249 255 10
16 23 32
10 19 29
244 253 10
2 15 31
216 232 249
10 27 48
232 252 21
8 29 56
20 44 74
230 1 35
171 199 234
100 129 166
100 100 137
100 115 154
100 127 166
104 136 171
120 153 186
171 202 235
208 241 18
131 165 195
100 119 149
100 110 140
100 123 156
109 141 176
130 164 200
133 165 206
102 133 178
100 125 175
113 140 191
120 146 200
133 164 219
135 179 232
101 148 200
100 139 188
107 144 188
152 183 222
151 179 210
156 178 206
145 166 188
120 140 158
134 153 168
121 140 155
106 125 140
129 149 166
178 198 215
149 169 187
135 152 173
190 202 226
186 196 220
163 176 198
184 197 219
214 228 250
218 235 0
168 189 210
175 199 221
186 216 241
147 181 210
4 42 76
250 37 76
234 26 68
246 39 87
183 236 31
149 206 6
184 245 57
225 30 99
3 63 99
100 153 232
100 130 212
131 189 15
136 194 20
153 212 36
185 246 64
2 60 99
19 76 99
30 78 99
42 82 99
10 43 59
45 70 80
83 99 99
94 99 99
99 99 99
99 99 99
99 99 99
99 99 99
99 99 99
99 99 99
99 99 99
99 99 99
99 99 99
99 99 99
99 99 99
97 99 99
97 99 99
97 99 99
97 99 99
99 99 99
99 99 99
99 99 99
99 99 99
99 99 99
99 99 99
99 99 99
99 99 99
99 99 99
99 99 99
99 99 99
99 99 99
99 99 99
99 99 99
99 99 99
99 99 99
99 99 99
99 99 99
99 99 99
99 99 99
99 99 99
99 99 99
99 99 99
99 99 99
99 99 99
99 99 99
99 99 99
99 99 99
99 99 99
99 99 99
99 99 99
99 99 99
99 99 99
99 99 99
99 99 99
99 99 99
99 99 99
99 99 99
99 99 99
99 99 99
99 99 99
99 99 99
99 99 99
94 94 94
96 96 96
94 94 94
93 95 96
97 99 99
89 91 92
40 43 48
5 9 20
228 229 243
235 233 245
238 234 240
232 221 224
19 4 2
13 249 244
31 8 0
69 44 34
50 25 15
26 4 249
19 254 246
26 8 1
29 15 9
23 11 5
15 4 0
21 12 9
63 55 55
82 74 74
41 35 36
30 25 26
40 37 39
20 19 23
17 17 23
22 21 30
20 21 31
11 13 24
0 3 17
2 8 21
6 11 26
246 251 10
223 227 245
220 222 240
244 246 8
253 1 20
232 236 254
237 241 3
214 221 236
201 206 221
189 195 208
175 178 192
170 174 185
161 163 174
169 169 181
154 153 163
148 144 155
205 200 209
243 243 255
244 251 14
253 10 32
237 248 12
244 255 19
231 243 5
249 5 23
3 15 33
7 19 37
20 31 51
7 20 42
250 8 31
243 2 28
247 7 36
255 17 48
6 25 58
7 29 64
246 22 57
244 23 57
242 19 52
225 254 29
208 232 4
208 229 0
202 223 245
183 200 221
183 197 219
204 218 240
160 174 196
178 195 216
194 212 235
210 231 253
180 202 227
213 235 4
229 251 20
216 238 7
236 1 28
226 247 18
200 223 249
213 236 6
212 235 5
185 208 234
215 237 9
189 213 241
187 211 241
208 232 6
210 234 8
185 209 239
170 196 226
184 205 232
180 194 212
162 171 185
191 202 216
164 175 189
128 139 153
233 246 4
8 21 37
216 229 245
188 203 219
230 245 5
230 246 6
243 3 19
236 252 13
247 10 25
247 7 24
6 21 37
40 46 59
15 18 32
13 18 33
253 4 21
18 27 47
191 204 226
216 229 255
247 8 35
5 23 52
217 237 12
120 141 173
103 126 158
100 112 147
105 127 162
124 146 181
100 125 157
100 119 148
100 116 145
213 243 16
177 209 238
100 121 152
100 110 141
100 112 145
105 137 172
125 159 195
141 176 216
126 160 203
102 135 180
110 143 192
126 159 209
126 159 209
121 158 210
100 134 188
100 129 185
101 141 194
138 171 221
141 167 213
114 139 179
114 133 170
117 137 168
175 197 222
113 137 157
116 139 155
123 144 159
100 110 126
148 161 175
169 178 192
157 166 180
130 144 162
167 183 200
153 169 186
175 193 210
211 229 246
220 240 2
180 201 222
155 179 201
165 193 217
192 222 249
194 227 4
30 68 99
220 5 44
197 240 27
197 241 32
153 208 3
157 227 30
171 243 51
246 51 99
227 23 94
128 167 245
105 141 225
100 129 217
122 167 2
126 179 13
168 230 58
202 13 88
236 44 99
227 28 79
212 3 41
48 87 99
69 95 99
88 97 99
97 99 99
97 99 99
96 95 97
98 97 99
99 98 99
99 99 99
99 98 98
99 99 99
99 99 99
99 99 98
97 99 98
95 99 98
94 99 98
92 99 98
94 99 98
97 99 99
99 99 99
99 99 99
99 99 99
99 99 99
99 99 99
99 99 99
99 99 99
99 99 99
99 99 99
99 99 99
99 99 99
99 99 99
99 99 99
99 99 99
99 99 99
99 99 99
99 99 99
99 99 99
99 99 99
99 99 99
99 99 99
99 99 99
99 99 99
99 99 99
99 99 99
99 99 99
99 99 99
99 99 99
99 99 99
99 99 99
99 99 99
99 99 99
99 99 99
99 99 99
99 99 99
99 99 99
99 99 99
99 99 99
99 99 99
99 99 99
99 99 99
98 98 98
96 96 96
98 98 98
94 94 94
94 94 94
99 99 99
95 95 95
55 56 60
248 251 9
254 1 16
237 237 251
220 216 227
252 245 252
244 233 235
13 254 252
46 30 24
41 22 15
36 17 10
22 3 252
17 255 248
27 11 5
34 20 14
37 25 21
44 33 29
43 34 31
38 31 28
54 46 46
44 38 39
31 26 28
31 27 32
18 16 22
12 13 23
8 10 21
9 12 26
3 8 23
248 255 16
246 253 16
243 253 15
227 236 0
206 215 235
189 196 216
218 223 244
230 237 1
221 228 248
202 212 230
190 200 218
174 184 201
168 179 193
137 146 160
133 141 154
125 131 142
135 137 148
126 127 137
133 132 142
201 198 207
254 254 10
254 6 23
4 16 34
242 252 14
248 2 20
239 249 10
1 11 28
12 22 40
12 24 42
24 35 55
14 26 50
4 17 43
254 14 43
2 20 51
8 29 61
11 33 69
9 35 71
253 33 69
237 19 53
225 6 40
219 253 27
223 249 23
228 251 21
203 223 248
159 177 200
171 185 207
188 202 224
150 164 186
183 200 221
192 210 233
206 229 251
206 228 253
215 239 7
227 247 16
218 238 7
231 251 20
219 239 8
199 220 247
210 231 2
206 227 254
189 210 237
218 240 12
192 214 242
181 205 235
196 220 250
196 220 250
177 201 231
170 195 227
188 209 237
158 172 191
191 202 216
182 193 207
136 147 161
155 168 182
251 8 22
219 234 250
189 204 220
241 1 17
251 11 27
237 255 16
213 231 248
196 216 233
236 0 17
219 239 0
229 245 5
4 13 27
0 6 19
231 238 255
255 9 27
255 10 30
224 238 5
169 186 213
136 154 183
172 192 223
157 178 209
100 121 153
100 119 151
119 140 171
136 156 187
136 156 187
114 138 168
100 123 150
100 126 151
189 219 246
146 178 207
100 113 144
100 124 157
101 133 168
100 134 170
108 144 182
137 172 215
131 166 210
105 141 187
117 153 201
135 173 221
126 161 211
100 140 192
100 127 181
100 144 200
143 182 237
147 179 232
118 143 193
110 131 176
100 115 153
176 197 229
46 69 95
0 24 46
218 242 4
239 4 19
41 57 70
65 74 87
245 249 4
166 172 183
132 145 159
130 149 164
125 141 157
156 175 190
207 226 241
206 226 243
197 219 237
192 216 236
201 225 249
179 206 232
143 173 202
226 3 36
32 68 99
188 227 10
219 2 46
208 4 51
210 29 81
133 210 11
219 24 86
3 51 99
217 250 67
212 242 65
181 211 42
100 110 202
100 126 220
100 135 224
100 163 247
107 181 253
158 225 30
198 0 49
40 87 99
60 94 99
85 97 99
95 98 99
95 99 99
94 96 97
97 96 98
99 98 99
99 99 99
98 96 96
99 99 99
99 99 99
99 99 98
97 99 98
94 99 98
92 99 98
92 99 96
94 99 96
97 99 99
99 99 99
99 99 99
99 99 99
99 99 99
99 99 99
99 99 99
99 99 99
99 99 99
99 99 99
99 99 99
99 99 99
99 99 99
99 99 99
99 99 99
99 99 99
99 99 99
99 99 99
99 99 99
99 99 99
99 99 99
99 99 99
99 99 99
99 99 99
99 99 99
99 99 99
99 99 99
99 99 99
99 99 99
99 99 99
99 99 99
99 99 99
99 99 99
99 99 99
99 99 99
99 99 99
99 99 99
99 99 99
99 99 99
99 99 99
99 99 99
99 99 99
97 97 97
99 99 99
99 99 99
95 95 95
93 93 93
99 99 99
99 99 99
76 77 81
0 3 17
2 7 22
241 242 0
229 227 239
236 231 240
238 229 232
38 26 26
33 20 18
23 6 3
31 15 9
23 7 1
15 1 251
25 13 9
32 21 17
43 31 29
63 54 51
44 36 36
18 13 12
29 23 24
32 27 28
18 13 15
17 16 20
15 15 21
6 7 17
244 246 1
248 251 9
247 252 11
239 246 7
230 237 0
219 228 248
203 211 234
185 196 218
166 177 199
193 204 226
207 218 238
211 222 242
172 186 204
166 180 198
150 165 181
145 161 174
123 136 150
123 135 147
117 127 137
121 127 138
112 117 126
118 120 130
183 184 194
244 248 3
252 6 23
252 10 28
232 245 5
233 246 6
232 242 3
249 3 20
4 17 33
4 16 34
8 19 39
0 14 36
250 9 35
248 10 39
253 17 48
1 22 54
0 22 58
250 22 57
235 15 51
243 25 59
249 30 64
232 10 40
211 237 11
209 232 2
209 229 254
193 211 234
161 175 197
183 197 219
139 153 175
191 208 229
188 206 229
202 225 247
226 248 17
211 235 3
222 242 11
217 237 6
218 239 10
203 224 251
196 217 244
203 224 251
194 216 244
192 214 242
217 239 11
190 212 240
174 198 228
181 205 235
178 203 235
165 190 222
168 193 225
189 210 238
162 176 195
170 180 197
182 192 209
131 144 160
222 235 251
11 24 40
169 184 200
207 222 238
240 0 17
209 225 242
216 234 251
217 235 252
235 255 16
161 181 198
225 245 6
247 10 25
229 242 0
248 4 16
244 1 17
26 42 59
218 235 0
177 198 220
128 151 177
121 145 173
100 108 138
100 127 158
105 133 164
114 142 173
146 174 205
140 165 197
119 145 175
102 130 160
108 138 165
135 168 194
158 190 219
100 134 163
100 127 157
107 142 175
117 152 186
129 165 201
124 161 199
136 174 216
129 166 210
111 150 195
113 151 199
112 152 200
100 134 184
100 117 169
100 138 192
126 172 226
147 185 239
138 169 220
101 127 174
116 138 180
126 147 185
245 10 42
40 63 89
13 37 59
43 68 84
76 97 99
81 97 99
87 97 99
86 88 99
8 12 23
131 142 156
124 141 154
125 141 154
138 155 168
193 210 223
210 226 242
218 237 252
185 208 224
185 209 229
181 207 231
160 189 216
179 210 241
229 7 43
9 46 84
205 244 27
226 21 64
207 24 74
148 225 25
199 6 64
235 28 90
8 46 99
223 1 71
215 253 75
165 212 37
100 130 214
100 104 187
100 160 238
127 204 17
168 238 41
254 62 99
41 93 99
41 78 99
79 95 99
94 99 99
95 99 99
96 98 99
96 95 97
99 98 99
99 99 99
96 94 94
99 99 99
99 99 99
99 99 98
97 99 98
95 99 98
94 99 98
94 99 96
94 99 96
97 99 99
99 99 99
99 99 99
99 99 99
99 99 99
99 99 99
99 99 99
99 99 99
99 99 99
99 99 99
99 99 99
99 99 99
99 99 99
99 99 99
99 99 99
99 99 99
99 99 99
99 99 99
99 99 99
99 99 99
99 99 99
99 99 99
99 99 99
99 99 99
99 99 99
99 99 99
99 99 99
99 99 99
99 99 99
99 99 99
99 99 99
99 99 99
99 99 99
99 99 99
99 99 99
99 99 99
99 99 99
99 99 99
99 99 99
99 99 99
99 99 99
99 99 99
96 96 96
99 99 99
99 99 99
96 96 96
94 94 94
99 99 99
99 99 99
92 95 99
18 21 35
2 6 24
246 249 8
238 238 250
217 214 223
7 0 7
22 13 16
7 252 254
22 10 10
30 18 16
20 7 5
12 0 254
23 13 13
28 18 18
31 23 24
51 43 44
17 11 12
20 15 16
19 14 16
255 252 254
250 246 251
9 7 13
10 12 20
253 255 9
216 219 233
222 227 242
226 233 250
222 229 248
209 218 238
192 203 223
175 186 208
162 175 197
153 166 188
164 178 200
183 197 219
191 206 225
159 176 195
150 168 185
139 157 174
127 146 161
118 134 150
125 141 154
130 144 156
137 147 157
130 139 149
132 139 148
185 190 199
247 0 10
250 4 21
247 5 23
228 241 1
224 237 253
228 238 255
240 253 13
255 12 28
250 9 25
1 15 34
255 13 35
252 13 39
0 18 47
4 25 56
5 28 60
0 24 60
246 20 55
241 21 57
230 12 46
217 254 32
202 236 10
197 223 253
211 234 4
213 233 2
192 210 233
154 168 190
194 208 230
133 147 169
192 209 230
186 204 227
202 225 247
220 242 11
205 229 253
213 235 4
214 234 3
207 228 255
191 212 239
194 215 242
196 217 244
184 206 234
194 216 244
206 228 0
183 207 235
170 194 224
173 197 227
167 192 224
157 182 214
162 187 219
182 204 232
181 196 215
143 156 172
167 180 196
164 177 193
229 242 2
166 181 197
145 159 177
221 237 254
192 208 225
198 216 233
223 241 2
198 216 233
182 202 219
237 1 18
221 241 2
210 231 246
2 19 32
228 245 2
216 235 250
245 9 26
215 239 3
176 202 226
145 172 199
110 140 169
100 131 162
113 144 175
157 188 219
161 192 223
164 195 226
136 167 198
124 155 186
123 155 184
143 175 204
179 213 242
129 163 192
100 108 138
121 156 189
115 152 186
122 158 194
179 216 254
136 175 214
119 159 201
118 157 201
130 171 216
123 163 211
100 136 183
100 127 176
102 145 194
126 173 225
156 203 255
124 163 215
121 153 202
100 124 170
127 149 190
197 219 255
18 39 70
5 28 54
12 36 58
17 40 56
49 68 81
83 97 99
73 82 91
95 96 99
94 96 99
73 82 95
255 13 25
162 176 188
106 121 130
128 142 154
178 194 206
221 238 251
197 216 231
185 205 222
195 219 239
136 161 187
129 157 187
198 229 6
20 55 89
23 59 95
213 6 46
174 243 36
204 23 75
204 10 64
193 245 42
27 67 99
4 41 99
17 59 99
33 84 99
156 219 37
128 202 18
146 224 37
180 2 68
175 249 49
10 76 99
242 42 83
29 69 98
73 91 99
92 99 99
94 99 99
95 99 99
93 95 96
98 97 99
98 98 98
96 94 94
99 99 99
99 99 99
99 99 98
99 99 98
97 99 98
95 99 98
95 99 96
95 99 96
97 99 99
99 99 99
99 99 99
99 99 99
99 99 99
99 99 99
99 99 99
99 99 99
99 99 99
99 99 99
99 99 99
99 99 99
99 99 99
99 99 99
99 99 99
99 99 99
99 99 99
99 99 99
99 99 99
99 99 99
99 99 99
99 99 99
99 99 99
99 99 99
99 99 99
99 99 99
99 99 99
99 99 99
99 99 99
99 99 99
99 99 99
99 99 99
99 99 99
99 99 99
99 99 99
99 99 99
99 99 99
99 99 99
99 99 99
99 99 99
99 99 99
99 99 99
96 96 96
99 99 99
99 99 99
97 97 97
96 96 96
99 99 99
99 99 99
95 98 99
36 39 53
4 11 28
2 7 22
230 233 247
239 240 250
17 14 23
215 211 217
3 253 2
21 14 17
18 11 14
6 254 255
3 253 254
18 11 14
21 16 18
16 10 15
19 13 18
249 246 248
20 17 19
249 245 250
217 215 221
240 240 246
4 6 14
251 253 7
240 244 255
192 198 211
195 202 217
201 209 226
202 212 230
193 202 222
175 186 208
160 171 193
151 164 186
142 158 181
138 155 176
158 177 198
167 187 205
164 186 204
153 176 192
151 174 190
133 156 171
138 159 174
145 164 177
149 167 178
149 164 173
144 156 166
140 150 160
175 184 194
238 247 4
251 8 22
251 10 26
236 251 11
227 242 2
233 246 4
239 252 10
2 15 31
252 11 27
253 12 31
252 13 34
253 18 40
3 24 51
8 32 62
6 34 65
255 27 62
245 21 56
244 26 61
242 24 58
233 14 48
208 242 16
189 215 245
200 223 249
213 233 2
207 225 248
144 158 180
200 214 236
135 149 171
181 198 219
189 207 230
210 233 255
205 227 252
208 232 0
207 228 255
206 227 254
199 220 247
186 207 234
192 214 242
190 212 240
176 198 226
194 216 244
189 213 243
177 201 231
171 194 226
170 195 227
165 190 222
154 179 211
155 180 212
170 192 220
173 190 211
151 165 183
158 172 190
209 223 241
179 193 211
109 125 142
207 222 241
228 243 6
211 226 245
158 175 194
121 138 157
206 226 244
241 5 23
229 249 11
221 243 5
195 218 234
198 219 234
213 235 247
239 6 21
222 248 9
168 197 218
136 168 191
159 192 218
144 178 207
163 199 229
132 170 202
166 204 236
171 209 241
156 194 226
140 178 208
162 200 230
172 208 238
188 224 254
169 207 237
100 135 165
100 116 148
129 168 200
110 151 184
133 173 208
188 230 11
151 192 231
119 161 203
119 162 205
139 184 228
123 167 214
100 130 177
100 138 187
133 179 227
154 202 250
153 199 247
121 159 207
116 149 195
118 143 187
167 190 228
249 15 50
6 27 58
21 44 70
8 33 53
242 9 25
15 34 47
85 97 99
89 96 99
97 96 99
95 97 99
82 91 99
85 98 99
87 98 99
50 61 69
202 215 223
157 170 178
185 200 209
213 229 241
201 218 231
212 232 249
161 182 203
145 169 193
150 177 204
165 194 225
236 11 44
6 50 87
236 45 90
198 11 60
189 248 41
227 23 69
248 36 83
177 218 11
216 7 59
32 86 99
227 37 96
217 34 94
199 23 84
200 25 82
197 16 68
244 54 99
188 246 32
29 73 99
60 82 94
85 97 99
90 99 99
92 99 99
91 95 96
95 97 98
99 99 99
99 97 97
99 99 99
99 98 99
99 99 98
99 99 98
99 99 98
99 99 98
99 99 96
97 99 96
99 99 99
99 99 99
99 99 99
99 99 99
99 99 99
99 99 99
99 99 99
99 99 99
99 99 99
99 99 99
99 99 99
99 99 99
99 99 99
99 99 99
99 99 99
99 99 99
99 99 99
99 99 99
99 99 99
99 99 99
99 99 99
99 99 99
99 99 99
99 99 99
99 99 99
99 99 99
99 99 99
99 99 99
99 99 99
99 99 99
99 99 99
99 99 99
99 99 99
99 99 99
99 99 99
99 99 99
99 99 99
99 99 99
99 99 99
99 99 99
99 99 99
99 99 99
97 97 97
99 99 99
99 99 99
97 97 97
99 99 99
99 99 99
98 98 98
95 98 99
69 72 86
242 249 10
15 19 37
249 254 13
5 9 20
245 247 1
200 202 210
254 253 6
7 5 11
248 246 252
240 238 244
249 248 252
8 6 12
14 12 18
3 0 9
241 238 247
242 242 248
1 1 7
208 207 216
194 193 202
244 245 255
0 2 12
233 237 248
224 230 243
179 186 201
177 185 202
180 190 208
188 199 219
187 198 220
171 184 206
159 172 194
154 168 190
155 171 194
143 161 184
159 180 202
169 190 211
189 210 231
176 200 218
179 203 221
169 194 210
167 190 206
166 187 202
163 180 193
152 168 180
149 163 175
142 154 164
163 173 183
224 236 248
240 253 11
245 4 20
240 255 15
226 241 1
231 244 2
227 240 254
248 7 23
244 4 20
247 9 26
246 9 30
248 15 37
0 23 49
5 31 61
3 32 63
252 27 60
244 20 55
2 40 75
244 26 60
225 6 40
205 239 13
197 223 253
208 231 1
206 226 251
183 201 224
141 155 177
185 199 221
152 166 188
162 179 200
195 213 236
217 240 6
196 218 243
211 235 3
202 223 250
199 220 247
195 216 243
188 209 236
193 215 243
187 209 237
173 195 223
190 214 242
177 201 231
173 197 227
171 196 228
171 196 228
163 188 220
152 177 209
151 176 208
161 183 211
163 179 202
134 149 168
182 197 216
210 225 244
146 161 180
204 221 240
226 241 4
179 196 215
113 130 149
130 147 166
228 248 10
202 222 240
213 233 251
179 199 217
213 235 253
247 14 30
193 216 231
190 216 230
201 226 242
206 234 251
154 185 206
135 169 193
164 198 227
172 210 240
177 215 247
136 175 207
142 183 215
167 208 240
174 213 245
182 221 253
206 245 21
198 238 11
200 239 15
120 159 191
100 119 151
101 142 175
118 159 192
104 146 181
147 189 226
158 201 240
157 199 241
127 170 213
110 155 199
102 149 193
100 130 177
100 128 174
110 158 206
143 192 238
150 199 245
109 154 198
118 155 199
127 159 202
165 190 232
240 7 45
13 35 70
245 10 41
11 35 59
251 20 40
0 25 41
16 35 48
42 54 64
88 94 99
97 97 99
81 81 87
92 98 99
86 96 99
70 78 85
90 99 99
88 99 99
73 83 90
5 16 24
183 196 204
206 220 232
217 234 247
192 210 227
140 161 182
134 158 182
132 157 183
128 157 184
193 231 9
178 233 20
208 12 58
233 31 72
230 23 61
198 242 23
180 222 3
210 0 41
208 5 48
199 7 55
151 222 16
187 7 59
198 18 70
197 13 61
211 20 65
215 14 57
4 48 79
48 72 84
77 90 92
88 99 99
90 99 99
90 95 96
94 98 99
97 99 99
99 99 99
99 98 99
99 98 99
99 99 98
99 99 98
99 99 98
99 99 98
99 99 96
99 99 96
99 99 99
99 99 99
99 99 99
99 99 99
99 99 99
99 99 99
99 99 99
99 99 99
99 99 99
99 99 99
99 99 99
99 99 99
99 99 99
99 99 99
99 99 99
99 99 99
99 99 99
99 99 99
99 99 99
99 99 99
99 99 99
99 99 99
99 99 99
99 99 99
99 99 99
99 99 99
99 99 99
99 99 99
99 99 99
99 99 99
99 99 99
99 99 99
99 99 99
99 99 99
99 99 99
99 99 99
99 99 99
99 99 99
99 99 99
99 99 99
99 99 99
99 99 99
98 98 98
99 99 99
97 97 97
97 97 97
99 99 99
99 99 99
91 91 91
95 98 99
92 95 99
254 5 22
252 3 20
14 21 36
9 16 31
230 238 251
232 238 249
239 245 0
245 249 4
223 228 237
228 230 240
243 245 255
248 250 5
253 255 10
241 241 253
209 209 221
236 237 247
234 236 244
186 188 198
188 190 200
235 239 250
243 249 6
225 233 246
208 217 231
179 187 204
168 178 196
168 180 198
181 195 214
189 202 224
181 195 217
171 185 208
169 183 206
176 191 217
170 187 213
172 189 215
180 201 223
192 213 235
183 204 225
180 202 220
188 211 227
169 189 206
167 188 203
170 186 202
168 184 197
179 192 206
176 188 200
186 195 208
245 254 11
224 237 251
237 252 12
245 2 16
228 241 255
227 240 254
214 227 241
238 254 11
236 252 12
249 11 28
246 12 30
248 16 38
255 24 50
4 33 60
6 35 66
0 31 64
247 26 60
217 255 34
227 9 43
227 8 42
196 230 4
163 189 219
167 190 216
189 209 234
195 213 236
157 171 193
160 174 196
185 199 221
145 162 183
198 216 239
211 234 0
192 214 239
198 222 246
199 220 247
191 212 239
193 215 243
193 215 243
195 217 245
187 209 237
172 196 226
186 210 240
173 196 228
172 197 229
172 197 229
169 194 226
157 184 218
148 175 209
148 175 209
158 182 212
165 182 208
117 134 155
187 204 225
171 188 209
150 167 188
231 250 15
132 149 170
100 107 128
120 139 160
191 210 231
201 221 239
208 228 246
181 203 221
194 216 234
199 221 239
192 215 231
218 241 0
176 202 216
163 188 204
190 217 237
161 192 215
135 169 193
162 196 225
191 229 3
145 183 215
145 183 217
125 166 199
161 202 235
196 234 12
209 247 25
201 239 17
170 209 241
150 191 224
100 135 168
100 135 168
116 158 193
117 159 194
103 147 184
138 183 221
138 184 225
133 179 220
111 159 201
100 140 184
100 126 172
100 124 172
108 157 205
144 193 241
151 201 247
115 163 205
104 148 189
128 166 208
168 200 241
196 222 6
245 13 49
255 21 56
250 18 48
237 7 31
9 36 56
250 20 34
240 4 15
37 50 58
92 98 99
92 91 95
93 92 96
86 91 94
92 99 99
92 99 99
90 97 99
87 94 97
92 99 99
76 82 87
28 37 41
192 201 210
223 235 245
228 241 255
154 170 187
167 187 205
101 124 146
149 173 197
136 168 197
112 157 195
144 194 236
184 228 9
217 2 34
246 29 57
242 26 51
236 23 50
228 22 52
167 225 4
111 176 215
158 226 13
174 242 31
182 244 34
186 243 32
239 35 76
244 27 59
38 62 74
69 84 86
87 99 99
88 99 99
89 97 97
95 99 99
97 99 99
99 99 99
99 98 99
99 98 99
99 99 98
99 99 98
99 99 98
99 99 98
99 99 96
99 99 96
99 99 99
99 99 99
99 99 99
99 99 99
99 99 99
99 99 99
99 99 99
99 99 99
99 99 99
99 99 99
99 99 99
99 99 99
99 99 99
99 99 99
99 99 99
99 99 99
99 99 99
99 99 99
99 99 99
99 99 99
99 99 99
99 99 99
99 99 99
99 99 99
99 99 99
99 99 99
99 99 99
99 99 99
99 99 99
99 99 99
99 99 99
99 99 99
99 99 99
99 99 99
99 99 99
99 99 99
99 99 99
99 99 99
99 99 99
99 99 99
99 99 99
99 99 99
98 98 98
99 99 99
94 94 94
96 96 96
99 99 99
99 99 99
87 87 87
92 93 97
87 90 99
52 59 76
218 225 242
6 13 30
24 33 47
246 1 15
244 255 13
235 246 4
233 244 2
211 220 234
222 231 244
240 248 5
232 239 254
235 240 255
225 228 243
185 188 202
222 226 237
219 223 234
185 191 204
188 194 207
215 223 236
231 238 253
230 239 253
198 208 225
181 191 209
165 176 196
162 176 195
180 194 216
195 209 231
189 206 227
183 197 220
180 196 219
183 198 224
187 202 228
173 188 214
179 196 222
171 188 214
161 182 204
150 169 190
173 193 211
181 201 219
183 201 218
194 208 226
199 212 228
216 226 243
208 217 231
200 207 222
251 2 17
226 237 251
244 1 15
1 14 28
238 251 9
234 247 5
216 229 243
243 0 14
240 1 14
232 250 11
229 251 13
229 253 19
234 6 30
241 14 41
242 18 47
238 16 46
232 11 44
238 20 54
226 8 42
207 244 22
183 217 247
176 202 232
198 221 247
218 238 7
213 231 254
180 194 216
144 158 180
216 230 252
137 154 175
197 215 238
199 222 244
190 212 237
179 203 227
198 219 246
187 208 235
194 216 244
198 220 248
197 219 247
187 209 237
173 197 227
184 208 238
173 198 230
173 198 230
172 197 229
165 190 222
152 179 213
146 173 207
150 177 211
159 184 216
157 176 203
142 159 185
161 178 204
158 179 201
188 206 229
151 172 194
100 106 129
100 100 121
201 220 241
198 217 238
175 194 215
181 201 219
183 205 223
197 219 237
167 189 207
171 193 211
214 234 251
172 195 211
158 182 200
163 188 208
165 193 217
139 169 196
166 197 228
167 202 235
100 130 164
137 173 209
100 133 168
120 158 193
164 200 236
172 209 243
140 177 211
101 139 173
100 128 163
103 145 180
119 161 196
118 162 199
129 173 210
105 150 188
116 162 203
144 193 233
127 175 217
113 162 206
109 158 204
106 156 202
114 163 211
142 194 241
154 206 253
134 184 230
100 129 169
149 194 231
163 202 241
222 255 38
189 218 255
174 200 236
222 247 25
11 37 67
197 224 250
198 228 247
229 254 14
246 10 21
3 16 24
83 89 94
99 98 99
99 97 99
97 99 99
94 99 99
92 96 97
93 97 98
95 99 99
95 99 99
95 99 99
84 89 92
56 62 67
206 216 223
214 224 234
199 212 226
160 176 192
178 196 213
146 165 186
157 182 208
130 164 200
106 143 181
115 148 181
124 154 181
147 178 199
156 190 206
186 222 240
206 249 14
207 0 26
233 31 62
223 25 61
226 27 66
18 70 99
243 35 77
243 32 70
20 56 86
32 57 67
63 81 82
85 99 98
88 99 99
89 97 97
95 99 99
97 99 99
99 99 99
99 98 99
99 98 99
99 99 98
99 99 98
99 99 98
99 99 98
99 99 96
99 99 96
99 99 99
99 99 99
99 99 99
99 99 99
99 99 99
99 99 99
99 99 99
99 99 99
99 99 99
99 99 99
99 99 99
99 99 99
99 99 99
99 99 99
99 99 99
99 99 99
99 99 99
99 99 99
99 99 99
99 99 99
99 99 99
99 99 99
99 99 99
99 99 99
99 99 99
99 99 99
99 99 99
99 99 99
99 99 99
99 99 99
99 99 99
99 99 99
99 99 99
99 99 99
99 99 99
99 99 99
99 99 99
99 99 99
99 99 99
99 99 99
99 99 99
99 99 99
99 99 99
99 99 99
99 99 99
99 99 99
99 99 99
99 99 99
99 99 99
97 98 99
86 88 99
90 95 99
228 235 250
237 246 4
12 22 39
1 16 32
231 246 6
243 3 19
243 3 20
225 241 2
229 243 5
240 252 14
232 242 3
222 230 247
212 219 236
194 201 218
205 212 227
208 216 229
189 198 212
193 202 216
228 239 253
232 242 3
212 225 241
213 227 245
196 210 229
182 196 218
178 192 214
189 205 228
202 218 241
201 219 242
197 212 238
193 208 234
180 192 220
180 192 220
190 202 230
158 173 199
217 232 2
185 203 226
197 213 236
196 213 234
171 188 207
207 223 240
221 233 251
228 238 255
215 222 239
210 215 230
192 195 210
232 237 252
228 237 251
233 244 2
246 1 15
252 8 20
223 235 247
212 226 238
199 212 226
220 236 249
239 255 16
245 9 27
251 20 40
255 27 51
5 35 62
5 37 66
241 19 49
216 254 30
232 14 48
235 17 51
198 235 13
187 221 251
185 211 241
208 231 1
206 226 251
223 241 8
187 201 223
115 129 151
196 210 232
118 135 156
200 218 241
189 212 234
179 201 226
172 196 220
186 209 235
183 205 233
189 211 239
190 212 240
187 211 241
187 211 241
184 208 238
181 205 235
179 204 236
168 193 225
169 196 230
174 201 235
163 190 224
154 181 215
152 180 215
151 176 210
174 196 224
142 161 188
187 206 233
160 182 207
196 216 241
100 100 122
124 144 169
211 232 254
224 245 11
214 235 0
178 199 220
168 189 210
164 186 204
192 214 232
183 205 223
173 193 211
182 199 218
181 198 217
150 169 190
152 175 197
175 198 224
168 195 222
127 156 187
159 190 223
100 131 167
119 152 191
131 164 203
106 139 178
106 139 178
101 135 171
100 109 145
100 131 167
100 132 170
100 130 167
114 158 195
139 184 222
105 150 188
100 132 173
121 167 208
130 178 220
131 178 222
130 179 223
100 137 183
108 160 206
137 189 236
163 217 8
130 183 233
100 141 187
139 188 226
156 202 236
132 171 209
152 188 224
176 208 244
135 163 198
199 227 5
224 252 27
193 222 249
216 247 12
201 227 244
245 11 23
235 251 2
90 99 99
99 98 99
99 98 99
97 99 99
95 99 99
97 99 99
97 99 99
97 99 99
97 99 99
97 99 99
97 99 99
95 99 99
35 41 46
224 232 239
204 214 224
191 203 215
171 187 200
173 189 206
165 183 206
149 170 202
135 157 192
124 146 174
114 138 158
104 127 142
100 123 133
109 137 148
124 157 172
107 144 164
149 190 215
155 196 228
166 208 243
171 210 248
181 219 254
179 213 249
220 249 20
243 7 18
77 95 96
87 99 99
76 88 88
92 99 99
95 99 99
95 97 97
96 96 96
99 98 99
99 98 99
99 99 98
99 99 98
99 99 98
99 99 98
99 99 96
99 99 96
99 99 99
99 99 99
99 99 99
99 99 99
99 99 99
99 99 99
99 99 99
99 99 99
99 99 99
99 99 99
99 99 99
99 99 99
99 99 99
99 99 99
99 99 99
99 99 99
99 99 99
99 99 99
99 99 99
99 99 99
99 99 99
99 99 99
99 99 99
99 99 99
99 99 99
99 99 99
99 99 99
99 99 99
99 99 99
99 99 99
99 99 99
99 99 99
99 99 99
99 99 99
99 99 99
99 99 99
99 99 99
99 99 99
99 99 99
99 99 99
99 99 99
99 99 99
99 99 99
99 99 99
99 99 99
99 99 99
99 99 99
99 99 99
99 99 99
97 98 99
95 96 99
86 89 99
63 69 82
191 200 214
216 229 245
244 4 20
6 24 41
251 17 35
245 11 29
233 255 17
235 254 19
242 3 22
238 252 15
223 235 253
208 217 237
197 204 223
217 227 244
219 229 246
198 210 228
199 211 229
229 241 3
228 242 4
209 223 242
209 224 243
220 234 0
205 222 243
199 215 238
206 224 247
215 233 0
213 231 254
206 223 249
203 220 247
202 214 242
205 217 245
210 222 250
182 196 224
227 241 13
201 218 244
211 226 252
215 231 254
201 218 239
226 241 4
222 233 253
240 250 12
213 219 238
225 229 247
198 200 218
236 239 254
234 241 0
218 227 241
239 248 5
252 5 18
236 245 2
197 209 221
191 202 216
224 237 251
236 252 12
212 232 249
208 232 252
229 1 25
243 18 43
237 14 40
234 12 42
240 22 54
220 2 36
227 9 43
197 234 12
179 213 243
174 200 230
206 229 255
205 225 250
203 221 244
194 208 230
136 150 172
179 193 215
134 151 172
178 196 219
181 204 226
174 196 221
154 177 203
179 201 229
183 205 233
178 200 228
183 205 233
189 213 243
186 210 240
183 207 237
177 203 233
175 200 232
163 188 220
165 192 226
172 199 233
165 192 226
162 189 223
167 195 230
167 194 228
183 207 237
199 221 249
135 156 184
184 207 233
152 173 200
100 100 122
226 247 18
190 212 237
160 180 205
156 177 199
163 184 205
133 154 175
154 176 194
148 170 188
166 188 206
154 174 192
169 186 205
172 189 210
157 173 196
135 155 180
161 182 210
160 184 214
132 159 193
139 169 204
107 136 175
100 131 170
115 146 185
128 159 198
105 136 175
100 120 159
107 136 175
114 147 186
101 140 179
100 140 182
115 159 200
132 176 217
102 148 189
100 131 174
119 167 209
137 184 228
163 212 0
100 147 190
126 176 222
122 174 220
156 210 1
133 187 234
100 141 191
133 185 231
132 184 221
140 186 220
128 170 205
132 170 205
146 180 216
134 166 202
172 202 237
206 237 14
202 234 7
204 236 3
211 241 4
217 240 255
244 5 14
72 80 87
96 97 99
89 86 88
99 99 99
97 99 99
97 99 99
97 99 98
99 99 98
99 99 98
99 99 98
99 99 98
88 90 90
95 99 99
35 41 46
191 199 206
189 199 209
190 202 214
171 184 198
167 181 200
157 168 198
147 158 190
130 144 167
118 133 149
113 130 139
113 132 139
112 134 140
106 131 141
107 133 150
117 145 169
111 140 167
100 119 150
123 151 182
129 157 188
152 178 208
181 205 227
23 42 50
85 99 99
87 99 99
79 91 91
92 99 99
95 99 99
97 99 99
99 99 99
99 98 99
99 98 99
99 99 98
99 99 98
99 99 98
99 99 98
99 99 96
99 99 96
99 99 99
99 99 99
99 99 99
99 99 99
99 99 99
99 99 99
99 99 99
99 99 99
99 99 99
99 99 99
99 99 99
99 99 99
99 99 99
99 99 99
99 99 99
99 99 99
99 99 99
99 99 99
99 99 99
99 99 99
99 99 99
99 99 99
99 99 99
99 99 99
99 99 99
99 99 99
99 99 99
99 99 99
99 99 99
99 99 99
99 99 99
99 99 99
99 99 99
99 99 99
99 99 99
99 99 99
99 99 99
99 99 99
99 99 99
99 99 99
99 99 99
99 99 99
99 99 99
99 99 99
99 99 99
99 99 99
99 99 99
99 99 99
99 99 99
99 98 99
97 96 99
87 89 99
92 96 99
241 250 7
158 171 185
182 201 216
205 228 244
225 251 12
238 7 27
246 15 35
255 22 44
6 27 48
4 21 42
241 255 18
229 237 4
231 240 4
225 236 0
224 238 0
209 223 242
209 224 243
235 250 13
237 252 15
221 235 1
220 237 2
234 250 17
218 236 3
211 228 254
215 235 4
220 240 9
216 236 5
210 229 0
209 226 253
202 216 245
210 224 253
211 225 254
194 211 238
219 236 7
207 227 252
217 234 4
230 248 15
214 230 253
230 244 10
240 254 17
247 3 21
220 227 246
217 223 242
202 206 225
229 233 251
224 229 244
219 227 240
247 255 12
236 244 1
230 239 249
202 211 221
199 208 221
209 220 234
223 238 254
239 1 18
243 8 29
233 4 25
237 11 36
252 29 55
249 27 57
230 9 42
223 5 39
202 240 18
182 219 253
189 223 253
187 213 243
202 225 251
211 231 0
222 240 7
195 209 231
159 173 195
137 151 173
164 181 202
144 162 185
179 202 224
168 190 215
145 168 194
164 188 216
180 204 234
163 187 217
172 196 226
189 213 243
179 203 233
177 202 234
175 200 232
183 208 242
166 193 227
166 193 227
170 197 231
161 189 224
161 189 224
170 198 233
172 199 233
198 221 253
166 190 220
163 184 215
178 202 230
120 142 170
186 209 235
185 208 234
148 172 196
160 182 207
163 186 208
165 189 209
169 193 213
153 175 193
140 162 180
136 158 176
147 167 185
151 168 189
158 175 196
157 173 196
115 135 160
138 159 187
146 169 201
132 158 194
114 143 180
109 138 177
106 136 177
110 140 181
145 175 216
129 159 200
100 121 160
114 143 182
123 156 195
117 155 197
119 161 204
119 162 205
123 166 209
100 145 188
100 130 174
115 162 206
144 190 237
170 219 9
104 154 200
126 175 223
147 199 246
100 151 198
100 150 197
112 165 215
139 191 237
150 202 238
144 193 225
139 184 218
122 162 197
116 152 190
140 174 210
141 175 211
178 213 247
187 223 253
183 218 244
212 243 8
197 223 239
248 10 21
77 86 95
97 97 99
94 91 93
99 99 99
97 99 99
99 99 98
99 99 98
99 99 98
99 99 96
99 99 96
99 99 98
99 99 99
89 91 92
94 99 99
54 60 65
188 197 206
161 171 181
205 214 227
181 191 208
161 165 193
156 160 188
139 146 166
118 129 143
117 130 138
127 141 147
126 142 148
114 131 140
104 120 136
114 131 152
127 144 170
124 141 168
137 157 182
116 137 159
138 159 180
184 203 218
68 84 90
87 99 99
88 99 99
86 96 96
94 99 99
93 97 98
97 99 99
99 99 99
99 98 99
99 98 99
99 99 98
99 99 98
99 99 98
99 99 98
99 99 96
99 99 96
99 99 99
99 99 99
99 99 99
99 99 99
99 99 99
99 99 99
99 99 99
99 99 99
99 99 99
99 99 99
99 99 99
99 99 99
99 99 99
99 99 99
99 99 99
99 99 99
99 99 99
99 99 99
99 99 99
99 99 99
99 99 99
99 99 99
99 99 99
99 99 99
99 99 99
99 99 99
99 99 99
99 99 99
99 99 99
99 99 99
99 99 99
99 99 99
99 99 99
99 99 99
99 99 99
99 99 99
99 99 99
99 99 99
99 99 99
99 99 99
99 99 99
99 99 99
99 99 99
99 99 99
99 99 99
99 99 99
99 99 99
99 99 99
99 99 99
99 98 99
95 93 99
97 96 99
88 90 99
77 86 96
190 206 219
149 170 185
145 171 188
155 185 204
207 236 1
231 4 25
248 19 40
2 25 47
4 22 45
248 5 27
248 3 25
14 25 47
253 11 33
250 11 32
236 253 18
236 253 18
253 13 36
251 13 36
239 255 22
236 254 21
225 243 10
208 228 253
196 216 241
194 214 239
190 210 235
180 200 225
171 190 217
169 187 216
140 158 189
151 169 200
145 165 196
138 159 187
144 165 193
142 165 191
147 170 196
165 187 212
176 197 219
169 187 210
206 223 244
200 215 234
220 234 253
207 219 237
224 231 250
232 239 0
217 222 237
228 231 245
251 254 12
236 239 253
228 232 243
213 219 230
203 211 224
202 211 224
199 212 226
208 224 241
228 248 10
244 12 34
242 13 39
230 4 31
227 3 32
231 10 43
254 36 70
215 253 31
193 230 8
195 229 3
191 217 247
200 223 249
215 235 4
223 241 8
195 209 231
169 183 205
100 107 129
183 200 221
125 143 166
172 195 217
164 186 211
150 173 199
146 170 198
176 200 230
157 181 211
165 189 219
182 206 236
164 190 220
169 194 226
175 200 232
180 207 241
163 190 224
160 187 221
163 190 224
156 184 219
159 187 222
172 200 235
177 205 240
226 251 29
170 195 227
156 179 211
154 178 208
100 100 130
201 225 253
188 210 238
200 223 249
190 211 238
169 191 216
146 169 191
168 192 212
142 163 184
134 156 174
127 149 167
160 182 200
136 155 176
140 158 181
142 162 187
108 129 156
116 137 168
132 157 189
123 151 186
100 129 168
103 135 176
134 166 207
124 156 197
139 171 212
159 191 232
117 149 190
100 124 165
109 144 184
134 171 215
142 183 228
128 169 214
116 158 203
100 141 186
100 127 171
110 154 201
144 190 237
145 191 238
109 158 204
124 173 221
100 131 178
100 139 186
100 153 200
144 197 247
102 154 200
186 240 19
180 231 7
160 206 240
136 178 215
111 148 186
147 184 222
132 169 207
155 193 228
158 196 230
175 214 242
204 238 5
201 229 246
235 254 11
87 98 99
95 97 99
99 98 99
97 99 99
97 99 99
99 99 99
99 99 98
99 99 98
99 99 96
99 99 96
99 99 98
99 98 98
97 99 99
85 88 92
94 98 99
85 93 99
244 253 6
161 170 180
141 148 163
149 152 173
150 152 176
140 147 164
125 135 145
119 131 137
120 135 138
124 138 144
123 135 145
129 139 156
112 121 141
103 110 135
143 154 176
150 161 181
152 167 183
189 207 218
23 41 48
87 99 99
88 99 99
88 98 98
92 99 99
95 99 99
96 98 99
99 99 99
99 99 99
99 99 99
99 98 99
99 99 98
99 99 98
99 99 98
99 99 98
99 99 96
97 99 96
99 99 99
99 99 99
99 99 99
99 99 99
99 99 99
99 99 99
99 99 99
99 99 99
99 99 99
99 99 99
99 99 99
99 99 99
99 99 99
99 99 99
99 99 99
99 99 99
99 99 99
99 99 99
99 99 99
99 99 99
99 99 99
99 99 99
99 99 99
99 99 99
99 99 99
99 99 99
99 99 99
99 99 99
99 99 99
99 99 99
99 99 99
99 99 99
99 99 99
99 99 99
99 99 99
99 99 99
99 99 99
99 99 99
99 99 99
99 99 99
99 99 99
99 99 99
99 99 99
99 99 99
99 99 99
99 99 99
99 99 99
99 99 99
99 99 99
99 99 99
95 91 96
99 97 99
93 95 99
88 97 99
37 53 65
197 218 233
173 201 218
123 155 174
120 153 173
147 179 202
177 205 229
208 232 254
233 251 18
232 246 13
232 243 9
249 4 26
254 14 37
247 9 32
233 251 18
226 244 11
229 246 16
220 240 9
208 225 251
200 220 245
187 207 232
169 190 217
154 175 202
145 166 193
133 154 181
118 139 166
109 130 157
107 129 157
100 122 152
106 132 162
101 127 157
100 127 154
100 122 149
100 126 151
100 127 152
111 142 165
117 146 167
100 127 148
140 165 185
145 169 187
198 220 238
195 215 233
211 226 245
206 218 236
225 230 245
225 226 240
239 241 252
254 0 11
236 238 249
218 220 231
194 200 211
210 218 231
218 229 243
214 228 246
219 236 255
224 247 13
222 248 16
211 240 11
207 239 12
212 246 20
193 231 9
194 232 10
195 232 10
183 217 247
193 219 249
222 245 15
228 248 17
194 212 235
208 222 244
166 180 202
100 100 122
164 181 202
141 159 182
146 169 191
161 183 208
153 176 202
133 157 185
167 191 221
157 181 211
159 183 213
167 192 224
151 176 208
157 182 216
170 197 231
161 188 222
146 173 207
145 173 208
153 181 216
153 181 216
164 192 227
181 210 247
191 219 254
215 241 21
123 150 184
100 113 147
157 182 214
121 146 178
194 220 250
177 201 229
115 140 166
100 104 130
100 100 123
109 132 154
131 155 175
169 190 211
144 165 186
142 164 182
134 156 174
125 149 169
124 147 169
123 147 171
110 137 163
100 128 158
121 152 185
108 142 178
100 134 172
105 141 181
132 170 212
136 174 216
122 160 202
146 184 226
142 181 220
100 132 172
100 125 168
140 179 224
155 195 243
135 175 223
114 156 203
100 140 187
100 125 172
105 148 197
140 186 234
110 156 204
110 158 206
100 127 175
100 117 164
111 162 212
170 221 15
100 127 177
132 184 230
209 7 42
209 7 38
166 214 248
155 200 237
121 162 201
153 192 231
145 186 225
143 185 222
135 177 212
170 211 243
199 236 6
202 233 254
230 251 10
85 97 99
89 91 99
97 97 99
97 99 99
97 99 99
99 99 99
99 99 98
99 99 98
99 99 98
99 99 98
99 99 98
99 99 99
93 93 93
87 88 92
94 98 99
92 98 99
87 94 99
15 24 34
151 159 172
152 156 175
143 147 166
134 141 156
131 141 151
122 138 144
114 130 136
115 128 136
118 130 142
119 126 143
115 120 141
121 125 149
160 166 185
149 158 172
154 167 175
215 232 235
67 85 86
88 99 99
83 90 93
89 94 95
95 99 99
97 99 99
99 98 99
99 99 99
99 99 99
99 99 99
99 99 99
99 99 98
99 99 98
97 99 98
95 99 98
95 99 96
95 99 96
97 99 99
99 99 99
99 99 99
99 99 99
99 99 99
99 99 99
99 99 99
99 99 99
99 99 99
99 99 99
99 99 99
99 99 99
99 99 99
99 99 99
99 99 99
99 99 99
99 99 99
99 99 99
99 99 99
99 99 99
99 99 99
99 99 99
99 99 99
99 99 99
99 99 99
99 99 99
99 99 99
99 99 99
99 99 99
99 99 99
99 99 99
99 99 99
99 99 99
99 99 99
99 99 99
99 99 99
99 99 99
99 99 99
99 99 99
99 99 99
99 99 99
99 99 99
99 99 99
99 99 99
99 99 99
99 99 99
99 99 99
99 99 99
99 99 99
99 99 99
99 98 99
95 92 94
97 97 99
90 97 99
78 94 99
254 21 36
202 230 247
167 200 219
147 181 204
124 158 181
103 134 157
106 132 156
132 153 175
158 172 195
180 191 213
197 209 233
201 218 244
193 213 238
184 204 229
178 198 223
177 197 222
171 191 216
162 182 207
154 176 201
130 151 178
119 140 167
111 132 159
108 129 156
104 125 152
100 118 145
100 118 145
100 124 152
111 141 170
115 149 179
121 155 184
131 165 194
135 172 200
144 181 207
149 187 211
157 195 219
174 211 233
150 185 205
128 161 181
103 133 152
102 129 149
123 149 166
151 175 193
200 216 233
218 223 238
233 230 245
243 241 253
251 251 7
230 230 242
228 228 240
198 202 213
202 208 221
212 221 235
220 232 250
218 233 252
211 232 254
227 251 19
251 25 50
254 28 57
234 12 42
236 18 52
218 0 34
194 231 9
164 198 228
184 210 240
217 240 10
240 4 29
224 242 9
225 239 5
164 178 200
110 124 146
120 137 158
169 187 210
121 144 166
156 178 203
150 173 199
132 156 184
152 176 206
156 180 210
152 176 206
153 178 210
147 172 204
143 170 204
160 187 221
155 182 216
141 168 202
142 170 205
152 180 215
153 181 216
164 192 227
181 210 247
189 218 255
130 158 193
127 153 189
100 123 159
100 120 154
155 180 214
159 184 216
105 129 159
173 197 225
198 221 247
190 214 238
171 193 218
139 162 184
137 158 179
144 165 186
146 168 186
132 156 174
120 147 168
114 142 166
111 141 166
115 145 172
100 134 164
118 153 186
105 143 178
108 150 187
112 154 196
107 149 191
138 180 222
122 166 207
116 158 200
151 193 235
133 176 215
100 134 176
132 171 216
153 191 239
139 177 225
117 157 205
101 141 189
100 130 177
112 153 202
139 182 231
108 154 202
100 129 177
100 126 174
110 159 207
162 211 5
108 159 209
100 149 199
210 6 52
209 9 44
213 12 43
160 210 246
166 213 251
137 179 221
157 199 241
162 204 246
142 186 227
119 164 201
146 189 222
186 226 254
197 231 254
1 24 40
83 97 99
88 93 99
97 97 99
97 98 99
97 99 99
99 98 99
99 99 99
99 99 98
99 99 98
99 99 98
99 99 98
94 92 92
99 99 99
97 98 99
92 95 99
82 85 93
91 97 99
90 96 99
52 60 73
181 186 201
148 155 170
122 131 144
117 133 140
122 141 146
121 141 146
124 139 148
130 141 155
122 128 147
118 121 142
131 132 153
128 130 148
152 158 169
186 199 201
24 44 39
85 99 96
88 98 98
82 87 90
92 96 97
97 99 99
99 98 99
99 98 99
99 97 97
99 99 99
99 99 99
99 99 99
99 99 98
97 99 98
95 99 98
94 99 98
94 99 96
94 99 96
97 99 99
99 99 99
99 99 99
99 99 99
99 99 99
99 99 99
99 99 99
99 99 99
99 99 99
99 99 99
99 99 99
99 99 99
99 99 99
99 99 99
99 99 99
99 99 99
99 99 99
99 99 99
99 99 99
99 99 99
99 99 99
99 99 99
99 99 99
99 99 99
99 99 99
99 99 99
99 99 99
99 99 99
99 99 99
99 99 99
99 99 99
99 99 99
99 99 99
99 99 99
99 99 99
99 99 99
99 99 99
99 99 99
99 99 99
99 99 99
99 99 99
99 99 99
99 99 99
99 99 99
99 99 99
99 99 99
99 99 99
99 99 99
99 99 99
99 99 99
99 98 99
97 92 93
96 97 99
90 98 99
74 91 99
44 68 80
226 0 17
207 240 3
186 220 243
162 196 219
149 180 203
146 172 196
140 161 183
130 146 169
122 133 155
109 121 145
123 140 166
114 135 162
113 134 161
113 134 161
114 135 162
114 135 162
112 133 160
107 130 156
114 137 163
109 132 158
109 132 158
116 139 165
122 145 171
126 149 175
137 159 187
146 173 200
139 176 204
140 180 209
156 198 227
173 216 243
191 236 7
202 248 16
211 2 24
209 0 22
196 241 6
206 249 12
196 238 1
171 209 227
137 173 191
112 145 164
100 126 142
133 156 172
208 211 226
235 230 245
251 247 3
236 234 246
226 224 236
230 230 242
206 208 219
188 191 205
200 207 222
182 195 211
183 198 217
195 216 238
195 219 243
175 202 228
171 199 229
179 213 243
161 199 233
149 187 221
156 193 227
172 206 236
220 246 20
226 249 19
233 253 22
232 250 17
222 236 2
170 184 206
125 139 161
100 103 124
176 194 217
129 152 174
151 173 198
156 179 205
142 166 194
136 160 190
148 173 205
140 165 197
145 170 202
154 179 211
133 160 194
143 170 204
155 183 218
142 170 205
146 174 209
157 185 220
156 185 222
165 194 231
181 210 247
187 216 253
158 185 222
116 144 179
112 140 175
113 141 175
171 198 232
194 222 253
228 254 28
204 231 2
218 243 13
238 6 30
210 232 1
183 206 228
126 150 170
136 160 180
127 149 167
131 157 174
115 146 167
110 144 167
113 149 173
109 146 172
109 149 178
117 158 191
109 154 188
120 165 202
119 165 206
109 158 198
141 189 231
147 197 239
127 176 216
149 198 238
161 210 250
128 171 214
111 149 197
136 173 223
134 171 221
121 161 210
105 145 194
100 139 188
123 164 213
143 186 235
100 145 196
100 139 190
100 137 188
175 224 18
127 176 226
100 137 187
177 226 20
248 44 90
213 13 48
204 5 36
161 213 249
175 222 4
152 196 237
163 206 249
167 210 253
142 187 230
135 182 220
132 178 212
169 211 240
213 249 17
45 69 87
80 96 99
90 94 99
95 97 99
97 97 99
97 99 99
99 98 99
99 99 99
99 99 98
99 99 98
99 99 98
99 99 98
95 93 93
99 99 99
97 98 99
95 98 99
94 97 99
84 90 97
80 86 97
88 97 99
88 96 99
64 73 86
14 29 38
235 254 5
214 236 242
195 219 225
178 196 207
164 179 195
165 172 192
157 160 181
174 175 196
199 202 217
11 19 26
56 70 68
83 99 93
83 99 93
92 99 99
93 96 99
95 99 99
93 95 96
96 95 97
99 98 99
97 95 95
99 99 99
99 99 99
99 99 99
99 99 98
97 99 98
94 99 98
92 99 98
92 99 96
94 99 96
97 99 99
99 99 99
99 99 99
99 99 99
99 99 99
99 99 99
99 99 99
99 99 99
99 99 99
99 99 99
99 99 99
99 99 99
99 99 99
99 99 99
99 99 99
99 99 99
99 99 99
99 99 99
99 99 99
99 99 99
99 99 99
99 99 99
99 99 99
99 99 99
99 99 99
99 99 99
99 99 99
99 99 99
99 99 99
99 99 99
99 99 99
99 99 99
99 99 99
99 99 99
99 99 99
99 99 99
99 99 99
99 99 99
99 99 99
99 99 99
99 99 99
99 99 99
99 99 99
99 99 99
99 99 99
99 99 99
99 99 99
99 99 99
99 99 99
99 99 98
99 99 98
97 95 94
81 83 83
80 87 90
87 99 99
80 98 99
38 61 76
206 232 249
224 251 16
201 229 253
193 221 245
183 208 234
158 181 207
148 169 196
158 177 204
160 179 206
138 162 190
131 158 185
131 158 185
132 159 186
130 157 184
131 158 185
129 158 185
124 153 180
138 167 194
133 162 189
134 163 190
142 172 197
147 176 203
153 182 209
165 194 221
177 209 238
174 216 245
167 215 243
185 235 9
198 248 20
221 15 43
222 20 45
228 26 51
218 14 37
222 18 41
219 13 35
214 8 30
182 231 253
191 238 3
149 194 215
118 161 180
133 165 184
208 217 231
216 214 226
241 239 251
234 233 243
238 234 245
217 213 224
200 199 209
192 193 203
182 185 199
206 213 228
225 237 255
221 238 3
212 234 3
218 245 15
234 8 35
243 21 50
216 251 28
203 238 15
187 221 251
171 201 230
213 240 11
225 248 18
235 0 22
232 251 16
205 222 243
175 192 213
122 136 158
100 100 117
164 182 205
159 180 202
148 170 195
170 193 219
153 177 207
125 148 180
142 167 201
133 158 190
144 167 199
164 187 219
132 155 187
132 157 189
148 173 205
136 163 197
145 172 206
160 188 222
165 193 228
175 205 240
193 222 3
200 230 9
214 242 21
191 218 252
154 181 215
100 103 137
206 234 9
247 19 50
232 4 34
229 1 31
203 230 1
221 248 18
245 13 37
207 231 253
159 182 204
102 125 147
110 131 152
123 146 168
115 143 167
115 146 171
125 158 184
105 141 171
118 159 191
117 162 196
117 165 201
123 175 212
115 169 210
132 188 229
146 201 244
172 227 14
166 220 5
146 200 241
162 214 255
157 207 249
100 132 179
118 159 208
124 167 216
120 163 212
106 149 198
104 147 196
132 175 224
145 190 241
100 133 184
100 143 194
143 192 242
136 185 235
121 170 218
141 193 240
219 15 62
225 22 65
225 25 60
204 2 35
172 225 2
182 230 10
160 206 247
166 211 254
162 207 251
139 187 229
171 220 4
146 194 230
163 204 236
246 24 48
72 97 99
85 97 99
81 85 90
99 98 99
99 98 99
97 99 99
99 98 99
99 99 99
99 99 99
99 99 98
99 99 98
99 99 98
93 91 91
99 99 99
99 98 99
87 88 92
86 89 94
94 98 99
92 98 99
92 97 99
83 90 99
87 96 99
87 99 99
81 97 99
81 99 99
81 99 99
82 98 99
67 79 91
84 91 99
92 94 99
91 91 99
94 96 99
81 88 91
90 99 98
82 99 88
83 99 89
94 99 99
97 99 99
97 99 99
91 90 92
91 90 92
99 98 99
96 94 94
99 99 99
99 99 99
99 99 99
99 99 98
97 99 98
95 99 98
94 99 98
92 99 98
94 99 98
97 99 99
99 99 99
99 99 99
99 99 99
99 99 99
99 99 99
99 99 99
99 99 99
99 99 99
99 99 99
99 99 99
99 99 99
99 99 99
99 99 99
99 99 99
99 99 99
99 99 99
99 99 99
99 99 99
99 99 99
99 99 99
99 99 99
99 99 99
99 99 99
99 99 99
99 99 99
99 99 99
99 99 99
99 99 99
99 99 99
99 99 99
99 99 99
99 99 99
99 99 99
99 99 99
99 99 99
99 99 99
99 99 99
99 99 99
99 99 99
99 99 99
99 99 99
99 99 99
99 99 99
99 99 99
99 99 99
99 99 99
99 99 99
99 99 99
99 99 98
96 99 94
96 99 94
95 99 94
93 98 96
92 97 98
89 95 99
87 93 99
84 92 99
205 216 236
222 238 5
215 236 7
191 215 243
177 206 237
174 207 240
167 202 235
158 196 228
151 189 221
148 186 218
144 182 214
141 179 211
140 178 208
142 180 210
145 183 213
147 185 215
151 190 218
152 191 219
154 193 221
159 199 224
166 205 233
174 214 239
182 222 247
184 227 254
184 236 10
190 246 19
204 3 34
216 18 47
225 27 56
228 30 59
228 30 59
226 28 57
215 17 46
214 19 45
209 14 40
195 0 26
175 234 4
155 214 240
141 200 226
146 193 215
181 202 217
215 224 233
228 234 241
233 235 243
253 251 1
225 218 225
187 179 186
222 215 222
219 213 224
204 204 216
177 184 199
171 185 203
180 204 224
171 199 223
158 192 216
166 201 227
130 162 191
147 177 206
168 197 224
166 193 219
217 241 9
234 1 23
245 10 32
246 9 30
230 249 14
210 230 248
126 143 162
100 100 115
105 126 147
192 213 234
141 162 184
162 183 210
151 173 208
143 166 204
147 169 205
142 164 199
136 157 189
150 170 201
153 174 202
130 151 178
139 160 187
136 158 186
158 182 210
175 201 231
180 209 240
206 237 14
213 245 24
183 214 247
104 130 160
100 112 140
100 122 149
113 142 169
238 10 40
210 240 13
226 2 31
221 253 26
233 7 36
214 244 15
184 211 238
163 188 214
163 186 212
132 154 179
100 113 138
105 122 149
109 125 154
111 129 160
114 137 169
120 148 183
123 161 196
127 172 210
128 180 220
127 186 226
147 208 252
135 200 244
131 196 240
142 205 249
162 221 10
174 231 20
172 227 14
163 218 5
132 190 232
100 143 188
118 173 218
132 186 233
115 169 216
116 167 217
150 201 251
143 193 245
100 139 191
137 188 238
142 193 243
117 171 218
146 201 246
206 5 48
220 22 64
203 4 43
223 21 56
215 12 45
183 234 11
175 223 1
196 244 24
161 210 250
109 159 201
125 174 218
162 212 254
185 232 14
200 241 18
55 87 99
78 98 99
90 99 99
92 90 82
96 94 84
99 99 98
99 99 99
99 99 99
99 99 99
99 99 99
99 99 99
99 99 99
99 99 99
99 99 99
99 99 99
99 99 99
99 98 99
97 99 99
97 99 99
97 99 99
97 98 99
95 98 99
95 98 99
95 99 99
94 99 99
94 99 99
94 99 99
94 99 99
94 99 99
95 98 99
97 97 99
97 97 99
97 98 99
97 99 99
95 99 99
95 99 98
95 99 98
97 99 99
99 99 99
99 99 99
99 99 99
99 99 99
99 99 99
99 99 99
99 99 99
99 99 99
99 99 99
99 99 99
99 99 99
97 99 99
97 99 99
97 99 99
97 99 99
99 99 99
99 99 99
99 99 99
99 99 99
99 99 99
99 99 99
99 99 99
99 99 99
99 99 99
99 99 99
99 99 99
99 99 99
99 99 99
99 99 99
99 99 99
99 99 99
99 99 99
99 99 99
99 99 99
99 99 99
99 99 99
99 99 99
99 99 99
99 99 99
99 99 99
99 99 99
99 99 99
99 99 99
99 99 99
99 99 99
99 99 99
99 99 99
99 99 99
99 99 99
99 99 99
99 99 99
99 99 99
99 99 99
99 99 99
99 99 99
99 99 99
99 99 99
99 99 99
99 99 99
99 99 99
99 99 99
99 99 99
99 99 99
99 99 99
97 99 98
94 99 92
93 99 92
96 99 94
95 99 94
97 97 97
96 95 99
94 93 99
92 92 99
82 86 99
240 249 13
182 197 223
197 219 247
206 237 12
194 232 8
178 219 252
163 205 240
160 203 236
160 203 236
160 203 236
160 203 236
160 203 236
160 204 235
161 204 237
159 205 236
158 204 235
163 209 240
171 218 246
179 226 254
185 232 4
189 236 8
190 237 8
189 237 9
184 233 9
191 242 18
205 0 32
218 13 45
224 22 53
225 23 54
222 20 51
219 17 48
235 34 65
225 24 55
204 5 36
178 235 10
156 213 244
144 201 232
144 201 232
158 205 232
185 212 226
190 206 213
218 228 235
235 241 246
7 7 13
242 235 242
179 171 178
205 197 204
166 158 168
202 201 211
212 218 231
198 211 227
195 216 237
198 227 248
192 226 249
192 226 250
187 216 243
165 192 219
152 177 203
149 173 197
203 225 250
225 248 14
221 242 7
193 214 235
198 218 236
198 218 236
148 168 186
100 103 121
100 100 121
165 186 207
155 176 198
137 158 185
181 203 239
153 175 216
144 167 205
146 168 203
139 158 191
140 158 187
147 166 193
147 164 190
130 150 175
112 134 159
149 172 198
209 236 7
233 5 35
222 251 26
176 208 243
121 152 185
100 118 145
102 127 153
100 127 153
179 209 234
0 30 57
235 12 38
232 8 37
218 252 25
217 249 22
229 3 30
203 232 3
194 221 247
183 206 232
142 161 188
121 138 165
115 129 157
107 116 149
113 123 157
118 134 170
123 149 185
128 164 202
132 176 217
131 185 226
130 190 232
157 222 11
148 216 5
142 210 255
141 208 253
151 213 3
163 223 13
175 234 24
182 241 30
163 224 12
146 209 253
100 160 204
108 168 214
128 186 235
124 181 232
167 222 17
106 161 212
126 179 230
138 193 244
145 198 248
156 212 3
187 244 33
207 11 53
218 23 63
230 34 70
233 29 65
220 12 46
236 27 59
185 234 10
114 162 196
100 132 170
136 186 228
127 176 220
152 201 245
193 239 24
220 2 36
57 85 99
81 98 99
86 93 90
99 99 85
99 99 87
99 99 95
99 99 99
99 99 99
99 99 99
99 99 99
99 99 99
99 99 99
99 99 99
99 99 99
99 99 99
99 99 99
99 99 99
99 99 99
99 99 99
99 99 99
99 99 99
99 99 99
99 99 99
99 99 99
99 99 99
99 99 99
99 99 99
99 99 99
99 99 99
99 99 99
99 99 99
99 99 99
99 99 99
99 99 99
99 99 99
99 99 99
99 99 99
99 99 99
99 99 99
99 99 99
99 99 99
99 99 99
99 99 99
99 99 99
99 99 99
99 99 99
99 99 99
99 99 99
99 99 99
99 99 99
99 99 99
99 99 99
99 99 99
99 99 99
99 99 99
99 99 99
99 99 99
99 99 99
99 99 99
99 99 99
99 99 99
99 99 99
99 99 99
99 99 99
99 99 99
99 99 99
99 99 99
99 99 99
99 99 99
99 99 99
99 99 99
99 99 99
99 99 99
99 99 99
99 99 99
99 99 99
99 99 99
99 99 99
99 99 99
99 99 99
99 99 99
99 99 99
99 99 99
99 99 99
99 99 99
99 99 99
99 99 99
99 99 99
99 99 99
99 99 99
99 99 99
99 99 99
99 99 99
99 99 99
99 99 99
99 99 99
99 99 99
99 99 99
99 99 99
99 99 99
99 99 99
99 99 99
97 99 98
94 99 94
93 99 92
96 99 94
96 99 97
97 97 97
97 96 99
96 93 99
92 92 99
76 79 94
63 70 89
251 8 30
192 212 237
199 226 252
214 246 19
201 237 11
192 231 7
195 236 13
192 234 13
188 233 11
185 230 8
181 226 4
177 222 255
173 218 252
170 217 249
184 231 7
183 230 6
183 230 6
187 234 10
191 240 16
201 250 26
210 3 35
219 8 41
204 242 21
206 240 20
205 239 19
204 238 18
203 237 17
204 238 18
202 238 18
203 239 19
192 230 9
199 237 16
206 244 23
206 244 23
196 236 15
187 227 6
181 221 0
184 221 249
205 229 247
185 203 214
210 225 234
221 230 239
3 5 15
8 7 16
198 193 202
198 190 200
192 187 196
167 165 177
147 153 166
159 169 186
170 190 208
163 187 209
158 189 212
178 209 232
137 164 190
158 183 209
192 215 241
201 225 249
214 236 5
221 244 10
242 7 28
239 4 25
224 243 8
199 218 239
156 176 194
100 112 130
100 100 117
143 162 183
179 198 219
127 148 175
183 208 242
173 199 236
168 192 228
162 184 219
156 177 209
158 179 207
148 167 194
122 141 168
134 154 179
139 161 186
184 207 233
206 230 2
156 182 212
100 127 158
100 115 150
100 121 154
100 124 154
120 147 174
108 135 162
233 6 33
247 21 48
242 19 45
223 0 26
215 248 18
172 202 229
187 217 244
161 188 215
173 198 224
176 197 224
147 167 192
137 154 180
100 112 138
100 108 138
106 117 149
115 132 165
125 152 186
133 169 205
139 184 222
139 193 234
137 197 239
155 220 9
157 224 13
156 224 15
150 216 8
145 209 1
152 214 6
170 229 22
185 245 35
175 237 27
164 226 16
140 202 248
109 171 219
131 190 240
142 199 251
140 197 249
111 168 220
128 182 235
137 194 245
146 202 251
164 223 13
197 0 45
212 18 59
215 21 61
224 27 66
241 35 71
215 5 39
216 5 38
112 157 190
100 106 140
100 126 163
100 135 176
138 186 228
156 203 247
204 246 32
227 8 42
56 82 99
81 96 99
84 89 87
99 99 89
99 99 87
99 99 95
99 99 99
99 99 99
99 99 99
99 99 99
99 99 99
99 99 99
99 99 99
99 99 99
99 99 99
99 99 99
99 99 99
99 99 99
99 99 99
99 99 99
99 99 99
99 99 99
99 99 99
99 99 99
99 99 99
99 99 99
99 99 99
99 99 99
99 99 99
99 99 99
99 99 99
99 99 99
99 99 99
99 99 99
99 99 99
99 99 99
99 99 99
99 99 99
99 99 99
99 99 99
99 99 99
99 99 99
99 99 99
99 99 99
99 99 99
99 99 99
99 99 99
99 99 99
99 99 99
99 99 99
99 99 99
99 99 99
99 99 99
99 99 99
99 99 99
99 99 99
99 99 99
99 99 99
99 99 99
99 99 99
99 99 99
99 99 99
99 99 99
99 99 99
99 99 99
99 99 99
99 99 99
99 99 99
99 99 99
99 99 99
99 99 99
99 99 99
99 99 99
99 99 99
99 99 99
99 99 99
99 99 99
99 99 99
99 99 99
99 99 99
99 99 99
99 99 99
99 99 99
99 99 99
99 99 99
99 99 99
99 99 99
99 99 99
99 99 99
99 99 99
99 99 99
99 99 99
99 99 99
99 99 99
99 99 99
99 99 99
99 99 99
99 99 99
99 99 99
99 99 99
99 99 99
99 99 99
97 99 98
95 99 95
94 99 95
94 99 95
96 99 97
98 98 98
97 96 98
97 95 99
95 94 99
94 96 99
90 95 99
77 87 99
18 35 54
188 211 233
165 193 217
191 222 247
192 227 253
183 222 254
180 221 254
179 222 255
180 222 1
183 225 4
185 230 8
189 234 12
191 237 15
183 229 7
187 235 13
196 244 22
200 250 30
201 251 31
196 246 26
189 239 19
187 232 13
151 187 223
154 186 222
153 185 221
153 185 221
156 188 224
161 193 229
164 198 234
167 201 237
182 218 254
187 223 3
192 228 8
192 228 8
187 225 4
185 223 2
187 225 4
196 230 4
207 234 254
199 223 235
209 226 239
207 221 233
238 247 1
8 10 21
213 212 222
168 164 175
186 184 196
195 195 207
193 196 211
181 191 208
181 196 215
185 206 227
185 209 231
183 209 233
223 249 17
188 211 237
161 184 210
168 192 216
198 221 243
235 2 24
10 31 52
253 18 39
243 6 27
193 212 233
147 167 185
101 121 139
100 100 117
112 131 152
183 202 223
157 177 202
155 180 212
162 190 225
171 197 233
170 195 229
163 186 218
160 182 210
153 174 202
142 161 188
159 179 204
184 205 232
176 198 226
112 136 166
100 100 126
100 125 156
123 151 185
104 132 166
121 149 179
123 152 179
127 155 185
234 8 35
211 244 14
213 246 16
195 228 254
201 231 2
169 199 226
174 204 229
152 177 203
158 182 206
162 182 207
148 166 189
133 149 172
100 100 119
100 101 129
100 111 141
112 130 161
125 152 186
138 172 208
144 187 226
146 198 239
142 201 246
139 204 249
149 215 7
159 227 18
158 226 17
151 217 10
147 211 3
152 213 7
159 221 13
156 218 10
142 204 252
168 229 23
142 203 253
140 198 250
131 188 243
114 171 226
125 182 237
126 183 238
142 200 252
153 212 6
175 234 27
209 13 59
225 31 72
223 29 70
227 28 67
228 20 56
240 27 60
100 128 161
100 109 142
100 122 157
100 125 162
100 139 181
138 181 224
179 222 9
206 246 32
217 249 28
58 82 99
83 98 99
95 99 98
99 99 89
99 95 82
99 99 96
99 99 99
99 99 99
99 99 99
99 99 99
99 99 99
99 99 99
99 99 99
99 99 99
99 99 99
99 99 99
99 99 99
99 99 99
99 99 99
99 99 99
99 99 99
99 99 99
99 99 99
99 99 99
99 99 99
99 99 99
99 99 99
99 99 99
99 99 99
99 99 99
99 99 99
99 99 99
99 99 99
99 99 99
99 99 99
99 99 99
99 99 99
99 99 99
99 99 99
99 99 99
99 99 99
99 99 99
99 99 99
99 99 99
99 99 99
99 99 99
99 99 99
99 99 99
99 99 99
99 99 99
99 99 99
99 99 99
99 99 99
99 99 99
99 99 99
99 99 99
99 99 99
99 99 99
99 99 99
99 99 99
99 99 99
99 99 99
99 99 99
99 99 99
99 99 99
99 99 99
99 99 99
99 99 99
99 99 99
99 99 99
99 99 99
99 99 99
99 99 99
99 99 99
99 99 99
99 99 99
99 99 99
99 99 99
99 99 99
99 99 99
99 99 99
99 99 99
99 99 99
99 99 99
99 99 99
99 99 99
99 99 99
99 99 99
99 99 99
99 99 99
99 99 99
99 99 99
99 99 99
99 99 99
99 99 99
99 99 99
99 99 99
99 99 99
99 99 99
99 99 99
99 99 99
99 99 99
97 99 98
95 99 96
94 99 96
95 99 96
96 99 97
98 98 98
98 97 99
99 95 99
97 95 99
88 87 97
94 96 99
88 95 99
83 96 99
70 89 99
243 10 26
173 197 215
167 196 217
173 207 236
164 202 234
157 196 228
153 191 225
152 193 226
158 199 232
163 205 240
166 211 245
190 235 16
187 235 15
185 233 13
179 228 10
173 222 4
163 215 252
155 206 246
152 201 239
204 249 30
213 255 34
220 9 43
228 17 51
230 19 53
226 15 49
218 8 42
214 4 38
209 1 35
206 254 32
198 246 24
186 234 12
172 223 0
168 219 252
171 222 255
181 228 0
165 199 222
187 216 231
186 209 225
210 229 244
239 252 10
252 3 18
235 238 252
169 170 184
188 188 202
190 190 206
182 185 200
161 169 186
148 162 181
164 181 202
187 208 229
198 221 243
156 178 203
148 170 195
145 167 192
174 196 221
188 209 231
206 227 249
227 248 14
216 237 3
209 228 249
182 201 222
147 164 183
110 127 146
100 106 125
100 100 117
164 181 200
187 208 230
176 201 233
162 190 225
173 201 235
200 228 3
201 227 1
178 202 230
186 208 236
221 242 13
217 238 9
147 168 195
100 121 149
103 124 155
108 131 163
105 130 162
111 136 170
120 147 181
129 157 188
110 140 169
167 196 227
221 253 26
196 229 255
185 218 244
166 197 222
174 205 230
157 187 212
167 195 219
176 200 224
164 187 209
153 171 194
144 161 182
120 134 156
100 105 129
100 100 127
100 108 138
108 126 157
121 149 180
135 170 204
143 187 224
146 198 239
144 203 248
134 199 244
141 207 255
152 219 12
159 226 19
156 222 17
149 215 8
143 206 1
140 200 252
142 202 254
135 195 247
139 199 253
158 218 16
143 202 2
102 161 217
126 185 241
103 162 218
130 190 244
135 195 247
151 212 6
186 248 40
218 24 70
217 25 66
213 21 62
233 34 73
236 25 59
178 216 250
100 100 128
100 125 157
100 130 164
100 138 173
128 167 206
151 191 233
197 237 23
204 240 24
215 246 23
68 90 99
85 97 99
97 99 99
99 99 91
99 98 85
99 99 96
99 99 99
99 99 99
99 99 99
99 99 99
99 99 99
99 99 99
99 99 99
99 99 99
99 99 99
99 99 99
99 99 99
99 99 99
99 99 99
99 99 99
99 99 99
99 99 99
99 99 99
99 99 99
99 99 99
99 99 99
99 99 99
99 99 99
99 99 99
99 99 99
99 99 99
99 99 99
99 99 99
99 99 99
99 99 99
99 99 99
99 99 99
99 99 99
99 99 99
99 99 99
99 99 99
99 99 99
99 99 99
99 99 99
99 99 99
99 99 99
99 99 99
99 99 99
99 99 99
99 99 99
99 99 99
99 99 99
99 99 99
99 99 99
99 99 99
99 99 99
99 99 99
99 99 99
99 99 99
99 99 99
99 99 99
99 99 99
99 99 99
99 99 99
99 99 99
99 99 99
99 99 99
99 99 99
99 99 99
99 99 99
99 99 99
99 99 99
99 99 99
99 99 99
99 99 99
99 99 99
99 99 99
99 99 99
99 99 99
99 99 99
99 99 99
99 99 99
99 99 99
99 99 99
99 99 99
99 99 99
99 99 99
99 99 99
99 99 99
99 99 99
99 99 99
99 99 99
99 99 99
99 99 99
99 99 99
99 99 99
99 99 99
99 99 99
99 99 99
99 99 99
99 99 99
99 99 99
97 99 99
95 99 98
94 99 98
95 99 98
97 99 98
98 98 98
98 98 98
99 97 99
99 96 99
99 97 99
88 87 96
89 94 99
85 94 99
73 85 95
78 94 99
60 78 89
1 24 39
160 188 212
156 189 215
159 191 220
159 193 222
161 195 225
160 196 226
159 197 229
158 196 230
153 194 227
138 183 217
122 168 202
109 157 193
106 153 191
111 160 198
123 172 212
132 181 219
154 199 236
163 209 243
177 223 1
189 237 15
201 249 27
207 255 33
210 2 36
208 3 36
226 21 54
227 24 57
226 23 56
218 15 48
202 255 32
185 239 16
175 229 6
176 226 0
166 204 228
188 220 239
174 202 219
219 244 4
251 13 30
247 4 20
5 12 29
217 221 239
183 185 203
166 168 186
169 173 191
185 191 210
178 188 206
169 183 202
185 200 219
203 220 241
223 244 10
197 218 240
162 182 207
203 224 246
234 255 21
254 19 41
255 20 42
229 250 16
210 229 250
196 215 236
151 168 187
104 121 140
100 111 130
100 100 115
145 161 178
186 205 226
174 202 232
156 187 220
157 186 217
187 216 247
211 239 13
191 217 247
159 183 211
152 175 201
105 127 155
101 123 151
100 115 146
100 116 147
108 131 163
131 154 186
137 162 196
130 155 189
120 148 182
104 135 166
208 239 14
223 255 28
200 232 5
171 204 230
148 179 204
148 179 202
135 163 187
147 174 195
166 189 211
161 182 203
157 174 195
141 155 177
101 114 136
100 100 120
100 103 130
100 110 138
103 124 152
114 142 173
124 161 195
135 179 216
141 193 234
143 200 245
145 207 253
140 206 255
141 207 2
144 213 7
151 217 12
149 215 10
143 207 5
138 200 254
148 208 6
130 189 245
148 207 7
136 194 253
113 171 230
100 158 217
115 175 234
103 164 220
125 186 242
148 211 6
168 229 23
185 247 39
206 13 57
215 21 62
212 18 58
223 22 59
231 17 52
100 121 155
100 124 157
100 118 151
100 131 164
123 158 192
108 144 182
159 195 235
199 235 19
199 232 15
242 13 47
74 94 99
87 96 99
97 99 99
99 97 86
99 99 91
99 99 96
99 99 99
99 99 99
99 99 99
99 99 99
99 99 99
99 99 99
99 99 99
99 99 99
99 99 99
99 99 99
99 99 99
99 99 99
99 99 99
99 99 99
99 99 99
99 99 99
99 99 99
99 99 99
99 99 99
99 99 99
99 99 99
99 99 99
99 99 99
99 99 99
99 99 99
99 99 99
99 99 99
99 99 99
99 99 99
99 99 99
99 99 99
99 99 99
99 99 99
99 99 99
99 99 99
99 99 99
99 99 99
99 99 99
99 99 99
99 99 99
99 99 99
99 99 99
99 99 99
99 99 99
99 99 99
99 99 99
99 99 99
99 99 99
99 99 99
99 99 99
99 99 99
99 99 99
99 99 99
99 99 99
99 99 99
99 99 99
99 99 99
99 99 99
99 99 99
99 99 99
99 99 99
99 99 99
99 99 99
99 99 99
99 99 99
99 99 99
99 99 99
99 99 99
99 99 99
99 99 99
99 99 99
99 99 99
99 99 99
99 99 99
99 99 99
99 99 99
99 99 99
99 99 99
99 99 99
99 99 99
99 99 99
99 99 99
99 99 99
99 99 99
99 99 99
99 99 99
99 99 99
99 99 99
99 99 99
99 99 99
99 99 99
99 99 99
99 99 99
99 99 99
99 99 99
99 99 99
97 99 99
95 99 99
94 99 99
95 99 99
97 99 99
99 99 99
99 98 98
99 97 99
99 97 99
99 96 99
99 98 99
93 93 99
89 93 98
92 98 99
88 98 99
84 96 99
83 98 99
76 96 99
37 62 82
236 4 26
181 208 229
152 180 204
150 181 204
167 198 223
180 213 239
175 209 238
173 211 241
176 215 247
179 220 253
181 223 2
181 226 4
182 227 5
182 227 5
151 193 228
146 189 222
139 182 215
131 174 207
126 169 202
121 166 199
121 166 199
121 166 199
105 150 183
113 160 192
127 174 206
139 188 220
152 201 233
168 217 249
185 234 10
200 246 21
193 231 255
204 237 1
180 211 232
216 243 7
247 12 33
244 5 24
4 15 35
240 247 10
179 185 204
193 197 216
198 202 221
177 183 202
165 171 190
194 204 222
229 241 3
231 245 8
194 211 232
185 204 225
155 173 196
213 234 0
0 21 43
17 38 60
11 32 54
247 12 34
210 228 251
191 210 231
147 164 183
106 123 142
101 117 134
100 109 125
132 147 163
171 191 209
178 208 233
184 218 248
176 208 237
171 201 230
189 219 248
181 209 239
130 156 186
100 108 136
113 137 167
109 133 163
109 133 163
119 142 174
128 150 185
129 151 186
129 151 186
133 158 192
129 157 191
132 163 196
225 0 31
220 252 25
185 215 244
153 184 209
139 170 193
134 165 186
147 174 195
161 186 206
155 179 199
160 182 200
162 179 198
125 140 159
100 102 121
100 100 117
100 110 136
100 114 141
100 121 149
106 134 165
114 150 186
126 169 208
136 186 228
138 195 240
141 203 251
133 199 248
129 195 246
129 197 250
134 202 255
139 205 2
139 204 3
137 201 0
150 211 11
132 190 249
167 225 28
111 168 229
100 153 213
108 168 228
100 157 216
127 191 246
142 203 3
181 244 39
199 4 54
193 255 45
204 10 51
217 22 62
215 21 59
218 15 52
182 220 255
100 123 158
100 110 144
100 117 148
121 149 180
111 139 173
120 149 186
144 175 214
196 229 12
194 223 4
23 48 80
76 93 99
87 96 99
97 96 98
99 96 87
99 99 91
99 99 96
99 99 99
99 99 99
99 99 99
99 99 99
99 99 99
99 99 99
99 99 99
99 99 99
99 99 99
99 99 99
99 99 99
99 99 99
99 99 99
99 99 99
99 99 99
99 99 99
99 99 99
99 99 99
99 99 99
99 99 99
99 99 99
99 99 99
99 99 99
99 99 99
99 99 99
99 99 99
99 99 99
99 99 99
99 99 99
99 99 99
99 99 99
99 99 99
99 99 99
99 99 99
99 99 99
99 99 99
99 99 99
99 99 99
99 99 99
99 99 99
99 99 99
99 99 99
99 99 99
99 99 99
99 99 99
99 99 99
99 99 99
99 99 99
99 99 99
99 99 99
99 99 99
99 99 99
99 99 99
99 99 99
99 99 99
99 99 99
99 99 99
99 99 99
99 99 99
99 99 99
99 99 99
99 99 99
99 99 99
99 99 99
99 99 99
99 99 99
99 99 99
99 99 99
99 99 99
99 99 99
99 99 99
99 99 99
99 99 99
99 99 99
99 99 99
99 99 99
99 99 99
99 99 99
99 99 99
99 99 99
99 99 99
99 99 99
99 99 99
99 99 99
99 99 99
99 99 99
99 99 99
99 99 99
99 99 99
99 99 99
99 99 99
99 99 99
99 99 99
99 99 99
99 99 99
99 99 99
97 99 99
95 99 99
94 99 99
95 99 99
97 99 99
99 99 99
99 99 99
99 97 99
99 97 99
99 98 99
99 98 99
99 98 99
97 99 99
89 93 94
89 93 94
92 97 98
87 96 99
78 90 99
81 97 99
80 97 99
74 93 99
41 60 75
242 9 25
190 212 230
154 179 199
156 183 204
156 187 210
160 191 216
160 195 221
161 195 224
157 194 222
151 190 218
146 186 215
156 198 227
152 196 227
147 193 224
144 190 221
143 189 220
144 190 221
145 192 223
146 193 224
138 185 216
138 188 218
138 188 218
134 184 214
124 176 206
119 171 201
120 172 202
126 175 201
151 192 215
171 206 226
169 200 221
196 225 246
241 9 29
6 25 46
8 23 42
248 3 23
212 219 239
181 187 206
176 182 201
195 201 220
204 210 229
206 212 231
194 201 220
168 178 196
137 151 170
161 178 199
151 168 189
206 225 246
221 239 6
199 220 242
174 195 217
158 179 201
156 174 197
147 165 188
140 157 178
124 140 157
104 119 135
100 103 117
121 134 148
173 191 208
183 211 235
202 235 5
190 223 249
151 183 212
130 160 189
117 147 176
113 141 171
125 151 181
117 143 173
118 143 175
113 138 170
116 139 171
132 154 189
148 170 205
155 177 212
157 182 216
151 181 216
166 199 232
221 252 27
209 239 12
151 181 208
130 160 185
133 164 185
134 164 183
124 149 169
159 183 201
143 165 183
154 174 192
146 163 182
100 109 128
100 105 124
100 113 135
100 115 141
100 116 143
100 120 150
100 128 162
108 144 180
120 163 202
131 181 223
137 192 237
127 186 235
121 186 237
120 186 239
120 188 241
122 189 244
125 192 247
129 194 249
131 195 250
148 206 9
157 215 18
137 194 255
107 164 225
117 177 237
102 162 221
114 174 233
136 197 253
156 218 16
174 235 29
191 250 43
202 5 50
203 6 46
188 246 26
188 244 23
217 9 43
157 192 226
100 120 154
109 134 166
112 135 167
110 133 165
131 156 188
127 153 189
155 182 219
198 227 8
189 217 252
47 70 99
65 82 99
88 96 99
96 97 99
99 99 92
99 99 92
99 99 96
99 99 99
99 99 99
99 99 99
99 99 99
99 99 99
99 99 99
99 99 99
99 99 99
99 99 99
99 99 99
99 99 99
99 99 99
99 99 99
99 99 99
99 99 99
99 99 99
99 99 99
99 99 99
99 99 99
99 99 99
99 99 99
99 99 99
99 99 99
99 99 99
99 99 99
99 99 99
99 99 99
99 99 99
99 99 99
99 99 99
99 99 99
99 99 99
99 99 99
99 99 99
99 99 99
99 99 99
99 99 99
99 99 99
99 99 99
99 99 99
99 99 99
99 99 99
99 99 99
99 99 99
99 99 99
99 99 99
99 99 99
99 99 99
99 99 99
99 99 99
99 99 99
99 99 99
99 99 99
99 99 99
99 99 99
99 99 99
99 99 99
99 99 99
99 99 99
99 99 99
99 99 99
99 99 99
99 99 99
99 99 99
99 99 99
99 99 99
99 99 99
99 99 99
99 99 99
99 99 99
99 99 99
99 99 99
99 99 99
99 99 99
99 99 99
99 99 99
99 99 99
99 99 99
99 99 99
99 99 99
99 99 99
99 99 99
99 99 99
99 99 99
99 99 99
99 99 99
99 99 99
99 99 99
99 99 99
99 99 99
99 99 99
99 99 99
99 99 99
99 99 99
99 99 99
99 99 99
97 99 99
95 99 99
95 99 99
97 99 99
97 99 99
99 99 99
99 99 99
99 98 99
99 98 99
99 98 99
99 98 99
99 98 99
99 99 99
99 99 98
99 99 98
99 99 98
97 99 99
94 99 99
92 98 99
89 98 99
87 98 99
87 97 99
83 96 99
83 95 99
79 95 99
2 19 32
219 240 255
177 200 216
156 182 199
161 187 204
167 194 214
163 193 212
150 185 205
146 195 217
139 196 218
139 196 218
138 195 217
137 195 217
136 194 216
136 194 216
136 194 216
139 199 221
139 199 221
140 200 222
138 201 222
136 199 220
133 196 217
127 192 213
132 189 210
158 200 219
148 180 199
164 196 215
191 218 238
251 20 40
239 4 25
230 247 12
17 32 51
251 6 26
204 213 233
161 168 187
168 174 193
190 197 214
175 179 197
155 162 179
168 176 193
194 206 224
222 236 255
230 245 8
209 226 247
205 223 246
228 246 13
237 1 26
226 246 15
218 235 5
166 184 207
138 155 176
121 137 154
100 113 129
100 100 114
121 130 143
180 195 211
171 198 219
179 210 235
186 217 242
171 201 228
141 171 198
118 148 177
112 142 171
118 146 177
116 144 175
119 146 180
125 152 186
135 160 194
143 168 202
148 173 207
151 173 208
149 174 208
135 163 197
209 240 17
209 238 13
202 232 5
154 184 209
140 168 192
105 132 152
116 142 159
120 144 162
136 159 175
136 159 175
146 166 184
100 115 134
100 115 136
100 115 136
100 103 126
110 129 156
109 131 159
107 132 164
103 133 168
100 137 175
104 148 189
114 163 207
122 176 223
121 180 230
118 181 232
116 180 234
116 182 235
117 182 237
118 183 238
119 185 238
120 184 239
155 213 16
137 193 252
117 173 232
105 163 222
102 162 221
109 169 228
128 189 245
148 208 6
162 221 15
177 235 28
189 247 33
191 246 29
194 248 27
183 234 11
207 0 32
43 84 99
185 216 249
101 123 158
106 127 159
118 139 170
107 127 158
126 147 178
144 167 199
166 191 225
181 207 244
184 210 246
64 85 99
77 93 99
87 96 99
96 97 99
99 94 89
99 99 93
99 99 98
99 99 99
99 99 99
99 99 99
99 99 99
99 99 99
99 99 99
99 99 99
99 99 99
99 99 99
99 99 99
99 99 99
99 99 99
99 99 99
99 99 99
99 99 99
99 99 99
99 99 99
99 99 99
99 99 99
99 99 99
99 99 99
99 99 99
99 99 99
99 99 99
99 99 99
99 99 99
99 99 99
99 99 99
99 99 99
99 99 99
99 99 99
99 99 99
99 99 99
99 99 99
99 99 99
99 99 99
99 99 99
99 99 99
99 99 99
99 99 99
99 99 99
99 99 99
99 99 99
99 99 99
99 99 99
99 99 99
99 99 99
99 99 99
99 99 99
99 99 99
99 99 99
99 99 99
99 99 99
99 99 99
99 99 99
99 99 99
99 99 99
99 99 99
99 99 99
99 99 99
99 99 99
99 99 99
99 99 99
99 99 99
99 99 99
99 99 99
99 99 99
99 99 99
99 99 99
99 99 99
99 99 99
99 99 99
99 99 99
99 99 99
99 99 99
99 99 99
99 99 99
99 99 99
99 99 99
99 99 99
99 99 99
99 99 99
99 99 99
99 99 99
99 99 99
99 99 99
99 99 99
99 99 99
99 99 99
99 99 99
99 99 99
99 99 99
99 99 99
99 99 99
99 99 99
99 99 99
99 99 99
97 99 99
97 99 99
97 99 99
99 98 99
99 99 99
99 99 99
99 98 99
99 98 99
99 99 98
99 99 98
99 99 98
99 99 98
99 99 96
99 99 96
99 99 96
99 99 96
99 99 98
99 99 98
99 99 98
96 99 97
94 99 98
93 98 99
92 97 99
88 97 99
88 98 99
85 96 99
66 81 90
48 65 74
26 44 55
251 15 26
218 237 250
188 214 228
154 192 210
148 191 210
148 191 210
148 191 210
145 191 209
145 191 209
145 191 209
144 190 208
138 186 204
143 191 209
146 196 214
150 200 218
149 199 217
144 194 212
137 189 206
137 183 201
154 188 204
181 209 226
179 205 222
179 205 222
170 194 212
220 241 6
243 6 27
227 241 7
242 0 19
239 250 14
199 208 228
156 163 182
156 163 180
183 187 205
211 216 231
233 240 255
208 218 235
210 222 240
212 226 244
223 238 1
241 2 23
253 15 38
242 6 31
223 243 12
186 203 229
167 183 206
153 167 189
124 138 156
104 114 131
100 109 122
105 114 124
123 137 149
142 167 187
143 174 197
149 180 203
148 178 203
140 170 197
133 163 192
132 161 192
133 162 193
141 169 203
142 170 204
141 169 203
132 160 194
123 150 184
117 144 178
121 146 180
125 150 184
123 151 185
226 255 30
228 2 31
239 13 38
207 235 3
182 209 229
126 152 169
100 102 118
100 118 134
122 145 161
145 165 182
100 103 121
100 104 125
100 100 119
107 124 150
106 125 152
109 133 161
108 136 167
111 139 173
107 141 177
105 144 183
108 152 193
115 164 210
119 173 220
118 177 227
116 176 228
113 177 231
115 179 233
117 181 235
118 182 236
119 183 237
122 184 238
137 194 250
123 178 235
110 165 222
104 161 217
102 161 217
106 166 220
122 180 232
137 196 246
160 216 7
175 230 17
185 237 21
182 233 10
166 212 243
206 248 21
34 74 99
60 94 99
176 201 233
107 128 160
107 127 158
115 133 162
112 130 159
131 149 178
131 151 182
134 157 189
153 177 213
192 217 251
26 47 78
78 94 99
87 96 99
95 98 99
98 93 90
99 95 90
99 99 98
99 99 99
99 99 99
99 99 99
99 99 99
99 99 99
99 99 99
99 99 99
99 99 99
99 99 99
99 99 99
99 99 99
99 99 99
99 99 99
99 99 99
99 99 99
99 99 99
99 99 99
99 99 99
99 99 99
99 99 99
99 99 99
99 99 99
99 99 99
99 99 99
99 99 99
99 99 99
99 99 99
99 99 99
99 99 99
99 99 99
99 99 99
99 99 99
99 99 99
99 99 99
99 99 99
99 99 99
99 99 99
99 99 99
99 99 99
99 99 99
99 99 99
99 99 99
99 99 99
99 99 99
99 99 99
99 99 99
99 99 99
99 99 99
99 99 99
99 99 99
99 99 99
99 99 99
99 99 99
99 99 99
99 99 99
99 99 99
99 99 99
99 99 99
99 99 99
99 99 99
99 99 99
99 99 99
99 99 99
99 99 99
99 99 99
99 99 99
99 99 99
99 99 99
99 99 99
99 99 99
99 99 99
99 99 99
99 99 99
99 99 99
99 99 99
99 99 99
99 99 99
99 99 99
99 99 99
99 99 99
99 99 99
99 99 99
99 99 99
99 99 99
99 99 99
99 99 99
99 99 99
99 99 99
99 99 99
99 99 99
99 99 99
99 99 99
99 99 99
99 99 99
99 99 99
99 99 99
99 99 99
99 98 99
99 98 99
99 98 99
99 98 99
99 99 99
99 99 99
99 99 99
99 99 99
99 99 98
99 99 98
99 99 98
99 99 98
99 99 96
99 99 96
99 99 96
99 99 96
99 99 95
99 99 93
99 99 95
99 99 95
99 99 95
99 98 97
99 98 97
95 97 97
92 97 96
94 99 99
92 99 99
90 99 99
88 97 99
83 94 98
85 95 99
87 98 99
87 96 99
87 94 99
87 94 99
87 94 99
87 94 99
86 93 99
84 94 99
84 94 99
83 95 99
83 95 99
83 95 99
80 92 99
66 80 98
49 63 81
32 46 64
20 36 52
232 251 10
154 175 190
151 172 187
169 189 206
153 173 190
162 182 200
163 180 201
238 255 20
242 0 22
251 9 28
210 221 241
152 162 180
160 167 184
205 212 229
218 223 238
197 204 219
211 220 234
206 216 233
206 218 236
222 236 255
242 3 24
241 3 26
207 227 252
171 190 217
155 172 198
150 166 189
145 159 181
122 134 152
110 119 133
109 117 130
101 106 115
100 105 115
100 117 135
100 114 135
100 112 136
100 117 143
100 125 152
100 129 158
100 125 156
100 121 154
119 149 184
135 165 200
151 181 216
151 181 216
137 165 200
120 148 183
113 140 174
113 140 174
145 173 204
0 28 58
4 31 57
30 56 80
26 50 72
23 47 65
245 14 30
180 203 218
100 108 123
109 129 146
100 115 131
100 110 131
101 122 144
103 122 149
100 109 137
116 140 170
111 140 171
113 145 180
117 151 187
117 154 192
112 154 196
113 158 201
115 164 212
117 170 220
113 170 221
111 172 222
113 173 225
113 176 227
116 179 230
118 181 232
120 183 234
123 183 235
132 189 241
117 173 228
104 160 215
100 155 210
100 156 208
101 160 210
115 173 222
132 189 234
167 221 6
151 203 240
163 209 243
166 208 237
224 5 31
49 83 99
66 95 99
69 95 99
135 156 187
100 117 150
104 122 153
105 121 150
106 120 148
116 133 160
106 124 153
106 127 158
132 154 189
196 218 253
242 7 38
53 71 94
85 96 99
94 98 99
99 99 98
99 96 91
99 99 98
99 99 99
99 99 99
99 99 99
99 99 99
99 99 99
99 99 99
99 99 99
99 99 99
99 99 99
99 99 99
99 99 99
99 99 99
99 99 99
99 99 99
99 99 99
99 99 99
99 99 99
99 99 99
99 99 99
99 99 99
99 99 99
99 99 99
99 99 99
99 99 99
99 99 99
99 99 99
99 99 99
99 99 99
99 99 99
99 99 99
99 99 99
99 99 99
99 99 99
99 99 99
99 99 99
99 99 99
99 99 99
99 99 99
99 99 99
99 99 99
99 99 99
99 99 99
99 99 99
99 99 99
99 99 99
99 99 99
99 99 99
99 99 99
99 99 99
99 99 99
99 99 99
99 99 99
99 99 99
99 99 99
99 99 99
99 99 99
99 99 99
99 99 99
99 99 99
99 99 99
99 99 99
99 99 99
99 99 99
99 99 99
99 99 99
99 99 99
99 99 99
99 99 99
99 99 99
99 99 99
99 99 99
99 99 99
99 99 99
99 99 99
99 99 99
99 99 99
99 99 99
99 99 99
99 99 99
99 99 99
99 99 99
99 99 99
99 99 99
99 99 99
99 99 99
99 99 99
99 99 99
99 99 99
99 99 99
99 99 99
99 99 99
99 99 99
99 99 99
99 99 99
99 99 99
99 99 99
99 99 99
99 98 99
99 98 99
99 98 99
99 98 99
99 99 99
99 99 99
99 99 99
99 99 99
99 99 99
99 99 98
99 99 98
99 99 98
99 99 98
99 99 96
99 99 98
99 99 96
99 99 95
99 99 93
99 99 95
99 99 95
99 99 95
99 98 95
99 99 95
99 99 95
99 97 96
99 99 98
97 99 99
95 99 99
91 96 95
85 89 90
88 93 94
95 98 99
99 94 99
99 93 99
99 93 99
99 93 99
99 92 99
99 92 99
98 91 99
98 91 99
84 80 92
89 85 97
97 93 99
99 95 99
97 95 99
97 95 99
97 95 99
94 96 99
78 88 98
83 98 99
24 38 50
196 212 225
158 174 190
100 116 133
130 147 166
182 199 220
164 178 200
210 224 246
220 234 253
178 190 208
157 164 183
174 181 198
188 195 210
183 190 205
226 233 248
229 238 252
221 231 248
211 225 244
224 238 4
236 254 21
223 240 11
192 211 238
166 183 209
139 155 178
126 140 162
117 129 147
112 121 135
106 112 123
100 101 111
104 113 123
104 122 139
100 117 137
100 114 136
100 118 142
100 126 152
104 132 162
101 132 163
100 129 162
104 136 171
126 161 195
156 191 225
171 206 240
168 200 235
152 184 219
140 171 204
134 163 194
187 215 245
3 30 56
3 29 53
22 47 67
27 51 69
45 68 84
45 67 79
20 42 54
223 245 1
100 100 113
100 106 124
100 121 141
100 116 143
106 128 156
111 134 166
110 137 171
113 148 182
118 156 191
124 163 202
126 166 208
121 166 209
116 165 211
118 167 215
117 170 220
110 167 218
110 169 219
112 171 221
113 174 224
116 177 227
119 181 229
123 182 231
124 183 232
115 170 221
106 161 212
100 155 206
101 158 209
108 164 213
113 169 216
127 182 227
142 196 237
145 194 232
165 210 243
160 200 229
245 23 47
67 96 99
72 97 99
78 97 99
61 78 97
100 109 138
100 100 132
100 110 142
100 110 138
100 107 133
100 105 131
100 101 128
100 121 149
135 158 190
190 213 245
223 244 19
9 27 50
83 96 99
84 90 97
99 99 99
99 99 96
99 99 98
99 99 99
99 99 99
99 99 99
99 99 99
99 99 99
99 99 99
99 99 99
99 99 99
99 99 99
99 99 99
99 99 99
99 99 99
99 99 99
99 99 99
99 99 99
99 99 99
99 99 99
99 99 99
99 99 99
99 99 99
99 99 99
99 99 99
99 99 99
99 99 99
99 99 99
99 99 99
99 99 99
99 99 99
99 99 99
99 99 99
99 99 99
99 99 99
99 99 99
99 99 99
99 99 99
99 99 99
99 99 99
99 99 99
99 99 99
99 99 99
99 99 99
99 99 99
99 99 99
99 99 99
99 99 99
99 99 99
99 99 99
99 99 99
99 99 99
99 99 99
99 99 99
99 99 99
99 99 99
99 99 99
99 99 99
98 98 98
98 98 98
98 98 98
98 98 98
98 98 98
98 98 98
98 98 98
98 98 98
99 99 99
99 99 99
99 99 99
99 99 99
99 99 99
99 99 99
99 99 99
99 99 99
99 99 99
99 99 99
99 99 99
99 99 99
99 99 99
99 99 99
99 99 99
99 99 99
99 99 99
99 99 99
99 99 99
99 99 99
99 99 99
99 99 99
99 99 99
99 99 99
99 99 99
99 99 99
99 99 99
99 99 99
99 99 99
99 99 99
99 99 99
99 99 99
99 99 99
99 99 99
99 98 99
99 98 99
99 98 99
99 98 99
99 98 99
99 98 99
99 98 99
99 99 99
99 99 99
99 99 99
99 99 99
99 99 99
99 98 99
99 99 98
99 98 99
99 99 98
99 99 96
99 99 96
99 99 96
99 99 96
99 99 96
99 99 98
99 98 97
99 98 97
91 89 88
98 96 95
99 99 98
99 99 98
99 99 98
97 99 99
97 99 99
99 99 99
99 98 99
99 97 99
99 97 99
99 97 99
99 97 99
99 97 99
99 97 99
99 97 99
99 98 99
99 98 99
97 98 99
96 97 99
94 95 99
93 94 98
93 94 98
91 94 98
90 95 98
74 80 85
90 97 99
73 83 93
84 96 99
246 6 19
119 135 152
124 139 158
229 246 11
7 21 43
6 21 40
205 219 237
156 168 186
167 177 194
212 221 235
239 246 5
239 247 4
252 4 17
1 11 28
0 12 30
3 17 39
3 21 44
243 4 31
218 237 8
189 206 233
148 163 189
126 140 162
115 127 145
111 119 132
103 108 117
100 100 108
112 117 126
100 110 126
100 115 133
100 120 142
103 127 151
109 134 160
113 141 171
120 151 184
124 156 191
110 144 180
115 151 187
124 160 196
131 167 203
134 169 203
128 163 197
122 155 188
118 149 180
212 239 9
224 248 14
232 0 20
251 17 35
7 27 44
22 44 56
20 40 51
36 56 67
20 39 52
241 6 21
100 100 115
110 133 155
100 123 151
100 112 144
114 140 176
100 129 166
117 154 192
119 162 201
129 171 214
130 175 219
127 173 220
122 171 219
120 171 221
120 173 224
114 169 220
112 169 220
114 171 222
116 174 223
118 176 225
120 179 225
122 181 226
124 181 226
119 173 220
112 166 213
109 163 210
111 167 214
115 170 215
115 171 212
122 177 216
136 186 222
151 196 229
180 220 248
31 63 86
71 97 99
75 94 99
83 97 99
84 93 99
60 71 85
100 108 136
100 101 132
100 107 136
100 112 140
100 109 135
100 100 121
100 100 121
103 121 150
142 163 195
179 203 233
216 238 10
242 7 29
61 76 92
89 97 99
95 97 97
99 99 96
99 99 98
99 99 99
99 99 99
99 99 99
99 99 99
99 99 99
99 99 99
99 99 99
99 99 99
99 99 99
99 99 99
99 99 99
99 99 99
99 99 99
99 99 99
99 99 99
99 99 99
99 99 99
99 99 99
99 99 99
99 99 99
99 99 99
99 99 99
99 99 99
99 99 99
99 99 99
99 99 99
99 99 99
99 99 99
99 99 99
99 99 99
99 99 99
99 99 99
99 99 99
99 99 99
99 99 99
99 99 99
99 99 99
99 99 99
99 99 99
99 99 99
99 99 99
99 99 99
99 99 99
99 99 99
99 99 99
99 99 99
99 99 99
99 99 99
99 99 99
99 99 99
99 99 99
99 99 99
99 99 99
99 99 99
99 99 99
98 98 98
98 98 98
98 98 98
98 98 98
98 98 98
98 98 98
98 98 98
98 98 98
99 99 99
99 99 99
99 99 99
99 99 99
99 99 99
99 99 99
99 99 99
99 99 99
99 99 99
99 99 99
99 99 99
99 99 99
99 99 99
99 99 99
99 99 99
99 99 99
99 99 99
99 99 99
99 99 99
99 99 99
99 99 99
99 99 99
99 99 99
99 99 99
99 99 99
99 99 99
99 99 99
99 99 99
99 99 99
99 99 99
99 99 99
99 99 99
99 99 99
99 99 99
99 98 99
99 98 99
99 98 99
99 98 99
99 98 99
99 98 99
99 98 99
99 98 99
99 99 99
99 99 99
99 99 99
99 99 99
99 98 99
99 98 99
99 98 99
99 98 99
99 98 99
99 98 99
99 98 99
99 98 99
99 98 99
99 98 99
99 98 99
99 99 99
99 99 99
99 99 98
99 99 99
99 98 97
99 99 98
99 99 98
99 99 98
99 99 98
99 99 98
99 99 98
99 99 98
99 99 98
99 99 98
99 99 98
99 99 98
99 99 98
99 99 98
99 99 98
97 98 96
93 96 94
94 97 95
97 99 98
97 99 98
97 99 98
90 90 90
99 98 99
81 84 88
92 98 99
88 97 99
85 97 99
50 65 81
5 21 38
252 13 32
253 14 35
239 0 19
208 223 242
192 206 224
213 226 242
228 239 253
217 226 239
223 229 240
222 230 243
237 246 4
2 14 32
7 21 43
242 1 27
210 227 254
189 208 235
170 187 214
147 162 188
131 145 167
114 126 144
111 119 132
116 121 130
109 111 119
112 115 123
100 110 124
106 122 139
118 137 158
122 144 169
123 148 174
126 154 184
137 168 201
144 179 213
141 177 213
135 173 208
128 166 201
124 162 197
122 160 194
123 160 194
121 159 191
125 157 186
228 254 22
201 222 243
211 233 251
235 255 16
6 25 38
24 42 53
17 36 44
45 64 72
18 38 49
29 50 65
225 247 9
100 100 120
117 143 173
119 145 181
100 113 153
128 160 201
116 158 200
121 166 209
127 174 218
131 177 224
127 176 224
124 175 225
124 177 228
127 180 231
119 174 225
119 174 225
120 176 225
120 176 223
121 177 224
121 178 223
123 178 221
124 179 222
131 184 227
119 172 215
109 162 205
108 163 206
113 169 210
123 178 215
142 194 230
165 212 244
191 234 5
35 72 94
69 96 99
78 97 99
83 95 99
81 87 94
97 97 99
35 39 50
128 141 167
106 124 155
102 118 147
114 129 155
118 130 154
101 115 138
100 107 133
100 119 146
134 155 186
165 189 219
204 226 254
247 12 34
31 46 62
87 98 99
80 85 84
97 98 96
99 99 99
99 99 99
99 99 99
99 99 99
99 99 99
99 99 99
99 99 99
99 99 99
99 99 99
99 99 99
99 99 99
99 99 99
99 99 99
99 99 99
99 99 99
99 99 99
99 99 99
99 99 99
99 99 99
99 99 99
99 99 99
99 99 99
99 99 99
99 99 99
99 99 99
99 99 99
99 99 99
99 99 99
99 99 99
99 99 99
99 99 99
99 99 99
99 99 99
99 99 99
99 99 99
99 99 99
99 99 99
99 99 99
99 99 99
99 99 99
99 99 99
99 99 99
99 99 99
99 99 99
99 99 99
99 99 99
99 99 99
99 99 99
99 99 99
99 99 99
99 99 99
99 99 99
99 99 99
99 99 99
99 99 99
99 99 99
97 97 97
97 97 97
97 97 97
97 97 97
97 97 97
97 97 97
97 97 97
97 97 97
99 99 99
99 99 99
99 99 99
99 99 99
99 99 99
99 99 99
99 99 99
99 99 99
99 99 99
99 99 99
99 99 99
99 99 99
99 99 99
99 99 99
99 99 99
99 99 99
99 99 99
99 99 99
99 99 99
99 99 99
99 99 99
99 99 99
99 99 99
99 99 99
99 99 99
99 99 99
99 99 99
99 99 99
99 99 99
99 99 99
99 99 99
99 99 99
99 99 99
99 99 99
99 98 99
99 98 99
99 98 99
99 98 99
99 98 99
99 98 99
97 99 99
97 99 99
97 99 99
97 99 99
97 99 99
99 98 99
99 98 99
99 98 99
99 97 99
99 97 99
99 97 99
99 97 99
99 98 99
99 98 99
99 97 99
99 97 99
99 98 99
99 98 99
84 83 85
90 90 90
97 96 98
99 99 99
99 99 99
99 99 99
96 96 96
96 94 93
99 99 96
99 99 95
99 99 95
99 99 94
99 99 94
99 99 94
99 99 93
99 99 93
99 99 95
99 99 95
99 99 95
98 99 94
96 98 92
96 98 92
94 98 92
97 99 93
99 99 96
98 93 92
99 99 99
97 98 99
92 98 99
63 72 82
218 231 245
194 210 227
222 239 2
225 245 7
237 1 19
233 250 13
212 228 245
198 213 229
178 191 205
148 157 170
175 181 192
161 167 178
157 164 179
170 180 198
176 189 211
165 180 206
152 169 196
147 165 194
137 154 181
133 148 174
131 144 166
113 123 141
112 118 131
124 126 136
115 115 121
108 110 118
100 107 121
106 120 138
120 137 158
127 148 170
127 150 176
128 154 184
132 163 196
137 172 206
135 173 208
134 173 211
132 171 209
127 167 202
121 162 195
120 158 192
121 160 192
128 162 191
222 246 12
201 221 239
197 217 234
209 228 243
234 252 7
0 17 26
15 32 41
32 51 59
40 60 71
16 37 52
25 49 67
181 207 231
100 115 146
122 149 186
136 166 207
135 170 214
116 161 205
118 167 213
125 174 220
127 176 224
127 176 226
127 177 229
129 182 233
134 186 239
128 181 232
128 181 232
127 180 230
125 179 226
124 179 224
123 178 221
124 178 219
123 177 218
114 168 209
107 161 202
109 163 204
123 178 217
141 196 233
164 218 253
193 244 20
219 10 38
2 43 66
65 97 99
74 97 99
57 71 83
92 98 99
99 98 99
91 85 86
45 42 51
140 152 176
124 142 173
123 140 167
133 148 174
135 147 171
124 138 161
114 129 155
101 120 147
126 147 178
147 171 201
188 212 240
237 4 26
4 20 36
85 98 99
85 90 91
91 94 92
99 99 99
99 99 99
99 99 99
99 99 99
99 99 99
99 99 99
99 99 99
99 99 99
99 99 99
99 99 99
99 99 99
99 99 99
99 99 99
99 99 99
99 99 99
99 99 99
99 99 99
99 99 99
99 99 99
99 99 99
99 99 99
99 99 99
99 99 99
99 99 99
99 99 99
99 99 99
99 99 99
99 99 99
99 99 99
99 99 99
99 99 99
99 99 99
99 99 99
99 99 99
99 99 99
99 99 99
99 99 99
99 99 99
99 99 99
99 99 99
99 99 99
99 99 99
99 99 99
99 99 99
99 99 99
99 99 99
99 99 99
99 99 99
99 99 99
99 99 99
99 99 99
99 99 99
99 99 99
99 99 99
99 99 99
99 99 99
97 97 97
97 97 97
97 97 97
97 97 97
97 97 97
97 97 97
97 97 97
97 97 97
99 99 99
99 99 99
99 99 99
99 99 99
99 99 99
99 99 99
99 99 99
99 99 99
99 99 99
99 99 99
99 99 99
99 99 99
99 99 99
99 99 99
99 99 99
99 99 99
99 99 99
99 99 99
99 99 99
99 99 99
99 99 99
99 99 99
99 99 99
99 99 99
99 99 99
99 99 99
99 99 99
99 99 99
99 99 99
99 99 99
99 99 99
99 99 99
99 99 99
99 99 99
99 98 99
99 98 99
99 98 99
99 98 99
99 98 99
99 98 99
97 99 99
97 99 99
97 99 99
97 99 99
97 99 99
97 99 99
99 98 99
99 98 99
99 97 99
99 98 99
99 97 99
97 97 99
97 98 99
97 98 99
99 98 99
99 98 99
99 98 99
99 98 99
97 96 98
99 98 99
99 98 99
99 98 99
96 96 96
93 93 93
96 96 96
99 99 98
99 99 95
99 98 93
99 98 93
99 98 93
99 97 92
98 98 92
98 98 92
95 97 91
96 98 92
98 99 94
99 99 95
97 99 95
97 99 96
97 99 96
95 99 94
95 96 92
99 99 96
99 94 94
99 95 96
97 98 99
74 80 87
169 179 189
103 118 134
187 205 222
163 183 201
133 154 175
128 149 170
140 159 180
148 165 184
172 187 206
208 222 240
226 239 255
226 235 248
231 239 252
233 241 2
227 239 1
219 232 254
206 220 243
185 200 226
166 183 209
135 150 176
131 145 168
131 142 162
113 123 141
107 112 127
109 113 124
100 100 110
100 100 107
100 100 115
101 113 131
117 132 151
128 146 169
133 156 182
133 161 192
137 167 202
136 172 208
134 173 212
139 180 219
143 184 223
135 177 214
125 165 200
119 160 193
127 166 198
140 174 203
181 209 233
191 215 235
184 206 224
186 206 223
204 223 236
230 250 5
22 41 49
27 46 54
36 56 67
39 61 73
24 48 66
32 58 82
188 214 244
101 129 163
120 149 186
120 156 196
113 162 206
113 168 213
121 173 220
124 176 223
124 175 225
128 178 230
136 184 236
140 190 242
137 185 237
134 185 235
132 184 231
130 182 228
125 180 223
122 178 219
120 176 217
119 175 216
112 168 209
118 174 215
139 193 234
167 220 1
186 239 16
199 246 21
210 253 24
223 6 28
28 61 77
72 98 99
75 92 99
88 98 99
94 97 99
93 91 91
99 98 98
66 64 70
124 138 161
124 145 176
136 154 183
140 159 186
134 151 177
129 149 174
125 146 173
105 127 155
123 147 177
130 156 186
180 204 232
214 237 3
246 8 25
61 76 85
90 99 99
91 96 97
97 99 99
99 99 98
99 99 98
99 99 99
99 99 99
99 99 99
99 99 99
99 99 99
99 99 99
99 99 99
99 99 99
99 99 99
99 99 99
99 99 99
99 99 99
99 99 99
99 99 99
99 99 99
99 99 99
99 99 99
99 99 99
99 99 99
99 99 99
99 99 99
99 99 99
99 99 99
99 99 99
99 99 99
99 99 99
99 99 99
99 99 99
99 99 99
99 99 99
99 99 99
99 99 99
99 99 99
99 99 99
99 99 99
99 99 99
99 99 99
99 99 99
99 99 99
99 99 99
99 99 99
99 99 99
99 99 99
99 99 99
99 99 99
99 99 99
99 99 99
99 99 99
99 99 99
99 99 99
99 99 99
99 99 99
99 99 99
97 97 97
97 97 97
97 97 97
97 97 97
97 97 97
97 97 97
97 97 97
97 97 97
99 99 99
99 99 99
99 99 99
99 99 99
99 99 99
99 99 99
99 99 99
99 99 99
99 99 99
99 99 99
98 98 98
98 98 98
99 99 99
99 99 99
99 99 99
99 99 99
99 99 99
99 99 99
99 99 99
99 99 99
99 99 99
99 99 99
99 99 99
99 99 99
99 99 99
99 99 99
99 99 99
99 99 99
99 99 99
99 99 99
99 99 99
99 99 99
99 99 99
99 99 99
99 99 99
99 99 99
99 99 99
99 99 99
99 99 99
99 99 99
99 99 99
99 99 99
99 99 99
99 99 99
99 99 99
99 99 99
99 98 99
99 99 99
99 98 99
99 98 99
99 98 99
99 98 99
99 98 99
99 98 99
99 98 99
99 98 99
99 98 99
99 99 99
99 99 99
99 99 99
99 99 99
99 99 99
99 99 99
99 99 99
99 99 99
99 99 99
99 99 99
99 99 99
99 99 99
99 99 98
99 99 98
99 99 96
99 99 96
97 99 96
97 99 96
97 99 98
97 99 98
93 98 97
85 89 90
95 98 99
95 98 99
97 98 99
99 98 99
86 79 82
98 97 99
91 95 99
244 253 6
4 18 30
208 226 243
192 214 232
210 233 255
218 242 8
215 237 6
183 205 230
166 183 209
193 209 232
225 239 6
227 240 6
197 211 229
196 208 226
192 206 224
194 208 227
196 210 229
193 207 226
184 197 219
176 190 209
150 161 181
145 156 176
138 148 166
134 142 159
135 142 159
136 141 156
129 132 147
116 122 135
122 129 144
115 125 142
111 125 144
117 135 158
129 153 181
140 168 202
144 177 216
143 179 219
127 166 210
124 166 209
112 154 196
110 153 192
125 167 202
129 170 203
125 164 196
132 168 198
145 177 206
155 185 212
165 196 219
174 201 222
183 209 226
203 228 244
234 1 16
3 25 37
19 41 53
33 55 67
23 48 64
18 43 63
31 58 79
242 13 39
116 145 172
121 160 192
108 162 203
111 171 217
116 175 221
133 187 234
122 171 221
128 175 226
132 177 228
146 191 242
139 182 233
135 181 229
131 179 227
138 190 236
138 193 236
125 186 226
124 186 226
122 186 227
113 175 221
128 188 234
154 212 254
192 245 26
207 253 28
205 245 14
231 7 26
2 28 40
80 99 99
85 99 99
90 99 99
94 99 99
95 99 99
99 99 99
99 99 99
92 98 99
149 167 190
140 166 196
127 152 184
122 147 179
139 167 198
136 164 195
151 179 213
113 141 175
103 130 164
134 162 193
156 180 208
198 220 245
247 11 29
34 49 65
85 97 99
90 98 99
97 99 99
95 94 90
95 94 90
99 99 98
99 99 98
99 99 99
97 99 99
95 97 98
97 99 99
97 99 99
99 98 99
99 98 99
99 99 99
99 99 99
99 99 99
99 99 99
99 99 99
99 99 99
99 99 99
99 99 99
99 99 99
99 99 99
99 99 99
99 99 99
99 99 99
99 99 99
99 99 99
99 99 99
99 99 99
99 99 99
99 99 99
99 99 99
99 99 99
99 99 99
99 99 99
99 99 99
99 99 99
99 99 99
99 99 99
99 99 99
99 99 99
99 99 99
99 99 99
99 99 99
99 99 99
99 99 99
99 99 99
99 99 99
99 99 99
99 99 99
99 99 99
98 98 98
96 96 96
94 94 94
93 93 93
93 93 93
99 99 99
99 99 99
99 99 99
99 99 99
99 99 99
99 99 99
99 99 99
99 99 99
96 96 96
96 96 96
99 99 99
99 99 99
99 99 99
99 99 99
99 99 99
99 99 99
99 99 99
99 99 99
98 98 98
98 98 98
98 98 98
99 99 99
99 99 99
99 99 99
99 99 99
99 99 99
99 99 99
99 99 99
99 99 99
99 99 99
99 99 99
99 99 99
99 99 99
99 99 99
99 99 99
99 99 99
99 99 99
99 99 99
99 99 99
99 99 99
99 99 99
99 99 99
99 99 99
99 99 99
99 99 99
99 99 99
99 99 99
99 99 99
99 99 99
99 99 99
99 99 99
99 99 99
99 99 99
99 99 99
99 99 99
99 99 99
99 99 99
99 99 99
99 99 99
99 99 99
99 99 99
99 99 99
99 99 99
99 99 99
99 99 99
99 99 99
99 99 99
99 99 99
99 99 99
99 99 99
99 99 99
99 99 99
99 99 99
99 99 99
99 98 99
99 98 99
99 98 99
99 99 99
99 99 99
99 99 98
97 99 98
97 99 98
95 99 98
95 99 98
95 99 99
93 96 99
92 96 99
94 97 99
94 96 99
91 93 99
94 90 96
99 97 99
96 96 99
92 97 99
243 255 11
12 29 42
229 252 12
180 204 224
185 209 231
177 203 227
167 191 215
148 170 195
147 164 191
178 193 219
200 213 239
190 204 227
195 209 231
202 217 236
207 222 241
203 218 237
190 204 223
174 188 207
165 177 195
160 172 190
158 168 186
155 165 183
148 156 173
138 146 163
137 144 161
138 145 162
131 135 153
115 122 139
127 136 150
124 134 151
123 137 156
126 144 167
132 156 186
138 169 202
144 177 216
143 181 223
124 166 209
124 167 210
113 157 198
109 152 191
120 162 199
123 164 197
122 161 193
130 168 198
124 160 190
130 166 196
141 174 200
150 181 206
162 191 212
182 209 229
210 235 251
230 253 12
0 23 38
239 6 21
12 37 53
17 43 60
241 12 32
13 42 63
241 16 39
142 181 209
111 166 205
106 166 212
118 177 223
120 174 221
117 166 216
119 164 215
133 176 227
136 179 230
116 159 208
129 175 223
138 187 233
140 193 236
138 194 235
136 197 237
141 203 243
139 203 244
160 222 12
148 208 254
177 233 18
192 242 22
194 234 6
207 240 4
251 21 35
78 96 99
88 99 99
92 99 99
95 99 98
97 99 98
97 99 99
97 99 99
97 99 99
90 97 99
18 37 58
120 147 174
121 147 177
134 162 193
124 152 186
144 175 208
154 184 219
154 184 219
100 119 153
111 139 170
160 184 212
186 208 233
249 12 33
11 29 46
69 84 99
86 97 99
95 99 99
98 98 92
98 97 93
99 99 96
99 99 98
99 99 99
97 99 99
97 99 99
97 99 99
97 99 99
99 98 99
99 98 99
99 99 99
99 99 99
99 98 99
99 99 99
99 99 99
99 99 99
99 99 99
99 99 99
99 99 99
99 99 99
99 99 99
99 99 99
99 99 99
99 99 99
99 99 99
99 99 99
99 99 99
99 99 99
99 99 99
99 99 99
99 99 99
99 99 99
99 99 99
99 99 99
99 99 99
99 99 99
99 99 99
99 99 99
99 99 99
99 99 99
99 99 99
99 99 99
99 99 99
99 99 99
99 99 99
99 99 99
99 99 99
98 98 98
98 98 98
97 97 97
97 97 97
96 96 96
95 95 95
95 95 95
99 99 99
99 99 99
99 99 99
99 99 99
99 99 99
99 99 99
99 99 99
99 99 99
96 96 96
96 96 96
99 99 99
99 99 99
99 99 99
99 99 99
99 99 99
99 99 99
99 99 99
99 99 99
98 98 98
98 98 98
98 98 98
98 98 98
99 99 99
99 99 99
99 99 99
99 99 99
99 99 99
99 99 99
99 99 99
99 99 99
99 99 99
99 99 99
99 99 99
99 99 99
99 99 99
99 99 99
99 99 99
99 99 99
99 99 99
99 99 99
99 99 99
99 99 99
99 99 99
99 99 99
99 99 99
99 99 99
99 99 99
99 99 99
99 99 99
99 99 99
99 99 99
99 99 99
99 99 99
99 99 99
99 99 99
99 99 99
99 99 99
99 99 99
99 99 99
99 99 99
99 99 99
99 99 99
99 99 99
99 99 99
99 99 99
99 99 99
99 99 99
99 99 99
99 99 99
99 99 99
99 99 99
99 99 99
99 99 99
99 99 99
99 98 99
99 98 99
99 98 99
99 99 99
99 99 99
99 99 98
97 99 98
97 99 98
95 99 98
93 98 96
89 93 94
94 97 99
94 98 99
94 97 99
88 90 99
89 90 99
94 91 99
99 96 99
94 95 99
46 52 63
253 8 22
230 246 6
9 32 48
197 221 241
137 161 183
144 168 190
136 159 181
110 131 153
119 134 160
177 191 214
220 232 0
215 228 250
216 231 250
209 224 243
195 210 229
175 190 209
159 173 192
153 167 186
159 171 189
165 177 195
158 168 186
157 167 185
152 160 177
143 151 168
141 148 165
141 148 165
134 141 158
124 131 148
127 136 150
130 140 157
130 145 164
130 151 173
130 154 184
130 161 194
135 168 207
136 174 216
124 163 207
126 168 211
117 159 201
108 151 190
113 155 192
114 155 188
118 157 189
130 169 201
128 166 198
129 165 195
129 163 192
130 163 189
135 166 189
144 173 194
158 184 201
166 191 207
210 235 251
202 227 243
222 247 7
245 15 32
251 22 42
17 46 67
34 65 88
221 2 30
128 179 219
108 163 208
122 174 221
115 167 214
121 169 217
118 166 214
141 186 237
134 179 230
137 185 233
133 181 229
129 179 225
125 178 221
130 186 227
142 201 241
149 211 249
153 214 254
160 215 2
188 242 27
186 235 17
205 249 24
215 253 21
238 12 29
55 77 88
85 99 99
90 99 99
94 99 99
97 99 98
99 99 98
99 99 99
99 99 99
99 98 99
92 98 99
75 90 99
195 219 243
131 154 180
146 170 198
122 148 178
128 156 186
152 181 212
135 163 194
124 152 183
100 123 153
125 150 176
156 179 201
229 250 15
4 22 39
54 70 86
85 97 99
93 97 98
99 99 96
99 99 98
99 99 98
99 99 99
97 99 99
97 99 99
97 99 99
99 98 99
99 98 99
99 98 99
99 98 99
99 99 99
99 99 99
99 98 99
99 99 99
99 99 99
99 99 99
99 99 99
99 99 99
99 99 99
99 99 99
99 99 99
99 99 99
99 99 99
99 99 99
99 99 99
99 99 99
99 99 99
99 99 99
99 99 99
99 99 99
99 99 99
99 99 99
99 99 99
99 99 99
99 99 99
99 99 99
99 99 99
99 99 99
99 99 99
99 99 99
99 99 99
99 99 99
99 99 99
99 99 99
99 99 99
99 99 99
95 95 95
95 95 95
96 96 96
97 97 97
97 97 97
98 98 98
98 98 98
99 99 99
98 98 98
98 98 98
98 98 98
98 98 98
98 98 98
98 98 98
98 98 98
98 98 98
97 97 97
97 97 97
98 98 98
98 98 98
98 98 98
98 98 98
98 98 98
98 98 98
98 98 98
98 98 98
97 97 97
97 97 97
98 98 98
98 98 98
98 98 98
99 99 99
99 99 99
99 99 99
98 98 98
98 98 98
98 98 98
98 98 98
98 98 98
98 98 98
98 98 98
98 98 98
98 98 98
98 98 98
98 98 98
98 98 98
98 98 98
98 98 98
98 98 98
98 98 98
98 98 98
98 98 98
98 98 98
98 98 98
98 98 98
98 98 98
98 98 98
98 98 98
98 98 98
98 98 98
98 98 98
98 98 98
98 98 98
98 98 98
98 98 98
98 98 98
99 99 99
99 99 99
99 99 99
99 99 99
99 99 99
99 99 99
99 99 99
99 99 99
99 99 99
99 99 99
99 99 99
99 99 99
99 99 99
99 99 99
99 99 99
99 99 99
99 98 99
99 98 99
99 98 99
99 99 99
99 99 99
99 99 98
97 99 98
97 99 98
95 99 98
92 97 95
90 94 95
95 98 99
94 98 99
93 96 99
91 93 99
94 96 99
95 96 99
76 77 87
61 65 76
11 19 32
245 2 18
183 201 218
249 15 33
222 246 10
162 186 206
122 145 167
100 117 139
112 131 152
172 186 208
246 3 25
32 43 63
28 39 59
18 32 51
17 32 51
16 31 50
8 23 42
245 3 22
209 223 242
170 182 200
143 155 173
156 166 184
149 159 177
146 154 171
147 155 172
144 152 169
136 143 160
132 139 156
132 140 157
123 131 148
129 139 156
133 148 167
129 149 174
123 147 177
120 148 182
120 153 192
122 161 200
121 161 203
126 168 210
119 161 203
109 152 191
111 153 190
110 150 185
115 153 187
130 169 201
138 176 210
133 171 203
128 164 194
123 157 186
122 152 179
120 151 174
118 147 168
118 145 165
157 183 200
177 203 220
183 209 226
209 236 0
19 48 69
7 38 59
11 42 65
23 57 86
177 220 3
131 177 224
124 170 217
127 173 221
129 177 225
126 174 222
137 186 236
130 179 227
138 190 237
127 179 225
130 183 226
134 188 229
139 193 234
144 199 238
144 199 238
158 211 248
175 224 6
178 223 4
205 246 22
197 234 4
239 14 35
61 87 99
81 98 99
88 99 99
93 98 99
96 98 98
98 99 97
98 99 97
99 98 98
98 98 98
98 97 99
93 96 99
83 96 99
72 92 99
169 188 209
113 134 156
142 164 189
132 157 183
119 144 170
153 177 205
134 158 186
104 129 155
120 144 168
165 188 210
196 217 238
238 2 20
9 27 44
77 91 99
80 85 86
97 99 98
99 99 98
96 99 97
97 99 99
96 98 98
96 98 98
97 99 99
99 98 99
99 98 99
99 98 99
99 98 99
99 99 99
99 99 99
99 98 99
99 99 99
99 99 99
99 99 99
99 99 99
99 99 99
99 99 99
99 99 99
99 99 99
99 99 99
99 99 99
99 99 99
99 99 99
99 99 99
99 99 99
99 99 99
99 99 99
99 99 99
99 99 99
99 99 99
99 99 99
99 99 99
99 99 99
99 99 99
99 99 99
99 99 99
99 99 99
99 99 99
99 99 99
99 99 99
99 99 99
99 99 99
99 99 99
99 99 99
93 93 93
93 93 93
94 94 94
96 96 96
98 98 98
99 99 99
99 99 99
99 99 99
97 97 97
97 97 97
97 97 97
97 97 97
97 97 97
97 97 97
97 97 97
97 97 97
98 98 98
98 98 98
98 98 98
98 98 98
98 98 98
98 98 98
98 98 98
98 98 98
98 98 98
98 98 98
97 97 97
97 97 97
97 97 97
98 98 98
98 98 98
98 98 98
99 99 99
99 99 99
98 98 98
98 98 98
98 98 98
98 98 98
98 98 98
98 98 98
98 98 98
98 98 98
98 98 98
98 98 98
98 98 98
98 98 98
98 98 98
98 98 98
98 98 98
98 98 98
98 98 98
98 98 98
98 98 98
98 98 98
98 98 98
98 98 98
98 98 98
98 98 98
98 98 98
98 98 98
98 98 98
98 98 98
98 98 98
98 98 98
98 98 98
98 98 98
99 99 99
99 99 99
99 99 99
99 99 99
99 99 99
99 99 99
99 99 99
99 99 99
99 99 99
99 99 99
99 99 99
99 99 99
99 99 99
99 99 99
99 99 99
99 99 99
99 98 99
99 98 99
99 98 99
99 99 99
99 99 99
99 99 98
97 99 98
97 99 98
93 98 96
94 99 97
95 99 99
95 98 99
93 97 99
92 95 99
94 96 99
94 96 99
82 86 97
41 47 60
10 17 32
15 25 42
215 229 247
180 197 216
184 206 224
212 233 254
210 231 252
142 163 184
122 141 162
169 186 205
214 228 246
235 245 7
251 3 20
6 16 33
228 242 4
220 236 253
213 229 246
207 223 240
204 218 236
195 209 227
185 197 215
176 188 206
160 172 190
144 156 174
141 151 169
147 157 175
138 148 166
118 125 144
114 121 140
126 134 151
124 132 149
129 141 159
136 150 172
133 153 178
125 149 179
117 145 179
113 147 183
114 150 190
118 156 198
126 166 208
120 162 204
113 156 195
115 157 194
111 153 188
114 155 188
127 168 201
125 165 200
123 163 198
124 162 196
124 162 192
127 161 190
126 159 185
122 153 178
119 150 173
125 154 175
141 168 188
178 205 225
197 226 247
0 29 50
16 47 70
13 43 68
4 36 65
225 4 44
164 200 246
126 165 210
139 181 228
135 179 226
129 178 224
119 171 218
120 174 221
126 182 229
123 180 225
136 191 234
128 182 223
129 181 221
145 197 234
156 206 242
180 226 4
176 217 249
207 244 16
214 248 16
13 42 63
57 80 96
72 90 99
87 99 99
90 97 99
96 98 98
98 99 97
99 98 97
99 98 97
99 97 98
99 98 98
99 97 99
94 97 99
80 89 99
83 96 99
82 95 99
232 248 8
110 127 146
119 138 159
115 136 158
123 146 168
155 177 202
122 146 170
111 134 156
134 157 179
156 177 199
208 227 248
209 228 249
245 5 18
58 65 68
91 96 95
97 99 99
95 97 97
97 99 99
96 98 98
96 96 96
99 99 99
99 99 99
99 99 99
99 99 99
99 99 99
99 99 99
99 99 99
99 98 99
99 98 99
99 99 99
99 99 99
99 99 99
99 99 99
99 99 99
99 99 99
99 99 99
99 99 99
99 99 99
99 99 99
99 99 99
99 99 99
99 99 99
99 99 99
99 99 99
99 99 99
99 99 99
99 99 99
99 99 99
99 99 99
99 99 99
99 99 99
99 99 99
99 99 99
99 99 99
99 99 99
99 99 99
99 99 99
99 99 99
99 99 99
99 99 99
99 99 99
93 93 93
93 93 93
94 94 94
96 96 96
98 98 98
99 99 99
99 99 99
99 99 99
96 96 96
96 96 96
96 96 96
96 96 96
96 96 96
96 96 96
96 96 96
96 96 96
98 98 98
98 98 98
97 97 97
97 97 97
97 97 97
97 97 97
97 97 97
97 97 97
97 97 97
97 97 97
96 96 96
96 96 96
97 97 97
97 97 97
98 98 98
98 98 98
98 98 98
98 98 98
97 97 97
97 97 97
97 97 97
97 97 97
97 97 97
97 97 97
97 97 97
97 97 97
97 97 97
97 97 97
97 97 97
97 97 97
97 97 97
97 97 97
97 97 97
97 97 97
97 97 97
97 97 97
97 97 97
97 97 97
97 97 97
97 97 97
97 97 97
97 97 97
97 97 97
97 97 97
97 97 97
97 97 97
97 97 97
97 97 97
97 97 97
97 97 97
99 99 99
99 99 99
99 99 99
99 99 99
99 99 99
99 99 99
99 99 99
99 99 99
99 99 99
99 99 99
99 99 99
99 99 99
99 99 99
99 99 99
99 99 99
99 99 99
99 98 99
99 98 99
99 98 99
99 99 99
99 99 99
99 99 98
97 99 98
97 99 98
95 99 98
94 99 97
95 99 99
95 98 99
85 89 94
94 97 99
94 96 99
85 89 99
39 45 58
4 13 27
240 250 11
238 252 14
195 210 229
175 194 215
146 167 188
173 194 215
200 221 242
194 213 234
206 223 242
218 234 251
207 217 234
192 201 215
187 194 209
183 192 206
185 198 214
192 208 225
203 219 236
205 221 238
197 211 229
184 198 216
175 187 205
170 182 200
164 176 194
150 162 180
146 156 174
145 155 173
129 139 157
104 114 132
100 108 126
108 118 136
129 139 157
134 146 164
140 154 176
139 159 184
133 157 187
125 152 186
117 149 185
111 148 186
113 152 191
121 161 203
121 162 201
118 161 200
125 167 204
121 163 198
118 158 193
123 165 200
115 157 194
121 163 200
130 170 205
137 175 209
139 175 205
137 171 200
135 168 194
135 166 191
125 156 179
120 151 174
160 191 214
196 227 250
240 15 38
4 35 58
249 24 49
238 12 41
232 2 42
183 210 254
131 162 207
138 175 219
133 175 220
132 181 227
118 173 218
133 190 235
137 196 241
129 189 231
138 194 235
123 178 217
137 186 224
167 215 249
165 210 244
174 214 243
205 236 5
242 13 34
57 81 99
75 96 99
81 97 99
87 98 99
81 88 91
86 90 91
97 98 96
99 97 96
99 97 96
99 97 96
99 96 97
99 96 97
99 96 98
97 96 99
92 98 99
68 77 86
70 79 88
87 97 99
55 68 82
215 230 246
128 144 161
114 131 150
145 164 185
128 149 170
128 149 171
135 156 178
184 205 227
231 252 18
242 7 29
242 2 19
30 38 45
80 85 86
94 99 99
93 97 98
95 99 99
96 98 98
93 93 93
99 99 99
99 99 99
99 99 99
99 99 99
99 99 99
99 99 99
99 99 99
99 98 99
99 98 99
99 99 99
99 99 99
99 99 99
99 99 99
99 99 99
99 99 99
99 99 99
99 99 99
99 99 99
99 99 99
99 99 99
99 99 99
99 99 99
99 99 99
99 99 99
99 99 99
99 99 99
99 99 99
99 99 99
99 99 99
99 99 99
99 99 99
99 99 99
99 99 99
99 99 99
99 99 99
99 99 99
99 99 99
99 99 99
99 99 99
99 99 99
99 99 99
95 95 95
95 95 95
96 96 96
97 97 97
97 97 97
98 98 98
98 98 98
99 99 99
96 96 96
96 96 96
96 96 96
96 96 96
96 96 96
96 96 96
96 96 96
96 96 96
99 99 99
99 99 99
96 96 96
96 96 96
96 96 96
96 96 96
96 96 96
96 96 96
96 96 96
96 96 96
96 96 96
96 96 96
96 96 96
97 97 97
97 97 97
98 98 98
98 98 98
98 98 98
97 97 97
97 97 97
97 97 97
97 97 97
97 97 97
97 97 97
97 97 97
97 97 97
97 97 97
97 97 97
97 97 97
97 97 97
97 97 97
97 97 97
97 97 97
97 97 97
96 96 96
96 96 96
96 96 96
96 96 96
96 96 96
96 96 96
96 96 96
96 96 96
97 97 97
97 97 97
97 97 97
97 97 97
97 97 97
97 97 97
97 97 97
97 97 97
99 99 99
99 99 99
99 99 99
99 99 99
99 99 99
99 99 99
99 99 99
99 99 99
99 99 99
99 99 99
99 99 99
99 99 99
99 99 99
99 99 99
99 99 99
99 99 99
99 98 99
99 98 99
99 98 99
99 99 99
99 99 99
99 99 98
97 99 98
97 99 98
95 99 98
92 97 95
95 99 99
95 98 99
82 86 91
94 97 99
91 93 99
36 40 51
252 4 21
233 245 7
219 233 252
195 209 231
180 197 218
168 186 209
140 161 183
140 161 183
181 200 221
201 218 237
216 232 249
208 223 239
208 217 231
222 230 243
216 222 233
180 188 201
151 164 178
160 175 191
174 189 205
180 195 211
177 192 208
169 184 200
164 178 196
162 176 194
150 164 182
152 166 184
150 161 181
135 146 166
119 130 150
109 120 140
104 115 135
103 114 134
128 139 159
130 144 163
134 151 172
138 158 183
137 161 189
130 158 189
116 148 183
105 141 179
111 147 187
117 158 197
120 161 200
126 167 206
137 179 216
133 175 210
121 163 198
121 163 198
114 157 196
126 169 208
141 183 220
147 187 222
143 181 215
135 173 205
133 169 199
135 169 198
133 166 192
129 162 188
138 169 194
197 228 253
220 251 20
198 229 254
199 230 253
235 6 33
231 250 31
214 232 17
164 188 230
135 167 210
134 173 217
133 180 224
131 184 227
150 208 250
140 200 242
123 183 225
147 204 243
156 208 245
168 214 248
177 218 250
163 201 233
188 218 245
20 44 62
73 89 99
81 97 99
83 95 99
79 87 94
85 90 93
97 99 99
97 98 96
99 97 96
99 97 94
99 97 94
99 97 96
99 96 97
99 96 97
99 96 98
99 96 98
84 86 87
95 99 99
94 99 99
92 98 99
88 97 99
87 97 99
60 73 87
211 226 242
120 136 153
116 133 152
121 140 161
161 182 204
201 222 244
224 246 15
252 18 43
14 34 52
3 13 23
68 74 79
92 99 99
92 97 99
95 99 99
97 99 99
91 91 91
99 99 99
99 99 98
99 99 98
99 99 99
99 99 99
99 98 99
99 98 99
99 98 99
99 98 99
99 99 99
99 99 99
99 99 99
99 99 99
99 99 99
99 99 99
99 99 99
99 99 99
99 99 99
99 99 99
99 99 99
99 99 99
99 99 99
99 99 99
99 99 99
99 99 99
99 99 99
99 99 99
99 99 99
99 99 99
99 99 99
99 99 99
99 99 99
99 99 99
99 99 99
99 99 99
99 99 99
99 99 99
99 99 99
99 99 99
99 99 99
99 99 99
99 99 99
98 98 98
98 98 98
97 97 97
97 97 97
96 96 96
95 95 95
95 95 95
95 95 95
95 95 95
95 95 95
95 95 95
95 95 95
95 95 95
95 95 95
95 95 95
99 99 99
99 99 99
96 96 96
96 96 96
96 96 96
96 96 96
96 96 96
96 96 96
96 96 96
96 96 96
96 96 96
96 96 96
96 96 96
97 97 97
97 97 97
97 97 97
98 98 98
98 98 98
97 97 97
97 97 97
97 97 97
97 97 97
97 97 97
97 97 97
97 97 97
97 97 97
97 97 97
97 97 97
97 97 97
97 97 97
97 97 97
97 97 97
97 97 97
97 97 97
96 96 96
96 96 96
96 96 96
96 96 96
96 96 96
96 96 96
96 96 96
96 96 96
97 97 97
97 97 97
97 97 97
97 97 97
97 97 97
97 97 97
97 97 97
97 97 97
99 99 99
99 99 99
99 99 99
99 99 99
99 99 99
99 99 99
99 99 99
99 99 99
99 99 99
99 99 99
99 99 99
99 99 99
99 99 99
99 99 99
99 99 99
99 99 99
99 98 99
99 98 99
99 98 99
99 99 99
99 99 99
99 99 98
97 99 98
97 99 98
95 99 98
90 95 93
95 99 99
95 98 99
82 86 91
94 97 99
80 82 92
249 255 12
214 226 244
227 242 5
187 201 223
196 213 234
160 178 201
181 199 222
132 150 173
126 144 167
164 181 202
170 185 204
185 199 217
187 200 214
178 187 200
187 196 206
215 220 229
223 232 242
205 216 230
189 204 220
172 187 203
159 174 190
152 167 183
148 163 179
142 156 174
137 151 169
130 144 162
150 164 182
150 164 183
125 139 158
115 126 146
121 135 154
123 134 154
108 122 141
121 135 154
122 136 158
126 142 165
132 152 177
135 159 187
128 156 187
113 143 178
100 131 167
108 145 183
116 155 194
118 159 198
129 170 209
146 188 225
142 184 221
125 167 204
118 162 199
108 153 191
125 169 210
144 187 226
150 192 229
143 183 218
136 174 208
134 172 204
139 175 205
134 170 200
138 172 201
137 170 196
202 233 2
171 202 227
137 168 191
179 210 233
217 242 12
252 9 41
3 15 51
213 232 13
142 168 208
137 173 213
124 170 211
131 183 224
147 203 244
156 215 255
125 182 221
151 204 241
162 210 244
148 189 221
142 179 207
184 213 240
33 56 78
81 97 99
83 92 99
84 92 99
88 94 99
92 95 99
94 93 95
93 91 90
99 99 98
99 97 94
99 97 94
99 97 94
99 97 94
99 96 97
99 96 97
99 96 98
99 96 97
99 99 98
81 82 80
97 99 99
79 83 84
87 92 95
78 86 93
76 85 94
85 97 99
58 71 85
210 226 243
102 119 138
168 187 208
205 228 250
236 4 28
242 10 34
11 32 53
240 254 10
57 67 74
90 98 99
90 96 99
94 99 99
95 99 99
89 89 89
99 99 98
99 99 98
99 99 98
99 99 99
99 99 99
99 98 99
99 98 99
99 98 99
99 98 99
99 99 99
99 99 99
99 99 99
99 99 99
99 99 99
99 99 99
99 99 99
99 99 99
99 99 99
99 99 99
99 99 99
99 99 99
99 99 99
99 99 99
99 99 99
99 99 99
99 99 99
99 99 99
99 99 99
99 99 99
99 99 99
99 99 99
99 99 99
99 99 99
99 99 99
99 99 99
99 99 99
99 99 99
99 99 99
99 99 99
99 99 99
99 99 99
99 99 99
99 99 99
99 99 99
98 98 98
96 96 96
94 94 94
93 93 93
93 93 93
94 94 94
94 94 94
94 94 94
94 94 94
94 94 94
94 94 94
94 94 94
94 94 94
99 99 99
99 99 99
97 97 97
97 97 97
96 96 96
96 96 96
96 96 96
95 95 95
95 95 95
95 95 95
97 97 97
97 97 97
96 96 96
96 96 96
96 96 96
95 95 95
95 95 95
95 95 95
99 99 99
99 99 99
98 98 98
97 97 97
95 95 95
93 93 93
92 92 92
91 91 91
96 96 96
96 96 96
96 96 96
96 96 96
96 96 96
96 96 96
96 96 96
96 96 96
96 96 96
96 96 96
96 96 96
96 96 96
96 96 96
96 96 96
96 96 96
96 96 96
96 96 96
96 96 96
96 96 96
97 97 97
97 97 97
97 97 97
98 98 98
98 98 98
99 99 99
99 99 99
99 99 99
99 99 99
99 99 99
99 99 99
99 99 99
99 99 99
99 99 99
99 99 99
99 99 99
99 99 99
99 99 99
99 99 99
99 99 99
99 99 99
99 98 99
99 98 99
99 98 99
99 99 99
99 99 99
99 99 98
97 99 98
97 99 98
94 99 97
95 99 98
93 97 98
87 90 94
89 93 98
89 92 99
60 62 72
209 215 228
187 201 219
187 204 225
164 180 203
164 182 205
178 196 219
196 214 237
202 220 243
159 175 198
105 122 143
158 173 192
203 215 233
190 201 215
189 199 209
180 189 198
186 192 199
172 181 190
151 163 175
176 192 205
173 189 202
169 185 198
150 165 181
122 137 153
128 142 160
134 148 166
136 150 168
136 150 168
157 171 190
154 169 188
107 120 142
143 157 179
116 129 151
104 118 140
115 129 151
124 138 160
131 147 170
133 153 178
139 161 189
140 166 196
129 157 191
112 144 179
100 136 172
111 150 188
114 156 193
112 154 191
124 167 206
146 190 227
144 188 225
124 168 205
119 164 202
139 183 224
149 192 231
134 176 213
114 156 193
118 158 193
139 179 214
161 199 233
163 199 229
155 189 218
147 180 206
189 220 245
188 219 244
129 160 183
133 162 183
176 199 221
233 244 16
240 248 22
2 17 50
220 242 21
147 181 217
139 181 218
157 206 244
165 217 1
146 201 238
162 216 251
172 220 254
159 200 232
156 191 217
165 196 219
54 77 99
79 95 99
85 94 99
91 96 99
92 95 99
94 96 97
96 96 96
98 96 95
99 96 95
99 96 93
99 96 93
99 96 93
99 96 93
99 96 93
99 95 96
99 95 96
99 95 96
99 96 95
99 97 93
99 97 92
98 97 93
96 97 95
94 96 96
91 96 97
89 95 99
85 94 99
85 97 99
78 93 99
21 37 54
188 207 228
229 252 18
230 254 22
0 23 49
255 22 44
12 27 43
47 57 67
83 92 99
90 98 99
90 95 98
93 97 98
99 99 99
96 94 93
99 99 98
99 99 96
99 99 98
99 98 99
99 98 99
99 98 99
99 98 99
97 99 99
99 99 99
99 99 99
99 99 99
99 99 99
99 99 99
99 99 99
99 99 99
99 99 99
99 99 99
99 99 99
99 99 99
99 99 99
99 99 99
99 99 99
99 99 99
99 99 99
99 99 99
99 99 99
99 99 99
99 99 99
99 99 99
99 99 99
99 99 99
99 99 99
99 99 99
99 99 99
99 99 99
98 98 98
98 98 98
97 97 97
96 96 96
96 96 96
99 99 99
99 99 99
98 98 98
97 97 97
96 96 96
96 96 96
95 95 95
95 95 95
99 99 99
94 94 94
90 90 90
92 92 92
97 97 97
99 99 99
95 95 95
89 89 89
99 99 99
99 99 99
97 97 97
97 97 97
96 96 96
96 96 96
96 96 96
95 95 95
95 95 95
95 95 95
97 97 97
97 97 97
96 96 96
96 96 96
96 96 96
95 95 95
95 95 95
95 95 95
98 98 98
97 97 97
97 97 97
96 96 96
95 95 95
95 95 95
94 94 94
94 94 94
96 96 96
96 96 96
96 96 96
96 96 96
96 96 96
96 96 96
96 96 96
96 96 96
96 96 96
96 96 96
96 96 96
96 96 96
96 96 96
96 96 96
96 96 96
96 96 96
96 96 96
96 96 96
96 96 96
97 97 97
97 97 97
97 97 97
98 98 98
98 98 98
99 99 99
99 99 99
99 99 99
99 99 99
99 99 99
99 99 99
99 99 99
99 99 99
99 99 99
99 99 99
99 99 99
99 99 99
99 99 99
99 99 99
99 99 99
99 99 99
99 98 99
99 98 99
99 98 99
99 99 99
99 99 99
99 99 98
97 99 98
97 99 98
94 99 97
95 99 98
92 96 97
90 93 97
90 94 99
91 94 99
36 38 48
204 212 225
211 225 243
184 203 224
170 188 211
180 198 221
213 231 254
224 242 9
187 203 226
148 164 187
130 144 166
137 151 170
165 177 195
188 199 213
180 190 200
178 187 196
168 176 183
141 151 158
160 172 182
167 183 196
156 172 185
161 177 190
173 188 204
171 186 202
161 175 193
130 144 162
133 147 165
120 136 153
157 172 191
152 167 186
115 129 151
100 105 127
102 116 138
114 128 150
119 133 155
125 141 164
129 146 172
131 151 176
134 156 184
133 159 189
121 150 181
103 136 169
108 145 179
118 156 191
117 156 194
109 151 188
116 159 198
132 175 214
127 170 209
108 153 191
105 150 188
122 166 207
130 173 212
122 165 204
123 165 202
135 177 214
147 186 224
148 189 222
154 192 224
146 182 212
145 178 204
160 191 216
180 211 234
168 197 218
140 167 187
143 165 183
201 209 232
229 234 3
3 15 43
2 23 51
211 240 15
170 207 241
159 204 238
154 202 238
158 206 240
168 215 247
173 215 244
169 204 230
181 209 233
60 82 99
80 96 99
85 97 99
91 96 99
96 96 96
96 96 96
98 96 96
99 96 95
99 96 95
99 96 93
99 96 93
99 96 93
99 96 93
99 96 93
99 96 93
99 96 95
99 95 96
99 95 96
99 96 95
99 97 92
99 98 90
99 97 92
98 98 92
96 97 93
94 96 96
91 96 99
87 96 99
71 80 90
78 91 99
62 78 95
177 196 217
208 231 253
216 239 9
229 253 25
239 5 30
4 22 39
36 50 62
87 97 99
88 97 99
91 97 99
93 97 98
99 99 99
97 95 94
99 99 96
99 99 96
99 99 98
99 99 98
99 99 99
99 98 99
97 98 99
97 98 99
99 98 99
99 99 99
99 99 99
99 99 99
99 99 99
99 99 99
99 99 99
99 99 99
99 99 99
99 99 99
99 99 99
99 99 99
99 99 99
99 99 99
99 99 99
99 99 99
99 99 99
99 99 99
99 99 99
99 99 99
99 99 99
99 99 99
99 99 99
99 99 99
99 99 99
99 99 99
99 99 99
98 98 98
98 98 98
97 97 97
96 96 96
96 96 96
99 99 99
99 99 99
98 98 98
97 97 97
97 97 97
96 96 96
95 95 95
95 95 95
99 99 99
95 95 95
91 91 91
92 92 92
97 97 97
99 99 99
95 95 95
90 90 90
97 97 97
97 97 97
97 97 97
97 97 97
96 96 96
96 96 96
96 96 96
95 95 95
95 95 95
95 95 95
97 97 97
97 97 97
96 96 96
96 96 96
96 96 96
95 95 95
95 95 95
95 95 95
94 94 94
94 94 94
95 95 95
95 95 95
96 96 96
97 97 97
97 97 97
98 98 98
96 96 96
96 96 96
96 96 96
96 96 96
96 96 96
96 96 96
96 96 96
96 96 96
96 96 96
96 96 96
96 96 96
96 96 96
96 96 96
96 96 96
96 96 96
96 96 96
96 96 96
96 96 96
96 96 96
97 97 97
97 97 97
97 97 97
98 98 98
98 98 98
99 99 99
99 99 99
99 99 99
99 99 99
99 99 99
99 99 99
99 99 99
99 99 99
99 99 99
99 99 99
99 99 99
99 99 99
99 99 99
99 99 99
99 99 99
99 99 99
99 98 99
99 98 99
99 98 99
99 99 99
99 99 99
99 99 98
97 99 98
97 99 98
94 99 97
95 99 98
90 94 95
95 98 99
92 96 99
94 97 99
254 0 10
201 209 222
177 191 209
187 207 225
199 218 239
212 231 252
196 212 235
164 180 203
173 187 210
194 208 231
164 177 199
130 144 163
138 150 168
182 193 207
165 174 187
167 178 186
152 162 169
126 138 144
141 153 163
156 170 182
163 177 189
168 182 194
162 178 191
159 175 188
157 173 189
137 153 170
109 125 142
136 151 170
171 185 207
150 167 188
112 128 151
110 126 149
113 129 152
100 112 135
113 129 152
120 136 159
123 140 166
125 145 170
128 150 178
131 155 185
119 147 178
103 134 167
115 150 184
122 158 194
120 159 197
112 154 191
115 158 197
127 170 209
123 168 206
109 154 192
114 159 197
132 175 214
137 180 219
127 170 209
130 173 212
145 189 226
148 190 227
136 176 211
126 163 197
131 167 197
158 191 217
167 198 221
196 225 246
205 231 248
146 171 187
120 139 154
154 162 179
192 199 216
203 214 234
233 251 18
250 19 45
226 0 29
195 233 9
164 202 236
161 200 232
154 192 222
148 181 207
205 232 253
53 73 90
81 97 99
80 90 99
69 75 80
94 96 97
98 96 95
98 96 95
99 96 95
99 96 95
99 96 95
99 97 93
99 97 93
99 97 93
99 97 93
99 96 93
99 97 93
99 96 95
99 96 95
99 96 95
99 96 95
99 97 92
99 97 92
99 97 92
99 97 92
98 97 93
96 97 95
92 96 97
89 96 99
86 93 99
79 91 99
17 32 48
216 233 252
246 13 35
1 24 50
207 231 3
203 226 252
250 14 32
22 37 53
85 97 99
88 97 99
92 98 99
92 96 97
98 98 98
98 96 95
99 99 96
99 99 95
99 99 96
99 99 98
99 99 99
99 98 99
97 98 99
97 98 99
99 98 99
99 99 99
99 99 99
99 99 99
99 99 99
99 99 99
99 99 99
99 99 99
99 99 99
99 99 99
99 99 99
99 99 99
99 99 99
99 99 99
99 99 99
99 99 99
99 99 99
99 99 99
99 99 99
99 99 99
99 99 99
99 99 99
99 99 99
99 99 99
99 99 99
99 99 99
99 99 99
98 98 98
98 98 98
97 97 97
96 96 96
96 96 96
99 99 99
99 99 99
98 98 98
98 98 98
97 97 97
96 96 96
96 96 96
95 95 95
99 99 99
95 95 95
93 93 93
94 94 94
97 97 97
98 98 98
95 95 95
91 91 91
95 95 95
95 95 95
97 97 97
97 97 97
96 96 96
96 96 96
96 96 96
95 95 95
95 95 95
95 95 95
97 97 97
97 97 97
96 96 96
96 96 96
96 96 96
95 95 95
95 95 95
95 95 95
91 91 91
92 92 92
93 93 93
95 95 95
97 97 97
98 98 98
99 99 99
99 99 99
96 96 96
96 96 96
96 96 96
96 96 96
96 96 96
96 96 96
96 96 96
96 96 96
96 96 96
96 96 96
96 96 96
96 96 96
96 96 96
96 96 96
96 96 96
96 96 96
96 96 96
96 96 96
96 96 96
97 97 97
97 97 97
97 97 97
98 98 98
98 98 98
99 99 99
99 99 99
99 99 99
99 99 99
99 99 99
99 99 99
99 99 99
99 99 99
99 99 99
99 99 99
99 99 99
99 99 99
99 99 99
99 99 99
99 99 99
99 99 99
99 98 99
99 98 99
99 98 99
99 99 99
99 99 99
99 99 98
97 99 98
97 99 98
94 99 97
93 98 96
90 94 95
95 98 99
94 98 99
94 97 99
218 220 230
198 204 215
174 189 205
185 205 223
179 199 217
200 217 238
163 180 201
137 151 174
201 215 238
218 230 254
184 197 219
153 164 184
144 156 174
168 178 195
156 168 180
150 162 172
141 154 162
136 149 157
150 165 174
143 158 167
141 155 167
146 160 172
146 162 175
149 165 178
149 165 181
139 155 171
136 151 170
129 146 165
168 185 206
140 157 178
123 139 162
110 128 151
112 129 155
114 131 157
105 121 144
110 128 151
114 134 159
117 138 165
127 148 175
131 155 183
122 150 180
108 139 170
113 146 179
118 155 189
121 159 194
117 159 196
123 166 205
135 180 218
136 182 223
130 176 217
119 162 201
140 183 222
145 188 227
130 173 212
128 171 210
145 189 226
152 194 231
142 182 217
153 190 224
153 189 219
167 200 226
165 196 219
168 195 215
170 195 211
152 175 190
159 177 188
146 156 166
217 226 236
208 219 233
206 222 239
220 241 7
216 241 11
233 5 35
230 3 34
217 247 20
152 181 208
54 78 99
69 89 99
83 97 99
69 78 87
89 95 99
97 99 99
98 96 96
99 96 95
99 96 95
98 96 95
99 96 95
98 96 95
98 96 95
98 97 93
98 96 95
98 97 93
99 97 93
99 97 93
99 96 95
99 96 95
99 96 95
99 97 93
98 97 93
98 98 92
98 97 93
98 97 93
98 97 93
96 97 95
94 96 96
91 96 99
73 81 88
87 97 99
253 10 26
5 22 41
1 22 44
231 254 24
188 215 242
199 224 250
236 1 22
5 23 40
83 96 99
87 97 99
90 98 99
92 96 97
94 94 94
99 98 94
99 99 95
99 99 95
99 99 96
99 99 98
99 99 99
99 98 99
97 97 99
97 98 99
99 98 99
99 99 99
99 99 99
99 99 99
99 99 99
99 99 99
99 99 99
99 99 99
99 99 99
99 99 99
99 99 99
99 99 99
99 99 99
99 99 99
99 99 99
99 99 99
99 99 99
99 99 99
99 99 99
99 99 99
99 99 99
99 99 99
99 99 99
99 99 99
99 99 99
99 99 99
99 99 99
98 98 98
98 98 98
97 97 97
96 96 96
96 96 96
99 99 99
99 99 99
99 99 99
98 98 98
97 97 97
97 97 97
96 96 96
96 96 96
97 97 97
96 96 96
95 95 95
95 95 95
96 96 96
96 96 96
95 95 95
94 94 94
94 94 94
94 94 94
97 97 97
97 97 97
96 96 96
96 96 96
96 96 96
95 95 95
95 95 95
95 95 95
97 97 97
97 97 97
96 96 96
96 96 96
96 96 96
95 95 95
95 95 95
95 95 95
91 91 91
92 92 92
93 93 93
95 95 95
97 97 97
98 98 98
99 99 99
99 99 99
96 96 96
96 96 96
96 96 96
96 96 96
96 96 96
96 96 96
96 96 96
96 96 96
96 96 96
96 96 96
96 96 96
96 96 96
96 96 96
96 96 96
96 96 96
96 96 96
96 96 96
96 96 96
96 96 96
97 97 97
97 97 97
97 97 97
98 98 98
98 98 98
99 99 99
99 99 99
99 99 99
99 99 99
99 99 99
99 99 99
99 99 99
99 99 99
99 99 99
99 99 99
99 99 99
99 99 99
99 99 99
99 99 99
99 99 99
99 99 99
99 98 99
99 98 99
99 98 99
99 99 99
99 99 99
99 99 98
97 99 98
97 99 98
94 99 97
94 99 97
90 94 95
95 98 99
94 98 99
94 97 99
198 200 210
193 199 210
193 209 222
181 199 216
178 196 213
159 174 193
134 148 170
179 192 214
229 241 9
207 217 241
182 193 215
172 183 203
156 168 186
145 158 174
162 175 189
144 158 170
131 145 157
134 149 158
149 164 173
149 164 173
146 161 170
135 149 161
134 150 163
146 162 175
149 165 181
149 165 181
116 133 152
133 150 169
207 224 245
133 152 173
145 163 186
146 166 191
133 153 178
101 121 146
109 126 152
115 132 158
117 136 163
117 138 165
125 146 173
129 153 181
123 149 179
109 138 169
110 141 174
113 148 182
117 155 190
118 160 197
124 167 206
136 181 219
142 188 229
144 190 231
139 182 221
151 193 230
147 189 226
129 171 208
126 168 205
141 183 220
149 188 226
141 182 215
147 185 217
168 202 231
177 208 233
180 209 230
154 180 197
126 149 164
140 160 171
150 168 175
122 134 138
176 187 191
145 158 166
126 142 154
135 153 170
143 162 183
183 205 230
204 225 252
248 11 38
243 4 30
80 95 99
85 96 99
71 78 87
94 99 99
85 87 87
90 88 87
98 96 95
98 96 96
98 96 96
96 96 96
98 96 96
96 96 96
96 96 96
96 97 95
96 96 96
96 97 95
98 96 95
98 96 95
98 97 93
98 97 93
99 97 93
98 97 93
96 97 93
96 97 93
96 97 95
96 97 95
96 97 95
96 97 95
94 96 96
91 96 97
87 93 98
80 91 99
249 6 20
232 250 11
224 245 11
209 232 2
148 175 202
157 181 209
220 243 9
246 10 28
68 83 99
85 97 99
90 98 99
92 97 99
95 96 94
99 99 95
99 99 95
99 99 95
99 99 96
99 99 98
99 99 99
99 98 99
97 97 99
97 97 99
99 98 99
99 99 99
99 99 99
99 99 99
99 99 99
99 99 99
99 99 99
99 99 99
99 99 99
99 99 99
99 99 99
99 99 99
99 99 99
99 99 99
99 99 99
99 99 99
99 99 99
99 99 99
99 99 99
99 99 99
99 99 99
99 99 99
99 99 99
99 99 99
99 99 99
99 99 99
99 99 99
98 98 98
98 98 98
97 97 97
96 96 96
96 96 96
99 99 99
99 99 99
99 99 99
99 99 99
98 98 98
97 97 97
96 96 96
96 96 96
96 96 96
97 97 97
98 98 98
97 97 97
95 95 95
94 94 94
95 95 95
96 96 96
94 94 94
94 94 94
97 97 97
97 97 97
96 96 96
96 96 96
96 96 96
95 95 95
95 95 95
95 95 95
97 97 97
97 97 97
96 96 96
96 96 96
96 96 96
95 95 95
95 95 95
95 95 95
94 94 94
94 94 94
95 95 95
95 95 95
96 96 96
97 97 97
97 97 97
98 98 98
96 96 96
96 96 96
96 96 96
96 96 96
96 96 96
96 96 96
96 96 96
96 96 96
96 96 96
96 96 96
96 96 96
96 96 96
96 96 96
96 96 96
96 96 96
96 96 96
96 96 96
96 96 96
96 96 96
97 97 97
97 97 97
97 97 97
98 98 98
98 98 98
99 99 99
99 99 99
99 99 99
99 99 99
99 99 99
99 99 99
99 99 99
99 99 99
99 99 99
99 99 99
99 99 99
99 99 99
99 99 99
99 99 99
99 99 99
99 99 99
99 98 99
99 98 99
99 98 99
99 99 99
99 99 99
99 99 98
97 99 98
97 99 98
93 98 96
95 99 98
93 97 98
95 98 99
94 98 99
94 97 99
195 197 207
188 194 205
178 194 207
165 184 199
196 212 228
124 140 157
118 132 151
215 228 250
209 219 243
181 191 215
172 183 205
174 185 207
150 161 181
127 139 157
166 179 195
149 165 178
124 140 153
116 132 144
119 134 143
155 170 179
170 185 194
146 161 170
137 153 165
140 156 169
131 147 163
139 155 171
112 129 148
253 14 33
76 95 99
239 1 24
120 140 165
141 161 186
124 144 169
124 144 169
128 145 171
131 148 174
128 147 174
123 144 171
125 146 173
126 151 177
117 144 171
102 132 161
110 141 172
111 146 179
115 153 187
115 157 194
118 161 200
123 169 210
133 178 221
141 187 228
156 200 237
151 193 230
140 182 219
134 176 213
141 183 220
153 195 232
158 198 233
154 192 226
140 178 210
154 188 217
138 169 194
128 155 175
101 126 142
100 122 134
152 171 179
165 184 189
130 146 145
132 146 144
103 118 121
111 127 134
123 139 152
117 133 150
139 153 175
154 168 191
153 165 189
218 226 249
27 34 51
92 96 99
88 91 96
96 96 96
99 99 94
99 99 95
98 96 95
96 96 96
96 96 96
94 96 96
94 96 96
94 96 96
94 96 96
94 96 96
94 96 96
96 96 96
96 97 95
96 97 95
98 97 93
98 98 92
99 97 92
98 98 92
94 97 95
94 96 96
94 96 96
96 97 95
96 97 95
94 97 95
92 97 96
91 96 97
84 90 95
47 56 65
25 38 52
8 24 41
195 216 238
219 242 12
100 103 130
144 171 198
206 228 253
237 0 21
36 52 69
83 96 99
88 97 99
93 98 99
99 99 98
99 99 95
99 99 95
99 99 93
99 99 96
99 99 98
99 99 99
97 98 99
97 97 99
95 98 99
99 98 99
99 99 99
99 99 99
99 99 99
99 99 99
99 99 99
99 99 99
99 99 99
99 99 99
99 99 99
99 99 99
99 99 99
99 99 99
99 99 99
99 99 99
99 99 99
99 99 99
99 99 99
99 99 99
99 99 99
99 99 99
99 99 99
99 99 99
99 99 99
99 99 99
99 99 99
99 99 99
98 98 98
98 98 98
97 97 97
96 96 96
96 96 96
99 99 99
99 99 99
99 99 99
99 99 99
98 98 98
98 98 98
97 97 97
97 97 97
95 95 95
98 98 98
99 99 99
98 98 98
94 94 94
93 93 93
95 95 95
98 98 98
96 96 96
96 96 96
97 97 97
97 97 97
96 96 96
96 96 96
96 96 96
95 95 95
95 95 95
95 95 95
97 97 97
97 97 97
96 96 96
96 96 96
96 96 96
95 95 95
95 95 95
95 95 95
98 98 98
97 97 97
97 97 97
96 96 96
95 95 95
95 95 95
94 94 94
94 94 94
96 96 96
96 96 96
96 96 96
96 96 96
96 96 96
96 96 96
96 96 96
96 96 96
96 96 96
96 96 96
96 96 96
96 96 96
96 96 96
96 96 96
96 96 96
96 96 96
96 96 96
96 96 96
96 96 96
97 97 97
97 97 97
97 97 97
98 98 98
98 98 98
99 99 99
99 99 99
99 99 99
99 99 99
99 99 99
99 99 99
99 99 99
99 99 99
99 99 99
99 99 99
99 99 99
99 99 99
99 99 99
99 99 99
99 99 99
99 99 99
99 98 99
99 98 99
99 98 99
99 99 99
99 99 99
99 99 98
97 99 98
97 99 98
93 98 96
95 99 98
95 99 99
91 94 98
93 97 99
94 97 99
203 205 215
185 191 202
166 180 192
156 173 186
152 167 183
112 126 144
165 176 196
232 243 7
185 196 218
164 175 197
181 192 214
170 181 203
134 148 167
118 132 150
145 160 176
149 166 179
132 149 162
120 138 149
118 135 144
140 156 163
149 164 173
142 157 166
156 172 184
153 169 182
140 156 172
177 193 209
44 61 80
78 95 99
67 86 99
63 81 99
202 222 247
162 182 207
108 129 156
120 141 168
139 158 185
141 160 187
137 156 183
129 150 177
129 150 177
128 153 179
118 145 172
104 132 162
115 146 177
114 149 182
117 155 189
118 160 197
117 160 199
119 165 206
130 175 218
142 188 229
149 191 228
140 180 215
135 175 210
142 182 217
144 186 223
143 185 222
147 187 222
155 193 227
100 137 169
107 141 170
116 147 170
115 141 158
100 120 135
107 127 138
136 154 161
143 160 163
139 159 154
133 150 146
149 165 164
164 179 182
136 151 160
108 121 137
122 131 151
145 151 174
156 160 184
114 118 137
239 240 254
94 93 99
82 79 81
99 99 96
99 99 92
96 93 85
98 96 95
94 96 97
94 96 97
92 96 97
92 96 97
92 96 97
92 96 97
92 96 97
92 97 96
94 96 96
94 97 95
94 97 95
96 97 93
96 98 92
98 98 92
96 98 92
92 97 96
92 96 97
92 96 97
94 96 96
94 96 96
94 96 96
92 96 97
91 96 99
92 98 99
239 248 1
8 21 35
7 23 40
8 29 51
50 73 99
100 122 149
111 138 165
193 217 241
228 249 15
1 18 37
79 92 99
83 92 99
94 99 99
99 99 98
99 99 95
99 99 95
99 99 93
99 99 96
99 99 98
99 99 99
97 98 99
97 97 99
95 98 99
99 98 99
99 99 99
99 99 99
99 99 99
99 99 99
99 99 99
99 99 99
99 99 99
99 99 99
99 99 99
99 99 99
99 99 99
99 99 99
99 99 99
99 99 99
99 99 99
99 99 99
99 99 99
99 99 99
99 99 99
99 99 99
99 99 99
99 99 99
99 99 99
99 99 99
99 99 99
99 99 99
98 98 98
98 98 98
97 97 97
96 96 96
96 96 96
99 99 99
99 99 99
99 99 99
99 99 99
99 99 99
98 98 98
97 97 97
97 97 97
94 94 94
99 99 99
99 99 99
99 99 99
94 94 94
92 92 92
95 95 95
99 99 99
99 99 99
99 99 99
97 97 97
97 97 97
96 96 96
96 96 96
96 96 96
95 95 95
95 95 95
95 95 95
97 97 97
97 97 97
96 96 96
96 96 96
96 96 96
95 95 95
95 95 95
95 95 95
99 99 99
99 99 99
98 98 98
97 97 97
95 95 95
93 93 93
92 92 92
91 91 91
96 96 96
96 96 96
96 96 96
96 96 96
96 96 96
96 96 96
96 96 96
96 96 96
96 96 96
96 96 96
96 96 96
96 96 96
96 96 96
96 96 96
96 96 96
96 96 96
96 96 96
96 96 96
96 96 96
97 97 97
97 97 97
97 97 97
98 98 98
98 98 98
99 99 99
99 99 99
99 99 99
99 99 99
99 99 99
99 99 99
99 99 99
99 99 99
99 99 99
99 99 99
99 99 99
99 99 99
99 99 99
99 99 99
99 99 99
99 99 99
99 98 99
99 98 99
99 98 99
99 99 99
99 99 98
99 99 98
99 99 98
99 99 96
95 98 96
97 99 98
97 99 99
88 92 93
94 97 99
92 96 99
212 215 223
184 191 200
152 167 176
169 186 199
111 127 143
138 154 171
219 234 253
205 219 241
182 196 219
193 207 230
196 210 233
167 181 204
126 140 162
119 134 153
117 133 150
145 161 177
147 163 179
141 160 173
111 132 147
123 144 159
137 156 171
139 158 171
148 165 178
139 155 167
182 198 211
57 70 84
72 85 99
81 94 99
81 96 99
81 95 99
65 80 99
181 195 217
160 177 198
131 149 172
140 159 186
140 161 189
137 158 185
132 153 180
133 155 180
135 159 183
129 153 177
116 142 166
123 150 176
123 153 180
128 160 189
131 166 199
130 167 201
133 170 208
145 184 222
162 199 237
165 202 236
154 191 225
150 187 221
146 183 217
121 158 192
100 126 160
100 119 153
100 133 166
114 146 175
100 127 152
117 144 165
107 131 149
100 110 125
100 117 130
109 127 138
129 147 154
139 159 160
122 142 143
159 176 179
180 196 203
157 171 183
150 160 177
154 161 180
155 160 181
241 245 8
88 91 99
62 62 74
93 93 99
90 90 90
89 88 84
90 91 82
99 99 93
96 97 95
94 96 97
94 96 97
92 96 97
92 96 97
92 96 97
92 96 97
92 96 97
92 97 96
94 96 96
94 97 95
94 97 95
96 97 93
96 97 93
98 98 92
96 97 93
94 96 97
92 95 99
94 96 97
94 96 97
94 96 97
94 96 97
94 96 97
92 95 99
49 55 60
192 202 209
39 49 59
213 226 240
76 92 99
70 89 99
186 209 231
112 135 157
187 209 234
226 247 13
236 253 16
76 89 99
81 88 97
95 98 99
99 99 98
99 99 95
99 99 95
99 99 93
99 99 96
99 99 98
99 99 99
97 98 99
95 98 99
95 98 99
97 99 99
99 99 99
99 99 99
99 99 99
99 99 99
99 99 99
99 99 99
99 99 99
99 99 99
99 99 99
99 99 99
99 99 99
99 99 99
99 99 99
99 99 99
99 99 99
99 99 99
99 99 99
99 99 99
99 99 99
99 99 99
99 99 99
99 99 99
99 99 99
99 99 99
99 99 99
99 99 99
98 98 98
98 98 98
97 97 97
96 96 96
96 96 96
99 99 99
99 99 99
99 99 99
99 99 99
99 99 99
98 98 98
97 97 97
97 97 97
93 93 93
99 99 99
99 99 99
99 99 99
94 94 94
91 91 91
95 95 95
99 99 99
99 99 99
99 99 99
97 97 97
97 97 97
97 97 97
97 97 97
97 97 97
97 97 97
97 97 97
97 97 97
97 97 97
97 97 97
97 97 97
97 97 97
97 97 97
97 97 97
97 97 97
97 97 97
97 97 97
97 97 97
97 97 97
97 97 97
97 97 97
97 97 97
97 97 97
97 97 97
97 97 97
97 97 97
97 97 97
97 97 97
97 97 97
97 97 97
97 97 97
97 97 97
98 98 98
98 98 98
97 97 97
97 97 97
97 97 97
96 96 96
96 96 96
96 96 96
96 96 96
96 96 96
96 96 96
97 97 97
97 97 97
97 97 97
98 98 98
98 98 98
99 99 99
99 99 99
99 99 99
99 99 99
99 99 99
99 99 99
99 99 99
99 99 99
99 99 99
99 99 99
99 99 99
99 99 99
99 99 99
99 99 99
99 99 99
99 99 99
97 99 99
97 99 99
99 98 99
99 99 99
99 99 98
99 99 96
99 99 96
99 99 95
99 99 96
99 99 96
99 99 98
98 98 98
97 99 99
93 96 99
11 14 19
150 158 165
174 191 200
150 172 184
109 130 145
148 168 186
208 227 248
169 189 214
173 192 219
176 194 223
178 196 225
158 174 203
132 149 176
121 137 160
123 137 159
128 142 161
128 141 157
118 135 154
100 127 152
100 124 150
140 170 195
128 155 176
156 179 195
163 181 192
1 13 23
88 98 99
82 88 93
91 97 99
91 95 99
81 87 94
90 97 99
62 68 79
176 184 197
172 184 202
134 153 180
137 161 191
136 158 186
128 150 175
128 149 171
125 147 165
120 140 158
118 138 155
134 154 171
145 165 182
147 169 187
151 172 194
150 171 198
138 160 188
130 151 182
111 134 166
131 159 193
119 150 183
104 135 168
100 121 152
100 113 144
100 114 144
100 120 147
100 125 151
100 121 145
102 125 147
107 128 149
103 124 145
100 118 136
100 115 133
102 120 137
107 125 142
130 150 167
124 142 159
125 141 158
136 152 169
130 144 162
163 175 193
169 176 195
166 173 190
43 50 65
82 88 99
89 97 99
89 98 99
92 99 99
88 99 97
90 99 99
73 82 79
96 98 98
98 98 98
98 98 98
96 98 98
96 98 98
96 98 98
96 98 98
96 98 98
95 97 97
97 97 97
97 97 97
97 97 97
97 98 96
97 98 96
97 98 96
97 97 97
89 88 90
93 92 96
89 88 92
26 25 29
74 73 77
97 98 99
97 98 99
91 94 98
247 252 255
144 150 155
104 113 117
45 55 62
88 97 99
82 93 99
53 65 75
102 118 131
221 240 5
238 0 23
8 23 42
83 96 99
81 88 97
95 98 99
99 99 98
99 99 95
99 99 95
99 99 93
99 99 96
99 99 98
99 99 99
97 98 99
94 98 99
94 98 99
97 99 99
99 99 99
99 99 99
99 99 99
99 99 99
99 99 99
99 99 99
99 99 99
99 99 99
99 99 99
99 99 99
99 99 99
99 99 99
99 99 99
99 99 99
99 99 99
99 99 99
99 99 99
99 99 99
99 99 99
99 99 99
99 99 99
99 99 99
99 99 99
99 99 99
99 99 99
99 99 99
99 99 99
99 99 99
99 99 99
99 99 99
99 99 99
97 97 97
97 97 97
97 97 97
97 97 97
97 97 97
97 97 97
97 97 97
97 97 97
93 93 93
93 93 93
93 93 93
94 94 94
94 94 94
94 94 94
95 95 95
95 95 95
96 96 96
96 96 96
97 97 97
97 97 97
97 97 97
97 97 97
97 97 97
97 97 97
97 97 97
97 97 97
97 97 97
97 97 97
97 97 97
97 97 97
97 97 97
97 97 97
97 97 97
97 97 97
97 97 97
97 97 97
97 97 97
97 97 97
97 97 97
97 97 97
97 97 97
97 97 97
97 97 97
97 97 97
97 97 97
97 97 97
97 97 97
97 97 97
97 97 97
97 97 97
98 98 98
98 98 98
98 98 98
97 97 97
97 97 97
96 96 96
96 96 96
96 96 96
96 96 96
96 96 96
96 96 96
97 97 97
97 97 97
98 98 98
98 98 98
98 98 98
99 99 99
99 99 99
99 99 99
99 99 99
99 99 99
99 99 99
99 99 99
99 99 99
99 99 99
99 99 99
99 99 99
99 99 99
99 99 99
99 99 99
99 99 99
99 99 99
97 99 99
97 99 99
99 99 99
99 99 98
99 99 98
99 99 96
99 99 95
99 99 95
99 99 95
99 99 96
99 99 98
98 99 97
99 98 99
97 99 99
37 40 44
155 163 170
157 174 183
137 161 173
120 143 159
181 205 223
206 228 253
165 188 214
169 190 221
187 208 240
151 171 206
138 157 190
123 141 172
116 133 160
116 131 157
118 132 154
116 130 149
107 125 148
106 137 168
100 123 157
137 171 201
158 188 213
151 175 193
150 168 179
49 60 68
86 93 96
94 98 99
84 86 86
84 84 84
95 94 96
82 83 87
92 95 99
69 72 80
177 184 199
132 149 175
152 174 202
133 154 181
145 166 188
168 188 206
202 221 236
210 227 240
249 9 21
2 18 30
25 41 53
29 45 58
157 171 189
100 109 131
100 100 120
100 108 136
107 123 152
107 130 162
102 130 161
100 128 159
101 127 157
102 126 154
104 127 153
106 128 153
107 130 152
104 125 147
107 126 147
108 127 148
106 125 146
103 122 143
102 121 142
104 123 144
104 125 147
125 146 168
130 151 173
131 149 172
147 164 185
123 138 157
147 159 177
166 176 193
203 212 226
66 74 87
86 95 99
72 82 89
85 96 99
88 99 99
79 92 94
66 80 79
17 29 29
94 99 98
98 98 98
98 98 98
98 98 98
98 98 98
98 98 98
98 98 98
98 98 98
97 97 97
97 97 97
97 97 97
97 97 97
97 97 97
97 97 97
97 97 97
97 97 97
98 95 97
90 86 91
99 97 99
17 13 18
100 100 103
114 113 117
205 206 210
212 215 219
151 156 159
138 145 148
162 169 172
90 99 99
90 99 99
90 99 99
73 82 86
120 133 141
224 241 4
227 245 12
44 59 78
82 93 99
89 96 99
82 85 89
99 97 96
99 99 95
99 99 95
99 99 93
99 99 96
99 99 98
99 99 99
95 98 99
94 98 99
94 98 99
97 99 99
99 99 99
99 99 99
99 99 99
99 99 99
99 99 99
99 99 99
99 99 99
99 99 99
99 99 99
99 99 99
99 99 99
99 99 99
99 99 99
99 99 99
99 99 99
99 99 99
99 99 99
99 99 99
99 99 99
99 99 99
99 99 99
99 99 99
99 99 99
99 99 99
99 99 99
99 99 99
99 99 99
99 99 99
99 99 99
99 99 99
99 99 99
97 97 97
97 97 97
97 97 97
97 97 97
97 97 97
97 97 97
97 97 97
97 97 97
95 95 95
95 95 95
95 95 95
95 95 95
96 96 96
96 96 96
96 96 96
97 97 97
99 99 99
99 99 99
97 97 97
97 97 97
97 97 97
97 97 97
97 97 97
97 97 97
97 97 97
97 97 97
97 97 97
97 97 97
97 97 97
97 97 97
97 97 97
97 97 97
97 97 97
97 97 97
97 97 97
97 97 97
97 97 97
97 97 97
97 97 97
97 97 97
97 97 97
97 97 97
97 97 97
97 97 97
97 97 97
97 97 97
97 97 97
97 97 97
97 97 97
97 97 97
98 98 98
98 98 98
98 98 98
98 98 98
97 97 97
97 97 97
96 96 96
96 96 96
96 96 96
96 96 96
97 97 97
97 97 97
98 98 98
98 98 98
98 98 98
98 98 98
99 99 99
99 99 99
99 99 99
99 99 99
99 99 99
99 99 99
99 99 99
99 99 99
99 99 99
99 99 99
99 99 99
99 99 99
99 99 99
99 99 99
99 99 99
99 99 99
97 99 99
97 99 99
99 99 99
99 99 98
99 99 98
99 99 96
99 99 95
99 99 95
99 99 95
99 96 92
99 99 98
98 99 97
99 98 99
97 99 99
72 75 79
160 170 177
148 166 177
124 147 162
130 152 170
203 227 247
186 209 235
142 166 194
137 160 192
154 176 211
128 150 186
123 145 181
118 138 173
114 134 165
112 131 158
112 129 155
112 128 151
104 126 151
103 134 165
127 162 195
126 158 187
164 192 216
154 176 194
170 186 198
67 78 86
92 99 99
90 94 95
95 97 97
87 87 87
96 95 97
94 95 99
90 93 98
94 97 99
13 21 34
119 133 155
138 158 183
146 164 187
137 154 173
22 38 55
78 94 99
83 97 99
80 95 99
83 98 99
75 89 99
60 73 87
131 145 163
101 115 137
108 121 147
104 118 146
100 115 144
100 124 154
100 126 156
103 129 159
107 131 159
107 131 159
107 130 156
105 127 152
103 126 148
110 131 153
108 129 151
106 127 149
107 128 150
110 131 153
110 131 153
108 129 151
105 126 148
122 143 165
128 149 171
111 129 152
121 138 159
107 122 141
128 140 158
137 147 164
168 177 190
188 197 207
254 5 14
66 74 81
55 64 68
40 49 52
240 252 254
100 111 111
55 65 65
94 99 98
98 98 98
98 98 98
98 98 98
98 98 98
98 98 98
98 98 98
98 98 98
97 97 97
97 97 97
97 97 97
97 97 97
97 97 97
97 97 97
97 97 97
97 97 97
96 93 95
99 98 99
99 98 99
95 92 94
53 52 56
215 214 218
106 106 112
131 134 139
147 151 156
236 242 247
85 94 98
77 87 94
88 98 99
74 86 92
51 63 69
144 159 168
197 213 230
225 242 7
232 246 8
83 94 99
77 84 93
95 98 99
99 99 98
99 96 91
99 99 95
99 99 93
99 99 96
99 99 98
99 99 99
95 98 99
94 98 99
94 98 99
97 99 99
99 99 99
99 99 99
99 99 99
99 99 99
99 99 99
99 99 99
99 99 99
99 99 99
99 99 99
99 99 99
99 99 99
99 99 99
99 99 99
99 99 99
99 99 99
99 99 99
99 99 99
99 99 99
99 99 99
99 99 99
99 99 99
99 99 99
99 99 99
99 99 99
99 99 99
99 99 99
99 99 99
99 99 99
99 99 99
99 99 99
99 99 99
97 97 97
97 97 97
97 97 97
97 97 97
97 97 97
97 97 97
97 97 97
97 97 97
97 97 97
97 97 97
98 98 98
98 98 98
98 98 98
99 99 99
99 99 99
99 99 99
99 99 99
99 99 99
98 98 98
98 98 98
98 98 98
98 98 98
98 98 98
98 98 98
98 98 98
98 98 98
98 98 98
98 98 98
98 98 98
98 98 98
98 98 98
98 98 98
98 98 98
98 98 98
98 98 98
98 98 98
98 98 98
98 98 98
98 98 98
98 98 98
98 98 98
98 98 98
98 98 98
98 98 98
98 98 98
98 98 98
98 98 98
98 98 98
98 98 98
98 98 98
99 99 99
99 99 99
98 98 98
98 98 98
98 98 98
97 97 97
97 97 97
97 97 97
97 97 97
97 97 97
97 97 97
98 98 98
98 98 98
98 98 98
99 99 99
99 99 99
99 99 99
99 99 99
99 99 99
99 99 99
99 99 99
99 99 99
99 99 99
99 99 99
99 99 99
99 99 99
99 99 99
99 99 99
99 99 99
99 99 99
99 99 99
99 99 99
97 99 99
97 99 99
99 99 99
99 99 98
99 99 98
99 99 96
99 99 95
99 99 95
99 97 93
95 92 88
99 99 98
98 98 98
97 99 99
95 98 99
94 98 99
165 174 183
142 161 174
115 140 156
144 168 188
202 226 250
180 204 232
151 176 208
148 172 208
145 171 208
121 146 186
119 145 182
118 141 179
116 138 173
114 135 166
115 136 164
118 139 166
118 143 169
116 147 178
134 168 198
141 170 197
114 140 164
159 179 196
201 217 229
88 98 99
92 99 99
92 96 97
97 99 99
99 99 99
89 89 89
97 98 99
92 93 97
76 79 84
90 96 99
235 247 9
100 103 125
100 100 114
161 176 192
83 97 99
77 89 99
84 95 99
87 98 99
87 98 99
74 86 96
41 52 66
133 145 163
117 130 152
114 127 153
106 120 148
111 127 156
112 135 161
109 134 160
110 133 159
109 132 158
107 130 156
107 129 154
106 129 151
106 129 151
114 135 157
110 131 153
107 128 150
109 132 154
118 139 161
117 140 162
114 134 159
105 128 150
106 129 151
134 158 178
127 148 169
124 141 160
123 139 156
124 137 153
119 130 144
119 127 140
155 161 172
180 186 193
200 206 213
184 190 195
164 171 174
149 157 157
64 74 74
92 99 99
97 99 99
99 99 99
99 99 99
99 99 99
99 99 99
99 99 99
99 99 99
99 99 99
98 98 98
98 98 98
98 98 98
98 98 98
98 98 98
98 98 98
98 98 98
98 98 98
99 98 99
89 84 86
99 96 98
99 98 99
94 93 97
96 97 99
92 95 99
72 76 81
81 87 92
85 93 99
88 98 99
44 55 63
3 13 23
39 51 61
205 217 227
157 171 183
196 212 229
179 194 213
231 244 4
76 85 98
87 93 99
95 98 99
89 87 86
99 99 96
99 99 95
99 99 95
99 99 96
99 99 98
99 99 99
95 98 99
94 98 99
94 98 99
97 99 99
99 99 99
99 99 99
99 99 99
99 99 99
99 99 99
99 99 99
99 99 99
99 99 99
99 99 99
99 99 99
99 99 99
99 99 99
99 99 99
99 99 99
99 99 99
99 99 99
99 99 99
99 99 99
99 99 99
99 99 99
99 99 99
99 99 99
99 99 99
99 99 99
99 99 99
99 99 99
99 99 99
99 99 99
99 99 99
99 99 99
99 99 99
97 97 97
97 97 97
97 97 97
97 97 97
97 97 97
97 97 97
97 97 97
97 97 97
99 99 99
99 99 99
99 99 99
99 99 99
99 99 99
99 99 99
99 99 99
99 99 99
99 99 99
99 99 99
98 98 98
98 98 98
98 98 98
98 98 98
98 98 98
98 98 98
98 98 98
98 98 98
98 98 98
98 98 98
98 98 98
98 98 98
98 98 98
98 98 98
98 98 98
98 98 98
98 98 98
98 98 98
98 98 98
98 98 98
98 98 98
98 98 98
98 98 98
98 98 98
98 98 98
98 98 98
98 98 98
98 98 98
98 98 98
98 98 98
98 98 98
98 98 98
99 99 99
99 99 99
99 99 99
98 98 98
98 98 98
98 98 98
97 97 97
97 97 97
97 97 97
97 97 97
98 98 98
98 98 98
98 98 98
99 99 99
99 99 99
99 99 99
99 99 99
99 99 99
99 99 99
99 99 99
99 99 99
99 99 99
99 99 99
99 99 99
99 99 99
99 99 99
99 99 99
99 99 99
99 99 99
99 99 99
99 99 99
99 99 99
97 99 99
97 99 99
99 99 99
99 99 98
99 99 98
99 99 96
99 99 96
99 99 96
99 97 93
95 92 88
99 99 98
98 98 98
94 97 99
94 98 99
94 98 99
164 174 184
133 154 169
123 148 168
167 191 215
175 200 226
156 182 212
143 170 204
149 176 213
135 160 202
121 148 192
118 146 187
115 140 182
111 137 174
109 135 171
116 141 173
124 150 180
131 157 187
137 166 197
122 152 181
126 153 179
116 140 160
116 134 151
25 39 51
88 98 99
87 92 95
95 99 99
96 98 98
99 99 99
90 90 90
88 89 93
97 98 99
76 79 84
92 97 99
88 96 99
56 67 81
46 55 68
69 78 88
79 88 97
83 91 98
86 95 99
90 99 99
88 98 99
88 97 99
4 16 28
134 147 163
110 123 145
100 111 137
102 116 145
115 131 160
113 133 158
114 135 157
115 136 158
116 137 159
116 137 159
113 136 158
112 135 157
111 134 156
111 133 158
108 130 155
108 130 155
113 137 161
121 143 168
121 145 169
115 136 163
107 131 155
108 133 153
130 154 172
128 150 168
118 136 153
122 138 155
100 112 128
111 120 134
113 121 134
101 105 116
129 132 140
112 115 123
133 137 142
189 194 197
51 56 57
94 99 99
79 84 83
97 99 99
99 99 99
99 99 99
99 99 99
99 99 99
99 99 99
99 99 99
99 99 99
98 98 98
98 98 98
98 98 98
98 98 98
98 98 98
98 98 98
98 98 98
98 98 98
99 98 99
99 98 99
99 99 99
88 85 87
86 85 89
97 98 99
95 98 99
94 98 99
90 98 99
78 87 96
87 97 99
11 23 35
100 100 111
100 105 118
118 134 147
146 161 177
121 135 153
140 154 172
119 130 144
77 86 96
92 98 99
97 99 99
97 97 97
99 99 96
99 99 95
99 99 95
99 99 96
99 99 98
99 99 99
95 98 99
94 98 99
95 98 99
97 99 99
99 99 99
99 99 99
99 99 99
99 99 99
99 99 99
99 99 99
99 99 99
99 99 99
99 99 99
99 99 99
99 99 99
99 99 99
99 99 99
99 99 99
99 99 99
99 99 99
99 99 99
99 99 99
99 99 99
99 99 99
99 99 99
99 99 99
99 99 99
99 99 99
99 99 99
99 99 99
99 99 99
99 99 99
99 99 99
99 99 99
99 99 99
97 97 97
97 97 97
97 97 97
97 97 97
97 97 97
97 97 97
97 97 97
97 97 97
99 99 99
99 99 99
99 99 99
99 99 99
99 99 99
99 99 99
99 99 99
99 99 99
96 96 96
96 96 96
99 99 99
99 99 99
99 99 99
99 99 99
99 99 99
99 99 99
99 99 99
99 99 99
99 99 99
99 99 99
99 99 99
99 99 99
99 99 99
99 99 99
99 99 99
99 99 99
99 99 99
99 99 99
99 99 99
99 99 99
99 99 99
99 99 99
99 99 99
99 99 99
99 99 99
99 99 99
99 99 99
99 99 99
99 99 99
99 99 99
99 99 99
99 99 99
99 99 99
99 99 99
99 99 99
99 99 99
98 98 98
98 98 98
98 98 98
98 98 98
98 98 98
98 98 98
98 98 98
98 98 98
99 99 99
99 99 99
99 99 99
99 99 99
99 99 99
99 99 99
99 99 99
99 99 99
99 99 99
99 99 99
99 99 99
99 99 99
99 99 99
99 99 99
99 99 99
99 99 99
99 99 99
99 99 99
99 99 99
99 99 99
97 99 99
97 99 99
99 99 99
99 99 98
99 99 96
99 99 96
99 99 96
99 99 96
99 98 94
95 93 92
99 99 99
95 97 98
93 97 99
92 98 99
68 74 81
158 168 178
121 141 159
140 167 188
187 212 238
145 171 201
122 149 183
125 152 189
130 158 199
119 148 192
119 148 193
111 142 187
105 134 178
101 131 172
106 135 174
114 144 179
123 151 185
128 156 187
134 162 192
125 152 178
109 133 155
120 142 160
160 176 192
85 97 99
85 93 99
92 97 99
94 96 97
95 97 97
90 90 90
99 99 99
86 88 89
97 98 99
90 93 98
89 92 97
80 85 94
75 80 89
92 98 99
94 98 99
94 99 99
94 99 99
94 99 99
92 97 99
84 90 95
90 97 99
216 225 238
126 136 153
119 132 154
121 134 160
120 134 163
109 123 151
118 134 157
122 139 158
126 143 162
125 144 165
122 141 162
112 133 155
101 124 146
100 118 140
106 128 153
107 131 155
111 135 159
116 139 165
121 144 170
120 143 169
115 138 164
111 135 159
124 149 169
143 168 184
150 170 187
144 163 178
118 133 149
103 116 130
214 222 235
62 68 79
63 65 75
46 48 56
51 54 59
66 67 71
97 99 99
97 99 99
94 96 96
97 99 99
99 99 99
99 99 99
99 99 99
99 99 99
99 99 99
99 99 99
99 99 99
99 99 99
99 99 99
99 99 99
99 99 99
99 99 99
99 99 99
99 99 99
99 99 99
99 99 99
88 84 83
99 99 98
96 94 94
99 99 99
99 98 99
95 98 99
81 85 90
92 98 99
81 88 97
87 97 99
84 96 99
83 96 99
153 168 184
100 105 122
117 133 150
126 142 159
119 134 150
215 228 244
54 63 76
87 94 99
94 98 99
81 83 84
90 90 90
99 99 98
99 99 96
99 99 95
99 99 96
99 99 98
99 99 99
97 99 99
95 98 99
95 98 99
97 99 99
99 99 99
99 99 99
99 99 99
99 99 99
99 99 99
99 99 99
99 99 99
99 99 99
99 99 99
99 99 99
99 99 99
99 99 99
99 99 99
99 99 99
99 99 99
99 99 99
99 99 99
99 99 99
99 99 99
99 99 99
99 99 99
99 99 99
99 99 99
99 99 99
99 99 99
99 99 99
99 99 99
99 99 99
99 99 99
99 99 99
99 99 99
97 97 97
97 97 97
97 97 97
97 97 97
97 97 97
97 97 97
97 97 97
97 97 97
97 97 97
97 97 97
98 98 98
98 98 98
98 98 98
99 99 99
99 99 99
99 99 99
94 94 94
94 94 94
99 99 99
99 99 99
99 99 99
99 99 99
99 99 99
99 99 99
99 99 99
99 99 99
99 99 99
99 99 99
99 99 99
99 99 99
99 99 99
99 99 99
99 99 99
99 99 99
99 99 99
99 99 99
99 99 99
99 99 99
99 99 99
99 99 99
99 99 99
99 99 99
99 99 99
99 99 99
99 99 99
99 99 99
99 99 99
99 99 99
99 99 99
99 99 99
99 99 99
99 99 99
99 99 99
99 99 99
99 99 99
98 98 98
98 98 98
98 98 98
98 98 98
98 98 98
98 98 98
99 99 99
99 99 99
99 99 99
99 99 99
99 99 99
99 99 99
99 99 99
99 99 99
99 99 99
99 99 99
99 99 99
99 99 99
99 99 99
99 99 99
99 99 99
99 99 99
99 99 99
99 99 99
99 99 99
99 99 99
99 99 99
99 99 99
99 99 99
99 99 99
99 99 98
99 99 96
99 99 96
99 99 96
99 99 96
99 98 97
99 97 96
96 98 99
92 95 99
94 98 99
90 96 99
30 37 46
148 160 172
111 132 153
155 181 205
189 216 243
135 163 194
119 149 184
143 174 213
131 163 206
133 166 212
113 146 192
106 139 185
101 131 178
103 135 178
113 143 184
119 150 189
120 149 186
119 147 181
127 151 179
117 140 162
123 144 165
123 141 158
44 57 71
78 88 98
90 96 99
94 99 99
84 86 87
99 99 99
90 90 90
99 99 99
97 99 99
77 79 80
88 89 93
97 98 99
97 98 99
85 86 90
97 98 99
82 81 83
97 97 97
82 83 81
97 99 98
95 99 99
80 85 88
92 98 99
217 226 236
133 141 158
123 134 156
117 130 156
116 130 159
114 128 156
124 138 157
125 140 156
125 141 158
122 138 155
113 133 151
102 123 144
100 114 136
100 108 133
100 121 147
105 128 154
114 137 163
117 142 168
117 142 168
114 139 165
115 138 164
114 138 162
124 148 166
126 152 166
160 181 196
30 47 60
74 87 99
71 83 95
89 95 99
92 97 99
95 96 99
97 96 99
85 83 89
99 98 99
85 84 86
99 98 99
87 87 87
99 99 99
99 99 99
99 99 99
99 99 99
99 99 99
99 99 99
99 99 99
99 99 99
99 99 99
99 99 99
99 99 99
99 99 99
99 99 99
99 99 99
99 99 99
99 99 99
99 99 99
94 90 89
99 99 96
90 88 87
92 92 92
99 98 99
95 98 99
87 91 96
89 97 99
88 97 99
73 82 95
82 93 99
83 96 99
30 46 63
120 137 156
136 153 172
149 165 182
167 180 196
72 81 94
87 96 99
90 97 99
85 89 94
90 92 93
99 99 99
92 90 89
99 99 96
99 99 96
99 99 98
99 99 98
99 99 99
97 99 99
95 98 99
95 98 99
97 99 99
99 99 99
99 99 99
99 99 99
99 99 99
99 99 99
99 99 99
99 99 99
99 99 99
99 99 99
99 99 99
99 99 99
99 99 99
99 99 99
99 99 99
99 99 99
99 99 99
99 99 99
99 99 99
99 99 99
99 99 99
99 99 99
99 99 99
99 99 99
99 99 99
99 99 99
99 99 99
99 99 99
99 99 99
99 99 99
99 99 99
99 99 99
97 97 97
97 97 97
97 97 97
97 97 97
97 97 97
97 97 97
97 97 97
97 97 97
95 95 95
95 95 95
95 95 95
95 95 95
96 96 96
96 96 96
96 96 96
97 97 97
96 96 96
96 96 96
99 99 99
99 99 99
99 99 99
99 99 99
99 99 99
99 99 99
99 99 99
99 99 99
99 99 99
99 99 99
99 99 99
99 99 99
99 99 99
99 99 99
99 99 99
99 99 99
99 99 99
99 99 99
99 99 99
99 99 99
99 99 99
99 99 99
99 99 99
99 99 99
99 99 99
99 99 99
99 99 99
99 99 99
99 99 99
99 99 99
99 99 99
99 99 99
99 99 99
99 99 99
99 99 99
99 99 99
99 99 99
99 99 99
98 98 98
98 98 98
98 98 98
98 98 98
99 99 99
99 99 99
99 99 99
99 99 99
99 99 99
99 99 99
99 99 99
99 99 99
99 99 99
99 99 99
99 99 99
99 99 99
99 99 99
99 99 99
99 99 99
99 99 99
99 99 99
99 99 99
99 99 99
99 99 99
99 99 99
99 99 99
99 99 99
99 99 99
99 99 98
99 99 98
99 99 96
99 99 96
99 99 96
99 99 96
99 99 98
99 99 99
95 96 99
91 95 99
92 98 99
85 92 99
2 11 21
140 153 169
113 136 158
161 188 215
173 201 232
122 150 184
113 142 181
146 178 219
107 138 183
112 145 191
113 146 195
106 139 188
103 136 182
110 143 188
123 155 196
127 160 199
120 152 188
115 143 174
124 146 171
119 136 157
100 113 132
214 229 245
84 93 99
90 97 99
92 98 99
92 95 99
95 97 98
91 91 91
99 99 99
97 97 97
90 92 93
88 90 91
97 99 99
94 93 95
96 93 95
99 99 99
99 96 97
93 89 88
99 99 96
99 99 96
99 99 95
92 93 91
95 99 99
94 98 99
205 211 222
121 130 144
127 138 160
120 131 158
114 125 155
121 133 161
119 131 149
116 129 143
111 124 138
105 121 137
102 120 137
100 120 141
100 123 145
101 125 149
100 117 143
104 127 153
114 138 166
119 144 170
115 140 166
113 136 162
114 137 163
117 140 162
137 160 176
152 174 186
180 199 212
72 88 99
85 97 99
88 97 99
90 95 99
91 94 99
97 96 99
91 89 95
99 97 99
92 88 93
99 98 99
99 97 99
99 99 99
97 95 95
99 99 99
99 99 99
99 99 99
99 99 99
99 99 99
99 99 99
99 99 99
99 99 99
99 99 99
99 99 99
99 99 99
99 99 99
99 99 99
99 99 99
99 99 99
99 99 98
99 99 96
93 90 86
99 99 98
99 99 98
91 91 91
3 7 8
44 48 53
90 98 99
74 83 93
87 96 99
83 94 99
21 34 50
151 167 184
173 190 209
178 195 216
184 199 218
20 31 45
88 97 99
76 83 92
92 98 99
95 98 99
97 99 99
90 90 90
99 99 98
99 99 98
99 99 96
99 99 98
99 99 99
97 99 99
97 99 99
95 98 99
97 99 99
99 99 99
99 99 99
99 99 99
99 99 99
99 99 99
99 99 99
99 99 99
99 99 99
99 99 99
99 99 99
99 99 99
99 99 99
99 99 99
99 99 99
99 99 99
99 99 99
99 99 99
99 99 99
99 99 99
99 99 99
99 99 99
99 99 99
99 99 99
99 99 99
99 99 99
99 99 99
99 99 99
99 99 99
99 99 99
99 99 99
99 99 99
99 99 99
97 97 97
97 97 97
97 97 97
97 97 97
97 97 97
97 97 97
97 97 97
97 97 97
93 93 93
93 93 93
93 93 93
94 94 94
94 94 94
94 94 94
95 95 95
95 95 95
99 99 99
99 99 99
99 99 99
99 99 99
99 99 99
99 99 99
99 99 99
99 99 99
99 99 99
99 99 99
99 99 99
99 99 99
99 99 99
99 99 99
99 99 99
99 99 99
99 99 99
99 99 99
99 99 99
99 99 99
99 99 99
99 99 99
99 99 99
99 99 99
99 99 99
99 99 99
99 99 99
99 99 99
99 99 99
99 99 99
99 99 99
99 99 99
99 99 99
99 99 99
99 99 99
99 99 99
99 99 99
99 99 99
99 99 99
99 99 99
99 99 99
99 99 99
99 99 99
99 99 99
99 99 99
99 99 99
99 99 99
99 99 99
99 99 99
99 99 99
99 99 99
99 99 99
99 99 99
99 99 99
99 99 99
99 99 99
99 99 99
99 99 99
99 99 99
99 99 99
99 99 99
99 99 99
99 99 99
99 99 99
99 99 99
99 99 99
99 99 99
99 99 99
99 99 98
99 99 98
99 99 96
99 99 96
99 99 96
99 99 96
98 96 95
91 93 93
95 98 99
94 98 99
86 93 99
88 97 99
192 201 214
144 158 176
119 143 167
188 216 246
158 185 219
125 153 188
142 170 211
141 173 216
129 159 206
100 129 178
108 141 190
113 147 193
107 140 185
110 144 187
112 145 184
110 142 178
125 156 189
121 147 177
126 143 164
114 126 144
204 217 233
77 86 99
88 97 99
82 88 95
84 88 93
90 93 97
97 99 99
99 98 99
99 99 99
99 99 99
99 99 99
99 99 99
99 99 99
99 99 99
99 99 98
99 99 96
96 91 88
99 99 95
99 99 95
99 99 95
86 83 78
99 98 94
97 99 99
85 88 93
182 186 197
129 136 151
138 146 169
120 131 158
109 120 150
116 129 155
120 133 149
117 129 139
107 120 134
100 114 130
100 111 128
100 112 133
100 116 138
100 120 144
131 154 180
120 144 172
113 138 164
128 153 179
123 146 172
119 141 166
123 145 170
129 150 171
145 167 179
127 146 154
30 47 56
77 92 99
87 97 99
90 97 99
94 96 99
94 96 99
99 97 99
99 97 99
99 97 99
99 98 99
99 98 99
99 98 99
99 99 99
99 99 99
99 99 99
99 99 99
99 99 99
99 99 99
99 99 99
99 99 99
99 99 99
99 99 99
99 99 99
99 99 99
99 99 99
99 99 99
99 99 99
99 99 99
99 99 99
99 99 98
99 99 96
97 94 89
99 99 96
99 99 98
98 98 98
71 75 76
180 184 189
100 100 106
142 148 159
128 137 150
138 149 163
111 124 140
103 117 135
131 146 165
149 163 185
193 207 225
88 96 99
92 98 99
92 98 99
94 98 99
95 98 99
97 99 99
99 99 99
99 99 98
99 99 98
99 99 98
99 99 99
99 99 99
97 99 99
97 99 99
97 99 99
97 99 99
99 99 99
99 99 99
99 99 99
99 99 99
99 99 99
99 99 99
99 99 99
99 99 99
99 99 99
99 99 99
99 99 99
99 99 99
99 99 99
99 99 99
99 99 99
99 99 99
99 99 99
99 99 99
99 99 99
99 99 99
99 99 99
99 99 99
99 99 99
99 99 99
99 99 99
99 99 99
99 99 99
99 99 99
99 99 99
99 99 99
99 99 99
99 99 99
99 99 99
99 99 99
99 99 99
99 99 99
99 99 99
99 99 99
99 99 99
99 99 99
99 99 99
99 99 99
99 99 99
99 99 99
99 99 99
99 99 99
99 99 99
99 99 99
99 99 99
99 99 99
99 99 99
99 99 99
99 99 99
99 99 99
99 99 99
99 99 99
99 99 99
99 99 99
99 99 99
99 99 99
99 99 99
99 99 99
99 99 99
99 99 99
99 99 99
99 99 99
99 99 99
99 99 99
99 99 99
99 99 99
99 99 99
99 99 99
99 99 99
99 99 99
99 99 99
99 99 99
99 99 99
99 99 99
99 99 99
99 99 99
99 99 99
99 99 99
99 99 99
99 99 99
99 99 99
99 99 99
99 99 99
99 99 99
99 99 99
99 99 99
99 99 99
99 99 99
99 99 99
99 99 99
99 99 99
99 99 99
99 99 99
99 99 99
99 99 99
99 99 99
99 99 99
99 99 99
99 99 99
99 99 99
99 99 99
99 99 99
99 99 99
99 99 99
99 99 99
99 99 99
99 99 99
99 99 99
99 99 99
99 99 99
99 99 99
99 99 99
99 99 98
99 99 98
99 99 96
99 99 96
99 99 96
99 99 98
99 99 99
97 99 99
89 92 97
87 93 99
81 90 99
86 95 99
183 194 208
139 154 173
153 176 202
178 206 237
135 163 198
121 148 185
139 167 208
131 160 204
122 152 199
103 136 182
112 145 191
100 132 177
100 131 174
116 147 186
111 141 176
125 154 185
128 158 187
115 139 163
100 114 132
222 231 245
76 84 97
90 96 99
92 97 99
94 97 99
95 98 99
97 98 99
99 98 99
99 98 99
99 99 99
99 99 99
99 99 99
99 99 99
99 99 99
99 99 98
99 99 98
99 99 96
93 86 83
99 99 94
99 99 95
97 91 84
99 99 95
99 99 96
60 60 60
240 243 247
202 207 216
137 144 159
104 113 133
116 125 152
133 144 174
100 111 138
111 122 136
108 120 130
103 117 129
100 114 130
100 116 133
100 120 141
104 126 151
108 131 157
120 144 172
108 132 160
138 163 189
117 141 165
101 123 148
106 127 149
125 144 165
137 155 172
120 138 149
226 242 249
72 85 93
86 98 99
90 97 99
92 98 99
85 87 95
97 97 99
99 97 99
99 97 99
99 98 99
99 98 99
99 98 99
99 98 99
99 99 99
99 99 99
99 99 99
99 99 99
99 99 99
99 99 99
99 99 99
99 99 99
99 99 99
99 99 99
99 99 99
99 99 99
99 99 99
99 99 99
99 99 99
99 99 99
99 99 99
99 99 98
92 91 87
94 94 88
99 99 96
94 95 91
97 99 99
97 99 99
69 72 76
27 31 36
127 134 143
111 120 130
118 127 140
104 113 127
127 137 154
201 213 231
17 29 47
85 95 99
90 97 99
94 98 99
95 98 99
95 98 99
97 99 99
97 99 99
99 99 99
99 99 99
99 99 98
99 99 98
99 99 99
99 99 99
97 99 99
97 99 99
97 99 99
97 99 99
99 99 99
99 99 99
99 99 99
99 99 99
99 99 99
99 99 99
99 99 99
99 99 99
99 99 99
99 99 99
99 99 99
99 99 99
99 99 99
99 99 99
99 99 99
99 99 99
99 99 99
99 99 99
99 99 99
99 99 99
99 99 99
99 99 99
99 99 99
99 99 99
99 99 99
99 99 99
99 99 99
99 99 99
99 99 99
99 99 99
99 99 99
99 99 99
99 99 99
99 99 99
99 99 99
99 99 99
99 99 99
99 99 99
99 99 99
99 99 99
99 99 99
99 99 99
99 99 99
99 99 99
99 99 99
99 99 99
99 99 99
99 99 99
99 99 99
99 99 99
99 99 99
99 99 99
99 99 99
99 99 99
99 99 99
99 99 99
99 99 99
99 99 99
99 99 99
99 99 99
99 99 99
99 99 99
99 99 99
99 99 99
99 99 99
99 99 99
99 99 99
99 99 99
99 99 99
99 99 99
99 99 99
99 99 99
99 99 99
99 99 99
99 99 99
99 99 99
99 99 99
99 99 99
99 99 99
99 99 99
99 99 99
99 99 99
99 99 99
99 99 99
99 99 99
99 99 99
99 99 99
99 99 99
99 99 99
99 99 99
99 99 99
99 99 99
99 99 99
99 99 99
99 99 99
99 99 99
99 99 99
99 99 99
99 99 99
99 99 99
99 99 99
99 99 99
99 99 99
99 99 99
99 99 99
99 99 99
99 99 99
99 99 99
99 99 99
99 99 99
99 99 99
99 99 99
99 99 99
99 99 99
99 99 98
99 99 98
99 99 98
99 99 98
99 99 96
99 99 96
99 99 98
99 99 98
99 99 99
95 99 99
94 98 99
87 94 99
86 95 99
14 25 39
158 171 187
138 155 176
181 205 233
158 185 219
112 140 175
121 148 185
137 165 206
116 145 189
114 143 188
112 141 186
100 129 173
105 135 176
116 145 182
123 151 185
107 135 165
126 153 179
114 140 164
105 125 143
2 11 25
88 92 99
94 96 99
83 85 95
89 91 99
95 97 99
92 95 99
91 92 96
99 98 99
99 98 99
99 99 99
99 99 99
99 99 98
99 99 98
99 99 98
99 99 98
99 99 98
92 87 84
99 99 96
89 83 78
99 97 92
99 99 95
97 93 88
80 77 73
238 236 235
208 209 213
190 192 202
126 131 146
110 117 137
113 123 147
114 125 153
101 112 139
100 111 125
100 112 122
100 112 124
100 115 131
102 122 140
107 130 152
116 139 165
119 143 171
123 147 175
129 153 181
103 126 152
118 140 165
125 144 165
117 134 153
130 146 163
116 132 145
182 195 203
73 85 91
88 98 99
86 95 99
86 89 97
95 98 99
96 94 99
99 97 99
99 97 99
99 98 99
99 98 99
99 98 99
99 99 99
99 99 99
99 99 99
99 99 99
99 99 99
99 99 99
99 99 99
99 99 99
99 99 99
99 99 99
99 99 99
99 99 99
99 99 99
99 99 99
99 99 99
99 99 99
99 99 99
99 99 99
99 99 99
99 99 98
91 90 86
99 99 95
99 99 96
86 87 83
95 97 97
91 93 93
95 99 99
89 94 97
94 98 99
62 68 75
50 57 66
41 47 58
60 68 81
87 96 99
86 95 99
88 97 99
94 98 99
97 99 99
97 99 99
97 99 99
99 99 99
99 99 99
99 99 99
99 99 99
99 99 99
99 99 99
99 99 99
99 99 99
99 99 99
99 99 99
97 99 99
97 99 99
99 99 99
99 99 99
99 99 99
99 99 99
99 99 99
99 99 99
99 99 99
99 99 99
99 99 99
99 99 99
99 99 99
99 99 99
99 99 99
99 99 99
99 99 99
99 99 99
99 99 99
99 99 99
99 99 99
99 99 99
99 99 99
99 99 99
99 99 99
99 99 99
99 99 99
99 99 99
99 99 99
99 99 99
99 99 99
99 99 99
99 99 99
99 99 99
99 99 99
99 99 99
99 99 99
99 99 99
99 99 99
99 99 99
99 99 99
99 99 99
99 99 99
99 99 99
99 99 99
99 99 99
99 99 99
99 99 99
99 99 99
99 99 99
99 99 99
99 99 99
99 99 99
99 99 99
99 99 99
99 99 99
99 99 99
99 99 99
99 99 99
99 99 99
99 99 99
99 99 99
99 99 99
99 99 99
99 99 99
99 99 99
99 99 99
99 99 99
99 99 99
99 99 99
99 99 99
99 99 99
99 99 99
99 99 99
99 99 99
99 99 99
99 99 99
99 99 99
99 99 99
99 99 99
99 99 99
99 99 99
99 99 99
99 99 99
99 99 99
99 99 99
99 99 99
99 99 99
99 99 99
99 99 99
99 99 99
99 99 99
99 99 99
99 99 99
99 99 99
99 99 99
99 99 99
99 99 99
99 99 99
99 99 99
99 99 99
99 99 99
99 99 99
99 99 99
99 99 99
99 99 99
99 99 99
99 99 99
99 99 99
99 99 99
99 99 99
99 99 99
99 99 99
99 99 99
99 99 99
99 99 99
99 99 98
99 99 98
99 99 98
99 99 98
99 99 96
99 99 96
99 99 98
99 99 99
97 99 99
89 92 96
94 97 99
90 97 99
38 47 60
189 202 218
140 154 172
167 184 205
175 199 229
136 162 198
105 132 169
130 157 194
136 165 204
111 139 180
110 137 181
113 140 184
100 126 166
132 158 195
123 148 182
116 140 168
136 160 182
122 146 164
159 182 198
54 70 83
89 95 99
95 97 99
97 96 99
94 93 99
97 96 99
93 93 99
79 80 84
97 98 99
99 98 99
99 98 99
99 99 99
99 99 99
99 99 98
99 99 98
99 99 98
99 99 98
99 99 98
87 82 81
94 89 88
99 99 96
99 95 92
99 97 92
88 84 79
192 189 185
200 198 198
226 227 231
144 146 156
118 124 137
125 132 152
110 117 142
100 100 128
104 114 138
100 107 124
100 110 122
100 112 126
102 118 134
107 126 147
114 137 159
122 145 171
125 149 177
117 141 169
113 136 162
111 133 158
104 125 147
104 121 140
124 140 157
113 126 140
183 195 205
48 58 65
92 98 99
86 90 95
94 98 99
76 76 82
96 95 99
99 97 99
99 93 98
99 98 99
99 98 99
99 98 99
99 98 99
99 99 99
99 99 99
99 99 99
99 99 99
99 99 99
99 99 99
99 99 99
99 99 99
99 99 99
99 99 99
99 99 99
99 99 99
99 99 99
99 99 99
99 99 99
99 99 99
99 99 99
99 99 99
99 99 99
99 99 98
96 97 93
99 99 95
99 99 96
97 98 94
97 99 98
91 93 93
97 99 99
78 82 83
95 98 99
88 91 96
94 97 99
94 97 99
92 97 99
92 96 99
85 89 99
85 88 96
97 99 99
99 99 99
99 99 99
99 99 99
99 99 99
99 99 99
99 99 99
99 99 99
99 99 99
99 99 99
99 99 99
99 99 99
99 99 99
99 99 99
97 99 99
97 99 99
99 99 99
99 99 99
99 99 99
99 99 99
99 99 99
99 99 99
99 99 99
99 99 99
99 99 99
99 99 99
99 99 99
99 99 99
99 99 99
99 99 99
99 99 99
99 99 99
99 99 99
99 99 99
99 99 99
99 99 99
99 99 99
99 99 99
99 99 99
99 99 99
99 99 99
99 99 99
99 99 99
99 99 99
99 99 99
99 99 99
99 99 99
99 99 99
99 99 99
99 99 99
99 99 99
99 99 99
99 99 99
99 99 99
99 99 99
99 99 99
99 99 99
99 99 99
99 99 99
99 99 99
99 99 99
99 99 99
99 99 99
99 99 99
99 99 99
99 99 99
99 99 99
99 99 99
99 99 99
99 99 99
99 99 99
99 99 99
99 99 99
99 99 99
99 99 99
99 99 99
99 99 99
99 99 99
99 99 99
99 99 99
99 99 99
99 99 99
99 99 99
99 99 99
99 99 99
99 99 99
99 99 99
99 99 99
99 99 99
99 99 99
99 99 99
99 99 99
99 99 99
99 99 99
99 99 99
99 99 99
99 99 99
99 99 99
99 99 99
99 99 99
99 99 99
99 99 99
99 99 99
99 99 99
99 99 99
99 99 99
99 99 99
99 99 99
99 99 99
99 99 99
99 99 99
99 99 99
99 99 99
99 99 99
99 99 99
99 99 99
99 99 99
99 99 99
99 99 99
99 99 99
99 99 99
99 99 99
99 99 99
99 99 99
99 99 99
99 99 99
99 99 99
99 99 99
99 99 99
99 99 99
99 99 98
99 99 98
99 99 96
99 99 96
99 99 96
99 99 96
99 99 98
99 99 99
97 99 99
94 99 99
76 82 89
59 68 78
214 225 239
186 199 215
176 190 208
190 208 231
141 164 196
118 144 180
114 141 178
138 165 202
135 161 201
113 139 179
109 134 176
110 135 175
102 126 162
100 123 155
126 147 175
111 132 154
131 149 166
235 253 8
77 95 99
86 98 99
86 88 96
95 91 97
99 96 99
99 97 99
99 97 99
99 97 99
98 97 99
99 98 99
99 98 99
99 98 99
99 99 99
99 99 99
99 99 98
99 99 96
99 99 96
99 99 96
94 92 92
99 98 99
99 96 98
88 83 84
99 99 98
70 67 63
182 179 175
150 147 143
217 215 215
181 182 186
119 120 130
123 126 140
107 112 133
106 111 136
105 112 139
100 100 125
103 113 130
103 117 129
104 119 135
106 124 141
109 130 152
114 138 162
119 143 171
121 147 177
112 136 164
121 144 170
115 138 160
110 129 150
139 155 172
100 105 119
220 230 240
84 92 99
94 98 99
93 96 99
90 91 95
97 98 99
95 91 96
98 95 97
99 98 99
93 86 89
99 97 99
99 98 99
99 98 99
99 99 99
99 99 99
97 99 99
97 99 99
97 99 99
99 99 99
99 99 99
99 99 99
99 99 99
99 99 99
99 99 99
99 99 99
99 99 99
99 99 99
99 99 99
99 99 99
99 99 99
99 99 99
99 99 99
99 99 99
99 99 98
99 99 96
97 99 96
97 99 96
96 99 95
94 95 93
99 99 98
97 97 97
96 98 98
97 99 99
95 97 98
97 98 99
93 94 98
93 93 99
97 97 99
94 94 99
99 98 99
99 99 99
99 99 98
99 99 98
99 99 98
99 99 99
99 99 99
99 99 99
99 99 99
97 99 99
97 99 99
97 99 99
97 99 99
99 99 99
99 99 99
99 99 99
99 99 99
99 99 99
99 99 99
99 99 99
99 99 99
99 99 99
99 99 99
99 99 99
99 99 99
99 99 99
99 99 99
99 99 99
99 99 99
99 99 99
99 99 99
99 99 99
99 99 99
99 99 99
99 99 99
99 99 99
99 99 99
99 99 99
99 99 99
99 99 99
99 99 99
99 99 99
99 99 99
99 99 99
99 99 99
99 99 99
99 99 99
99 99 99
99 99 99
99 99 99
99 99 99
99 99 99
99 99 99
99 99 99
99 99 99
99 99 99
99 99 99
99 99 99
99 99 99
99 99 99
99 99 99
99 99 99
99 99 99
99 99 99
99 99 99
99 99 99
99 99 99
99 99 99
99 99 99
99 99 99
99 99 99
99 99 99
99 99 99
99 99 99
99 99 99
99 99 99
99 99 99
99 99 99
99 99 99
99 99 99
99 99 99
99 99 99
99 99 99
99 99 99
99 99 99
99 99 99
99 99 99
99 99 99
99 99 99
99 99 99
99 99 99
99 99 99
99 99 99
99 99 99
99 99 99
99 99 99
99 99 99
99 99 99
99 99 99
99 99 99
99 99 99
99 99 99
99 99 99
99 99 99
99 99 99
99 99 99
99 99 99
99 99 99
99 99 99
99 99 99
99 99 99
99 99 99
99 99 99
99 99 99
99 99 99
99 99 99
99 99 99
99 99 99
99 99 99
99 99 99
99 99 99
99 99 99
99 99 99
99 99 99
99 99 99
99 99 99
99 99 99
99 99 99
99 99 99
99 99 99
99 99 99
99 99 98
99 99 98
99 99 96
99 99 96
99 99 96
99 99 96
99 99 98
99 99 99
97 99 99
92 96 99
81 87 94
236 245 255
206 217 231
216 230 248
232 247 10
162 180 203
115 138 170
114 140 176
124 151 188
133 160 197
126 152 192
113 138 178
108 133 173
108 132 168
129 152 184
114 135 163
109 127 150
202 218 235
56 72 84
85 99 99
82 94 96
89 97 97
99 98 99
98 92 97
99 96 99
99 97 99
96 92 98
99 97 99
99 98 99
93 92 96
99 98 99
99 98 99
99 99 99
99 99 98
99 99 98
99 99 96
99 99 95
99 99 96
97 94 96
99 98 99
97 93 98
99 98 99
4 2 2
178 174 173
172 168 167
178 176 175
208 208 208
116 117 121
120 121 131
102 105 119
100 104 123
111 115 139
109 113 141
100 105 130
110 120 137
110 123 137
110 126 143
110 130 148
113 134 156
115 138 164
115 142 169
117 143 173
112 136 164
114 137 163
124 145 167
135 152 171
115 131 144
47 57 67
90 98 99
94 98 99
95 96 99
94 93 97
99 97 99
99 98 99
99 98 99
98 91 94
99 93 96
99 97 99
99 97 99
99 98 99
99 98 99
99 99 99
97 99 99
95 99 99
95 99 99
95 99 99
97 99 99
99 99 99
99 99 99
99 99 99
99 99 99
99 99 99
99 99 99
99 99 99
99 99 99
99 99 99
99 99 99
99 99 99
99 99 99
99 99 99
99 99 99
99 99 99
97 99 98
97 99 96
96 99 95
95 99 94
82 83 81
99 99 98
87 87 87
99 99 99
99 99 99
98 96 96
92 90 90
95 93 93
99 98 99
99 98 99
99 96 98
92 87 88
99 99 98
99 99 96
99 99 98
99 99 98
99 99 99
99 99 99
99 99 99
99 99 99
97 99 99
97 99 99
97 99 99
97 99 99
99 99 99
99 99 99
99 99 99
99 99 99
99 99 99
99 99 99
99 99 99
99 99 99
99 99 99
99 99 99
99 99 99
99 99 99
99 99 99
99 99 99
99 99 99
99 99 99
99 99 99
99 99 99
99 99 99
99 99 99
99 99 99
99 99 99
99 99 99
99 99 99
99 99 99
99 99 99
99 99 99
99 99 99
99 99 99
99 99 99
99 99 99
99 99 99
99 99 99
99 99 99
99 99 99
99 99 99
99 99 99
99 99 99
99 99 99
99 99 99
99 99 99
99 99 99
99 99 99
99 99 99
99 99 99
99 99 99
99 99 99
99 99 99
99 99 99
99 99 99
99 99 99
99 99 99
99 99 99
99 99 99
99 99 99
99 99 99
99 99 99
99 99 99
99 99 99
99 99 99
99 99 99
99 99 99
99 99 99
99 99 99
99 99 99
99 99 99
99 99 99
99 99 99
99 99 99
99 99 99
99 99 99
99 99 99
99 99 99
99 99 99
99 99 99
99 99 99
99 99 99
99 99 99
99 99 99
99 99 99
99 99 99
99 99 99
99 99 99
99 99 99
99 99 99
99 99 99
99 99 99
99 99 99
99 99 99
99 99 99
99 99 99
99 99 99
99 99 99
99 99 99
99 99 99
99 99 99
99 99 99
99 99 99
99 99 99
99 99 99
99 99 99
99 99 99
99 99 99
99 99 99
99 99 99
99 99 99
99 99 99
99 99 99
99 99 99
99 99 99
99 99 99
99 99 99
99 99 99
99 99 99
99 99 99
99 99 99
99 99 99
99 99 99
99 99 98
99 99 98
99 99 96
99 99 96
99 99 96
99 99 96
99 99 98
99 99 99
97 99 99
83 87 92
79 86 95
196 205 218
225 238 254
216 230 248
215 230 249
125 145 170
117 140 172
121 147 183
124 150 187
117 143 180
111 137 174
107 133 170
106 129 167
111 133 168
100 118 149
124 144 169
145 160 179
33 47 59
87 99 99
88 99 99
87 96 93
95 99 98
94 89 91
94 87 90
99 97 99
99 97 99
99 97 99
96 92 97
99 98 99
99 98 99
99 98 99
99 98 99
99 99 99
99 99 98
99 99 98
99 99 96
99 99 95
99 99 98
99 98 99
97 96 99
99 97 99
16 15 19
160 158 158
154 152 152
194 192 192
227 225 225
158 157 159
106 107 111
122 123 133
100 102 116
111 115 134
116 120 144
102 106 134
114 121 146
111 123 141
111 126 142
112 130 147
112 133 154
114 136 161
115 140 166
115 142 169
117 143 173
107 131 159
116 139 165
108 129 150
159 175 192
83 95 99
75 84 93
80 86 91
95 98 99
95 94 96
99 98 99
99 98 99
99 92 95
99 97 99
99 91 92
99 96 97
99 98 99
99 98 99
99 98 99
99 98 99
99 99 99
97 99 99
95 99 99
94 99 99
94 99 99
97 99 99
99 99 99
99 99 99
99 99 99
99 99 99
99 99 99
99 99 99
99 99 99
99 99 99
99 99 99
99 99 99
99 99 99
99 99 99
99 99 99
99 99 99
99 99 99
97 99 98
95 99 98
96 99 97
97 99 98
99 99 98
99 99 98
99 99 98
99 99 98
99 99 98
99 99 98
99 99 98
99 99 98
99 95 94
96 91 90
99 98 98
99 98 98
99 99 96
99 99 95
99 99 96
99 99 96
99 99 98
99 99 99
99 99 99
97 99 99
97 99 99
97 99 99
97 99 99
97 99 99
99 99 99
99 99 99
99 99 99
99 99 99
99 99 99
99 99 99
99 99 99
99 99 99
99 99 99
99 99 99
99 99 99
99 99 99
99 99 99
99 99 99
99 99 99
99 99 99
99 99 99
99 99 99
99 99 99
99 99 99
99 99 99
99 99 99
99 99 99
99 99 99
99 99 99
99 99 99
99 99 99
99 99 99
99 99 99
99 99 99
99 99 99
99 99 99
99 99 99
99 99 99
99 99 99
99 99 99
99 99 99
99 99 99
99 99 99
99 99 99
99 99 99
99 99 99
99 99 99
99 99 99
99 99 99
99 99 99
99 99 99
99 99 99
99 99 99
99 99 99
99 99 99
99 99 99
99 99 99
99 99 99
99 99 99
99 99 99
99 99 99
99 99 99
99 99 99
99 99 99
99 99 99
99 99 99
99 99 99
99 99 99
99 99 99
99 99 99
99 99 99
99 99 99
99 99 99
99 99 99
99 99 99
99 99 99
99 99 99
99 99 99
99 99 99
99 99 99
99 99 99
99 99 99
99 99 99
99 99 99
99 99 99
99 99 99
99 99 99
99 99 99
99 99 99
99 99 99
99 99 99
99 99 99
99 99 99
99 99 99
99 99 99
99 99 99
99 99 99
99 99 99
99 99 99
99 99 99
99 99 99
99 99 99
99 99 99
99 99 99
99 99 99
99 99 99
99 99 99
99 99 99
99 99 99
99 99 99
99 99 99
99 99 99
99 99 99
99 99 99
99 99 99
99 99 99
99 99 99
99 99 99
99 99 99
99 99 99
99 99 99
99 99 99
99 99 98
99 99 96
99 99 96
99 99 96
99 99 98
99 99 98
99 99 99
97 99 99
95 98 99
90 96 99
46 55 65
217 226 240
205 217 235
196 211 230
142 159 180
127 146 173
130 155 189
128 155 192
118 145 182
100 126 163
100 126 161
102 128 164
102 127 161
117 138 169
112 131 158
134 151 172
159 172 188
87 98 99
90 99 99
94 99 99
96 99 95
97 98 94
99 98 99
99 97 99
92 87 89
92 87 89
99 98 99
99 98 99
98 97 99
99 98 99
99 98 99
99 98 99
99 99 99
99 99 99
99 99 98
99 99 96
99 99 96
99 99 98
97 95 99
97 96 99
60 60 66
187 188 192
143 142 144
214 213 215
8 7 9
183 185 186
116 117 121
120 123 128
115 120 129
130 136 149
108 115 132
112 119 139
116 122 145
114 125 147
108 123 142
108 125 144
110 130 148
114 135 156
116 138 163
119 143 167
121 144 170
122 145 171
106 126 151
126 144 167
234 249 12
83 96 99
74 84 94
90 98 99
94 99 99
91 95 96
99 98 99
99 96 98
92 87 89
99 98 99
99 98 99
99 95 96
99 98 99
87 81 82
99 98 99
99 98 99
99 99 99
99 99 99
97 99 99
95 99 99
94 99 99
95 99 99
97 99 99
99 99 99
99 99 99
99 99 99
99 99 99
99 99 99
99 99 99
99 99 99
99 99 99
99 99 99
99 99 99
99 99 99
99 99 99
99 99 99
99 99 99
99 99 99
92 95 93
97 99 98
81 84 82
97 99 98
99 99 98
88 89 87
99 99 98
86 84 83
99 97 96
98 95 91
92 88 87
99 99 95
99 99 98
99 99 96
99 98 98
94 89 86
99 99 96
99 99 96
99 99 96
99 99 98
99 99 98
99 99 99
99 99 99
97 99 99
97 99 99
97 99 99
97 99 99
97 99 99
99 99 99
99 99 99
99 99 99
99 99 99
99 99 99
99 99 99
99 99 99
99 99 99
99 99 99
99 99 99
99 99 99
99 99 99
99 99 99
99 99 99
99 99 99
99 99 99
99 99 99
99 99 99
99 99 99
99 99 99
99 99 99
99 99 99
99 99 99
99 99 99
99 99 99
99 99 99
99 99 99
99 99 99
99 99 99
99 99 99
99 99 99
99 99 99
99 99 99
99 99 99
99 99 99
99 99 99
99 99 99
99 99 99
99 99 99
99 99 99
99 99 99
99 99 99
99 99 99
99 99 99
99 99 99
99 99 99
99 99 99
99 99 99
99 99 99
99 99 99
99 99 99
99 99 99
99 99 99
99 99 99
99 99 99
99 99 99
99 99 99
99 99 99
99 99 99
99 99 99
99 99 99
99 99 99
99 99 99
99 99 99
99 99 99
99 99 99
99 99 99
99 99 99
99 99 99
99 99 99
99 99 99
99 99 99
99 99 99
99 99 99
99 99 99
99 99 99
99 99 99
99 99 99
99 99 99
99 99 99
99 99 99
99 99 99
99 99 99
99 99 99
99 99 99
99 99 99
99 99 99
99 99 99
99 99 99
99 99 99
99 99 99
99 99 99
99 99 99
99 99 99
99 99 99
99 99 99
99 99 99
99 99 99
99 99 99
99 99 99
99 99 99
99 99 99
99 99 99
99 99 99
99 99 99
99 99 99
99 99 99
99 99 99
99 99 99
99 99 99
99 99 99
99 99 99
99 99 99
99 99 99
99 99 99
99 99 99
99 99 99
99 99 98
99 99 96
99 99 96
99 99 96
99 99 98
99 98 99
99 98 99
97 98 99
95 98 99
94 96 99
88 94 99
222 231 245
190 200 218
178 192 211
174 188 211
136 152 175
170 191 219
144 170 206
125 156 195
112 144 180
105 137 172
101 132 165
100 128 159
107 134 161
120 144 166
127 149 167
146 162 178
212 224 234
90 98 99
95 98 99
99 99 99
99 98 97
99 99 98
99 99 99
99 99 99
99 99 99
99 99 99
99 99 99
99 99 99
99 98 99
99 99 99
99 99 99
99 99 99
99 99 99
99 99 99
99 99 99
99 99 98
99 99 98
99 99 99
99 98 99
99 97 99
252 253 1
169 170 174
177 178 182
18 21 25
187 190 195
116 120 125
126 132 139
123 130 139
120 129 139
119 128 141
117 128 142
115 128 144
116 129 145
114 130 147
121 142 164
100 120 142
109 132 154
142 163 185
111 129 152
113 130 151
133 147 169
100 105 124
202 212 230
54 64 81
88 96 99
81 90 99
87 95 99
92 98 99
92 99 99
94 99 99
99 98 99
99 99 99
99 99 99
99 99 99
99 99 99
99 99 99
99 99 99
99 99 99
99 99 99
99 99 99
99 99 99
99 99 99
99 99 99
97 99 99
97 99 99
97 99 99
99 99 99
99 99 99
99 99 99
99 99 99
99 99 99
99 99 99
99 99 99
99 99 99
99 99 99
99 99 99
99 99 99
99 99 99
99 99 99
99 99 99
99 99 99
99 99 99
99 99 99
99 99 99
99 99 99
99 99 99
99 99 99
99 99 99
99 99 99
99 99 99
99 99 99
99 99 98
99 99 99
99 99 98
99 99 99
99 99 98
99 99 99
99 99 98
99 99 98
99 99 98
99 99 98
99 99 99
99 99 99
99 99 99
99 99 99
99 99 99
99 99 99
99 99 99
99 99 99
99 99 99
99 99 99
99 99 99
99 99 99
99 99 99
99 99 99
99 99 99
99 99 99
99 99 99
99 99 99
99 99 99
99 99 99
99 99 99
99 99 99
99 99 99
99 99 99
99 99 99
99 99 99
99 99 99
99 99 99
99 99 99
99 99 99
99 99 99
99 99 99
99 99 99
99 99 99
99 99 99
99 99 99
99 99 99
99 99 99
99 99 99
99 99 99
99 99 99
99 99 99
99 99 99
99 99 99
99 99 99
99 99 99
99 99 99
99 99 99
99 99 99
99 99 99
99 99 99
99 99 99
99 99 99
99 99 99
99 99 99
99 99 99
99 99 99
99 99 99
99 99 99
99 99 99
99 99 99
99 99 99
99 99 99
99 99 99
99 99 99
99 99 99
99 99 99
99 99 99
99 99 99
99 99 99
99 99 99
99 99 99
99 99 99
99 99 99
99 99 99
99 99 99
99 99 99
99 99 99
99 99 99
99 99 99
99 99 99
99 99 99
99 99 99
99 99 99
99 99 99
99 99 99
99 99 99
99 99 99
99 99 99
99 99 99
99 99 99
99 99 99
99 99 99
99 99 99
99 99 99
99 99 99
99 99 99
99 99 99
99 99 99
99 99 99
99 99 99
99 99 99
99 99 99
99 99 99
99 99 99
99 99 99
99 99 99
99 99 99
99 99 99
99 99 99
99 99 99
99 99 99
99 99 99
99 99 99
99 99 99
99 99 99
99 99 99
99 99 99
99 99 99
99 99 99
99 99 99
99 99 99
99 99 99
99 99 99
99 99 99
99 99 99
99 99 98
99 99 96
99 99 95
99 99 96
99 99 98
99 98 99
99 98 99
97 97 99
94 96 99
92 96 99
71 78 93
193 201 218
178 189 209
200 213 235
224 238 5
202 217 243
182 203 231
169 195 231
146 178 214
125 157 192
113 146 179
109 138 169
107 136 163
120 146 170
135 159 177
133 154 169
142 158 170
240 251 3
92 98 99
97 98 99
99 98 99
99 95 96
99 97 96
99 99 99
99 99 99
99 99 99
99 99 99
99 99 99
99 99 99
99 99 99
99 99 99
99 99 99
99 99 99
99 99 99
99 99 99
99 99 99
99 99 99
99 99 99
99 99 99
92 91 95
95 94 98
210 211 215
155 156 160
210 213 218
202 206 211
124 127 135
127 135 142
132 138 149
128 138 148
126 135 148
121 133 145
116 129 143
113 126 140
108 124 137
104 122 139
100 113 135
124 148 172
112 134 159
100 118 140
125 139 161
103 117 136
184 191 210
43 50 67
80 86 99
92 96 99
92 97 99
84 90 97
94 98 99
92 99 99
88 95 98
88 93 94
97 99 99
99 99 99
99 99 99
99 99 99
99 99 99
99 99 99
99 99 99
99 99 99
99 99 99
99 99 99
99 99 99
99 99 99
99 99 99
99 99 99
99 99 99
99 99 99
99 99 99
99 99 99
99 99 99
99 99 99
99 99 99
99 99 99
99 99 99
99 99 99
99 99 99
99 99 99
99 99 99
99 99 99
99 99 99
99 99 99
99 99 99
99 99 99
99 99 99
99 99 99
99 99 99
99 99 99
99 99 99
99 99 99
99 99 99
99 99 99
99 99 99
99 99 99
99 99 99
99 99 99
99 99 99
99 99 99
99 99 99
99 99 99
99 99 99
99 99 99
99 99 99
99 99 99
99 99 99
99 99 99
99 99 99
99 99 99
99 99 99
99 99 99
99 99 99
99 99 99
99 99 99
99 99 99
99 99 99
99 99 99
99 99 99
99 99 99
99 99 99
99 99 99
99 99 99
99 99 99
99 99 99
99 99 99
99 99 99
99 99 99
99 99 99
99 99 99
99 99 99
99 99 99
99 99 99
99 99 99
99 99 99
99 99 99
99 99 99
99 99 99
99 99 99
99 99 99
99 99 99
99 99 99
99 99 99
99 99 99
99 99 99
99 99 99
99 99 99
99 99 99
99 99 99
99 99 99
99 99 99
99 99 99
99 99 99
99 99 99
99 99 99
99 99 99
99 99 99
99 99 99
99 99 99
99 99 99
99 99 99
99 99 99
99 99 99
99 99 99
99 99 99
99 99 99
99 99 99
99 99 99
99 99 99
99 99 99
99 99 99
99 99 99
99 99 99
99 99 99
99 99 99
99 99 99
99 99 99
99 99 99
99 99 99
99 99 99
99 99 99
99 99 99
99 99 99
99 99 99
99 99 99
99 99 99
99 99 99
99 99 99
99 99 99
99 99 99
99 99 99
99 99 99
99 99 99
99 99 99
99 99 99
99 99 99
99 99 99
99 99 99
99 99 99
99 99 99
99 99 99
99 99 99
99 99 99
99 99 99
99 99 99
99 99 99
99 99 99
99 99 99
99 99 99
99 99 99
99 99 99
99 99 99
99 99 99
99 99 99
99 99 99
99 99 99
99 99 99
99 99 99
99 99 99
99 99 99
99 99 99
99 99 99
99 99 99
99 99 99
99 99 99
99 99 99
99 99 99
99 99 99
99 99 99
99 99 99
99 99 99
99 99 98
99 99 96
99 99 95
99 99 96
99 99 98
99 98 99
99 98 99
97 97 99
94 96 99
91 95 99
27 34 49
168 176 193
192 203 223
209 222 244
207 221 243
204 220 243
179 198 225
147 172 204
135 163 197
130 159 190
130 160 189
129 156 183
125 151 175
127 152 172
135 158 174
139 158 171
141 156 165
24 33 42
90 96 99
94 95 99
99 97 99
99 96 97
99 94 95
99 99 99
99 99 99
99 99 99
99 99 99
99 99 99
99 99 99
99 99 99
99 99 99
99 99 99
99 99 99
99 99 99
99 99 99
99 99 99
99 99 99
99 99 99
99 99 99
94 93 97
85 84 88
182 183 187
175 176 180
239 242 247
147 151 156
111 114 122
149 157 164
138 144 155
132 142 152
126 135 148
119 131 143
115 128 142
115 128 142
115 131 144
115 131 147
115 136 157
117 140 162
101 122 144
118 137 158
136 150 169
1 13 31
83 90 99
85 90 99
92 96 99
94 96 99
86 89 97
92 96 99
95 98 99
93 98 99
92 97 98
95 99 99
97 99 99
99 99 99
99 99 99
99 99 99
99 99 99
99 99 99
99 99 99
99 99 99
99 99 99
99 99 99
99 99 99
99 99 99
99 99 99
99 99 99
99 99 99
99 99 99
99 99 99
99 99 99
99 99 99
99 99 99
99 99 99
99 99 99
99 99 99
99 99 99
99 99 99
99 99 99
99 99 99
99 99 99
99 99 99
99 99 99
99 99 99
99 99 99
99 99 99
99 99 99
99 99 99
99 99 99
99 99 99
99 99 99
99 99 99
99 99 99
99 99 99
99 99 99
99 99 99
99 99 99
99 99 99
99 99 99
99 99 99
99 99 99
99 99 99
99 99 99
99 99 99
99 99 99
99 99 99
99 99 99
99 99 99
99 99 99
99 99 99
99 99 99
99 99 99
99 99 99
99 99 99
99 99 99
99 99 99
99 99 99
99 99 99
99 99 99
99 99 99
99 99 99
99 99 99
99 99 99
99 99 99
99 99 99
99 99 99
99 99 99
99 99 99
99 99 99
99 99 99
99 99 99
99 99 99
99 99 99
99 99 99
99 99 99
99 99 99
99 99 99
99 99 99
99 99 99
99 99 99
99 99 99
99 99 99
99 99 99
99 99 99
99 99 99
99 99 99
99 99 99
99 99 99
99 99 99
99 99 99
99 99 99
99 99 99
99 99 99
99 99 99
99 99 99
99 99 99
99 99 99
99 99 99
99 99 99
99 99 99
99 99 99
99 99 99
99 99 99
99 99 99
99 99 99
99 99 99
99 99 99
99 99 99
99 99 99
99 99 99
99 99 99
99 99 99
99 99 99
99 99 99
99 99 99
99 99 99
99 99 99
99 99 99
99 99 99
99 99 99
99 99 99
99 99 99
99 99 99
99 99 99
99 99 99
99 99 99
99 99 99
99 99 99
99 99 99
99 99 99
99 99 99
99 99 99
99 99 99
99 99 99
99 99 99
99 99 99
99 99 99
99 99 99
99 99 99
99 99 99
99 99 99
99 99 99
99 99 99
99 99 99
99 99 99
99 99 99
99 99 99
99 99 99
99 99 99
99 99 99
99 99 99
99 99 99
99 99 99
99 99 99
99 99 99
99 99 99
99 99 99
99 99 99
99 99 99
99 99 99
99 99 99
99 99 99
99 99 99
99 99 99
99 99 99
99 99 99
99 99 99
99 99 99
99 99 99
99 99 99
99 99 98
99 99 96
99 99 96
99 99 98
99 99 98
99 98 99
99 98 99
97 97 99
94 97 99
81 85 96
247 255 12
185 193 210
217 229 247
212 223 243
179 192 214
167 181 204
143 160 186
165 188 214
145 169 197
126 150 178
116 141 167
113 137 159
116 140 160
130 152 170
147 168 183
141 159 170
153 165 175
60 70 77
86 92 97
92 93 97
99 98 99
99 98 99
99 98 99
99 99 99
99 99 99
99 99 99
99 99 99
99 99 99
99 99 99
99 99 99
99 99 99
99 99 99
99 99 99
99 99 99
99 99 99
99 99 99
99 99 99
99 99 99
99 99 99
99 98 99
73 72 76
180 181 185
214 215 219
218 221 226
137 141 146
147 150 158
147 155 162
126 132 143
122 132 142
121 130 143
117 129 141
113 126 140
112 125 139
108 124 137
107 123 139
112 132 149
109 131 149
105 122 141
159 174 193
78 90 99
87 95 99
90 95 99
92 96 99
88 90 99
88 90 98
95 98 99
95 98 99
86 88 89
83 88 87
92 97 96
92 97 96
97 99 99
99 99 99
99 99 99
99 99 99
99 99 99
99 99 99
99 99 99
99 99 99
99 99 99
99 99 99
99 99 99
99 99 99
99 99 99
99 99 99
99 99 99
99 99 99
99 99 99
99 99 99
99 99 99
99 99 99
99 99 99
99 99 99
99 99 99
99 99 99
99 99 99
99 99 99
99 99 99
99 99 99
99 99 99
99 99 99
99 99 99
99 99 99
99 99 99
99 99 99
99 99 99
99 99 99
99 99 99
99 99 99
99 99 99
99 99 99
99 99 99
99 99 99
99 99 99
99 99 99
99 99 99
99 99 99
99 99 99
99 99 99
99 99 99
99 99 99
99 99 99
99 99 99
99 99 99
99 99 99
99 99 99
99 99 99
99 99 99
99 99 99
99 99 99
99 99 99
99 99 99
99 99 99
99 99 99
99 99 99
99 99 99
99 99 99
99 99 99
99 99 99
99 99 99
99 99 99
99 99 99
99 99 99
99 99 99
99 99 99
99 99 99
99 99 99
99 99 99
99 99 99
99 99 99
99 99 99
99 99 99
99 99 99
99 99 99
99 99 99
99 99 99
99 99 99
99 99 99
99 99 99
99 99 99
99 99 99
99 99 99
99 99 99
99 99 99
99 99 99
99 99 99
99 99 99
99 99 99
99 99 99
99 99 99
99 99 99
99 99 99
99 99 99
99 99 99
99 99 99
99 99 99
99 99 99
99 99 99
99 99 99
99 99 99
99 99 99
99 99 99
99 99 99
99 99 99
99 99 99
99 99 99
99 99 99
99 99 99
99 99 99
99 99 99
99 99 99
99 99 99
99 99 99
99 99 99
99 99 99
99 99 99
99 99 99
99 99 99
99 99 99
99 99 99
99 99 99
99 99 99
99 99 99
99 99 99
99 99 99
99 99 99
99 99 99
99 99 99
99 99 99
99 99 99
99 99 99
99 99 99
99 99 99
99 99 99
99 99 99
99 99 99
99 99 99
99 99 99
99 99 99
99 99 99
99 99 99
99 99 99
99 99 99
99 99 99
99 99 99
99 99 99
99 99 99
99 99 99
99 99 99
99 99 99
99 99 99
99 99 99
99 99 99
99 99 99
99 99 99
99 99 99
99 99 99
99 99 99
99 99 99
99 99 99
99 99 99
99 99 99
99 99 99
99 99 99
99 99 99
99 99 99
99 99 99
99 99 99
99 99 98
99 99 96
99 99 96
99 99 98
99 99 98
99 98 99
99 98 99
97 97 99
94 97 99
81 85 96
225 233 246
186 194 211
165 177 195
161 172 192
173 187 206
173 187 209
161 178 199
121 139 162
116 137 159
122 143 165
133 154 175
141 161 179
141 161 178
146 165 180
155 173 184
145 160 169
188 199 207
83 91 98
87 91 96
92 93 97
99 98 99
99 98 99
99 98 99
99 99 99
99 99 99
99 99 99
99 99 99
99 99 99
99 99 99
99 99 99
99 99 99
99 99 99
99 99 99
99 99 99
99 99 99
99 99 99
99 99 99
99 99 99
99 99 99
95 94 98
75 74 78
193 194 198
226 227 231
174 177 182
137 141 146
149 152 160
123 131 138
113 119 130
113 123 133
118 127 140
119 131 143
117 130 144
115 128 142
109 125 138
105 122 135
108 124 140
101 119 136
179 194 210
71 84 99
85 96 99
88 96 99
86 90 99
95 96 99
97 96 99
97 98 99
97 98 99
96 98 99
87 87 87
97 99 98
97 99 98
93 96 94
99 99 99
99 99 99
99 99 99
99 99 99
99 99 99
99 99 99
99 99 99
99 99 99
99 99 99
99 99 99
99 99 99
99 99 99
99 99 99
99 99 99
99 99 99
99 99 99
99 99 99
99 99 99
99 99 99
99 99 99
99 99 99
99 99 99
99 99 99
99 99 99
99 99 99
99 99 99
99 99 99
99 99 99
99 99 99
99 99 99
99 99 99
99 99 99
99 99 99
99 99 99
99 99 99
99 99 99
99 99 99
99 99 99
99 99 99
99 99 99
99 99 99
99 99 99
99 99 99
99 99 99
99 99 99
99 99 99
99 99 99
99 99 99
99 99 99
99 99 99
99 99 99
99 99 99
99 99 99
99 99 99
99 99 99
99 99 99
99 99 99
99 99 99
99 99 99
99 99 99
99 99 99
99 99 99
99 99 99
99 99 99
99 99 99
99 99 99
99 99 99
99 99 99
99 99 99
99 99 99
99 99 99
99 99 99
99 99 99
99 99 99
99 99 99
99 99 99
99 99 99
99 99 99
99 99 99
99 99 99
99 99 99
99 99 99
99 99 99
99 99 99
99 99 99
99 99 99
99 99 99
99 99 99
99 99 99
99 99 99
99 99 99
99 99 99
99 99 99
99 99 99
99 99 99
99 99 99
99 99 99
99 99 99
99 99 99
99 99 99
99 99 99
99 99 99
99 99 99
99 99 99
99 99 99
99 99 99
99 99 99
99 99 99
99 99 99
99 99 99
99 99 99
99 99 99
99 99 99
99 99 99
99 99 99
99 99 99
99 99 99
99 99 99
99 99 99
99 99 99
99 99 99
99 99 99
99 99 99
99 99 99
99 99 99
99 99 99
99 99 99
99 99 99
99 99 99
99 99 99
99 99 99
99 99 99
99 99 99
99 99 99
99 99 99
99 99 99
99 99 99
99 99 99
99 99 99
99 99 99
99 99 99
99 99 99
99 99 99
99 99 99
99 99 99
99 99 99
99 99 99
99 99 99
99 99 99
99 99 99
99 99 99
99 99 99
99 99 99
99 99 99
99 99 99
99 99 99
99 99 99
99 99 99
99 99 99
99 99 99
99 99 99
99 99 99
99 99 99
99 99 99
99 99 99
99 99 99
99 99 99
99 99 99
99 99 99
99 99 99
99 99 99
99 99 99
99 99 99
99 99 99
99 99 99
99 99 99
99 99 99
99 99 98
99 99 98
99 99 96
99 99 98
99 99 98
99 98 99
97 99 99
95 98 99
94 97 99
79 84 93
213 222 232
190 199 213
137 147 164
117 129 147
113 127 146
117 131 150
137 152 171
138 154 171
124 140 157
113 129 146
111 127 143
112 129 142
116 133 146
130 146 158
144 161 170
155 168 176
245 1 7
90 99 99
89 94 97
93 94 98
99 98 99
99 98 99
99 98 99
99 99 99
99 99 99
99 99 99
99 99 99
99 99 99
99 99 99
99 99 99
99 99 99
99 99 99
99 99 99
99 99 99
99 99 99
99 99 99
99 99 99
99 99 99
99 99 99
98 97 99
99 98 99
238 239 243
216 217 221
158 161 166
135 139 144
116 119 127
116 124 131
119 125 136
113 123 133
111 120 133
113 125 137
122 135 149
139 152 166
154 170 183
165 181 194
161 177 190
174 190 203
35 47 59
83 92 99
87 96 99
82 86 97
95 96 99
90 89 98
99 98 99
90 89 91
96 93 95
99 99 99
97 95 94
99 99 96
99 99 96
99 99 96
99 99 98
99 99 99
99 99 99
99 99 99
99 99 99
99 99 99
99 99 99
99 99 99
99 99 99
99 99 99
99 99 99
99 99 99
99 99 99
99 99 99
99 99 99
99 99 99
99 99 99
99 99 99
99 99 99
99 99 99
99 99 99
99 99 99
99 99 99
99 99 99
99 99 99
99 99 99
99 99 99
99 99 99
99 99 99
99 99 99
99 99 99
99 99 99
99 99 99
99 99 99
99 99 99
99 99 99
99 99 99
99 99 99
99 99 99
99 99 99
99 99 99
99 99 99
99 99 99
99 99 99
99 99 99
99 99 99
99 99 99
99 99 99
99 99 99
99 99 99
99 99 99
99 99 99
99 99 99
99 99 99
99 99 99
99 99 99
99 99 99
99 99 99
99 99 99
99 99 99
99 99 99
99 99 99
99 99 99
99 99 99
99 99 99
99 99 99
99 99 99
99 99 99
99 99 99
99 99 99
99 99 99
99 99 99
99 99 99
99 99 99
99 99 99
99 99 99
99 99 99
99 99 99
99 99 99
99 99 99
99 99 99
99 99 99
99 99 99
99 99 99
99 99 99
99 99 99
99 99 99
99 99 99
99 99 99
99 99 99
99 99 99
99 99 99
99 99 99
99 99 99
99 99 99
99 99 99
99 99 99
99 99 99
99 99 99
99 99 99
99 99 99
99 99 99
99 99 99
99 99 99
99 99 99
99 99 99
99 99 99
99 99 99
99 99 99
99 99 99
99 99 99
99 99 99
99 99 99
99 99 99
99 99 99
99 99 99
99 99 99
99 99 99
99 99 99
99 99 99
99 99 99
99 99 99
99 99 99
99 99 99
99 99 99
99 99 99
99 99 99
99 99 99
99 99 99
99 99 99
99 99 99
99 99 99
99 99 99
99 99 99
99 99 99
99 99 99
99 99 99
99 99 99
99 99 99
99 99 99
99 99 99
99 99 99
99 99 99
99 99 99
99 99 99
99 99 99
99 99 99
99 99 99
99 99 99
99 99 99
99 99 99
99 99 99
99 99 99
99 99 99
99 99 99
99 99 99
99 99 99
99 99 99
99 99 99
99 99 99
99 99 99
99 99 99
99 99 99
99 99 99
99 99 99
99 99 99
99 99 99
99 99 99
99 99 99
99 99 99
99 99 99
99 99 99
99 99 99
99 99 99
99 99 99
99 99 99
99 99 99
99 99 98
99 99 98
99 99 96
99 99 98
99 99 98
99 98 99
97 99 99
95 98 99
94 97 99
62 67 76
223 232 242
223 232 245
186 197 211
166 179 195
103 117 135
100 100 114
100 100 114
100 106 120
100 105 117
100 111 123
112 124 134
119 134 143
122 137 146
128 144 151
139 153 159
173 185 191
55 66 70
92 98 99
94 97 99
94 95 99
99 98 99
99 98 99
99 98 99
99 99 99
99 99 99
99 99 99
99 99 99
99 99 99
99 99 99
99 99 99
99 99 99
99 99 99
99 99 99
99 99 99
99 99 99
99 99 99
99 99 99
99 99 99
99 99 99
99 98 99
99 98 99
53 54 58
201 202 206
153 156 161
130 134 139
103 106 114
121 129 136
118 124 135
108 118 128
100 109 122
101 113 125
116 129 143
146 159 173
176 192 205
196 212 224
222 234 246
221 233 243
18 27 36
87 94 99
92 98 99
95 97 99
90 90 96
99 97 99
97 94 96
96 94 94
99 98 99
99 99 98
99 97 93
93 93 87
98 98 92
99 99 96
99 99 98
99 99 99
99 99 99
99 99 99
99 99 99
99 99 99
99 99 99
99 99 99
99 99 99
99 99 99
99 99 99
99 99 99
99 99 99
99 99 99
99 99 99
99 99 99
99 99 99
99 99 99
99 99 99
99 99 99
99 99 99
99 99 99
99 99 99
99 99 99
99 99 99
99 99 99
99 99 99
99 99 99
99 99 99
99 99 99
99 99 99
99 99 99
99 99 99
99 99 99
99 99 99
99 99 99
99 99 99
99 99 99
99 99 99
99 99 99
99 99 99
99 99 99
99 99 99
99 99 99
99 99 99
99 99 99
99 99 99
99 99 99
99 99 99
99 99 99
99 99 99
99 99 99
99 99 99
99 99 99
99 99 99
99 99 99
99 99 99
99 99 99
99 99 99
99 99 99
99 99 99
99 99 99
99 99 99
99 99 99
99 99 99
99 99 99
99 99 99
99 99 99
99 99 99
99 99 99
99 99 99
99 99 99
99 99 99
99 99 99
99 99 99
99 99 99
99 99 99
99 99 99
99 99 99
99 99 99
99 99 99
99 99 99
99 99 99
99 99 99
99 99 99
99 99 99
99 99 99
99 99 99
99 99 99
99 99 99
99 99 99
99 99 99
99 99 99
99 99 99
99 99 99
99 99 99
99 99 99
99 99 99
99 99 99
99 99 99
99 99 99
99 99 99
99 99 99
99 99 99
99 99 99
99 99 99
99 99 99
99 99 99
99 99 99
99 99 99
99 99 99
99 99 99
99 99 99
99 99 99
99 99 99
99 99 99
99 99 99
99 99 99
99 99 99
99 99 99
99 99 99
99 99 99
99 99 99
99 99 99
99 99 99
99 99 99
99 99 99
99 99 99
99 99 99
99 99 99
99 99 99
99 99 99
99 99 99
99 99 99
99 99 99
99 99 99
99 99 99
99 99 99
99 99 99
99 99 99
99 99 99
99 99 99
99 99 99
99 99 99
99 99 99
99 99 99
99 99 99
99 99 99
99 99 99
99 99 99
99 99 99
99 99 99
99 99 99
99 99 99
99 99 99
99 99 99
99 99 99
99 99 99
99 99 99
99 99 99
99 99 99
99 99 99
99 99 99
99 99 99
99 99 99
99 99 99
99 99 99
99 99 99
99 99 99
99 99 99
99 99 99
99 99 99
99 99 99
99 99 99
99 99 99
99 99 99
99 99 99
99 99 99
99 99 98
99 99 96
99 99 98
99 99 99
99 98 99
97 99 99
95 98 99
92 98 99
53 59 66
240 247 0
222 231 241
192 201 214
226 237 251
198 211 227
180 193 209
150 163 177
154 163 173
141 150 159
128 137 146
120 132 138
110 121 129
100 111 117
100 110 116
103 115 119
186 197 201
90 99 99
92 99 99
95 98 99
94 95 99
99 98 99
95 90 92
97 94 96
99 99 99
99 99 99
99 99 99
99 99 99
99 99 99
99 99 99
99 99 99
99 99 99
99 99 99
99 99 99
99 99 99
99 99 99
99 99 99
99 99 99
99 99 99
99 99 99
93 92 96
89 88 92
97 98 99
186 187 191
137 140 145
119 123 128
113 116 124
118 126 133
100 105 116
100 103 113
100 101 114
100 107 119
105 118 132
123 136 150
139 155 168
153 167 179
184 195 203
185 195 202
18 26 33
83 89 94
93 96 99
91 92 96
99 97 99
99 98 99
99 98 99
99 99 98
99 99 98
99 99 96
99 99 95
99 99 95
99 99 95
97 96 92
99 99 98
99 99 99
99 99 99
99 99 99
99 99 99
99 99 99
99 99 99
99 99 99
99 99 99
99 99 99
99 99 99
99 99 99
99 99 99
99 99 99
99 99 99
99 99 99
99 99 99
99 99 99
99 99 99
99 99 99
99 99 99
99 99 99
99 99 99
99 99 99
99 99 99
99 99 99
99 99 99
99 99 99
99 99 99
99 99 99
99 99 99
99 99 99
99 99 99
99 99 99
99 99 99
99 99 99
99 99 99
99 99 99
99 99 99
99 99 99
99 99 99
99 99 99
99 99 99
99 99 99
99 99 99
99 99 99
99 99 99
99 99 99
99 99 99
99 99 99
99 99 99
99 99 99
99 99 99
99 99 99
99 99 99
99 99 99
99 99 99
99 99 99
99 99 99
99 99 99
99 99 99
99 99 99
99 99 99
99 99 99
99 99 99
99 99 99
99 99 99
99 99 99
99 99 99
99 99 99
99 99 99
99 99 99
99 99 99
99 99 99
99 99 99
99 99 99
99 99 99
99 99 99
99 99 99
99 99 99
99 99 99
99 99 99
99 99 99
99 99 99
99 99 99
99 99 99
99 99 99
99 99 99
99 99 99
99 99 99
99 99 99
99 99 99
99 99 99
99 99 99
99 99 99
99 99 99
99 99 99
99 99 99
99 99 99
99 99 99
99 99 99
99 99 99
99 99 99
99 99 99
99 99 99
99 99 99
99 99 99
99 99 99
99 99 99
99 99 99
99 99 99
99 99 99
99 99 99
99 99 99
99 99 99
99 99 99
99 99 99
99 99 99
99 99 99
99 99 99
99 99 99
99 99 99
99 99 99
99 99 99
99 99 99
99 99 99
99 99 99
99 99 99
99 99 99
99 99 99
99 99 99
99 99 99
99 99 99
99 99 99
99 99 99
99 99 99
99 99 99
99 99 99
99 99 99
99 99 99
99 99 99
99 99 99
99 99 99
99 99 99
99 99 99
99 99 99
99 99 99
99 99 99
99 99 99
99 99 99
99 99 99
99 99 99
99 99 99
99 99 99
99 99 99
99 99 99
99 99 99
99 99 99
99 99 99
99 99 99
99 99 99
99 99 99
99 99 99
99 99 99
99 99 99
99 99 99
99 99 99
99 99 99
99 99 99
99 99 99
99 99 99
99 99 99
99 99 99
99 99 99
99 99 99
99 99 99
99 99 99
99 99 99
99 99 98
98 96 95
97 95 95
99 99 99
99 98 99
97 99 99
88 91 95
83 89 94
39 45 52
237 244 253
224 233 243
204 213 226
208 220 232
221 232 246
199 210 224
136 148 160
120 127 136
115 123 130
109 117 124
118 129 133
125 135 142
127 139 143
124 135 139
132 144 146
236 248 250
90 99 99
87 94 97
89 93 94
97 99 99
99 98 99
99 96 98
99 97 99
99 99 99
99 99 99
99 99 99
99 99 99
99 99 99
99 99 99
99 99 99
99 99 99
99 99 99
99 99 99
99 99 99
99 99 99
99 99 99
99 99 99
99 99 99
99 99 99
96 95 99
99 98 99
96 97 99
242 243 247
121 124 129
132 136 141
139 142 150
128 136 143
114 120 131
112 122 132
108 117 130
105 117 129
100 100 111
100 100 112
115 131 144
108 122 134
142 154 160
148 157 161
70 76 81
86 91 94
80 81 85
99 98 99
99 98 99
99 98 99
99 98 99
99 99 98
99 99 98
99 99 96
99 99 95
99 99 95
99 99 95
99 99 96
99 99 98
99 99 99
99 99 99
99 99 99
99 99 99
99 99 99
99 99 99
99 99 99
99 99 99
99 99 99
99 99 99
99 99 99
99 99 99
99 99 99
99 99 99
99 99 99
99 99 99
99 99 99
99 99 99
99 99 99
99 99 99
99 99 99
99 99 99
99 99 99
99 99 99
99 99 99
99 99 99
99 99 99
99 99 99
99 99 99
99 99 99
99 99 99
99 99 99
99 99 99
99 99 99
99 99 99
99 99 99
99 99 99
99 99 99
99 99 99
99 99 99
99 99 99
99 99 99
99 99 99
99 99 99
99 99 99
99 99 99
99 99 99
99 99 99
99 99 99
99 99 99
99 99 99
99 99 99
99 99 99
99 99 99
99 99 99
99 99 99
99 99 99
99 99 99
99 99 99
99 99 99
99 99 99
99 99 99
99 99 99
99 99 99
99 99 99
99 99 99
99 99 99
99 99 99
99 99 99
99 99 99
99 99 99
99 99 99
99 99 99
99 99 99
99 99 99
99 99 99
99 99 99
99 99 99
99 99 99
99 99 99
99 99 99
99 99 99
99 99 99
99 99 99
99 99 99
99 99 99
99 99 99
99 99 99
99 99 99
99 99 99
99 99 99
99 99 99
99 99 99
99 99 99
99 99 99
99 99 99
99 99 99
99 99 99
99 99 99
99 99 99
99 99 99
99 99 99
99 99 99
99 99 99
99 99 99
99 99 99
99 99 99
99 99 99
99 99 99
99 99 99
99 99 99
99 99 99
99 99 99
99 99 99
99 99 99
99 99 99
99 99 99
99 99 99
99 99 99
99 99 99
99 99 99
99 99 99
99 99 99
99 99 99
99 99 99
99 99 99
99 99 99
99 99 99
99 99 99
99 99 99
99 99 99
99 99 99
99 99 99
99 99 99
99 99 99
99 99 99
99 99 99
99 99 99
99 99 99
99 99 99
99 99 99
99 99 99
99 99 99
99 99 99
99 99 99
99 99 99
99 99 99
99 99 99
99 99 99
99 99 99
99 99 99
99 99 99
99 99 99
99 99 99
99 99 99
99 99 99
99 99 99
99 99 99
99 99 99
99 99 99
99 99 99
99 99 99
99 99 99
99 99 99
99 99 99
99 99 99
99 99 99
99 99 99
99 99 99
99 99 99
99 99 99
99 99 99
99 99 99
99 99 99
99 99 99
99 99 99
99 99 99
99 99 98
98 99 97
98 98 98
97 99 99
97 99 99
95 99 99
91 96 99
92 97 99
34 40 45
230 238 245
224 233 242
210 219 229
190 199 212
177 189 201
194 206 218
203 213 223
183 191 198
169 178 182
150 159 163
145 154 158
139 150 154
137 148 152
139 151 153
149 161 163
239 248 251
89 96 99
93 98 99
91 95 96
99 98 99
99 98 99
99 98 99
99 95 97
99 99 99
99 99 99
99 99 99
99 99 99
99 99 99
99 99 99
99 99 99
99 99 99
99 99 99
99 99 99
99 99 99
99 99 99
99 99 99
99 99 99
99 99 99
99 99 99
94 93 97
99 98 99
97 98 99
37 38 42
137 140 145
150 154 159
152 155 163
124 132 139
134 140 151
141 151 161
147 156 169
152 164 176
125 138 152
104 117 131
127 143 156
142 157 166
160 171 175
189 196 199
81 86 89
95 98 99
96 98 99
99 98 99
98 93 94
97 92 93
99 99 98
99 99 98
99 99 96
99 99 96
99 99 96
99 99 95
99 99 95
99 99 96
99 99 98
99 99 99
99 99 99
99 99 99
99 99 99
99 99 99
99 99 99
99 99 99
99 99 99
99 99 99
99 99 99
99 99 99
99 99 99
99 99 99
99 99 99
99 99 99
99 99 99
99 99 99
99 99 99
99 99 99
99 99 99
99 99 99
99 99 99
99 99 99
99 99 99
99 99 99
99 99 99
99 99 99
99 99 99
99 99 99
99 99 99
99 99 99
99 99 99
99 99 99
99 99 99
99 99 99
99 99 99
99 99 99
99 99 99
99 99 99
99 99 99
99 99 99
99 99 99
99 99 99
99 99 99
99 99 99
99 99 99
99 99 99
99 99 99
99 99 99
99 99 99
99 99 99
99 99 99
99 99 99
99 99 99
99 99 99
99 99 99
99 99 99
99 99 99
99 99 99
99 99 99
99 99 99
99 99 99
99 99 99
99 99 99
99 99 99
99 99 99
99 99 99
99 99 99
99 99 99
99 99 99
99 99 99
99 99 99
99 99 99
99 99 99
99 99 99
99 99 99
99 99 99
99 99 99
99 99 99
99 99 99
99 99 99
99 99 99
99 99 99
99 99 99
99 99 99
99 99 99
99 99 99
99 99 99
99 99 99
99 99 99
99 99 99
99 99 99
99 99 99
99 99 99
99 99 99
99 99 99
99 99 99
99 99 99
99 99 99
99 99 99
99 99 99
99 99 99
99 99 99
99 99 99
99 99 99
99 99 99
99 99 99
99 99 99
99 99 99
99 99 99
99 99 99
99 99 99
99 99 99
99 99 99
99 99 99
99 99 99
99 99 99
99 99 99
99 99 99
99 99 99
99 99 99
99 99 99
99 99 99
99 99 99
99 99 99
99 99 99
99 99 99
99 99 99
99 99 99
99 99 99
99 99 99
99 99 99
99 99 99
99 99 99
99 99 99
99 99 99
99 99 99
99 99 99
99 99 99
99 99 99
99 99 99
99 99 99
99 99 99
99 99 99
99 99 99
99 99 99
99 99 99
99 99 99
99 99 99
99 99 99
99 99 99
99 99 99
99 99 99
99 99 99
99 99 99
99 99 99
99 99 99
99 99 99
99 99 99
99 99 99
99 99 99
99 99 99
99 99 99
99 99 99
99 99 99
99 99 99
99 99 99
99 99 99
99 99 99
99 99 99
99 99 99
99 99 99
99 99 99
99 99 99
99 99 99
99 99 99
99 99 99
99 99 98
99 99 98
99 99 99
97 99 99
97 99 99
95 99 99
94 99 99
94 99 99
36 42 47
234 242 249
223 232 241
217 226 235
223 233 243
204 214 224
166 176 186
120 130 140
137 145 152
136 144 151
147 155 162
155 165 172
156 167 171
147 158 162
146 158 160
147 159 161
2 11 14
88 95 98
94 99 99
93 97 98
92 92 92
99 99 99
99 98 99
99 95 96
99 99 99
99 99 99
99 99 99
99 99 99
99 99 99
99 99 99
99 99 99
99 99 99
99 99 99
99 99 99
99 99 99
99 99 99
99 99 99
99 99 99
99 99 99
99 99 99
99 98 99
99 98 99
95 96 99
81 82 86
164 167 172
163 167 172
172 175 183
139 147 154
127 133 144
132 142 152
147 156 169
179 191 203
177 190 204
152 165 179
172 188 201
218 233 242
230 241 245
251 3 3
91 96 97
95 99 99
96 98 99
99 98 99
99 98 99
99 98 99
99 99 98
99 99 98
99 99 98
99 99 96
99 99 96
99 99 96
99 99 96
99 99 96
99 99 98
99 99 99
99 99 99
99 99 99
99 99 99
99 99 99
99 99 99
99 99 99
99 99 99
99 99 99
99 99 99
99 99 99
99 99 99
99 99 99
99 99 99
99 99 99
99 99 99
99 99 99
99 99 99
99 99 99
99 99 99
99 99 99
99 99 99
99 99 99
99 99 99
99 99 99
99 99 99
99 99 99
99 99 99
99 99 99
99 99 99
99 99 99
99 99 99
99 99 99
99 99 99
99 99 99
99 99 99
99 99 99
99 99 99
99 99 99
99 99 99
99 99 99
99 99 99
99 99 99
99 99 99
99 99 99
99 99 99
99 99 99
99 99 99
99 99 99
99 99 99
99 99 99
99 99 99
99 99 99
99 99 99
99 99 99
99 99 99
99 99 99
99 99 99
99 99 99
99 99 99
99 99 99
99 99 99
99 99 99
99 99 99
99 99 99
99 99 99
99 99 99
99 99 99
99 99 99
99 99 99
99 99 99
99 99 99
99 99 99
99 99 99
99 99 99
99 99 99
99 99 99
99 99 99
99 99 99
99 99 99
99 99 99
99 99 99
99 99 99
99 99 99
99 99 99
99 99 99
99 99 99
99 99 99
99 99 99
99 99 99
99 99 99
99 99 99
99 99 99
99 99 99
99 99 99
99 99 99
99 99 99
99 99 99
99 99 99
99 99 99
99 99 99
99 99 99
99 99 99
99 99 99
99 99 99
99 99 99
99 99 99
99 99 99
99 99 99
99 99 99
99 99 99
99 99 99
99 99 99
99 99 99
99 99 99
99 99 99
99 99 99
99 99 99
99 99 99
99 99 99
99 99 99
99 99 99
99 99 99
99 99 99
99 99 99
99 99 99
99 99 99
99 99 99
99 99 99
99 99 99
99 99 99
99 99 99
99 99 99
99 99 99
99 99 99
99 99 99
99 99 99
99 99 99
99 99 99
99 99 99
99 99 99
99 99 99
99 99 99
99 99 99
99 99 99
99 99 99
99 99 99
99 99 99
99 99 99
99 99 99
99 99 99
99 99 99
99 99 99
99 99 99
99 99 99
99 99 99
99 99 99
99 99 99
99 99 99
99 99 99
99 99 99
99 99 99
99 99 99
99 99 99
99 99 99
99 99 99
99 99 99
99 99 99
99 99 99
99 99 99
99 99 99
99 99 99
99 99 99
99 99 99
99 99 99
99 99 99
99 99 99
98 99 97
97 99 98
97 99 99
97 99 99
92 96 97
95 99 99
94 99 99
94 99 99
6 12 17
235 241 246
231 239 246
218 227 236
248 1 10
7 17 27
245 255 9
210 221 229
182 191 200
161 170 179
155 164 173
139 151 157
135 145 152
135 147 151
166 177 181
183 195 197
44 53 56
92 99 99
91 96 97
97 99 99
90 90 90
99 96 97
99 98 99
99 97 98
99 99 99
99 99 99
99 99 99
99 99 99
99 99 99
99 99 99
99 99 99
99 99 99
99 99 99
99 99 99
99 99 99
99 99 99
99 99 99
99 99 99
99 99 99
99 99 99
99 98 99
99 98 99
94 95 99
97 98 99
224 227 232
166 170 175
178 181 189
154 162 169
143 149 160
137 147 157
145 154 167
181 193 205
181 194 208
117 130 144
100 102 115
121 136 145
130 139 143
157 165 165
42 46 47
82 86 87
99 98 99
99 98 99
95 90 91
91 86 87
99 98 99
99 99 98
99 99 98
99 99 98
99 99 98
99 99 96
99 99 98
99 99 98
99 99 99
99 99 99
99 99 99
99 99 99
99 99 99
99 99 99
99 99 99
99 99 99
99 99 99
99 99 99
99 99 99
99 99 99
99 99 99
99 99 99
99 99 99
99 99 99
99 99 99
99 99 99
99 99 99
99 99 99
99 99 99
99 99 99
99 99 99
99 99 99
99 99 99
99 99 99
99 99 99
99 99 99
99 99 99
99 99 99
99 99 99
99 99 99
99 99 99
99 99 99
99 99 99
99 99 99
99 99 99
99 99 99
99 99 99
99 99 99
99 99 99
99 99 99
99 99 99
99 99 99
99 99 99
99 99 99
99 99 99
99 99 99
99 99 99
99 99 99
99 99 99
99 99 99
99 99 99
99 99 99
99 99 99
99 99 99
99 99 99
99 99 99
99 99 99
99 99 99
99 99 99
99 99 99
99 99 99
99 99 99
99 99 99
99 99 99
99 99 99
99 99 99
99 99 99
99 99 99
99 99 99
99 99 99
99 99 99
99 99 99
99 99 99
99 99 99
99 99 99
99 99 99
99 99 99
99 99 99
99 99 99
99 99 99
99 99 99
99 99 99
99 99 99
99 99 99
99 99 99
99 99 99
99 99 99
99 99 99
99 99 99
99 99 99
99 99 99
99 99 99
99 99 99
99 99 99
99 99 99
99 99 99
99 99 99
99 99 99
99 99 99
99 99 99
99 99 99
99 99 99
99 99 99
99 99 99
99 99 99
99 99 99
99 99 99
99 99 99
99 99 99
99 99 99
99 99 99
99 99 99
99 99 99
99 99 99
99 99 99
99 99 99
99 99 99
99 99 99
99 99 99
99 99 99
99 99 99
99 99 99
99 99 99
99 99 99
99 99 99
99 99 99
99 99 99
99 99 99
99 99 99
99 99 99
99 99 99
99 99 99
99 99 99
99 99 99
99 99 99
99 99 99
99 99 99
99 99 99
99 99 99
99 99 99
99 99 99
99 99 99
99 99 99
99 99 99
99 99 99
99 99 99
99 99 99
99 99 99
99 99 99
99 99 99
99 99 99
99 99 99
99 99 99
99 99 99
99 99 99
99 99 99
99 99 99
99 99 99
99 99 99
99 99 99
99 99 99
99 99 99
99 99 99
99 99 99
99 99 99
99 99 99
99 99 99
99 99 99
99 99 99
99 99 99
99 99 99
99 99 99
99 99 99
99 99 99
99 99 99
99 99 99
95 97 97
97 99 99
97 99 99
93 98 97
92 96 97
95 99 99
94 99 99
93 98 99
240 246 251
229 235 240
227 235 242
202 212 219
211 221 228
201 210 219
189 198 207
183 194 202
152 162 172
150 160 170
181 191 201
181 194 202
179 190 198
159 173 179
179 191 197
178 190 194
83 95 97
92 99 99
85 90 91
97 99 99
95 93 93
99 96 97
99 97 96
99 99 98
99 99 99
99 99 99
99 99 99
99 99 99
99 99 99
99 99 99
99 99 99
99 99 99
99 99 99
99 99 99
99 99 99
99 99 99
99 99 99
99 99 99
99 99 99
99 99 99
99 98 99
91 90 94
97 98 99
97 98 99
49 52 57
173 177 182
170 173 181
154 162 169
128 134 145
121 131 141
138 147 160
190 202 214
223 236 250
185 198 212
159 175 188
204 219 228
230 239 243
223 231 231
95 99 99
95 99 99
95 94 96
88 87 89
99 98 99
99 98 99
99 98 99
99 98 99
99 98 99
99 99 99
99 99 99
97 99 98
97 99 99
97 99 99
99 99 99
99 99 99
99 99 99
99 99 99
99 99 99
99 99 99
99 99 99
99 99 99
99 99 99
99 99 99
99 99 99
99 99 99
99 99 99
99 99 99
99 99 99
99 99 99
99 99 99
99 99 99
99 99 99
99 99 99
99 99 99
99 99 99
99 99 99
99 99 99
99 99 99
99 99 99
99 99 99
99 99 99
99 99 99
99 99 99
99 99 99
99 99 99
99 99 99
99 99 99
99 99 99
99 99 99
99 99 99
99 99 99
99 99 99
99 99 99
99 99 99
99 99 99
99 99 99
99 99 99
99 99 99
99 99 99
99 99 99
99 99 99
99 99 99
99 99 99
99 99 99
99 99 99
99 99 99
99 99 99
99 99 99
99 99 99
99 99 99
99 99 99
99 99 99
99 99 99
99 99 99
99 99 99
99 99 99
99 99 99
99 99 99
99 99 99
99 99 99
99 99 99
99 99 99
99 99 99
99 99 99
99 99 99
99 99 99
99 99 99
99 99 99
99 99 99
99 99 99
99 99 99
99 99 99
99 99 99
99 99 99
99 99 99
99 99 99
99 99 99
99 99 99
99 99 99
99 99 99
99 99 99
99 99 99
99 99 99
99 99 99
99 99 99
99 99 99
99 99 99
99 99 99
99 99 99
99 99 99
99 99 99
99 99 99
99 99 99
99 99 99
99 99 99
99 99 99
99 99 99
99 99 99
99 99 99
99 99 99
99 99 99
99 99 99
99 99 99
99 99 99
99 99 99
99 99 99
99 99 99
99 99 99
99 99 99
99 99 99
99 99 99
99 99 99
99 99 99
99 99 99
99 99 99
99 99 99
99 99 99
99 99 99
99 99 99
99 99 99
99 99 99
99 99 99
99 99 99
99 99 99
99 99 99
99 99 99
99 99 99
99 99 99
99 99 99
99 99 99
99 99 99
99 99 99
99 99 99
99 99 99
99 99 99
99 99 99
99 99 99
99 99 99
99 99 99
99 99 99
99 99 99
99 99 99
99 99 99
99 99 99
99 99 99
99 99 99
99 99 99
99 99 99
99 99 99
99 99 99
99 99 99
99 99 99
99 99 99
99 99 99
99 99 99
99 99 99
99 99 99
99 99 99
99 99 99
99 99 99
99 99 99
99 99 99
99 99 99
99 99 99
99 99 99
99 99 99
99 99 99
99 99 99
99 99 99
99 99 99
99 99 99
95 97 97
97 99 99
95 99 99
90 95 94
94 98 99
95 99 99
94 99 99
76 81 84
4 10 15
251 1 6
223 231 238
178 186 193
205 215 222
225 235 242
218 227 236
208 219 227
191 203 215
180 194 206
211 223 235
195 210 219
180 192 202
152 165 173
177 190 198
176 190 196
87 98 99
92 99 99
87 92 93
97 99 99
97 95 95
99 99 98
99 93 93
99 99 98
99 99 99
99 99 99
99 99 99
99 99 99
99 99 99
99 99 99
99 99 99
99 99 99
99 99 99
99 99 99
99 99 99
99 99 99
99 99 99
99 99 99
99 99 99
99 99 99
99 98 99
91 90 94
97 98 99
92 93 97
91 94 99
193 197 202
169 172 180
157 165 172
147 153 164
138 148 158
146 155 168
172 184 196
195 208 222
166 179 193
136 152 165
171 186 195
230 239 243
239 247 247
91 96 97
95 99 99
97 99 99
79 78 80
95 92 94
99 98 99
99 98 99
99 99 99
99 99 99
99 99 99
97 99 99
95 99 99
95 99 99
95 99 99
97 99 99
99 99 99
99 99 99
99 99 99
99 99 99
99 99 99
99 99 99
99 99 99
99 99 99
99 99 99
99 99 99
99 99 99
99 99 99
99 99 99
99 99 99
99 99 99
99 99 99
99 99 99
99 99 99
99 99 99
99 99 99
99 99 99
99 99 99
99 99 99
99 99 99
99 99 99
99 99 99
99 99 99
99 99 99
99 99 99
99 99 99
99 99 99
99 99 99
99 99 99
99 99 99
99 99 99
99 99 99
99 99 99
99 99 99
99 99 99
99 99 99
99 99 99
99 99 99
99 99 99
99 99 99
99 99 99
99 99 99
99 99 99
99 99 99
99 99 99
99 99 99
99 99 99
99 99 99
99 99 99
99 99 99
99 99 99
99 99 99
99 99 99
99 99 99
99 99 99
99 99 99
99 99 99
99 99 99
99 99 99
99 99 99
99 99 99
99 99 99
99 99 99
99 99 99
99 99 99
99 99 99
99 99 99
99 99 99
99 99 99
99 99 99
99 99 99
99 99 99
99 99 99
99 99 99
99 99 99
99 99 99
99 99 99
99 99 99
99 99 99
99 99 99
99 99 99
99 99 99
99 99 99
99 99 99
99 99 99
99 99 99
99 99 99
99 99 99
99 99 99
99 99 99
99 99 99
99 99 99
99 99 99
99 99 99
99 99 99
99 99 99
99 99 99
99 99 99
99 99 99
99 99 99
99 99 99
99 99 99
99 99 99
99 99 99
99 99 99
99 99 99
99 99 99
99 99 99
99 99 99
99 99 99
99 99 99
99 99 99
99 99 99
99 99 99
99 99 99
99 99 99
99 99 99
99 99 99
99 99 99
99 99 99
99 99 99
99 99 99
99 99 99
99 99 99
99 99 99
99 99 99
99 99 99
99 99 99
99 99 99
99 99 99
99 99 99
99 99 99
99 99 99
99 99 99
99 99 99
99 99 99
99 99 99
99 99 99
99 99 99
99 99 99
99 99 99
99 99 99
99 99 99
99 99 99
99 99 99
99 99 99
99 99 99
99 99 99
99 99 99
99 99 99
99 99 99
99 99 99
99 99 99
99 99 99
99 99 99
99 99 99
99 99 99
99 99 99
99 99 99
99 99 99
99 99 99
99 99 99
99 99 99
99 99 99
99 99 99
99 99 99
99 99 99
99 99 99
99 99 99
99 99 99
99 99 99
99 99 99
99 99 99
96 98 98
95 99 99
95 99 99
88 93 92
94 99 99
94 99 99
87 92 95
57 62 65
202 209 212
219 226 229
206 215 219
165 174 178
207 217 224
233 243 250
215 225 232
194 205 213
152 166 178
143 159 172
187 200 214
175 191 204
166 180 192
142 157 166
180 196 203
183 197 203
52 63 67
88 97 99
94 99 99
97 99 99
96 94 94
99 99 98
99 94 94
99 98 98
99 99 99
99 99 99
99 99 99
99 99 99
99 99 99
99 99 99
99 99 99
99 99 99
99 99 99
99 99 99
99 99 99
99 99 99
99 99 99
99 99 99
99 99 99
99 99 99
99 98 99
99 98 99
97 98 99
86 87 91
92 95 99
229 233 238
180 183 191
155 163 170
127 133 144
129 139 149
151 160 173
178 190 202
210 223 237
200 213 227
153 169 182
152 167 176
221 230 234
255 6 9
24 29 32
89 92 96
97 98 99
94 93 97
99 96 98
99 97 99
99 98 99
99 98 99
99 98 99
99 98 99
97 99 99
95 99 99
95 99 99
95 99 99
97 99 99
99 99 99
99 99 99
99 99 99
99 99 99
99 99 99
99 99 99
99 99 99
99 99 99
99 99 99
99 99 99
99 99 99
99 99 99
99 99 99
99 99 99
99 99 99
99 99 99
99 99 99
99 99 99
99 99 99
99 99 99
99 99 99
99 99 99
99 99 99
99 99 99
99 99 99
99 99 99
99 99 99
99 99 99
99 99 99
99 99 99
99 99 99
99 99 99
99 99 99
99 99 99
99 99 99
99 99 99
99 99 99
99 99 99
99 99 99
99 99 99
99 99 99
99 99 99
99 99 99
99 99 99
99 99 99
99 99 99
99 99 99
99 99 99
99 99 99
99 99 99
99 99 99
99 99 99
99 99 99
99 99 99
99 99 99
99 99 99
99 99 99
99 99 99
99 99 99
99 99 99
99 99 99
99 99 99
99 99 99
99 99 99
99 99 99
99 99 99
99 99 99
99 99 99
99 99 99
99 99 99
99 99 99
99 99 99
99 99 99
99 99 99
99 99 99
99 99 99
99 99 99
99 99 99
99 99 99
99 99 99
99 99 99
99 99 99
99 99 99
99 99 99
99 99 99
99 99 99
99 99 99
99 99 99
99 99 99
99 99 99
99 99 99
99 99 99
99 99 99
99 99 99
99 99 99
99 99 99
99 99 99
99 99 99
99 99 99
99 99 99
99 99 99
99 99 99
99 99 99
99 99 99
99 99 99
99 99 99
99 99 99
99 99 99
99 99 99
99 99 99
99 99 99
99 99 99
99 99 99
99 99 99
99 99 99
99 99 99
99 99 99
99 99 99
99 99 99
99 99 99
99 99 99
99 99 99
99 99 99
99 99 99
99 99 99
99 99 99
99 99 99
99 99 99
99 99 99
99 99 99
99 99 99
99 99 99
99 99 99
99 99 99
99 99 99
99 99 99
99 99 99
99 99 99
99 99 99
99 99 99
99 99 99
99 99 99
99 99 99
99 99 99
99 99 99
99 99 99
99 99 99
99 99 99
99 99 99
99 99 99
99 99 99
99 99 99
99 99 99
99 99 99
99 99 99
99 99 99
99 99 99
99 99 99
99 99 99
99 99 99
99 99 99
99 99 99
99 99 99
99 99 99
99 99 99
99 99 99
99 99 99
99 99 99
99 99 99
99 99 99
99 99 99
99 99 99
99 99 99
99 99 99
99 99 99
99 99 99
99 99 99
96 98 98
97 99 99
95 97 97
87 92 91
95 99 99
94 99 99
83 88 91
45 50 53
10 17 20
221 230 234
167 176 180
139 149 156
203 212 221
226 237 245
213 224 232
218 228 238
160 172 184
158 171 185
210 226 239
202 219 232
186 203 216
147 167 178
177 196 204
169 187 194
11 25 31
79 90 94
92 99 99
94 98 99
92 92 92
99 99 98
99 96 95
99 99 98
99 99 99
99 99 99
99 99 99
99 99 99
99 99 99
99 99 99
99 99 99
99 99 99
99 99 99
99 99 99
99 99 99
99 99 99
99 99 99
99 99 99
99 99 99
99 99 99
90 89 91
99 98 99
97 98 99
97 98 99
90 93 98
9 12 17
187 191 196
142 148 155
142 149 158
124 133 142
119 129 139
126 138 148
169 181 193
186 200 212
145 159 171
128 140 150
210 219 223
253 4 7
185 190 193
32 37 40
95 98 99
97 99 99
99 98 99
99 99 99
99 98 99
99 99 99
99 99 99
97 99 99
97 99 99
95 99 99
95 99 99
95 99 99
97 99 99
97 99 99
97 99 99
97 99 99
97 99 99
97 99 99
97 99 99
99 99 99
99 99 99
99 99 99
99 99 99
99 99 99
99 99 99
99 99 99
99 99 99
99 99 99
99 99 99
99 99 99
99 99 99
99 99 99
99 99 99
99 99 99
99 99 99
99 99 99
99 99 99
99 99 99
99 99 99
99 99 99
99 99 99
99 99 99
99 99 99
99 99 99
99 99 99
99 99 99
99 99 99
99 99 99
99 99 99
99 99 99
99 99 99
99 99 99
99 99 99
99 99 99
99 99 99
99 99 99
99 99 99
99 99 99
99 99 99
99 99 99
99 99 99
99 99 99
99 99 99
99 99 99
99 99 99
99 99 99
99 99 99
99 99 99
99 99 99
99 99 99
99 99 99
99 99 99
99 99 99
99 99 99
99 99 99
99 99 99
99 99 99
99 99 99
99 99 99
99 99 99
99 99 99
99 99 99
99 99 99
99 99 99
99 99 99
99 99 99
99 99 99
99 99 99
99 99 99
99 99 99
99 99 99
99 99 99
99 99 99
99 99 99
99 99 99
99 99 99
99 99 99
99 99 99
99 99 99
99 99 99
99 99 99
99 99 99
99 99 99
99 99 99
99 99 99
99 99 99
99 99 99
99 99 99
99 99 99
99 99 99
99 99 99
99 99 99
99 99 99
99 99 99
99 99 99
99 99 99
99 99 99
99 99 99
99 99 99
99 99 99
99 99 99
99 99 99
99 99 99
99 99 99
99 99 99
99 99 99
99 99 99
99 99 99
99 99 99
99 99 99
99 99 99
99 99 99
99 99 99
99 99 99
99 99 99
99 99 99
99 99 99
99 99 99
99 99 99
99 99 99
99 99 99
99 99 99
99 99 99
99 99 99
99 99 99
99 99 99
99 99 99
99 99 99
99 99 99
99 99 99
99 99 99
99 99 99
99 99 99
99 99 99
99 99 99
99 99 99
99 99 99
99 99 99
99 99 99
99 99 99
99 99 99
99 99 99
99 99 99
99 99 99
99 99 99
99 99 99
99 99 99
99 99 99
99 99 99
99 99 99
99 99 99
99 99 99
99 99 99
99 99 99
99 99 99
99 99 99
99 99 99
99 99 99
99 99 99
99 99 99
99 99 99
99 99 99
99 99 99
99 99 99
99 99 99
99 99 99
99 99 99
99 99 99
99 99 99
99 99 99
97 98 96
92 93 91
99 99 98
97 99 99
86 88 89
95 99 99
76 81 84
190 195 198
197 203 208
184 192 199
148 157 166
148 159 167
212 222 232
182 194 204
186 198 210
163 172 185
144 152 165
165 173 186
216 230 242
189 208 221
159 183 195
160 186 198
178 203 213
177 199 210
224 241 250
72 85 93
88 96 99
94 98 99
95 99 99
94 99 98
88 93 91
97 99 98
99 99 99
99 99 99
99 99 99
99 99 99
99 99 99
99 99 99
99 99 99
99 99 99
99 99 99
99 99 99
99 99 99
99 99 99
99 99 99
99 99 99
99 99 99
99 99 99
95 94 96
96 95 97
97 99 99
95 97 98
87 90 94
31 34 38
164 169 172
157 163 168
117 123 128
132 140 147
136 146 153
153 165 171
216 227 235
164 177 185
101 114 122
123 135 141
166 175 178
2 10 10
227 235 235
55 63 63
88 93 94
94 99 99
95 99 99
85 90 88
97 99 99
97 99 98
97 99 98
90 93 91
91 94 92
97 99 98
97 99 96
92 97 95
94 99 99
94 98 99
95 98 99
95 98 99
95 98 99
95 98 99
95 98 99
97 99 99
97 99 99
97 99 99
99 98 99
99 98 99
99 99 99
99 99 99
99 99 99
99 99 99
99 99 99
99 99 99
99 99 99
99 99 99
99 99 99
99 99 99
99 99 99
99 99 99
99 99 99
99 99 99
99 99 99
99 99 99
99 99 99
99 99 99
99 99 99
99 99 99
99 99 99
99 99 99
99 99 99
99 99 99
99 99 99
99 99 99
99 99 99
99 99 99
99 99 99
99 99 99
99 99 99
99 99 99
99 99 99
99 99 99
99 99 99
99 99 99
99 99 99
99 99 99
99 99 99
99 99 99
99 99 99
99 99 99
99 99 99
99 99 99
99 99 99
99 99 99
99 99 99
99 99 99
99 99 99
99 99 99
99 99 99
99 99 99
99 99 99
99 99 99
99 99 99
99 99 99
99 99 99
99 99 99
99 99 99
99 99 99
99 99 99
99 99 99
99 99 99
99 99 99
99 99 99
99 99 99
99 99 99
99 99 99
99 99 99
99 99 99
99 99 99
99 99 99
99 99 99
99 99 99
99 99 99
99 99 99
99 99 99
99 99 99
99 99 99
99 99 99
99 99 99
99 99 99
99 99 99
99 99 99
99 99 99
99 99 99
99 99 99
99 99 99
99 99 99
99 99 99
99 99 99
99 99 99
99 99 99
99 99 99
99 99 99
99 99 99
99 99 99
99 99 99
99 99 99
99 99 99
99 99 99
99 99 99
99 99 99
99 99 99
99 99 99
99 99 99
99 99 99
99 99 99
99 99 99
99 99 99
99 99 99
99 99 99
99 99 99
99 99 99
99 99 99
99 99 99
99 99 99
99 99 99
99 99 99
99 99 99
99 99 99
99 99 99
99 99 99
99 99 99
99 99 99
99 99 99
99 99 99
99 99 99
99 99 99
99 99 99
99 99 99
99 99 99
99 99 99
99 99 99
99 99 99
99 99 99
99 99 99
99 99 99
99 99 99
99 99 99
99 99 99
99 99 99
99 99 99
99 99 99
99 99 99
99 99 99
99 99 99
99 99 99
99 99 99
99 99 99
99 99 99
99 99 99
99 99 99
99 99 99
99 99 99
99 99 99
99 99 99
99 99 99
99 99 99
99 99 99
99 99 99
99 99 99
99 99 99
99 99 99
99 99 99
99 99 99
99 99 98
90 91 87
99 99 98
78 80 80
97 99 99
94 98 99
72 77 80
250 0 5
225 233 240
175 185 192
115 124 134
161 171 181
239 251 7
244 0 12
231 244 2
211 220 233
166 169 183
164 170 181
212 226 238
211 231 242
190 216 228
170 200 211
171 199 210
166 190 202
171 189 200
61 73 83
90 97 99
92 96 99
90 95 98
94 99 99
90 96 95
87 94 91
97 99 99
99 99 99
99 99 99
99 99 99
99 99 99
99 99 99
99 99 99
99 99 99
99 99 99
99 99 99
99 99 99
99 99 99
99 99 99
99 99 99
99 99 99
99 99 99
99 98 99
99 98 99
97 99 99
97 99 99
91 94 98
44 47 51
178 183 186
151 156 159
115 121 126
114 123 127
143 152 156
148 159 163
195 207 213
226 238 244
151 163 169
117 128 132
176 185 188
230 238 238
230 238 238
213 221 221
84 92 91
92 99 99
94 99 99
91 98 95
91 96 94
83 88 86
88 94 89
95 99 96
97 99 96
86 90 85
88 92 86
97 99 98
94 99 99
94 98 99
94 98 99
94 98 99
95 98 99
95 98 99
95 98 99
95 98 99
97 99 99
97 99 99
99 98 99
99 98 99
99 99 99
99 99 99
99 99 99
99 99 99
99 99 99
99 99 99
99 99 99
99 99 99
99 99 99
99 99 99
99 99 99
99 99 99
99 99 99
99 99 99
99 99 99
99 99 99
99 99 99
99 99 99
99 99 99
99 99 99
99 99 99
99 99 99
99 99 99
99 99 99
99 99 99
99 99 99
99 99 99
99 99 99
99 99 99
99 99 99
99 99 99
99 99 99
99 99 99
99 99 99
99 99 99
99 99 99
99 99 99
99 99 99
99 99 99
99 99 99
99 99 99
99 99 99
99 99 99
99 99 99
99 99 99
99 99 99
99 99 99
99 99 99
99 99 99
99 99 99
99 99 99
99 99 99
99 99 99
99 99 99
99 99 99
99 99 99
99 99 99
99 99 99
99 99 99
99 99 99
99 99 99
99 99 99
99 99 99
99 99 99
99 99 99
99 99 99
99 99 99
99 99 99
99 99 99
99 99 99
99 99 99
99 99 99
99 99 99
99 99 99
99 99 99
99 99 99
99 99 99
99 99 99
99 99 99
99 99 99
99 99 99
99 99 99
99 99 99
99 99 99
99 99 99
99 99 99
99 99 99
99 99 99
99 99 99
99 99 99
99 99 99
99 99 99
99 99 99
99 99 99
99 99 99
99 99 99
99 99 99
99 99 99
99 99 99
99 99 99
99 99 99
99 99 99
99 99 99
99 99 99
99 99 99
99 99 99
99 99 99
99 99 99
99 99 99
99 99 99
99 99 99
99 99 99
99 99 99
99 99 99
99 99 99
99 99 99
99 99 99
99 99 99
99 99 99
99 99 99
99 99 99
99 99 99
99 99 99
99 99 99
99 99 99
99 99 99
99 99 99
99 99 99
99 99 99
99 99 99
99 99 99
99 99 99
99 99 99
99 99 99
99 99 99
99 99 99
99 99 99
99 99 99
99 99 99
99 99 99
99 99 99
99 99 99
99 99 99
99 99 99
99 99 99
99 99 99
99 99 99
99 99 99
99 99 99
99 99 99
99 99 99
99 99 99
99 99 99
99 99 99
99 99 99
99 99 99
99 99 99
99 99 99
99 99 99
99 99 99
99 99 99
99 99 99
99 99 99
99 99 99
99 99 99
99 99 99
99 99 98
99 99 98
97 97 97
89 91 91
97 99 99
95 99 99
255 4 7
213 219 224
205 213 220
165 175 182
111 120 130
165 175 185
188 200 212
183 195 207
149 162 176
133 142 155
130 133 147
174 178 189
218 230 242
172 190 201
138 164 176
155 183 194
169 195 207
136 160 172
150 166 178
39 49 59
83 88 97
94 97 99
95 98 99
95 99 99
89 95 94
89 94 92
97 99 99
99 99 99
99 99 99
99 99 99
99 99 99
99 99 99
99 99 99
99 99 99
99 99 99
99 99 99
99 99 99
99 99 99
99 99 99
99 99 99
99 99 99
99 99 99
99 98 99
89 88 90
96 98 99
97 99 99
94 97 99
55 58 62
190 195 198
153 158 161
110 116 121
100 102 106
117 126 130
123 134 138
177 189 195
235 247 253
134 146 152
108 119 123
121 128 131
186 191 192
225 230 231
153 158 159
11 16 17
81 87 86
89 94 93
95 99 99
97 99 98
97 99 98
97 99 98
96 99 97
99 99 96
99 99 96
99 99 96
97 99 98
97 99 99
95 98 99
95 98 99
95 98 99
97 98 99
97 99 99
97 99 99
97 99 99
99 98 99
99 98 99
99 99 99
99 99 99
99 99 99
99 99 99
99 99 99
99 99 99
99 99 99
99 99 99
99 99 99
99 99 99
99 99 99
99 99 99
99 99 99
99 99 99
99 99 99
99 99 99
99 99 99
99 99 99
99 99 99
99 99 99
99 99 99
99 99 99
99 99 99
99 99 99
99 99 99
99 99 99
99 99 99
99 99 99
99 99 99
99 99 99
99 99 99
99 99 99
99 99 99
99 99 99
99 99 99
99 99 99
99 99 99
99 99 99
99 99 99
99 99 99
99 99 99
99 99 99
99 99 99
99 99 99
99 99 99
99 99 99
99 99 99
99 99 99
99 99 99
99 99 99
99 99 99
99 99 99
99 99 99
99 99 99
99 99 99
99 99 99
99 99 99
99 99 99
99 99 99
99 99 99
99 99 99
99 99 99
99 99 99
99 99 99
99 99 99
99 99 99
99 99 99
99 99 99
99 99 99
99 99 99
99 99 99
99 99 99
99 99 99
99 99 99
99 99 99
99 99 99
99 99 99
99 99 99
99 99 99
99 99 99
99 99 99
99 99 99
99 99 99
99 99 99
99 99 99
99 99 99
99 99 99
99 99 99
99 99 99
99 99 99
99 99 99
99 99 99
99 99 99
99 99 99
99 99 99
99 99 99
99 99 99
99 99 99
99 99 99
99 99 99
99 99 99
99 99 99
99 99 99
99 99 99
99 99 99
99 99 99
99 99 99
99 99 99
99 99 99
99 99 99
99 99 99
99 99 99
99 99 99
99 99 99
99 99 99
99 99 99
99 99 99
99 99 99
99 99 99
99 99 99
99 99 99
99 99 99
99 99 99
99 99 99
99 99 99
99 99 99
99 99 99
99 99 99
99 99 99
99 99 99
99 99 99
99 99 99
99 99 99
99 99 99
99 99 99
99 99 99
99 99 99
99 99 99
99 99 99
99 99 99
99 99 99
99 99 99
99 99 99
99 99 99
99 99 99
99 99 99
99 99 99
99 99 99
99 99 99
99 99 99
99 99 99
99 99 99
99 99 99
99 99 99
99 99 99
99 99 99
99 99 99
99 99 99
99 99 99
99 99 99
99 99 99
99 99 99
99 99 99
99 99 99
99 99 99
99 99 99
99 99 99
99 99 99
91 91 91
97 99 99
84 86 86
95 99 99
95 99 99
86 91 94
224 230 235
190 199 203
136 144 151
108 117 126
100 107 117
191 203 213
242 254 10
22 34 46
1 14 28
230 239 252
121 122 136
170 172 183
232 241 254
214 230 242
175 199 211
157 183 195
158 184 196
131 153 165
114 128 140
15 24 34
77 79 89
95 98 99
97 98 99
97 99 99
93 98 97
95 99 98
97 99 99
99 99 99
99 99 99
99 99 99
99 99 99
99 99 99
99 99 99
99 99 99
99 99 99
99 99 99
99 99 99
99 99 99
99 99 99
99 99 99
99 99 99
99 99 99
99 98 99
98 97 99
95 97 98
97 99 99
92 95 99
37 40 44
162 167 170
142 147 150
160 166 171
100 100 104
134 143 147
164 175 179
167 179 185
234 246 252
194 206 212
119 130 134
138 145 148
192 197 198
2 7 8
198 203 204
242 247 248
87 92 93
88 92 93
79 84 83
71 73 73
97 99 98
97 99 98
97 99 98
99 99 98
93 94 90
95 96 92
99 99 98
99 99 99
99 99 99
99 99 99
99 99 99
99 99 99
97 99 99
99 99 99
99 98 99
99 98 99
99 98 99
99 99 99
99 99 99
99 99 99
99 99 99
99 99 99
99 99 99
99 99 99
99 99 99
99 99 99
99 99 99
99 99 99
99 99 99
99 99 99
99 99 99
99 99 99
99 99 99
99 99 99
99 99 99
99 99 99
99 99 99
99 99 99
99 99 99
99 99 99
99 99 99
99 99 99
99 99 99
99 99 99
99 99 99
99 99 99
99 99 99
99 99 99
99 99 99
99 99 99
99 99 99
99 99 99
99 99 99
99 99 99
99 99 99
99 99 99
99 99 99
99 99 99
99 99 99
99 99 99
99 99 99
99 99 99
99 99 99
99 99 99
99 99 99
99 99 99
99 99 99
99 99 99
99 99 99
99 99 99
99 99 99
99 99 99
99 99 99
99 99 99
99 99 99
99 99 99
99 99 99
99 99 99
99 99 99
99 99 99
99 99 99
99 99 99
99 99 99
99 99 99
99 99 99
99 99 99
99 99 99
99 99 99
99 99 99
99 99 99
99 99 99
99 99 99
99 99 99
99 99 99
99 99 99
99 99 99
99 99 99
99 99 99
99 99 99
99 99 99
99 99 99
99 99 99
99 99 99
99 99 99
99 99 99
99 99 99
99 99 99
99 99 99
99 99 99
99 99 99
99 99 99
99 99 99
99 99 99
99 99 99
99 99 99
99 99 99
99 99 99
99 99 99
99 99 99
99 99 99
99 99 99
99 99 99
99 99 99
99 99 99
99 99 99
99 99 99
99 99 99
99 99 99
99 99 99
99 99 99
99 99 99
99 99 99
99 99 99
99 99 99
99 99 99
99 99 99
99 99 99
99 99 99
99 99 99
99 99 99
99 99 99
99 99 99
99 99 99
99 99 99
99 99 99
99 99 99
99 99 99
99 99 99
99 99 99
99 99 99
99 99 99
99 99 99
99 99 99
99 99 99
99 99 99
99 99 99
99 99 99
99 99 99
99 99 99
99 99 99
99 99 99
99 99 99
99 99 99
99 99 99
99 99 99
99 99 99
99 99 99
99 99 99
99 99 99
99 99 99
99 99 99
99 99 99
99 99 99
99 99 99
99 99 99
99 99 99
99 99 99
99 99 99
99 99 99
99 99 99
99 99 99
99 99 99
99 99 99
99 99 99
99 99 99
97 99 99
94 98 99
82 86 87
92 97 98
94 99 99
40 47 50
254 4 9
213 222 226
186 194 201
113 122 131
129 139 149
234 246 0
253 9 21
208 222 234
171 184 198
152 161 174
124 125 139
156 156 168
193 201 214
177 191 203
152 174 186
147 171 183
156 180 192
123 142 155
100 109 121
26 35 45
94 96 99
91 91 97
85 84 88
97 99 99
97 99 99
97 99 98
99 99 99
99 99 99
99 99 99
99 99 99
99 99 99
99 99 99
99 99 99
99 99 99
99 99 99
99 99 99
99 99 99
99 99 99
99 99 99
99 99 99
99 99 99
99 99 99
97 96 98
99 98 99
92 94 95
91 93 94
95 98 99
33 36 40
155 160 163
167 172 175
140 146 151
105 114 118
100 109 113
112 123 127
156 168 174
203 215 221
196 208 214
117 128 132
140 147 150
174 179 182
2 5 9
182 185 189
115 118 122
202 206 207
75 77 78
97 99 99
99 99 99
99 99 99
91 91 91
98 99 97
99 99 98
93 91 90
86 84 83
99 99 98
99 99 98
99 99 98
99 99 98
99 99 98
99 99 98
99 99 98
99 99 98
99 99 99
99 99 99
99 99 99
99 99 99
99 99 99
97 99 99
97 99 99
97 99 99
97 99 99
99 99 99
99 99 99
99 99 99
99 99 99
99 99 99
99 99 99
99 99 99
99 99 99
99 99 99
99 99 99
99 99 99
99 99 99
99 99 99
99 99 99
99 99 99
99 99 99
99 99 99
99 99 99
99 99 99
99 99 99
99 99 99
99 99 99
99 99 99
99 99 99
99 99 99
99 99 99
99 99 99
99 99 99
99 99 99
99 99 99
99 99 99
99 99 99
99 99 99
99 99 99
99 99 99
99 99 99
99 99 99
99 99 99
99 99 99
99 99 99
99 99 99
99 99 99
99 99 99
99 99 99
99 99 99
99 99 99
99 99 99
99 99 99
99 99 99
99 99 99
99 99 99
99 99 99
99 99 99
99 99 99
99 99 99
99 99 99
99 99 99
99 99 99
99 99 99
99 99 99
99 99 99
99 99 99
99 99 99
99 99 99
99 99 99
99 99 99
99 99 99
99 99 99
99 99 99
99 99 99
99 99 99
99 99 99
99 99 99
99 99 99
99 99 99
99 99 99
99 99 99
99 99 99
99 99 99
99 99 99
99 99 99
99 99 99
99 99 99
99 99 99
99 99 99
99 99 99
99 99 99
99 99 99
99 99 99
99 99 99
99 99 99
99 99 99
99 99 99
99 99 99
99 99 99
99 99 99
99 99 99
99 99 99
99 99 99
99 99 99
99 99 99
99 99 99
99 99 99
99 99 99
99 99 99
99 99 99
99 99 99
99 99 99
99 99 99
99 99 99
99 99 99
99 99 99
99 99 99
99 99 99
99 99 99
99 99 99
99 99 99
99 99 99
99 99 99
99 99 99
99 99 99
99 99 99
99 99 99
99 99 99
99 99 99
99 99 99
99 99 99
99 99 99
99 99 99
99 99 99
99 99 99
99 99 99
99 99 99
99 99 99
99 99 99
99 99 99
99 99 99
99 99 99
99 99 99
99 99 99
99 99 99
99 99 99
99 99 99
99 99 99
99 99 99
99 99 99
99 99 99
99 99 99
99 99 99
99 99 99
99 99 99
99 99 99
99 99 99
99 99 99
99 99 99
99 99 99
99 99 99
99 99 99
99 99 99
99 99 99
99 99 99
97 99 99
86 90 91
94 99 99
94 99 99
92 99 99
247 254 1
152 161 164
152 161 165
148 158 165
121 130 139
100 109 117
131 143 153
155 167 177
160 174 186
184 198 210
192 205 219
132 141 154
100 100 108
155 155 167
210 216 229
190 204 216
166 185 198
162 186 198
169 191 203
113 130 143
202 214 226
77 83 94
95 96 99
90 88 94
91 90 94
99 99 99
99 99 99
96 99 97
99 99 99
99 99 99
99 99 99
99 99 99
99 99 99
99 99 99
99 99 99
99 99 99
99 99 99
99 99 99
99 99 99
99 99 99
99 99 99
99 99 99
99 99 99
99 99 99
82 81 83
98 97 99
91 93 94
90 92 93
95 98 99
58 61 65
194 199 202
211 216 219
214 220 225
128 137 141
103 112 116
144 155 159
159 171 177
189 201 207
246 2 8
137 147 154
129 135 140
154 159 162
221 224 228
249 252 0
139 142 146
191 194 198
40 41 45
64 66 67
91 90 92
99 99 99
93 93 93
88 88 88
99 99 99
99 99 98
98 96 95
99 99 98
99 99 96
99 99 95
99 99 96
99 99 96
99 99 96
99 99 96
99 99 98
99 99 98
99 99 99
99 99 99
99 99 99
97 99 99
97 99 99
97 99 99
97 99 99
97 99 99
99 99 99
99 99 99
99 99 99
99 99 99
99 99 99
99 99 99
99 99 99
99 99 99
99 99 99
99 99 99
99 99 99
99 99 99
99 99 99
99 99 99
99 99 99
99 99 99
99 99 99
99 99 99
99 99 99
99 99 99
99 99 99
99 99 99
99 99 99
99 99 99
99 99 99
99 99 99
99 99 99
99 99 99
99 99 99
99 99 99
99 99 99
99 99 99
99 99 99
99 99 99
99 99 99
99 99 99
99 99 99
99 99 99
99 99 99
99 99 99
99 99 99
99 99 99
99 99 99
99 99 99
99 99 99
99 99 99
99 99 99
99 99 99
99 99 99
99 99 99
99 99 99
99 99 99
99 99 99
99 99 99
99 99 99
99 99 99
99 99 99
99 99 99
99 99 99
99 99 99
99 99 99
99 99 99
99 99 99
99 99 99
99 99 99
99 99 99
99 99 99
99 99 99
99 99 99
99 99 99
99 99 99
99 99 99
99 99 99
99 99 99
99 99 99
99 99 99
99 99 99
99 99 99
99 99 99
99 99 99
99 99 99
99 99 99
99 99 99
99 99 99
99 99 99
99 99 99
99 99 99
99 99 99
99 99 99
99 99 99
99 99 99
99 99 99
99 99 99
99 99 99
99 99 99
99 99 99
99 99 99
99 99 99
99 99 99
99 99 99
99 99 99
99 99 99
99 99 99
99 99 99
99 99 99
99 99 99
99 99 99
99 99 99
99 99 99
99 99 99
99 99 99
99 99 99
99 99 99
99 99 99
99 99 99
99 99 99
99 99 99
99 99 99
99 99 99
99 99 99
99 99 99
99 99 99
99 99 99
99 99 99
99 99 99
99 99 99
99 99 99
99 99 99
99 99 99
99 99 99
99 99 99
99 99 99
99 99 99
99 99 99
99 99 99
99 99 99
99 99 99
99 99 99
99 99 99
99 99 99
99 99 99
99 99 99
99 99 99
99 99 99
99 99 99
99 99 99
99 99 99
99 99 99
99 99 99
99 99 99
99 99 99
99 99 99
99 99 99
99 99 99
99 99 99
99 99 99
99 99 99
99 99 99
99 99 99
99 99 99
99 99 99
97 99 99
94 99 99
92 99 99
81 88 91
74 83 87
5 14 18
240 249 253
210 218 225
174 184 191
125 134 143
100 100 107
150 162 172
2 14 24
13 27 39
238 252 8
220 234 246
178 187 200
111 111 123
145 143 155
195 198 212
206 218 230
176 193 206
141 163 175
172 191 204
169 186 199
26 35 48
92 96 99
91 90 99
96 92 98
99 97 99
99 99 99
92 92 92
99 99 98
99 99 99
99 99 99
99 99 99
99 99 99
99 99 99
99 99 99
99 99 99
99 99 99
99 99 99
99 99 99
99 99 99
99 99 99
99 99 99
99 99 99
99 99 99
99 99 99
99 98 99
99 98 99
97 99 99
93 95 96
95 98 99
78 81 85
229 234 237
211 216 219
222 228 233
154 163 167
100 100 104
119 130 134
146 158 164
156 168 174
210 222 228
162 172 179
100 100 106
133 137 142
178 181 186
11 14 19
156 159 164
134 137 141
177 178 182
249 251 252
209 208 210
59 58 60
99 98 99
99 99 99
99 99 99
99 99 99
99 98 98
99 99 98
99 99 95
99 99 93
99 99 95
99 99 95
99 99 95
99 99 95
99 99 96
99 99 96
99 99 98
99 99 98
97 99 99
97 99 99
97 99 99
95 99 99
95 99 99
97 99 99
99 99 99
99 99 99
99 99 99
99 99 99
99 99 99
99 99 99
99 99 99
99 99 99
99 99 99
99 99 99
99 99 99
99 99 99
99 99 99
99 99 99
99 99 99
99 99 99
99 99 99
99 99 99
99 99 99
99 99 99
99 99 99
99 99 99
99 99 99
99 99 99
99 99 99
99 99 99
99 99 99
99 99 99
99 99 99
99 99 99
99 99 99
99 99 99
99 99 99
99 99 99
99 99 99
99 99 99
99 99 99
99 99 99
99 99 99
99 99 99
99 99 99
99 99 99
99 99 99
99 99 99
99 99 99
99 99 99
99 99 99
99 99 99
99 99 99
99 99 99
99 99 99
99 99 99
99 99 99
99 99 99
99 99 99
99 99 99
99 99 99
99 99 99
99 99 99
99 99 99
99 99 99
99 99 99
99 99 99
99 99 99
99 99 99
99 99 99
99 99 99
99 99 99
99 99 99
99 99 99
99 99 99
99 99 99
99 99 99
99 99 99
99 99 99
99 99 99
99 99 99
99 99 99
99 99 99
99 99 99
99 99 99
99 99 99
99 99 99
99 99 99
99 99 99
99 99 99
99 99 99
99 99 99
99 99 99
99 99 99
99 99 99
99 99 99
99 99 99
99 99 99
99 99 99
99 99 99
99 99 99
99 99 99
99 99 99
99 99 99
99 99 99
99 99 99
99 99 99
99 99 99
99 99 99
99 99 99
99 99 99
99 99 99
99 99 99
99 99 99
99 99 99
99 99 99
99 99 99
99 99 99
99 99 99
99 99 99
99 99 99
99 99 99
99 99 99
99 99 99
99 99 99
99 99 99
99 99 99
99 99 99
99 99 99
99 99 99
99 99 99
99 99 99
99 99 99
99 99 99
99 99 99
99 99 99
99 99 99
99 99 99
99 99 99
99 99 99
99 99 99
99 99 99
99 99 99
99 99 99
99 99 99
99 99 99
99 99 99
99 99 99
99 99 99
99 99 99
99 99 99
99 99 99
99 99 99
99 99 99
99 99 99
99 99 99
99 99 99
99 99 99
99 99 99
99 99 99
99 99 99
99 99 99
99 99 99
99 99 99
99 99 99
97 99 99
85 92 95
87 96 99
90 99 99
223 234 238
154 165 169
133 143 150
143 153 160
116 128 134
101 112 120
100 110 118
180 192 202
215 227 237
165 179 191
160 174 186
160 174 186
107 116 129
105 103 115
147 145 157
193 196 210
200 212 224
185 202 215
168 190 202
189 208 221
157 173 186
230 239 252
87 91 99
99 95 99
98 94 99
99 97 99
99 99 99
99 97 97
99 99 98
99 99 99
99 99 99
99 99 99
99 99 99
99 99 99
99 99 99
99 99 99
99 99 99
99 99 99
99 99 99
99 99 99
99 99 99
99 99 99
99 99 99
99 99 99
99 99 99
99 98 99
98 97 99
97 99 99
90 92 93
82 85 89
95 98 99
6 11 14
206 211 214
215 221 226
172 181 185
103 112 116
123 134 138
119 131 137
171 183 189
241 253 3
193 203 210
100 101 108
114 117 125
164 167 175
251 254 3
250 253 2
135 138 143
132 135 140
204 205 209
225 226 230
51 50 52
95 94 96
97 96 98
99 98 99
99 99 99
94 92 92
99 99 98
99 99 95
99 99 93
99 99 95
99 99 95
99 99 95
99 99 96
99 99 96
99 99 96
99 99 98
97 99 98
97 99 99
97 99 99
95 99 99
95 99 99
95 99 99
95 99 99
99 99 99
99 99 99
99 99 99
99 99 99
99 99 99
99 99 99
99 99 99
99 99 99
99 99 99
99 99 99
99 99 99
99 99 99
99 99 99
99 99 99
99 99 99
99 99 99
99 99 99
99 99 99
99 99 99
99 99 99
99 99 99
99 99 99
99 99 99
99 99 99
99 99 99
99 99 99
99 99 99
99 99 99
99 99 99
99 99 99
99 99 99
99 99 99
99 99 99
99 99 99
99 99 99
99 99 99
99 99 99
99 99 99
99 99 99
99 99 99
99 99 99
99 99 99
99 99 99
99 99 99
99 99 99
99 99 99
99 99 99
99 99 99
99 99 99
99 99 99
99 99 99
99 99 99
99 99 99
99 99 99
99 99 99
99 99 99
99 99 99
99 99 99
99 99 99
99 99 99
99 99 99
99 99 99
99 99 99
99 99 99
99 99 99
99 99 99
99 99 99
99 99 99
99 99 99
99 99 99
99 99 99
99 99 99
99 99 99
99 99 99
99 99 99
99 99 99
99 99 99
99 99 99
99 99 99
99 99 99
99 99 99
99 99 99
99 99 99
99 99 99
99 99 99
99 99 99
99 99 99
99 99 99
99 99 99
99 99 99
99 99 99
99 99 99
99 99 99
99 99 99
99 99 99
99 99 99
99 99 99
99 99 99
99 99 99
99 99 99
99 99 99
99 99 99
99 99 99
99 99 99
99 99 99
99 99 99
99 99 99
99 99 99
99 99 99
99 99 99
99 99 99
99 99 99
99 99 99
99 99 99
99 99 99
99 99 99
99 99 99
99 99 99
99 99 99
99 99 99
99 99 99
99 99 99
99 99 99
99 99 99
99 99 99
99 99 99
99 99 99
99 99 99
99 99 99
99 99 99
99 99 99
99 99 99
99 99 99
99 99 99
99 99 99
99 99 99
99 99 99
99 99 99
98 98 98
98 98 98
99 99 99
99 99 99
99 99 99
99 99 99
99 99 99
99 99 99
99 99 99
99 99 99
99 99 99
99 99 99
99 99 99
99 99 99
99 99 99
99 99 99
92 92 92
99 99 99
99 99 99
99 99 99
89 89 89
85 85 85
96 96 96
95 99 99
90 99 99
85 95 99
27 37 44
2 14 20
248 4 10
191 202 210
126 137 145
100 100 107
100 100 108
117 129 139
175 187 197
208 223 232
229 244 253
220 235 244
204 219 228
155 165 175
102 100 112
100 100 108
193 196 210
199 211 223
157 174 187
143 165 177
174 193 206
149 165 178
168 177 190
64 68 79
95 91 99
99 97 99
98 92 97
84 82 82
99 99 99
99 99 98
99 99 99
99 99 99
99 99 99
99 99 99
99 99 99
99 99 99
99 99 99
99 99 99
99 99 99
99 99 99
99 99 99
99 99 99
99 99 99
99 99 99
99 99 99
99 99 99
99 98 99
89 88 90
92 94 95
97 99 99
95 98 99
82 85 89
235 240 243
213 218 221
2 8 13
170 179 183
114 123 127
105 116 120
134 146 152
146 158 164
186 198 204
232 242 249
100 104 113
114 119 128
109 114 123
146 149 157
226 229 237
127 130 138
122 125 133
132 135 140
175 178 183
243 244 248
90 91 95
79 80 84
97 98 99
95 94 96
89 88 90
97 97 97
94 93 89
98 98 92
96 95 91
99 99 95
99 99 96
98 99 97
91 92 90
97 99 98
97 99 99
94 96 96
92 94 94
95 99 99
95 99 99
95 99 99
92 96 97
86 90 91
99 99 99
99 99 99
99 99 99
99 99 99
99 99 99
99 99 99
99 99 99
99 99 99
99 99 99
99 99 99
99 99 99
99 99 99
99 99 99
99 99 99
98 98 98
98 98 98
96 96 96
96 96 96
96 96 96
96 96 96
96 96 96
96 96 96
96 96 96
96 96 96
98 98 98
98 98 98
99 99 99
99 99 99
99 99 99
99 99 99
99 99 99
99 99 99
99 99 99
99 99 99
99 99 99
99 99 99
99 99 99
99 99 99
99 99 99
99 99 99
99 99 99
99 99 99
99 99 99
99 99 99
99 99 99
99 99 99
99 99 99
99 99 99
99 99 99
99 99 99
99 99 99
99 99 99
99 99 99
99 99 99
99 99 99
99 99 99
99 99 99
99 99 99
99 99 99
99 99 99
99 99 99
99 99 99
99 99 99
99 99 99
99 99 99
99 99 99
99 99 99
99 99 99
99 99 99
99 99 99
99 99 99
99 99 99
99 99 99
99 99 99
99 99 99
99 99 99
99 99 99
99 99 99
99 99 99
99 99 99
99 99 99
99 99 99
99 99 99
99 99 99
99 99 99
99 99 99
99 99 99
99 99 99
99 99 99
99 99 99
99 99 99
99 99 99
99 99 99
99 99 99
99 99 99
99 99 99
99 99 99
99 99 99
99 99 99
99 99 99
99 99 99
99 99 99
99 99 99
99 99 99
99 99 99
99 99 99
99 99 99
99 99 99
99 99 99
99 99 99
99 99 99
99 99 99
99 99 99
99 99 99
99 99 99
99 99 99
99 99 99
99 99 99
99 99 99
99 99 99
99 99 99
99 99 99
99 99 99
99 99 99
99 99 99
99 99 99
99 99 99
99 99 99
99 99 99
99 99 99
99 99 99
99 99 99
99 99 99
99 99 99
99 99 99
99 99 99
99 99 99
99 99 99
98 98 98
98 98 98
98 98 98
99 99 99
99 99 99
99 99 99
99 99 99
99 99 99
99 99 99
99 99 99
99 99 99
99 99 99
99 99 99
99 99 99
99 99 99
99 99 99
99 99 99
91 91 91
93 93 93
99 99 99
99 99 99
99 99 99
99 99 99
95 99 99
88 99 99
61 75 81
1 14 22
225 238 246
210 223 231
177 190 198
141 154 162
112 125 133
116 128 138
152 164 174
204 219 228
218 233 242
227 242 251
215 230 239
186 201 210
126 136 146
100 100 110
124 122 134
171 174 188
172 184 196
227 244 1
195 217 229
169 188 201
139 156 169
100 102 115
28 32 43
97 96 99
99 97 99
99 97 99
99 99 99
99 99 99
96 97 95
99 99 99
99 99 99
99 99 99
99 99 99
99 99 99
99 99 99
99 99 99
99 99 99
99 99 99
99 99 99
99 99 99
99 99 99
99 99 99
99 99 99
99 99 99
99 99 99
99 98 99
99 98 99
97 99 99
97 99 99
77 80 84
47 50 54
119 124 127
182 187 190
227 233 238
165 174 178
100 104 108
134 145 149
130 142 148
141 153 159
144 156 162
198 208 215
170 177 186
100 106 115
136 143 152
145 150 159
244 249 2
232 238 245
118 124 131
137 140 148
201 204 212
8 11 16
69 72 77
95 98 99
93 96 99
97 98 99
97 98 99
89 91 92
97 99 99
97 99 98
89 92 90
91 94 92
97 99 99
97 99 99
94 99 98
95 99 99
95 99 99
95 99 99
94 99 98
95 99 99
95 99 99
95 99 99
94 99 98
94 99 98
99 99 99
99 99 99
99 99 99
99 99 99
99 99 99
99 99 99
99 99 99
99 99 99
99 99 99
99 99 99
99 99 99
99 99 99
99 99 99
98 98 98
98 98 98
98 98 98
99 99 99
99 99 99
99 99 99
99 99 99
99 99 99
99 99 99
99 99 99
99 99 99
98 98 98
98 98 98
98 98 98
99 99 99
99 99 99
99 99 99
99 99 99
99 99 99
99 99 99
99 99 99
99 99 99
99 99 99
99 99 99
99 99 99
99 99 99
99 99 99
99 99 99
99 99 99
99 99 99
99 99 99
99 99 99
99 99 99
99 99 99
99 99 99
99 99 99
99 99 99
99 99 99
99 99 99
99 99 99
99 99 99
99 99 99
99 99 99
99 99 99
99 99 99
99 99 99
99 99 99
99 99 99
99 99 99
99 99 99
99 99 99
99 99 99
99 99 99
99 99 99
99 99 99
99 99 99
99 99 99
99 99 99
99 99 99
99 99 99
99 99 99
99 99 99
99 99 99
99 99 99
99 99 99
99 99 99
99 99 99
99 99 99
99 99 99
99 99 99
99 99 99
99 99 99
99 99 99
99 99 99
99 99 99
99 99 99
99 99 99
99 99 99
99 99 99
99 99 99
99 99 99
99 99 99
99 99 99
99 99 99
99 99 99
99 99 99
99 99 99
99 99 99
99 99 99
99 99 99
99 99 99
99 99 99
99 99 99
99 99 99
99 99 99
99 99 99
99 99 99
99 99 99
99 99 99
99 99 99
99 99 99
99 99 99
99 99 99
99 99 99
99 99 99
99 99 99
99 99 99
99 99 99
99 99 99
99 99 99
99 99 99
99 99 99
99 99 99
99 99 99
99 99 99
99 99 99
99 99 99
99 99 99
99 99 99
99 99 99
99 99 99
99 99 99
99 99 99
99 99 99
99 99 99
98 98 98
98 98 98
98 98 98
98 98 98
99 99 99
99 99 99
99 99 99
99 99 99
99 99 99
99 99 99
99 99 99
99 99 99
99 99 99
99 99 99
99 99 99
99 99 99
99 99 99
98 98 98
93 93 93
94 94 94
98 98 98
99 99 99
99 99 99
95 99 99
75 87 93
24 40 47
247 6 15
219 234 243
184 199 208
148 163 172
109 124 133
100 106 115
148 163 172
171 186 195
231 246 255
247 6 15
244 3 12
225 240 249
193 208 217
131 141 151
100 100 108
100 100 108
141 147 160
208 222 234
189 208 221
201 225 237
195 217 229
156 173 186
100 100 110
48 54 65
91 92 99
98 96 99
96 95 99
87 87 87
99 99 99
97 99 98
99 99 99
99 99 99
99 99 99
99 99 99
99 99 99
99 99 99
99 99 99
99 99 99
99 99 99
99 99 99
99 99 99
99 99 99
99 99 99
99 99 99
99 99 99
99 99 99
90 89 91
99 98 99
94 96 97
92 94 95
95 98 99
249 252 0
156 161 164
182 187 190
178 184 189
143 152 156
100 100 104
151 162 166
145 157 163
133 145 151
117 129 135
162 174 180
209 218 227
104 113 123
126 135 145
124 131 140
120 127 136
214 221 230
229 236 245
126 132 139
170 176 183
229 233 238
246 250 255
94 98 99
94 98 99
85 88 93
95 98 99
92 97 99
92 99 99
92 99 99
92 99 99
92 99 99
92 99 99
92 99 99
88 93 94
89 94 95
92 97 98
94 98 99
94 99 98
94 99 98
93 98 97
93 98 97
94 99 98
95 99 99
99 99 99
99 99 99
99 99 99
99 99 99
99 99 99
99 99 99
99 99 99
99 99 99
99 99 99
99 99 99
99 99 99
99 99 99
98 98 98
98 98 98
98 98 98
98 98 98
99 99 99
99 99 99
99 99 99
99 99 99
99 99 99
99 99 99
99 99 99
99 99 99
98 98 98
98 98 98
98 98 98
98 98 98
99 99 99
99 99 99
99 99 99
99 99 99
99 99 99
99 99 99
99 99 99
99 99 99
99 99 99
99 99 99
99 99 99
99 99 99
99 99 99
99 99 99
99 99 99
99 99 99
99 99 99
99 99 99
99 99 99
99 99 99
99 99 99
99 99 99
99 99 99
99 99 99
99 99 99
99 99 99
99 99 99
99 99 99
99 99 99
99 99 99
99 99 99
99 99 99
99 99 99
99 99 99
99 99 99
99 99 99
99 99 99
99 99 99
99 99 99
99 99 99
99 99 99
99 99 99
99 99 99
99 99 99
99 99 99
99 99 99
99 99 99
99 99 99
99 99 99
99 99 99
99 99 99
99 99 99
99 99 99
99 99 99
99 99 99
99 99 99
99 99 99
99 99 99
99 99 99
99 99 99
99 99 99
99 99 99
99 99 99
99 99 99
99 99 99
99 99 99
99 99 99
99 99 99
99 99 99
99 99 99
99 99 99
99 99 99
99 99 99
99 99 99
99 99 99
99 99 99
99 99 99
99 99 99
99 99 99
99 99 99
99 99 99
99 99 99
99 99 99
99 99 99
99 99 99
99 99 99
99 99 99
99 99 99
99 99 99
99 99 99
99 99 99
99 99 99
99 99 99
99 99 99
99 99 99
99 99 99
99 99 99
99 99 99
99 99 99
99 99 99
98 98 98
98 98 98
98 98 98
98 98 98
98 98 98
98 98 98
98 98 98
98 98 98
98 98 98
98 98 98
97 97 97
97 97 97
98 98 98
98 98 98
98 98 98
99 99 99
99 99 99
99 99 99
99 99 99
99 99 99
99 99 99
99 99 99
99 99 99
99 99 99
99 99 99
99 99 99
91 91 91
99 99 99
99 99 99
91 91 91
98 98 98
99 99 99
99 99 99
89 94 97
29 42 50
216 233 242
198 215 224
172 189 198
135 152 161
123 140 149
116 131 140
124 139 148
199 214 223
167 182 191
225 240 249
24 39 48
47 62 71
31 46 55
231 246 255
140 150 160
100 102 113
100 100 108
114 122 135
146 160 172
201 223 235
185 209 221
200 224 236
193 212 225
20 34 46
88 97 99
94 96 99
97 97 99
99 98 99
97 99 99
79 81 81
88 91 89
99 99 99
99 99 99
99 99 99
99 99 99
99 99 99
99 99 99
99 99 99
99 99 99
99 99 99
99 99 99
99 99 99
99 99 99
99 99 99
99 99 99
99 99 99
99 99 99
99 98 99
90 89 91
89 91 92
97 99 99
64 67 71
100 100 103
159 164 167
186 191 194
132 138 143
110 119 123
100 100 104
135 146 150
166 178 184
125 137 143
124 136 142
143 154 162
168 178 188
189 199 209
100 100 109
100 106 116
167 177 187
176 187 195
236 245 254
228 237 246
189 196 205
191 199 206
233 241 248
232 241 245
11 17 22
83 89 94
85 91 96
79 87 94
82 94 99
87 98 99
87 98 99
79 89 96
84 94 99
87 98 99
88 97 99
90 99 99
80 87 90
88 93 94
92 98 97
93 98 97
95 99 99
95 99 98
93 98 96
89 92 90
99 99 99
99 99 99
99 99 99
99 99 99
99 99 99
99 99 99
99 99 99
99 99 99
99 99 99
99 99 99
99 99 99
98 98 98
98 98 98
98 98 98
97 97 97
97 97 97
99 99 99
99 99 99
99 99 99
99 99 99
99 99 99
99 99 99
99 99 99
99 99 99
97 97 97
97 97 97
98 98 98
98 98 98
98 98 98
99 99 99
99 99 99
99 99 99
99 99 99
99 99 99
99 99 99
99 99 99
99 99 99
99 99 99
99 99 99
99 99 99
99 99 99
99 99 99
99 99 99
99 99 99
99 99 99
99 99 99
99 99 99
99 99 99
99 99 99
99 99 99
99 99 99
99 99 99
99 99 99
99 99 99
99 99 99
99 99 99
99 99 99
99 99 99
99 99 99
99 99 99
99 99 99
99 99 99
99 99 99
99 99 99
99 99 99
99 99 99
99 99 99
99 99 99
99 99 99
99 99 99
99 99 99
99 99 99
99 99 99
99 99 99
99 99 99
99 99 99
99 99 99
99 99 99
99 99 99
99 99 99
99 99 99
99 99 99
99 99 99
99 99 99
99 99 99
99 99 99
99 99 99
99 99 99
99 99 99
99 99 99
99 99 99
99 99 99
99 99 99
99 99 99
99 99 99
99 99 99
99 99 99
99 99 99
99 99 99
99 99 99
99 99 99
99 99 99
99 99 99
99 99 99
99 99 99
99 99 99
99 99 99
99 99 99
99 99 99
99 99 99
99 99 99
99 99 99
99 99 99
99 99 99
99 99 99
99 99 99
99 99 99
99 99 99
99 99 99
99 99 99
99 99 99
99 99 99
99 99 99
99 99 99
99 99 99
99 99 99
99 99 99
98 98 98
98 98 98
98 98 98
98 98 98
98 98 98
98 98 98
98 98 98
98 98 98
98 98 98
98 98 98
98 98 98
97 97 97
97 97 97
97 97 97
98 98 98
98 98 98
98 98 98
99 99 99
99 99 99
99 99 99
99 99 99
99 99 99
99 99 99
99 99 99
99 99 99
99 99 99
99 99 99
92 92 92
99 99 99
94 94 94
90 90 90
99 99 99
87 87 87
38 38 38
251 0 3
232 245 253
163 181 192
152 170 181
134 152 163
106 124 135
118 136 147
140 156 168
164 180 192
174 191 200
197 214 223
43 60 69
57 74 83
5 22 31
226 243 252
217 234 243
189 201 211
100 100 108
102 104 115
100 100 110
137 153 165
157 181 193
214 240 252
225 251 7
245 11 23
14 28 40
80 89 99
81 83 93
95 98 99
89 90 94
90 92 92
95 99 99
95 99 98
97 99 99
99 99 99
99 99 99
99 99 99
99 99 99
99 99 99
99 99 99
99 99 99
99 99 99
99 99 99
99 99 99
99 99 99
99 99 99
99 99 99
99 99 99
99 99 99
98 97 99
88 87 89
97 99 99
97 99 99
47 50 54
123 126 130
166 171 174
121 126 129
115 121 126
100 100 104
100 100 104
109 120 124
158 170 176
121 133 139
131 143 149
128 139 147
156 168 178
166 178 190
137 149 161
148 160 170
201 213 223
204 216 226
225 235 245
168 179 187
120 129 138
159 169 176
206 216 223
186 196 203
123 131 138
142 150 157
225 233 240
3 14 22
20 34 46
42 58 71
47 63 76
42 56 68
50 65 74
65 78 86
81 92 99
88 98 99
87 96 99
92 99 99
94 99 99
93 98 97
95 99 98
97 99 98
97 99 98
88 89 87
99 99 99
99 99 99
99 99 99
99 99 99
99 99 99
99 99 99
99 99 99
99 99 99
99 99 99
99 99 99
98 98 98
98 98 98
98 98 98
97 97 97
97 97 97
97 97 97
96 96 96
96 96 96
96 96 96
96 96 96
96 96 96
96 96 96
96 96 96
96 96 96
97 97 97
97 97 97
97 97 97
98 98 98
98 98 98
98 98 98
99 99 99
99 99 99
99 99 99
99 99 99
99 99 99
99 99 99
99 99 99
99 99 99
99 99 99
99 99 99
99 99 99
99 99 99
99 99 99
99 99 99
99 99 99
99 99 99
99 99 99
99 99 99
99 99 99
99 99 99
99 99 99
99 99 99
99 99 99
99 99 99
99 99 99
99 99 99
99 99 99
99 99 99
99 99 99
99 99 99
99 99 99
99 99 99
99 99 99
99 99 99
99 99 99
99 99 99
99 99 99
99 99 99
99 99 99
99 99 99
99 99 99
99 99 99
99 99 99
99 99 99
99 99 99
99 99 99
99 99 99
99 99 99
99 99 99
99 99 99
99 99 99
99 99 99
99 99 99
99 99 99
99 99 99
99 99 99
99 99 99
99 99 99
99 99 99
99 99 99
99 99 99
99 99 99
99 99 99
99 99 99
99 99 99
99 99 99
99 99 99
99 99 99
99 99 99
99 99 99
99 99 99
99 99 99
99 99 99
99 99 99
99 99 99
99 99 99
99 99 99
99 99 99
99 99 99
99 99 99
99 99 99
99 99 99
99 99 99
99 99 99
99 99 99
99 99 99
99 99 99
99 99 99
99 99 99
99 99 99
99 99 99
99 99 99
99 99 99
99 99 99
99 99 99
99 99 99
98 98 98
98 98 98
98 98 98
97 97 97
97 97 97
97 97 97
97 97 97
97 97 97
97 97 97
97 97 97
97 97 97
97 97 97
96 96 96
96 96 96
97 97 97
97 97 97
98 98 98
98 98 98
98 98 98
98 98 98
99 99 99
99 99 99
99 99 99
99 99 99
99 99 99
99 99 99
99 99 99
99 99 99
99 99 99
99 99 99
91 91 91
98 98 98
94 94 94
33 33 33
222 222 222
198 203 206
193 206 214
149 167 178
146 164 175
141 159 170
117 135 146
122 140 151
140 158 169
148 166 177
164 181 190
237 254 7
49 66 75
237 254 7
168 185 194
144 161 170
157 174 183
185 197 207
100 100 108
105 109 120
115 127 139
100 106 117
165 191 203
198 226 237
223 249 5
242 10 22
209 225 237
234 244 254
72 77 86
69 72 77
78 81 85
95 99 99
94 99 99
91 96 94
97 99 99
99 99 99
99 99 99
99 99 99
99 99 99
99 99 99
99 99 99
99 99 99
99 99 99
99 99 99
99 99 99
99 99 99
99 99 99
99 99 99
99 99 99
99 99 99
98 97 99
91 90 92
89 91 92
97 99 99
75 78 82
100 100 103
218 223 226
65 70 73
135 141 146
100 103 107
100 100 104
100 110 114
129 141 147
125 137 143
123 135 141
113 126 134
125 140 149
141 157 169
144 158 170
127 141 153
159 174 183
190 205 214
184 199 208
100 100 108
102 115 123
131 144 152
120 131 139
184 196 202
193 205 211
147 159 165
132 142 149
187 199 209
200 219 234
192 212 230
154 172 189
113 132 147
124 141 154
175 191 203
235 250 3
25 38 46
79 90 94
90 99 99
92 99 99
94 99 99
94 97 95
97 99 96
99 99 96
94 95 91
99 99 98
99 99 99
99 99 99
99 99 99
99 99 99
99 99 99
99 99 99
99 99 99
98 98 98
98 98 98
98 98 98
98 98 98
97 97 97
97 97 97
96 96 96
96 96 96
94 94 94
94 94 94
94 94 94
94 94 94
94 94 94
94 94 94
94 94 94
94 94 94
96 96 96
96 96 96
97 97 97
97 97 97
98 98 98
98 98 98
98 98 98
98 98 98
99 99 99
99 99 99
99 99 99
99 99 99
99 99 99
99 99 99
99 99 99
99 99 99
99 99 99
99 99 99
99 99 99
99 99 99
99 99 99
99 99 99
99 99 99
99 99 99
99 99 99
99 99 99
99 99 99
99 99 99
99 99 99
99 99 99
99 99 99
99 99 99
99 99 99
99 99 99
99 99 99
99 99 99
99 99 99
99 99 99
99 99 99
99 99 99
99 99 99
99 99 99
99 99 99
99 99 99
99 99 99
99 99 99
99 99 99
99 99 99
99 99 99
99 99 99
99 99 99
99 99 99
99 99 99
99 99 99
99 99 99
99 99 99
99 99 99
99 99 99
99 99 99
99 99 99
99 99 99
99 99 99
99 99 99
99 99 99
99 99 99
99 99 99
99 99 99
99 99 99
99 99 99
99 99 99
99 99 99
99 99 99
99 99 99
99 99 99
99 99 99
99 99 99
99 99 99
99 99 99
99 99 99
99 99 99
99 99 99
99 99 99
99 99 99
99 99 99
99 99 99
99 99 99
99 99 99
99 99 99
99 99 99
99 99 99
99 99 99
99 99 99
99 99 99
99 99 99
99 99 99
99 99 99
99 99 99
99 99 99
99 99 99
99 99 99
99 99 99
98 98 98
98 98 98
98 98 98
97 97 97
97 97 97
97 97 97
97 97 97
97 97 97
97 97 97
97 97 97
97 97 97
97 97 97
97 97 97
96 96 96
96 96 96
96 96 96
97 97 97
97 97 97
98 98 98
98 98 98
98 98 98
99 99 99
99 99 99
99 99 99
99 99 99
99 99 99
99 99 99
99 99 99
99 99 99
99 99 99
99 99 99
99 99 99
99 99 99
92 92 92
12 12 12
205 205 205
205 210 213
174 189 198
148 167 180
133 152 165
127 146 159
112 131 144
118 137 150
146 164 175
142 160 171
145 164 172
254 17 25
9 26 35
154 171 180
144 161 170
126 143 152
107 125 132
177 190 198
160 166 177
100 104 115
119 133 145
123 143 154
134 160 172
197 227 238
200 228 239
165 189 201
249 11 22
11 23 33
3 10 19
200 204 209
164 169 172
207 213 212
49 55 54
94 99 98
97 99 99
99 99 99
99 99 99
99 99 99
99 99 99
99 99 99
99 99 99
99 99 99
99 99 99
99 99 99
99 99 99
99 99 99
99 99 99
99 99 99
99 99 99
99 99 99
96 95 97
99 98 99
84 86 87
87 89 90
95 98 99
105 108 112
245 250 253
94 99 99
180 186 191
104 113 117
100 105 109
106 117 121
123 135 141
137 149 155
125 137 143
119 132 140
121 137 149
121 138 151
100 113 125
125 141 153
145 161 173
142 158 170
149 166 175
103 118 127
100 109 118
101 117 124
136 149 157
121 134 142
195 209 215
252 10 16
160 172 178
194 211 220
169 191 209
169 192 214
144 165 186
116 138 156
131 151 168
166 185 200
191 207 219
205 220 229
14 26 32
57 68 72
92 99 99
94 99 99
93 96 94
97 99 96
99 99 96
99 99 96
99 99 98
99 99 99
99 99 99
99 99 99
99 99 99
99 99 99
99 99 99
99 99 99
98 98 98
98 98 98
98 98 98
97 97 97
97 97 97
96 96 96
96 96 96
96 96 96
96 96 96
96 96 96
96 96 96
96 96 96
96 96 96
96 96 96
96 96 96
96 96 96
96 96 96
96 96 96
96 96 96
97 97 97
97 97 97
98 98 98
98 98 98
98 98 98
99 99 99
99 99 99
99 99 99
99 99 99
99 99 99
99 99 99
99 99 99
99 99 99
99 99 99
99 99 99
99 99 99
99 99 99
99 99 99
99 99 99
99 99 99
99 99 99
99 99 99
99 99 99
99 99 99
99 99 99
99 99 99
99 99 99
99 99 99
99 99 99
99 99 99
99 99 99
99 99 99
99 99 99
99 99 99
99 99 99
99 99 99
99 99 99
99 99 99
99 99 99
99 99 99
99 99 99
99 99 99
99 99 99
99 99 99
99 99 99
99 99 99
99 99 99
99 99 99
99 99 99
99 99 99
99 99 99
99 99 99
99 99 99
99 99 99
99 99 99
99 99 99
99 99 99
99 99 99
99 99 99
99 99 99
99 99 99
99 99 99
99 99 99
99 99 99
99 99 99
99 99 99
99 99 99
99 99 99
99 99 99
99 99 99
99 99 99
99 99 99
99 99 99
99 99 99
99 99 99
99 99 99
99 99 99
99 99 99
99 99 99
99 99 99
99 99 99
99 99 99
99 99 99
99 99 99
99 99 99
99 99 99
99 99 99
99 99 99
99 99 99
99 99 99
99 99 99
99 99 99
99 99 99
99 99 99
99 99 99
99 99 99
99 99 99
98 98 98
98 98 98
98 98 98
97 97 97
97 97 97
97 97 97
97 97 97
97 97 97
97 97 97
97 97 97
97 97 97
97 97 97
97 97 97
97 97 97
96 96 96
96 96 96
96 96 96
97 97 97
97 97 97
97 97 97
98 98 98
98 98 98
99 99 99
99 99 99
99 99 99
99 99 99
99 99 99
99 99 99
99 99 99
99 99 99
99 99 99
99 99 99
95 95 95
96 96 96
78 78 78
247 247 247
161 161 161
137 142 145
162 174 184
153 170 183
131 148 161
127 144 157
115 132 145
114 131 144
136 152 164
117 133 145
165 182 191
244 5 14
188 205 214
115 132 141
239 254 7
226 243 252
112 127 136
144 156 166
165 171 182
119 125 136
151 163 175
124 144 155
178 202 214
179 206 220
167 194 208
200 226 240
217 239 251
231 247 4
208 218 228
177 186 195
140 149 153
218 225 228
246 254 254
73 79 78
97 99 99
99 99 99
99 99 99
99 99 99
99 99 99
99 99 99
99 99 99
99 99 99
99 99 99
99 99 99
99 99 99
99 99 99
99 99 99
99 99 99
99 99 99
99 99 99
98 97 99
98 97 99
99 98 99
97 99 99
93 94 98
198 201 205
220 223 227
87 92 95
215 221 226
108 117 121
114 123 127
114 125 129
139 151 155
148 160 164
139 151 157
136 149 157
134 150 162
126 143 156
128 146 157
147 165 176
143 159 171
158 174 186
114 131 140
100 104 113
100 110 119
100 104 114
100 109 119
123 136 144
164 175 183
198 209 217
21 32 40
161 175 187
165 186 207
160 184 206
132 155 177
111 133 151
135 155 173
169 188 203
180 196 209
178 193 202
193 204 212
9 20 24
80 88 88
95 99 98
95 98 96
96 99 95
99 99 95
98 99 95
99 99 98
99 99 99
99 99 99
99 99 99
99 99 99
99 99 99
99 99 99
99 99 99
98 98 98
98 98 98
97 97 97
97 97 97
97 97 97
96 96 96
96 96 96
96 96 96
99 99 99
99 99 99
99 99 99
99 99 99
99 99 99
99 99 99
99 99 99
99 99 99
96 96 96
96 96 96
96 96 96
97 97 97
97 97 97
97 97 97
98 98 98
98 98 98
99 99 99
99 99 99
99 99 99
99 99 99
99 99 99
99 99 99
99 99 99
99 99 99
99 99 99
99 99 99
99 99 99
99 99 99
99 99 99
99 99 99
99 99 99
99 99 99
99 99 99
99 99 99
99 99 99
99 99 99
99 99 99
99 99 99
99 99 99
99 99 99
99 99 99
99 99 99
99 99 99
99 99 99
99 99 99
99 99 99
99 99 99
99 99 99
99 99 99
99 99 99
99 99 99
99 99 99
99 99 99
99 99 99
99 99 99
99 99 99
99 99 99
99 99 99
99 99 99
99 99 99
99 99 99
99 99 99
99 99 99
99 99 99
99 99 99
99 99 99
99 99 99
99 99 99
99 99 99
99 99 99
99 99 99
99 99 99
99 99 99
99 99 99
99 99 99
99 99 99
99 99 99
99 99 99
99 99 99
99 99 99
99 99 99
99 99 99
99 99 99
99 99 99
99 99 99
99 99 99
99 99 99
99 99 99
99 99 99
99 99 99
99 99 99
99 99 99
99 99 99
99 99 99
99 99 99
99 99 99
99 99 99
99 99 99
99 99 99
99 99 99
99 99 99
99 99 99
99 99 99
99 99 99
99 99 99
99 99 99
99 99 99
99 99 99
95 95 95
93 93 93
93 93 93
95 95 95
99 99 99
99 99 99
99 99 99
99 99 99
99 99 99
98 98 98
98 98 98
98 98 98
97 97 97
97 97 97
94 94 94
96 96 96
98 98 98
99 99 99
99 99 99
98 98 98
96 96 96
94 94 94
99 99 99
99 99 99
99 99 99
98 98 98
98 98 98
98 98 98
97 97 97
97 97 97
95 95 95
99 99 99
99 99 99
98 98 98
13 13 13
164 164 164
135 135 135
136 139 143
154 165 173
150 164 176
127 141 153
110 124 136
112 126 138
100 100 110
100 102 114
161 175 187
198 212 224
239 253 9
146 160 172
127 141 153
9 21 33
251 9 21
149 161 173
161 171 181
166 172 183
138 144 155
139 148 161
132 148 161
139 158 173
154 177 193
163 187 205
197 223 240
190 214 232
206 226 243
195 211 227
140 153 167
134 146 156
172 181 190
202 210 217
2 6 11
97 99 99
96 96 96
89 89 89
99 99 99
99 99 99
96 96 96
99 99 99
97 97 97
99 99 99
99 99 99
99 99 99
99 99 99
99 99 99
99 99 99
99 99 99
99 99 99
94 91 93
99 97 99
97 93 98
98 97 99
99 98 99
45 46 50
194 197 201
92 97 99
3 10 13
126 135 138
124 133 136
145 157 159
131 144 146
160 173 175
162 177 180
130 146 152
130 149 157
122 142 153
136 156 167
144 164 175
143 161 172
158 174 186
142 158 170
100 102 114
102 114 126
100 107 120
111 119 132
126 135 145
132 138 149
149 155 166
15 19 30
208 217 231
159 178 199
148 171 193
136 159 181
130 152 170
131 151 169
135 154 169
139 155 168
143 155 165
144 153 162
189 198 202
24 29 30
93 98 96
83 86 84
99 99 96
99 99 95
99 99 96
99 99 98
99 99 99
99 99 99
99 99 99
99 99 99
99 99 99
98 98 98
98 98 98
97 97 97
97 97 97
97 97 97
97 97 97
97 97 97
97 97 97
97 97 97
97 97 97
99 99 99
99 99 99
99 99 99
98 98 98
98 98 98
98 98 98
97 97 97
97 97 97
99 99 99
99 99 99
99 99 99
98 98 98
98 98 98
97 97 97
97 97 97
97 97 97
99 99 99
99 99 99
99 99 99
98 98 98
98 98 98
98 98 98
97 97 97
97 97 97
99 99 99
99 99 99
99 99 99
99 99 99
99 99 99
99 99 99
99 99 99
99 99 99
99 99 99
99 99 99
99 99 99
99 99 99
99 99 99
99 99 99
99 99 99
99 99 99
99 99 99
99 99 99
99 99 99
99 99 99
99 99 99
99 99 99
99 99 99
99 99 99
98 98 98
98 98 98
99 99 99
99 99 99
99 99 99
99 99 99
99 99 99
99 99 99
99 99 99
99 99 99
99 99 99
99 99 99
99 99 99
99 99 99
99 99 99
99 99 99
99 99 99
99 99 99
99 99 99
99 99 99
99 99 99
99 99 99
99 99 99
99 99 99
99 99 99
99 99 99
99 99 99
99 99 99
99 99 99
99 99 99
99 99 99
99 99 99
99 99 99
99 99 99
99 99 99
99 99 99
99 99 99
99 99 99
99 99 99
99 99 99
99 99 99
99 99 99
99 99 99
99 99 99
99 99 99
99 99 99
99 99 99
99 99 99
99 99 99
99 99 99
99 99 99
99 99 99
99 99 99
99 99 99
99 99 99
99 99 99
99 99 99
99 99 99
99 99 99
98 98 98
95 95 95
93 93 93
93 93 93
95 95 95
98 98 98
99 99 99
99 99 99
99 99 99
98 98 98
98 98 98
98 98 98
97 97 97
97 97 97
97 97 97
94 94 94
96 96 96
98 98 98
99 99 99
99 99 99
98 98 98
96 96 96
94 94 94
99 99 99
99 99 99
98 98 98
98 98 98
98 98 98
97 97 97
97 97 97
97 97 97
99 99 99
91 91 91
94 94 94
86 86 86
194 194 194
140 140 140
121 121 121
170 173 177
158 167 176
141 153 163
123 132 145
100 104 114
100 100 110
190 202 212
80 89 99
85 97 99
39 48 61
191 203 213
166 175 188
130 142 152
230 239 252
236 248 2
195 204 217
143 153 163
160 165 174
144 151 160
134 143 153
117 131 143
117 132 148
129 147 164
135 157 175
148 172 190
153 177 195
177 199 217
171 189 206
117 133 149
106 118 130
149 159 169
187 192 201
204 208 213
79 81 82
99 99 99
98 98 98
99 99 99
98 98 98
90 90 90
99 99 99
99 99 99
99 99 99
99 99 99
99 99 99
99 99 99
99 99 99
99 99 99
99 99 99
99 99 99
97 92 94
99 97 99
99 97 99
99 97 99
99 98 99
88 89 93
16 17 21
94 99 99
94 99 99
21 28 31
206 215 218
150 162 164
147 159 161
157 170 172
143 156 158
162 179 182
143 162 169
138 159 167
152 172 183
160 179 187
156 174 185
172 189 198
164 178 190
119 131 141
118 127 140
100 103 113
100 100 111
100 100 110
113 116 130
132 136 147
224 225 239
244 251 10
150 165 184
170 191 213
166 185 206
126 146 164
126 142 159
185 200 216
3 17 29
46 56 66
1 11 18
174 180 185
195 200 201
91 96 95
91 92 90
88 89 85
99 99 96
99 99 96
99 99 98
99 99 99
99 99 99
99 99 99
99 99 99
99 99 99
98 98 98
98 98 98
97 97 97
97 97 97
97 97 97
97 97 97
97 97 97
97 97 97
97 97 97
97 97 97
99 99 99
99 99 99
98 98 98
98 98 98
98 98 98
97 97 97
97 97 97
97 97 97
99 99 99
99 99 99
99 99 99
98 98 98
98 98 98
97 97 97
97 97 97
97 97 97
99 99 99
99 99 99
98 98 98
98 98 98
98 98 98
97 97 97
97 97 97
97 97 97
99 99 99
99 99 99
99 99 99
99 99 99
99 99 99
99 99 99
99 99 99
99 99 99
99 99 99
99 99 99
99 99 99
99 99 99
99 99 99
99 99 99
99 99 99
99 99 99
99 99 99
99 99 99
99 99 99
99 99 99
99 99 99
99 99 99
99 99 99
99 99 99
98 98 98
98 98 98
98 98 98
99 99 99
99 99 99
99 99 99
99 99 99
99 99 99
99 99 99
99 99 99
99 99 99
99 99 99
99 99 99
99 99 99
99 99 99
99 99 99
99 99 99
99 99 99
99 99 99
99 99 99
99 99 99
99 99 99
99 99 99
99 99 99
99 99 99
99 99 99
99 99 99
99 99 99
99 99 99
99 99 99
99 99 99
99 99 99
99 99 99
99 99 99
99 99 99
99 99 99
99 99 99
99 99 99
99 99 99
99 99 99
99 99 99
99 99 99
99 99 99
99 99 99
99 99 99
99 99 99
99 99 99
99 99 99
99 99 99
99 99 99
99 99 99
99 99 99
99 99 99
99 99 99
99 99 99
99 99 99
99 99 99
99 99 99
99 99 99
98 98 98
96 96 96
95 95 95
95 95 95
96 96 96
98 98 98
99 99 99
98 98 98
98 98 98
98 98 98
97 97 97
97 97 97
97 97 97
96 96 96
96 96 96
94 94 94
96 96 96
98 98 98
99 99 99
99 99 99
98 98 98
96 96 96
94 94 94
99 99 99
98 98 98
98 98 98
98 98 98
97 97 97
97 97 97
97 97 97
97 97 97
89 89 89
94 94 94
99 99 99
30 30 30
174 174 174
186 186 186
136 136 136
159 163 164
132 140 147
120 131 139
196 205 215
8 19 27
56 65 75
87 98 99
79 88 98
83 94 99
44 53 63
179 190 198
174 183 193
101 112 120
196 205 215
250 5 13
211 220 230
141 150 159
146 149 157
114 120 127
100 100 107
100 102 112
100 100 114
100 100 113
100 116 131
123 146 162
145 168 184
139 160 175
144 160 176
160 176 189
149 159 169
118 127 136
144 147 155
184 187 192
41 43 44
93 93 93
99 99 99
99 99 99
99 99 99
94 94 94
98 98 98
99 99 99
98 98 98
98 98 98
98 98 98
98 98 98
98 98 98
98 98 98
98 98 98
98 98 98
99 98 99
99 98 99
99 98 99
99 98 99
96 95 97
97 99 99
83 85 86
94 99 99
94 99 99
92 99 99
252 6 6
110 122 122
100 108 108
133 147 146
120 134 133
127 142 144
128 147 152
126 145 152
137 156 164
139 157 164
131 148 157
144 160 167
143 155 165
113 124 132
100 100 108
100 100 107
104 110 121
100 100 107
105 107 118
117 119 129
152 152 164
238 244 1
108 122 140
100 106 125
100 100 114
100 116 132
209 222 236
70 82 94
87 97 99
76 85 94
82 91 95
73 80 83
2 7 8
71 76 75
99 99 98
99 99 96
94 93 89
97 96 92
99 99 98
99 99 99
99 99 99
99 99 99
99 99 99
99 99 99
98 98 98
98 98 98
97 97 97
97 97 97
97 97 97
97 97 97
97 97 97
97 97 97
97 97 97
97 97 97
98 98 98
98 98 98
98 98 98
97 97 97
97 97 97
97 97 97
96 96 96
96 96 96
99 99 99
99 99 99
99 99 99
98 98 98
98 98 98
97 97 97
97 97 97
97 97 97
99 99 99
98 98 98
98 98 98
98 98 98
97 97 97
97 97 97
97 97 97
97 97 97
98 98 98
98 98 98
98 98 98
98 98 98
98 98 98
98 98 98
98 98 98
98 98 98
98 98 98
98 98 98
98 98 98
98 98 98
98 98 98
98 98 98
98 98 98
98 98 98
98 98 98
98 98 98
98 98 98
98 98 98
98 98 98
98 98 98
98 98 98
98 98 98
97 97 97
97 97 97
98 98 98
98 98 98
98 98 98
99 99 99
99 99 99
99 99 99
98 98 98
98 98 98
98 98 98
98 98 98
98 98 98
98 98 98
98 98 98
98 98 98
98 98 98
98 98 98
98 98 98
98 98 98
98 98 98
98 98 98
98 98 98
98 98 98
98 98 98
98 98 98
98 98 98
98 98 98
98 98 98
98 98 98
98 98 98
98 98 98
99 99 99
99 99 99
99 99 99
99 99 99
99 99 99
99 99 99
99 99 99
99 99 99
99 99 99
99 99 99
99 99 99
99 99 99
99 99 99
99 99 99
99 99 99
99 99 99
99 99 99
99 99 99
99 99 99
99 99 99
99 99 99
99 99 99
99 99 99
99 99 99
99 99 99
99 99 99
98 98 98
97 97 97
97 97 97
96 96 96
96 96 96
97 97 97
97 97 97
98 98 98
97 97 97
97 97 97
97 97 97
96 96 96
96 96 96
96 96 96
95 95 95
95 95 95
94 94 94
96 96 96
98 98 98
99 99 99
99 99 99
98 98 98
96 96 96
94 94 94
98 98 98
98 98 98
98 98 98
97 97 97
97 97 97
97 97 97
96 96 96
96 96 96
96 96 96
99 99 99
99 99 99
247 247 247
37 37 37
59 59 59
196 196 196
129 131 132
194 200 205
78 88 95
90 98 99
77 87 94
89 97 99
88 98 99
90 98 99
88 98 99
90 98 99
118 128 135
126 134 141
146 156 163
135 143 150
203 213 220
206 214 221
123 131 138
170 173 178
28 31 36
50 56 63
254 7 16
232 244 254
242 2 14
191 208 221
100 100 111
100 113 126
100 113 126
127 143 155
119 131 141
100 100 107
196 202 209
27 30 35
169 170 174
18 17 19
85 85 85
99 99 99
99 99 99
99 99 99
99 99 99
99 99 99
99 99 99
97 97 97
97 97 97
97 97 97
97 97 97
97 97 97
97 97 97
97 97 97
97 97 97
99 98 99
99 94 96
89 86 88
99 98 99
93 92 94
97 99 99
96 98 99
92 96 97
94 99 99
92 99 99
92 99 99
68 78 78
44 54 54
28 40 40
1 13 13
247 6 8
195 212 215
186 205 210
182 198 204
160 176 182
131 145 151
119 133 139
110 122 128
100 100 106
100 102 109
100 100 107
100 102 109
135 138 146
229 232 240
38 40 48
253 255 7
14 16 26
47 56 69
60 73 87
74 87 99
80 92 99
84 94 99
88 97 99
87 96 99
84 92 99
92 99 99
94 99 99
74 79 78
97 99 99
86 89 87
92 93 91
99 99 98
99 99 98
99 99 99
99 99 99
99 99 99
99 99 99
99 99 99
99 99 99
98 98 98
98 98 98
97 97 97
97 97 97
97 97 97
97 97 97
97 97 97
97 97 97
97 97 97
97 97 97
97 97 97
97 97 97
97 97 97
96 96 96
96 96 96
96 96 96
95 95 95
95 95 95
99 99 99
99 99 99
99 99 99
98 98 98
98 98 98
97 97 97
97 97 97
97 97 97
98 98 98
98 98 98
98 98 98
97 97 97
97 97 97
97 97 97
96 96 96
96 96 96
97 97 97
97 97 97
97 97 97
97 97 97
97 97 97
97 97 97
97 97 97
97 97 97
97 97 97
97 97 97
97 97 97
97 97 97
97 97 97
97 97 97
97 97 97
97 97 97
97 97 97
97 97 97
97 97 97
97 97 97
97 97 97
97 97 97
97 97 97
97 97 97
96 96 96
96 96 96
97 97 97
97 97 97
98 98 98
98 98 98
98 98 98
98 98 98
97 97 97
97 97 97
97 97 97
97 97 97
97 97 97
97 97 97
97 97 97
97 97 97
97 97 97
97 97 97
97 97 97
97 97 97
97 97 97
97 97 97
97 97 97
97 97 97
97 97 97
97 97 97
97 97 97
97 97 97
97 97 97
97 97 97
97 97 97
97 97 97
98 98 98
98 98 98
99 99 99
99 99 99
99 99 99
99 99 99
99 99 99
99 99 99
99 99 99
99 99 99
99 99 99
99 99 99
99 99 99
99 99 99
99 99 99
99 99 99
99 99 99
99 99 99
99 99 99
99 99 99
99 99 99
99 99 99
99 99 99
99 99 99
99 99 99
99 99 99
96 96 96
97 97 97
97 97 97
98 98 98
98 98 98
97 97 97
97 97 97
96 96 96
96 96 96
96 96 96
96 96 96
95 95 95
95 95 95
95 95 95
94 94 94
94 94 94
94 94 94
96 96 96
98 98 98
99 99 99
99 99 99
98 98 98
96 96 96
94 94 94
98 98 98
98 98 98
97 97 97
97 97 97
96 96 96
96 96 96
96 96 96
96 96 96
91 91 91
99 99 99
90 90 90
255 255 255
71 71 71
90 90 90
87 87 87
95 97 98
94 99 99
81 90 94
92 98 99
90 99 99
92 98 99
90 99 99
85 91 96
90 99 99
89 95 99
39 48 52
201 207 212
137 146 150
155 161 166
187 196 200
176 182 187
238 245 248
88 89 93
97 98 99
94 98 99
89 97 99
84 93 99
78 91 99
83 98 99
59 75 87
245 5 17
212 227 236
172 185 193
200 209 218
12 20 27
82 86 91
97 98 99
25 24 26
39 39 39
93 93 93
99 99 99
94 94 94
99 99 99
99 99 99
96 96 96
94 94 94
96 96 96
96 96 96
96 96 96
96 96 96
96 96 96
96 96 96
96 96 96
96 96 96
99 97 99
99 98 99
84 81 83
99 98 99
94 93 95
82 84 85
89 91 92
93 97 98
94 99 99
74 82 82
86 94 94
90 99 99
84 94 94
81 93 93
88 99 99
87 99 99
85 99 99
85 99 99
85 99 99
85 99 99
80 92 96
82 93 97
88 97 99
82 91 95
68 74 79
94 98 99
88 92 97
87 90 95
88 91 96
97 97 99
80 80 86
81 84 89
86 92 99
79 88 97
85 94 99
90 98 99
90 98 99
92 98 99
90 96 99
94 99 99
94 99 99
85 89 90
91 96 95
97 99 99
97 99 99
92 95 93
97 98 96
99 99 98
99 99 99
99 99 99
99 99 99
99 99 99
99 99 99
99 99 99
98 98 98
98 98 98
97 97 97
97 97 97
97 97 97
97 97 97
97 97 97
97 97 97
97 97 97
97 97 97
96 96 96
96 96 96
96 96 96
95 95 95
95 95 95
95 95 95
94 94 94
94 94 94
99 99 99
99 99 99
99 99 99
98 98 98
98 98 98
97 97 97
97 97 97
97 97 97
98 98 98
98 98 98
97 97 97
97 97 97
96 96 96
96 96 96
96 96 96
96 96 96
96 96 96
96 96 96
96 96 96
96 96 96
96 96 96
96 96 96
96 96 96
96 96 96
96 96 96
96 96 96
96 96 96
96 96 96
96 96 96
96 96 96
96 96 96
96 96 96
96 96 96
96 96 96
96 96 96
96 96 96
96 96 96
96 96 96
96 96 96
96 96 96
95 95 95
96 96 96
96 96 96
96 96 96
97 97 97
97 97 97
97 97 97
97 97 97
96 96 96
96 96 96
96 96 96
96 96 96
96 96 96
96 96 96
96 96 96
96 96 96
96 96 96
96 96 96
96 96 96
96 96 96
96 96 96
96 96 96
96 96 96
96 96 96
96 96 96
96 96 96
96 96 96
96 96 96
96 96 96
96 96 96
96 96 96
96 96 96
96 96 96
96 96 96
99 99 99
99 99 99
99 99 99
99 99 99
99 99 99
99 99 99
99 99 99
99 99 99
99 99 99
99 99 99
99 99 99
99 99 99
99 99 99
99 99 99
99 99 99
99 99 99
99 99 99
99 99 99
99 99 99
99 99 99
99 99 99
99 99 99
99 99 99
99 99 99
95 95 95
96 96 96
98 98 98
99 99 99
99 99 99
98 98 98
96 96 96
95 95 95
95 95 95
95 95 95
95 95 95
95 95 95
94 94 94
94 94 94
93 93 93
93 93 93
94 94 94
96 96 96
98 98 98
99 99 99
99 99 99
98 98 98
96 96 96
94 94 94
97 97 97
97 97 97
97 97 97
96 96 96
96 96 96
96 96 96
95 95 95
95 95 95
99 99 99
93 93 93
99 99 99
87 87 87
97 97 97
99 99 99
99 99 99
95 97 97
88 92 93
84 89 90
80 85 88
94 99 99
83 88 91
77 82 83
94 99 99
74 79 80
82 87 90
94 99 99
93 98 99
91 96 97
94 99 99
16 21 22
2 7 10
95 99 99
98 97 99
92 91 93
85 88 92
94 98 99
92 98 99
77 87 94
80 91 99
83 96 99
81 94 99
87 98 99
88 98 99
90 99 99
93 97 99
82 85 89
93 92 94
97 96 98
83 83 83
99 99 99
95 95 95
84 84 84
89 89 89
88 88 88
92 92 92
92 92 92
96 96 96
96 96 96
96 96 96
96 96 96
96 96 96
96 96 96
96 96 96
96 96 96
84 81 83
99 98 99
92 89 91
94 91 93
97 96 98
90 89 91
95 97 98
95 99 99
90 94 95
94 99 99
91 96 97
75 83 83
87 95 95
90 99 99
89 99 99
87 99 99
86 98 98
87 99 99
88 99 99
88 99 99
87 96 99
88 98 98
92 99 99
94 99 99
95 98 99
95 99 99
95 98 99
97 99 99
88 89 93
99 98 99
99 98 99
99 98 99
95 98 99
94 99 99
83 88 91
85 90 93
95 99 99
95 99 99
95 99 99
91 95 96
90 94 95
97 99 99
97 99 99
75 77 77
97 99 99
97 99 99
89 89 89
97 97 97
99 99 99
99 99 99
99 99 99
99 99 99
99 99 99
99 99 99
98 98 98
98 98 98
97 97 97
97 97 97
97 97 97
97 97 97
97 97 97
97 97 97
97 97 97
97 97 97
95 95 95
95 95 95
95 95 95
95 95 95
94 94 94
94 94 94
93 93 93
93 93 93
99 99 99
99 99 99
99 99 99
98 98 98
98 98 98
97 97 97
97 97 97
97 97 97
97 97 97
97 97 97
97 97 97
96 96 96
96 96 96
96 96 96
95 95 95
95 95 95
96 96 96
96 96 96
96 96 96
96 96 96
96 96 96
96 96 96
96 96 96
96 96 96
96 96 96
96 96 96
96 96 96
96 96 96
96 96 96
96 96 96
96 96 96
96 96 96
96 96 96
96 96 96
96 96 96
96 96 96
96 96 96
96 96 96
96 96 96
96 96 96
94 94 94
95 95 95
95 95 95
95 95 95
96 96 96
96 96 96
96 96 96
97 97 97
96 96 96
96 96 96
96 96 96
96 96 96
96 96 96
96 96 96
96 96 96
96 96 96
96 96 96
96 96 96
96 96 96
96 96 96
96 96 96
96 96 96
96 96 96
96 96 96
96 96 96
96 96 96
96 96 96
96 96 96
96 96 96
96 96 96
96 96 96
96 96 96
95 95 95
95 95 95
99 99 99
99 99 99
99 99 99
99 99 99
99 99 99
99 99 99
99 99 99
99 99 99
99 99 99
99 99 99
99 99 99
99 99 99
99 99 99
99 99 99
99 99 99
99 99 99
99 99 99
99 99 99
99 99 99
99 99 99
99 99 99
99 99 99
99 99 99
99 99 99
93 93 93
95 95 95
98 98 98
99 99 99
99 99 99
98 98 98
95 95 95
93 93 93
95 95 95
95 95 95
94 94 94
94 94 94
93 93 93
93 93 93
93 93 93
93 93 93
94 94 94
96 96 96
98 98 98
99 99 99
99 99 99
98 98 98
96 96 96
94 94 94
97 97 97
97 97 97
96 96 96
96 96 96
96 96 96
95 95 95
95 95 95
95 95 95
86 86 86
82 82 82
99 99 99
99 99 99
79 79 79
90 90 90
99 99 99
91 91 91
86 88 88
92 97 96
95 99 99
87 92 91
83 87 88
93 98 97
86 90 91
95 99 99
87 91 92
78 83 82
92 96 97
95 99 99
95 99 99
92 97 96
95 99 99
91 93 93
99 99 99
97 94 96
95 94 96
83 86 90
83 88 91
88 95 98
87 96 99
90 99 99
90 99 99
90 99 99
80 87 90
74 79 82
97 98 99
99 98 99
80 77 79
99 99 99
99 99 99
99 99 99
95 95 95
90 90 90
86 86 86
81 81 81
93 93 93
96 96 96
95 95 95
95 95 95
95 95 95
95 95 95
95 95 95
95 95 95
95 95 95
95 95 95
84 82 82
99 99 99
96 96 96
92 92 92
99 99 99
98 98 98
97 99 99
95 99 99
95 99 99
94 99 99
87 93 92
92 99 99
92 99 99
92 99 99
81 89 88
92 99 99
91 99 98
89 97 96
87 95 95
90 98 97
94 99 99
91 97 96
89 93 94
91 96 95
97 99 99
96 98 98
87 89 90
97 97 97
92 91 93
98 96 96
93 90 92
96 94 94
93 91 91
95 96 94
97 98 96
96 97 95
98 98 98
99 99 99
97 97 97
93 93 93
99 99 99
81 81 81
99 99 99
99 99 99
83 85 85
81 83 83
97 99 99
91 93 93
99 99 99
99 99 99
99 99 99
99 99 99
99 99 99
99 99 99
98 98 98
98 98 98
97 97 97
97 97 97
97 97 97
97 97 97
97 97 97
97 97 97
97 97 97
97 97 97
95 95 95
95 95 95
94 94 94
94 94 94
93 93 93
93 93 93
93 93 93
93 93 93
99 99 99
99 99 99
99 99 99
98 98 98
98 98 98
97 97 97
97 97 97
97 97 97
97 97 97
97 97 97
96 96 96
96 96 96
96 96 96
95 95 95
95 95 95
95 95 95
95 95 95
95 95 95
95 95 95
95 95 95
95 95 95
95 95 95
95 95 95
95 95 95
95 95 95
95 95 95
95 95 95
95 95 95
95 95 95
95 95 95
95 95 95
95 95 95
95 95 95
95 95 95
95 95 95
95 95 95
95 95 95
95 95 95
95 95 95
95 95 95
94 94 94
94 94 94
94 94 94
95 95 95
95 95 95
95 95 95
96 96 96
96 96 96
95 95 95
95 95 95
95 95 95
95 95 95
95 95 95
95 95 95
95 95 95
95 95 95
95 95 95
95 95 95
95 95 95
95 95 95
95 95 95
95 95 95
95 95 95
95 95 95
95 95 95
95 95 95
95 95 95
95 95 95
95 95 95
95 95 95
95 95 95
95 95 95
94 94 94
94 94 94
99 99 99
99 99 99
99 99 99
99 99 99
99 99 99
99 99 99
99 99 99
99 99 99
99 99 99
99 99 99
99 99 99
99 99 99
99 99 99
99 99 99
99 99 99
99 99 99
99 99 99
99 99 99
99 99 99
99 99 99
99 99 99
99 99 99
99 99 99
99 99 99
93 93 93
95 95 95
99 99 99
99 99 99
99 99 99
99 99 99
95 95 95
93 93 93
94 94 94
94 94 94
94 94 94
94 94 94
93 93 93
93 93 93
92 92 92
92 92 92
94 94 94
96 96 96
98 98 98
99 99 99
99 99 99
98 98 98
96 96 96
94 94 94
97 97 97
97 97 97
96 96 96
96 96 96
95 95 95
95 95 95
95 95 95
95 95 95
99 99 99
79 79 79
95 95 95
94 94 94
99 99 99
99 99 99
89 89 89
97 97 97
88 90 90
94 97 95
87 89 89
88 91 89
93 95 95
92 95 93
97 99 99
97 99 98
97 99 99
97 99 98
95 97 97
97 99 98
95 97 97
97 99 98
90 92 92
97 97 97
99 97 97
90 85 86
99 98 99
95 94 96
91 95 96
94 99 99
81 86 87
92 97 98
91 96 97
69 74 75
95 99 99
95 99 99
79 78 80
99 97 99
99 98 99
95 93 93
90 88 88
95 95 95
97 97 97
99 99 99
96 96 96
84 84 84
97 97 97
99 99 99
94 94 94
94 94 94
94 94 94
94 94 94
94 94 94
94 94 94
94 94 94
94 94 94
97 95 95
94 92 92
96 96 96
97 97 97
99 99 99
95 95 95
93 95 95
88 90 90
95 99 99
95 99 99
95 99 99
91 97 96
90 96 95
90 98 97
94 99 99
85 91 90
94 99 99
92 97 95
90 95 94
95 99 98
95 99 99
97 99 98
97 99 99
97 99 98
99 99 99
99 99 98
99 99 99
92 93 91
99 98 98
99 99 98
94 92 92
99 99 98
95 92 88
95 92 87
99 97 93
99 99 96
99 99 96
99 99 98
99 99 98
99 99 98
89 87 87
99 99 99
92 92 92
99 99 99
96 98 98
91 93 93
97 99 99
90 92 93
99 99 99
99 99 99
99 99 99
99 99 99
99 99 99
99 99 99
98 98 98
98 98 98
97 97 97
97 97 97
97 97 97
97 97 97
97 97 97
97 97 97
97 97 97
97 97 97
94 94 94
94 94 94
94 94 94
94 94 94
93 93 93
93 93 93
92 92 92
92 92 92
99 99 99
99 99 99
99 99 99
98 98 98
98 98 98
97 97 97
97 97 97
97 97 97
97 97 97
97 97 97
96 96 96
96 96 96
95 95 95
95 95 95
95 95 95
95 95 95
94 94 94
94 94 94
94 94 94
94 94 94
94 94 94
94 94 94
94 94 94
94 94 94
94 94 94
94 94 94
94 94 94
94 94 94
94 94 94
94 94 94
94 94 94
94 94 94
94 94 94
94 94 94
94 94 94
94 94 94
94 94 94
94 94 94
94 94 94
94 94 94
93 93 93
94 94 94
94 94 94
94 94 94
95 95 95
95 95 95
95 95 95
95 95 95
94 94 94
94 94 94
94 94 94
94 94 94
94 94 94
94 94 94
94 94 94
94 94 94
94 94 94
94 94 94
94 94 94
94 94 94
94 94 94
94 94 94
94 94 94
94 94 94
94 94 94
94 94 94
94 94 94
94 94 94
94 94 94
94 94 94
94 94 94
94 94 94
93 93 93
93 93 93
99 99 99
99 99 99
99 99 99
99 99 99
99 99 99
99 99 99
99 99 99
99 99 99
99 99 99
99 99 99
99 99 99
99 99 99
99 99 99
99 99 99
99 99 99
99 99 99
99 99 99
99 99 99
99 99 99
99 99 99
99 99 99
99 99 99
99 99 99
99 99 99
96 96 96
96 96 96
97 97 97
98 98 98
98 98 98
99 99 99
99 99 99
99 99 99
96 96 96
96 96 96
96 96 96
96 96 96
96 96 96
96 96 96
96 96 96
96 96 96
96 96 96
96 96 96
96 96 96
96 96 96
96 96 96
96 96 96
96 96 96
96 96 96
99 99 99
99 99 99
99 99 99
98 98 98
98 98 98
97 97 97
97 97 97
97 97 97
95 95 95
95 95 95
95 95 95
95 95 95
96 96 96
96 96 96
97 97 97
97 97 97
92 93 91
92 93 89
93 94 92
93 94 90
94 95 93
94 95 91
94 95 93
94 95 91
95 96 94
95 96 92
95 96 94
95 96 92
95 96 94
95 96 92
95 96 94
95 96 94
97 95 95
99 94 95
97 95 95
95 95 95
95 95 95
93 95 95
93 95 95
91 96 95
89 94 93
90 95 94
92 94 94
94 94 94
95 95 95
97 95 95
99 94 95
98 96 96
93 91 91
91 91 91
91 91 91
91 91 91
92 92 92
92 92 92
92 92 92
93 93 93
96 96 96
96 96 96
96 96 96
96 96 96
96 96 96
96 96 96
96 96 96
96 96 96
95 95 95
95 95 95
95 95 95
95 95 95
96 96 96
96 96 96
95 97 97
95 97 97
97 99 99
95 99 99
95 99 99
95 99 99
95 99 99
94 99 99
95 99 99
95 99 99
95 99 98
97 99 96
97 99 98
97 99 96
97 99 98
99 99 96
99 99 98
99 99 96
99 99 98
99 99 96
99 99 98
99 99 96
99 99 98
99 99 96
99 99 98
99 99 96
99 99 95
99 99 93
99 99 95
99 99 95
99 99 95
99 99 96
99 99 96
99 99 96
99 99 98
99 99 98
99 99 99
99 99 99
99 98 99
99 98 99
97 99 99
97 99 99
99 99 99
99 99 99
99 99 99
98 98 98
98 98 98
97 97 97
97 97 97
97 97 97
95 95 95
97 97 97
99 99 99
99 99 99
99 99 99
99 99 99
97 97 97
95 95 95
97 97 97
97 97 97
97 97 97
97 97 97
97 97 97
97 97 97
97 97 97
97 97 97
96 96 96
96 96 96
96 96 96
96 96 96
96 96 96
96 96 96
96 96 96
96 96 96
98 98 98
97 97 97
97 97 97
96 96 96
95 95 95
94 94 94
94 94 94
94 94 94
96 96 96
95 95 95
95 95 95
95 95 95
94 94 94
94 94 94
94 94 94
93 93 93
93 93 93
94 94 94
94 94 94
94 94 94
95 95 95
95 95 95
95 95 95
96 96 96
93 93 93
94 94 94
94 94 94
94 94 94
95 95 95
95 95 95
95 95 95
96 96 96
95 95 95
95 95 95
95 95 95
95 95 95
95 95 95
95 95 95
95 95 95
95 95 95
93 93 93
93 93 93
93 93 93
93 93 93
93 93 93
93 93 93
93 93 93
93 93 93
93 93 93
94 94 94
94 94 94
94 94 94
95 95 95
95 95 95
95 95 95
96 96 96
96 96 96
96 96 96
96 96 96
96 96 96
96 96 96
96 96 96
96 96 96
96 96 96
94 94 94
94 94 94
99 99 99
99 99 99
99 99 99
99 99 99
99 99 99
99 99 99
99 99 99
99 99 99
99 99 99
99 99 99
99 99 99
99 99 99
99 99 99
99 99 99
99 99 99
99 99 99
99 99 99
99 99 99
99 99 99
99 99 99
99 99 99
99 99 99
99 99 99
99 99 99
96 96 96
96 96 96
97 97 97
98 98 98
98 98 98
99 99 99
99 99 99
99 99 99
96 96 96
96 96 96
96 96 96
96 96 96
96 96 96
96 96 96
96 96 96
96 96 96
96 96 96
96 96 96
96 96 96
96 96 96
96 96 96
96 96 96
96 96 96
96 96 96
99 99 99
99 99 99
99 99 99
98 98 98
98 98 98
97 97 97
97 97 97
97 97 97
95 95 95
95 95 95
95 95 95
96 96 96
96 96 96
96 96 96
97 97 97
97 98 96
93 94 92
93 94 90
93 94 90
93 94 90
94 95 91
94 95 91
95 96 92
95 96 92
95 96 92
95 96 92
95 96 92
95 96 92
95 96 92
95 96 92
95 96 92
95 96 94
99 94 95
99 94 95
97 95 95
97 95 95
97 95 94
95 96 94
95 96 94
93 96 94
94 95 93
94 95 93
94 95 93
95 96 94
97 95 95
97 95 95
99 95 96
98 96 96
99 97 97
97 97 97
97 97 97
98 98 98
98 98 98
99 99 99
99 99 99
99 99 99
96 96 96
96 96 96
96 96 96
96 96 96
96 96 96
96 96 96
96 96 96
96 96 96
95 95 95
95 95 95
95 95 95
96 96 96
96 96 96
96 96 96
95 97 97
95 97 97
97 99 99
97 99 99
97 99 99
95 99 99
97 99 99
95 99 99
97 99 99
97 99 98
97 99 96
97 99 96
99 99 96
99 99 96
99 99 96
99 99 96
99 99 96
99 99 96
99 99 96
99 99 96
99 99 96
99 99 96
99 99 96
99 99 96
99 99 96
99 99 96
99 99 95
99 99 93
99 99 95
99 99 95
99 99 95
99 99 95
99 99 96
99 99 96
99 99 98
99 99 98
99 99 99
99 99 99
99 98 99
99 98 99
97 99 99
97 99 99
99 99 99
99 99 99
99 99 99
98 98 98
98 98 98
97 97 97
97 97 97
97 97 97
95 95 95
97 97 97
99 99 99
99 99 99
99 99 99
99 99 99
97 97 97
95 95 95
97 97 97
97 97 97
97 97 97
97 97 97
97 97 97
97 97 97
97 97 97
97 97 97
96 96 96
96 96 96
96 96 96
96 96 96
96 96 96
96 96 96
96 96 96
96 96 96
98 98 98
98 98 98
97 97 97
96 96 96
95 95 95
95 95 95
94 94 94
94 94 94
96 96 96
96 96 96
95 95 95
95 95 95
95 95 95
94 94 94
94 94 94
94 94 94
94 94 94
94 94 94
94 94 94
95 95 95
95 95 95
95 95 95
96 96 96
96 96 96
94 94 94
94 94 94
94 94 94
95 95 95
95 95 95
95 95 95
96 96 96
96 96 96
95 95 95
95 95 95
95 95 95
95 95 95
95 95 95
95 95 95
95 95 95
95 95 95
94 94 94
94 94 94
94 94 94
94 94 94
94 94 94
94 94 94
94 94 94
94 94 94
94 94 94
94 94 94
94 94 94
95 95 95
95 95 95
95 95 95
96 96 96
96 96 96
96 96 96
96 96 96
96 96 96
96 96 96
96 96 96
96 96 96
96 96 96
96 96 96
96 96 96
96 96 96
99 99 99
99 99 99
99 99 99
99 99 99
99 99 99
99 99 99
99 99 99
99 99 99
99 99 99
99 99 99
99 99 99
99 99 99
99 99 99
99 99 99
99 99 99
99 99 99
99 99 99
99 99 99
99 99 99
99 99 99
99 99 99
99 99 99
99 99 99
99 99 99
96 96 96
96 96 96
97 97 97
98 98 98
98 98 98
99 99 99
99 99 99
99 99 99
95 95 95
95 95 95
95 95 95
95 95 95
95 95 95
95 95 95
95 95 95
95 95 95
96 96 96
96 96 96
96 96 96
96 96 96
96 96 96
96 96 96
96 96 96
96 96 96
99 99 99
99 99 99
99 99 99
98 98 98
98 98 98
97 97 97
97 97 97
97 97 97
95 95 95
95 95 95
96 96 96
96 96 96
96 96 96
97 97 97
97 97 97
97 98 96
93 94 92
93 94 90
94 95 91
94 95 91
95 96 92
95 96 92
95 96 92
95 96 92
95 96 92
95 96 92
95 96 92
95 96 92
95 96 92
95 96 92
95 96 92
95 96 94
99 94 96
99 94 96
99 94 95
97 95 95
97 95 94
97 95 94
97 96 92
95 96 92
96 95 91
96 95 91
96 94 93
97 95 94
99 94 95
99 95 96
99 95 97
98 95 97
91 89 89
89 89 89
90 90 90
90 90 90
90 90 90
91 91 91
91 91 91
91 91 91
96 96 96
96 96 96
96 96 96
96 96 96
96 96 96
96 96 96
96 96 96
96 96 96
95 96 94
95 96 94
96 97 95
96 97 95
96 97 95
97 98 96
97 98 96
97 98 96
99 99 98
99 99 98
99 99 98
97 99 98
99 99 98
97 99 98
99 99 98
99 99 98
99 99 96
99 99 96
99 99 96
99 99 96
99 99 96
99 99 96
99 99 96
99 99 96
99 99 96
99 99 96
99 99 96
99 99 96
99 99 96
99 99 96
99 99 96
99 99 96
99 99 96
99 99 95
99 99 96
99 99 96
99 99 96
99 99 96
99 99 98
99 99 98
99 99 99
99 99 99
99 99 99
99 99 99
99 98 99
99 98 99
99 98 99
99 98 99
99 99 99
99 99 99
99 99 99
98 98 98
98 98 98
97 97 97
97 97 97
97 97 97
95 95 95
97 97 97
99 99 99
99 99 99
99 99 99
99 99 99
97 97 97
95 95 95
96 96 96
96 96 96
96 96 96
96 96 96
96 96 96
96 96 96
96 96 96
96 96 96
96 96 96
96 96 96
96 96 96
96 96 96
96 96 96
96 96 96
96 96 96
96 96 96
98 98 98
98 98 98
97 97 97
97 97 97
96 96 96
95 95 95
94 94 94
94 94 94
96 96 96
96 96 96
96 96 96
95 95 95
95 95 95
94 94 94
94 94 94
94 94 94
94 94 94
94 94 94
94 94 94
95 95 95
95 95 95
96 96 96
96 96 96
96 96 96
94 94 94
94 94 94
94 94 94
95 95 95
95 95 95
96 96 96
96 96 96
96 96 96
95 95 95
95 95 95
95 95 95
95 95 95
95 95 95
95 95 95
95 95 95
95 95 95
94 94 94
94 94 94
94 94 94
94 94 94
94 94 94
94 94 94
94 94 94
94 94 94
94 94 94
94 94 94
94 94 94
95 95 95
95 95 95
96 96 96
96 96 96
96 96 96
96 96 96
96 96 96
96 96 96
96 96 96
96 96 96
96 96 96
96 96 96
96 96 96
98 98 98
98 98 98
99 99 99
99 99 99
99 99 99
99 99 99
99 99 99
99 99 99
99 99 99
99 99 99
99 99 99
99 99 99
99 99 99
99 99 99
99 99 99
99 99 99
99 99 99
99 99 99
99 99 99
99 99 99
99 99 99
99 99 99
99 99 99
99 99 99
99 99 99
99 99 99
96 96 96
96 96 96
97 97 97
98 98 98
98 98 98
99 99 99
99 99 99
99 99 99
95 95 95
95 95 95
95 95 95
95 95 95
95 95 95
95 95 95
95 95 95
95 95 95
97 97 97
97 97 97
97 97 97
97 97 97
97 97 97
97 97 97
97 97 97
97 97 97
99 99 99
99 99 99
99 99 99
98 98 98
98 98 98
97 97 97
97 97 97
97 97 97
96 96 96
96 96 96
96 96 96
96 96 96
97 97 97
97 97 97
98 98 98
98 98 98
94 95 93
94 95 91
95 96 92
95 96 92
95 96 92
96 97 93
96 97 93
96 97 93
96 97 93
96 97 93
96 97 93
96 97 93
96 97 93
96 97 93
96 97 93
96 97 95
98 95 97
99 94 99
99 95 97
99 95 96
98 96 95
98 96 95
98 97 93
98 97 93
96 95 91
97 96 92
97 95 94
97 95 94
99 95 96
99 95 97
99 94 99
99 95 99
96 95 97
96 96 96
96 96 96
97 97 97
97 97 97
98 98 98
98 98 98
98 98 98
96 96 96
96 96 96
96 96 96
96 96 96
96 96 96
96 96 96
96 96 96
96 96 96
96 97 95
96 97 95
96 97 95
96 97 95
97 98 96
97 98 96
98 99 97
98 99 97
99 99 98
99 99 98
99 99 98
99 99 98
99 99 98
99 99 98
99 99 98
99 99 98
99 99 96
99 99 96
99 99 96
99 99 96
99 99 96
99 99 96
99 99 96
99 99 96
99 99 96
99 99 96
99 99 96
99 99 96
99 99 96
99 99 96
99 99 96
99 99 96
99 99 98
99 99 98
99 99 98
99 99 98
99 99 98
99 99 98
99 99 98
99 98 99
99 99 99
99 99 99
99 99 99
99 99 99
99 98 99
99 98 99
99 98 99
99 98 99
99 99 99
99 99 99
99 99 99
98 98 98
98 98 98
97 97 97
97 97 97
97 97 97
95 95 95
97 97 97
99 99 99
99 99 99
99 99 99
99 99 99
97 97 97
95 95 95
96 96 96
96 96 96
96 96 96
96 96 96
96 96 96
96 96 96
96 96 96
96 96 96
97 97 97
97 97 97
97 97 97
97 97 97
97 97 97
97 97 97
97 97 97
97 97 97
99 99 99
98 98 98
98 98 98
97 97 97
96 96 96
95 95 95
95 95 95
95 95 95
97 97 97
96 96 96
96 96 96
96 96 96
95 95 95
95 95 95
95 95 95
94 94 94
94 94 94
95 95 95
95 95 95
95 95 95
96 96 96
96 96 96
96 96 96
97 97 97
94 94 94
95 95 95
95 95 95
95 95 95
96 96 96
96 96 96
96 96 96
97 97 97
96 96 96
96 96 96
96 96 96
96 96 96
96 96 96
96 96 96
96 96 96
96 96 96
95 95 95
95 95 95
95 95 95
95 95 95
95 95 95
95 95 95
95 95 95
95 95 95
94 94 94
95 95 95
95 95 95
95 95 95
96 96 96
96 96 96
96 96 96
97 97 97
96 96 96
96 96 96
96 96 96
96 96 96
96 96 96
96 96 96
96 96 96
96 96 96
99 99 99
99 99 99
99 99 99
99 99 99
99 99 99
99 99 99
99 99 99
99 99 99
99 99 99
99 99 99
99 99 99
99 99 99
99 99 99
99 99 99
99 99 99
99 99 99
99 99 99
99 99 99
99 99 99
99 99 99
99 99 99
99 99 99
99 99 99
99 99 99
99 99 99
99 99 99
96 96 96
96 96 96
97 97 97
98 98 98
98 98 98
99 99 99
99 99 99
99 99 99
94 94 94
94 94 94
94 94 94
94 94 94
94 94 94
94 94 94
94 94 94
94 94 94
97 97 97
97 97 97
97 97 97
97 97 97
97 97 97
97 97 97
97 97 97
97 97 97
99 99 99
99 99 99
99 99 99
98 98 98
98 98 98
97 97 97
97 97 97
97 97 97
96 96 96
96 96 96
97 97 97
97 97 97
97 97 97
98 98 98
98 98 98
98 98 98
95 96 94
95 96 94
96 97 95
96 97 95
96 97 95
97 98 96
97 98 96
97 98 96
96 97 95
96 97 95
96 97 95
96 97 95
96 97 95
96 97 95
96 97 95
96 96 96
96 95 99
98 94 99
98 94 99
98 95 97
98 96 96
98 96 95
99 97 93
99 97 92
99 96 91
99 96 92
97 95 94
98 96 96
98 95 97
99 95 99
99 95 99
97 95 99
97 96 98
97 97 97
97 97 97
98 98 98
98 98 98
99 99 99
99 99 99
99 99 99
96 96 96
96 96 96
96 96 96
96 96 96
96 96 96
96 96 96
96 96 96
96 96 96
94 97 95
94 97 95
95 98 96
95 98 96
97 98 96
98 99 97
98 99 97
98 99 97
99 99 98
99 99 98
99 99 98
99 99 98
99 99 98
99 99 98
99 99 98
99 99 98
99 99 98
99 99 98
99 99 98
99 99 98
99 99 98
99 99 98
99 99 98
99 99 98
97 99 98
97 99 98
97 99 98
97 99 98
97 99 98
97 99 98
97 99 98
99 99 98
99 99 99
99 99 99
99 99 99
99 99 99
99 99 99
99 99 99
99 99 99
99 98 99
99 98 99
99 98 99
99 99 99
99 99 99
99 99 99
99 99 99
99 99 99
99 99 99
99 99 99
99 99 99
99 99 99
98 98 98
98 98 98
97 97 97
97 97 97
97 97 97
95 95 95
97 97 97
99 99 99
99 99 99
99 99 99
99 99 99
97 97 97
95 95 95
96 96 96
96 96 96
96 96 96
96 96 96
96 96 96
96 96 96
96 96 96
96 96 96
97 97 97
97 97 97
97 97 97
97 97 97
97 97 97
97 97 97
97 97 97
97 97 97
99 99 99
99 99 99
98 98 98
98 98 98
97 97 97
96 96 96
95 95 95
95 95 95
97 97 97
97 97 97
97 97 97
96 96 96
96 96 96
95 95 95
95 95 95
95 95 95
95 95 95
95 95 95
95 95 95
96 96 96
96 96 96
97 97 97
97 97 97
97 97 97
95 95 95
95 95 95
95 95 95
96 96 96
96 96 96
97 97 97
97 97 97
97 97 97
96 96 96
96 96 96
96 96 96
96 96 96
96 96 96
96 96 96
96 96 96
96 96 96
96 96 96
96 96 96
96 96 96
96 96 96
96 96 96
96 96 96
96 96 96
96 96 96
95 95 95
95 95 95
95 95 95
96 96 96
96 96 96
97 97 97
97 97 97
97 97 97
96 96 96
96 96 96
96 96 96
96 96 96
96 96 96
96 96 96
96 96 96
96 96 96
99 99 99
99 99 99
99 99 99
99 99 99
99 99 99
99 99 99
99 99 99
99 99 99
99 99 99
99 99 99
99 99 99
99 99 99
99 99 99
99 99 99
99 99 99
99 99 99
99 99 99
99 99 99
99 99 99
99 99 99
99 99 99
99 99 99
99 99 99
99 99 99
99 99 99
99 99 99
96 96 96
96 96 96
97 97 97
98 98 98
98 98 98
99 99 99
99 99 99
99 99 99
94 94 94
94 94 94
94 94 94
94 94 94
94 94 94
94 94 94
94 94 94
94 94 94
98 98 98
98 98 98
98 98 98
98 98 98
98 98 98
98 98 98
98 98 98
98 98 98
99 99 99
99 99 99
99 99 99
98 98 98
98 98 98
97 97 97
97 97 97
97 97 97
97 97 97
97 97 97
97 97 97
97 97 97
98 98 98
98 98 98
98 98 98
99 99 99
96 97 95
96 97 95
97 98 96
97 98 96
97 98 96
98 99 97
98 99 97
98 99 97
96 97 95
96 97 95
96 97 95
96 97 95
96 97 95
96 97 95
96 97 95
96 96 96
96 94 99
96 93 99
98 94 99
98 95 97
98 96 96
98 96 95
99 97 93
99 97 92
99 96 91
99 97 93
98 96 95
98 96 96
99 95 99
97 95 99
97 94 99
97 95 99
92 91 93
92 92 92
92 92 92
93 93 93
93 93 93
93 93 93
94 94 94
94 94 94
96 96 96
96 96 96
96 96 96
96 96 96
96 96 96
96 96 96
96 96 96
96 96 96
95 98 96
95 98 96
95 98 96
95 98 96
98 99 97
98 99 97
98 99 97
99 99 98
99 99 98
99 99 98
99 99 98
99 99 98
99 99 98
99 99 98
99 99 98
99 99 98
99 99 98
99 99 98
99 99 98
99 99 98
99 99 98
99 99 98
99 99 98
97 99 98
97 99 98
97 99 98
97 99 98
97 99 98
97 99 98
97 99 98
97 99 98
97 99 99
97 99 99
97 98 99
99 98 99
99 98 99
99 98 99
99 98 99
99 98 99
99 98 99
99 98 99
99 98 99
99 99 99
99 99 99
99 99 99
99 99 99
99 99 99
99 99 99
99 99 99
99 99 99
99 99 99
98 98 98
98 98 98
97 97 97
97 97 97
97 97 97
95 95 95
97 97 97
99 99 99
99 99 99
99 99 99
99 99 99
97 97 97
95 95 95
95 95 95
95 95 95
95 95 95
95 95 95
95 95 95
95 95 95
95 95 95
95 95 95
98 98 98
98 98 98
98 98 98
98 98 98
98 98 98
98 98 98
98 98 98
98 98 98
99 99 99
99 99 99
99 99 99
98 98 98
97 97 97
96 96 96
96 96 96
95 95 95
97 97 97
97 97 97
97 97 97
97 97 97
96 96 96
96 96 96
96 96 96
95 95 95
95 95 95
96 96 96
96 96 96
96 96 96
97 97 97
97 97 97
97 97 97
97 97 97
95 95 95
96 96 96
96 96 96
96 96 96
97 97 97
97 97 97
97 97 97
97 97 97
96 96 96
96 96 96
96 96 96
96 96 96
96 96 96
96 96 96
96 96 96
96 96 96
97 97 97
97 97 97
97 97 97
97 97 97
97 97 97
97 97 97
97 97 97
97 97 97
95 95 95
96 96 96
96 96 96
96 96 96
97 97 97
97 97 97
97 97 97
97 97 97
96 96 96
96 96 96
96 96 96
96 96 96
96 96 96
96 96 96
96 96 96
96 96 96
96 96 96
96 96 96
99 99 99
99 99 99
99 99 99
99 99 99
99 99 99
99 99 99
99 99 99
99 99 99
99 99 99
99 99 99
99 99 99
99 99 99
99 99 99
99 99 99
99 99 99
99 99 99
99 99 99
99 99 99
99 99 99
99 99 99
99 99 99
99 99 99
99 99 99
99 99 99
96 96 96
96 96 96
97 97 97
98 98 98
98 98 98
99 99 99
99 99 99
99 99 99
94 94 94
94 94 94
94 94 94
94 94 94
94 94 94
94 94 94
94 94 94
94 94 94
98 98 98
98 98 98
98 98 98
98 98 98
98 98 98
98 98 98
98 98 98
98 98 98
99 99 99
99 99 99
99 99 99
98 98 98
98 98 98
97 97 97
97 97 97
97 97 97
97 97 97
97 97 97
97 97 97
98 98 98
98 98 98
98 98 98
99 99 99
99 99 99
95 97 97
95 97 97
95 97 97
96 98 98
96 98 98
96 98 98
97 99 99
97 99 99
95 97 97
95 97 97
95 97 97
95 97 97
95 97 97
95 97 97
95 97 97
95 97 98
95 94 99
95 94 99
97 95 99
97 96 99
99 96 98
99 97 96
99 98 94
99 98 94
99 97 93
99 97 93
98 96 95
99 97 97
97 96 99
97 95 99
98 95 99
96 95 99
99 98 99
99 99 99
99 99 99
99 99 99
99 99 99
99 99 99
99 99 99
99 99 99
96 96 96
96 96 96
96 96 96
96 96 96
96 96 96
96 96 96
96 96 96
96 96 96
95 98 96
95 99 94
95 99 94
96 99 95
98 99 95
98 99 95
99 99 96
99 99 96
99 99 96
99 99 96
99 99 96
99 99 96
99 99 96
99 99 96
99 99 96
99 99 98
99 99 98
99 99 99
99 99 99
99 99 99
97 99 99
97 99 99
97 99 99
97 99 99
97 99 99
95 99 99
95 99 99
95 99 99
95 99 99
95 99 99
95 99 99
95 99 99
95 98 99
95 98 99
97 97 99
97 97 99
97 97 99
97 98 99
97 98 99
99 98 99
99 98 99
99 98 99
99 98 99
99 98 99
99 98 99
99 98 99
99 98 99
99 99 99
99 99 99
99 99 99
99 99 99
98 98 98
98 98 98
97 97 97
97 97 97
97 97 97
95 95 95
97 97 97
99 99 99
99 99 99
99 99 99
99 99 99
97 97 97
95 95 95
95 95 95
95 95 95
95 95 95
95 95 95
95 95 95
95 95 95
95 95 95
95 95 95
98 98 98
98 98 98
98 98 98
98 98 98
98 98 98
98 98 98
98 98 98
98 98 98
99 99 99
99 99 99
99 99 99
98 98 98
97 97 97
97 97 97
96 96 96
96 96 96
98 98 98
98 98 98
97 97 97
97 97 97
97 97 97
96 96 96
96 96 96
96 96 96
96 96 96
96 96 96
96 96 96
97 97 97
97 97 97
97 97 97
98 98 98
98 98 98
96 96 96
96 96 96
96 96 96
97 97 97
97 97 97
97 97 97
98 98 98
98 98 98
97 97 97
97 97 97
97 97 97
97 97 97
97 97 97
97 97 97
97 97 97
97 97 97
98 98 98
98 98 98
98 98 98
98 98 98
98 98 98
98 98 98
98 98 98
98 98 98
96 96 96
96 96 96
96 96 96
97 97 97
97 97 97
97 97 97
98 98 98
98 98 98
96 96 96
96 96 96
96 96 96
96 96 96
96 96 96
96 96 96
96 96 96
96 96 96
93 93 93
93 93 93
99 99 99
99 99 99
99 99 99
99 99 99
99 99 99
99 99 99
99 99 99
99 99 99
99 99 99
99 99 99
99 99 99
99 99 99
99 99 99
99 99 99
99 99 99
99 99 99
99 99 99
99 99 99
99 99 99
99 99 99
99 99 99
99 99 99
99 99 99
99 99 99
96 96 96
96 96 96
97 97 97
98 98 98
98 98 98
99 99 99
99 99 99
99 99 99
93 93 93
93 93 93
93 93 93
93 93 93
93 93 93
93 93 93
93 93 93
93 93 93
98 98 98
98 98 98
98 98 98
98 98 98
98 98 98
98 98 98
98 98 98
98 98 98
99 99 99
99 99 99
99 99 99
98 98 98
98 98 98
97 97 97
97 97 97
97 97 97
97 97 97
97 97 97
98 98 98
98 98 98
98 98 98
99 99 99
99 99 99
99 99 99
95 97 97
95 97 97
96 98 98
96 98 98
96 98 98
97 99 99
97 99 99
97 99 99
95 97 97
95 97 97
95 97 97
95 97 97
95 97 97
95 97 97
95 97 97
95 97 98
95 95 99
95 95 99
97 95 99
97 96 99
99 96 98
99 97 97
99 97 96
99 98 94
99 96 95
98 96 95
98 96 96
99 96 98
97 96 99
98 96 99
96 96 99
96 96 99
95 94 96
96 96 96
96 96 96
96 96 96
97 97 97
97 97 97
97 97 97
97 97 97
96 96 96
96 96 96
96 96 96
96 96 96
96 96 96
96 96 96
96 96 96
96 96 96
95 98 96
95 99 94
96 99 97
96 99 95
98 99 97
99 99 96
99 99 98
99 99 96
99 99 98
99 99 96
99 99 98
99 99 96
99 99 98
99 99 96
99 99 98
99 99 98
99 99 99
99 99 99
99 99 99
99 99 99
97 99 99
97 99 99
97 99 99
97 99 99
97 99 99
95 99 99
97 99 99
95 99 99
97 99 99
95 99 99
95 99 99
95 99 99
95 98 99
95 98 99
97 97 99
97 97 99
97 98 99
97 98 99
97 98 99
97 99 99
99 98 99
99 98 99
99 98 99
99 98 99
99 99 99
99 99 99
99 98 99
99 99 99
99 99 99
99 99 99
99 99 99
98 98 98
98 98 98
97 97 97
97 97 97
97 97 97
95 95 95
97 97 97
99 99 99
99 99 99
99 99 99
99 99 99
97 97 97
95 95 95
95 95 95
95 95 95
95 95 95
95 95 95
95 95 95
95 95 95
95 95 95
95 95 95
98 98 98
98 98 98
98 98 98
98 98 98
98 98 98
98 98 98
98 98 98
98 98 98
99 99 99
99 99 99
99 99 99
99 99 99
98 98 98
97 97 97
96 96 96
96 96 96
98 98 98
98 98 98
98 98 98
97 97 97
97 97 97
96 96 96
96 96 96
96 96 96
96 96 96
96 96 96
96 96 96
97 97 97
97 97 97
98 98 98
98 98 98
98 98 98
96 96 96
96 96 96
96 96 96
97 97 97
97 97 97
98 98 98
98 98 98
98 98 98
97 97 97
97 97 97
97 97 97
97 97 97
97 97 97
97 97 97
97 97 97
97 97 97
98 98 98
98 98 98
98 98 98
98 98 98
98 98 98
98 98 98
98 98 98
98 98 98
96 96 96
96 96 96
96 96 96
97 97 97
97 97 97
98 98 98
98 98 98
98 98 98
96 96 96
96 96 96
96 96 96
96 96 96
96 96 96
96 96 96
96 96 96
96 96 96
91 91 91
91 91 91
99 99 99
99 99 99
99 99 99
99 99 99
99 99 99
99 99 99
99 99 99
99 99 99
99 99 99
99 99 99
99 99 99
99 99 99
99 99 99
99 99 99
99 99 99
99 99 99
99 99 99
99 99 99
99 99 99
99 99 99
99 99 99
99 99 99
99 99 99
99 99 99
99 99 99
99 99 99
98 98 98
97 97 97
96 96 96
96 96 96
95 95 95
95 95 95
98 98 98
98 98 98
98 98 98
98 98 98
98 98 98
98 98 98
98 98 98
98 98 98
95 95 95
95 95 95
96 96 96
96 96 96
97 97 97
98 98 98
99 99 99
99 99 99
99 99 99
99 99 99
99 99 99
99 99 99
99 99 99
99 99 99
99 99 99
99 99 99
99 99 99
99 99 99
99 99 99
99 99 99
99 99 99
99 99 99
99 99 99
99 99 99
99 99 99
99 99 99
99 99 99
99 99 99
99 99 99
99 99 99
99 99 99
99 99 99
99 99 99
99 99 99
99 99 99
99 99 99
99 99 99
99 99 99
99 99 99
99 99 99
99 98 99
99 98 99
99 98 99
99 98 99
99 99 99
99 99 99
99 99 99
99 99 98
99 99 99
99 99 99
99 99 99
99 99 99
99 98 99
99 98 99
99 98 99
99 98 99
99 99 99
99 99 99
99 99 99
99 99 99
99 99 99
99 99 99
99 99 99
99 99 99
99 99 99
99 99 99
98 98 98
98 98 98
98 98 98
97 97 97
97 97 97
97 97 97
98 98 98
98 99 97
99 99 99
99 99 98
99 99 99
99 99 98
99 99 99
99 99 98
99 99 99
99 99 98
99 99 99
99 99 98
99 99 99
99 99 98
99 99 99
99 99 99
99 99 99
99 99 99
99 99 99
99 99 99
99 99 99
99 99 99
99 99 99
99 99 99
99 99 99
97 99 99
99 99 99
97 99 99
99 99 99
97 99 99
97 99 99
97 99 99
97 99 99
97 99 99
99 98 99
99 98 99
99 98 99
99 98 99
99 98 99
99 99 99
99 99 99
99 99 99
99 99 99
99 99 99
99 99 99
99 99 99
99 99 99
99 99 99
99 99 99
99 99 99
99 99 99
99 99 99
99 99 99
99 99 99
99 99 99
99 99 99
94 94 94
95 95 95
95 95 95
96 96 96
97 97 97
98 98 98
99 99 99
99 99 99
99 99 99
99 99 99
99 99 99
98 98 98
98 98 98
98 98 98
97 97 97
97 97 97
96 96 96
96 96 96
97 97 97
98 98 98
98 98 98
99 99 99
99 99 99
99 99 99
99 99 99
99 99 99
99 99 99
99 99 99
99 99 99
99 99 99
99 99 99
99 99 99
99 99 99
99 99 99
99 99 99
99 99 99
99 99 99
99 99 99
99 99 99
99 99 99
99 99 99
99 99 99
99 99 99
99 99 99
99 99 99
99 99 99
99 99 99
99 99 99
99 99 99
99 99 99
99 99 99
99 99 99
99 99 99
99 99 99
99 99 99
99 99 99
99 99 99
99 99 99
99 99 99
99 99 99
99 99 99
99 99 99
99 99 99
99 99 99
99 99 99
99 99 99
99 99 99
99 99 99
99 99 99
99 99 99
99 99 99
99 99 99
99 99 99
99 99 99
99 99 99
99 99 99
99 99 99
99 99 99
99 99 99
99 99 99
98 98 98
98 98 98
97 97 97
97 97 97
97 97 97
96 96 96
96 96 96
96 96 96
99 99 99
99 99 99
99 99 99
99 99 99
99 99 99
99 99 99
99 99 99
99 99 99
99 99 99
99 99 99
99 99 99
99 99 99
99 99 99
99 99 99
99 99 99
99 99 99
99 99 99
99 99 99
99 99 99
99 99 99
99 99 99
99 99 99
99 99 99
99 99 99
99 99 99
99 99 99
99 99 99
99 99 99
98 98 98
97 97 97
96 96 96
96 96 96
95 95 95
95 95 95
98 98 98
98 98 98
98 98 98
98 98 98
98 98 98
98 98 98
98 98 98
98 98 98
95 95 95
95 95 95
96 96 96
96 96 96
97 97 97
98 98 98
99 99 99
99 99 99
99 99 99
99 99 99
99 99 99
99 99 99
99 99 99
99 99 99
99 99 99
99 99 99
99 99 99
99 99 99
99 99 99
99 99 99
99 99 99
99 99 99
99 99 99
99 99 99
99 99 99
99 99 99
99 99 99
99 99 99
99 99 99
99 99 99
99 99 99
99 99 99
99 99 99
99 99 99
99 99 99
99 99 99
99 99 99
99 99 99
99 99 99
99 99 99
99 99 99
99 99 99
99 99 99
99 99 99
99 99 99
99 99 99
99 99 99
99 99 99
99 99 99
99 99 99
99 99 99
99 99 99
99 99 99
99 99 99
99 99 99
99 99 99
99 99 99
99 99 99
99 99 99
99 99 99
99 99 99
99 99 99
99 99 99
99 99 99
99 99 99
99 99 99
99 99 99
98 98 98
98 98 98
98 98 98
97 97 97
97 97 97
98 98 98
98 98 98
99 99 99
99 99 99
99 99 99
99 99 99
99 99 99
99 99 99
99 99 99
99 99 99
99 99 99
99 99 99
99 99 99
99 99 99
99 99 99
99 99 99
99 99 99
99 99 99
99 99 99
99 99 99
99 99 99
99 99 99
99 99 99
99 99 99
99 99 99
99 99 99
99 99 99
99 99 99
99 99 99
99 99 99
99 99 99
99 99 99
99 99 99
99 99 99
99 99 99
99 99 99
99 99 99
99 99 99
99 99 99
99 99 99
99 99 99
99 99 99
99 99 99
99 99 99
99 99 99
99 99 99
99 99 99
99 99 99
99 99 99
99 99 99
99 99 99
99 99 99
99 99 99
99 99 99
99 99 99
99 99 99
95 95 95
95 95 95
96 96 96
97 97 97
97 97 97
98 98 98
98 98 98
99 99 99
99 99 99
99 99 99
98 98 98
98 98 98
98 98 98
97 97 97
97 97 97
97 97 97
96 96 96
96 96 96
97 97 97
98 98 98
98 98 98
99 99 99
99 99 99
99 99 99
99 99 99
99 99 99
99 99 99
99 99 99
99 99 99
99 99 99
99 99 99
99 99 99
99 99 99
99 99 99
99 99 99
99 99 99
99 99 99
99 99 99
99 99 99
99 99 99
99 99 99
99 99 99
99 99 99
99 99 99
99 99 99
99 99 99
99 99 99
99 99 99
99 99 99
99 99 99
99 99 99
99 99 99
99 99 99
99 99 99
99 99 99
99 99 99
99 99 99
99 99 99
99 99 99
99 99 99
99 99 99
99 99 99
99 99 99
99 99 99
99 99 99
99 99 99
99 99 99
99 99 99
99 99 99
99 99 99
99 99 99
99 99 99
99 99 99
99 99 99
99 99 99
99 99 99
99 99 99
99 99 99
99 99 99
99 99 99
98 98 98
98 98 98
98 98 98
97 97 97
97 97 97
96 96 96
96 96 96
96 96 96
99 99 99
99 99 99
99 99 99
99 99 99
99 99 99
99 99 99
99 99 99
99 99 99
99 99 99
99 99 99
99 99 99
99 99 99
99 99 99
99 99 99
99 99 99
99 99 99
99 99 99
99 99 99
99 99 99
99 99 99
99 99 99
99 99 99
99 99 99
99 99 99
99 99 99
99 99 99
99 99 99
99 99 99
98 98 98
97 97 97
96 96 96
96 96 96
95 95 95
95 95 95
98 98 98
98 98 98
98 98 98
98 98 98
98 98 98
98 98 98
98 98 98
98 98 98
95 95 95
95 95 95
96 96 96
96 96 96
97 97 97
98 98 98
99 99 99
99 99 99
99 99 99
99 99 99
99 99 99
99 99 99
99 99 99
99 99 99
99 99 99
99 99 99
99 99 99
99 99 99
99 99 99
99 99 99
99 99 99
99 99 99
99 99 99
99 99 99
99 99 99
99 99 99
99 99 99
99 99 99
99 99 99
99 99 99
99 99 99
99 99 99
99 99 99
99 99 99
99 99 99
99 99 99
99 99 99
99 99 99
99 99 99
99 99 99
99 99 99
99 99 99
99 99 99
99 99 99
99 99 99
99 99 99
99 99 99
99 99 99
99 99 99
99 99 99
99 99 99
99 99 99
99 99 99
99 99 99
99 99 99
99 99 99
99 99 99
99 99 99
99 99 99
99 99 99
99 99 99
99 99 99
99 99 99
99 99 99
99 99 99
99 99 99
99 99 99
99 99 99
98 98 98
98 98 98
98 98 98
97 97 97
98 98 98
98 98 98
99 99 99
99 99 99
99 99 99
99 99 99
99 99 99
99 99 99
99 99 99
99 99 99
99 99 99
99 99 99
99 99 99
99 99 99
99 99 99
99 99 99
99 99 99
99 99 99
99 99 99
99 99 99
99 99 99
99 99 99
99 99 99
99 99 99
99 99 99
99 99 99
99 99 99
99 99 99
99 99 99
99 99 99
99 99 99
99 99 99
99 99 99
99 99 99
99 99 99
99 99 99
99 99 99
99 99 99
99 99 99
99 99 99
99 99 99
99 99 99
99 99 99
99 99 99
99 99 99
99 99 99
99 99 99
99 99 99
99 99 99
99 99 99
99 99 99
99 99 99
99 99 99
99 99 99
99 99 99
99 99 99
96 96 96
96 96 96
97 97 97
97 97 97
97 97 97
97 97 97
97 97 97
97 97 97
99 99 99
98 98 98
98 98 98
98 98 98
97 97 97
97 97 97
97 97 97
97 97 97
96 96 96
96 96 96
97 97 97
98 98 98
98 98 98
99 99 99
99 99 99
99 99 99
99 99 99
99 99 99
99 99 99
99 99 99
99 99 99
99 99 99
99 99 99
99 99 99
99 99 99
99 99 99
99 99 99
99 99 99
99 99 99
99 99 99
99 99 99
99 99 99
99 99 99
99 99 99
99 99 99
99 99 99
99 99 99
99 99 99
99 99 99
99 99 99
99 99 99
99 99 99
99 99 99
99 99 99
99 99 99
99 99 99
99 99 99
99 99 99
99 99 99
99 99 99
99 99 99
99 99 99
99 99 99
99 99 99
99 99 99
99 99 99
99 99 99
99 99 99
99 99 99
99 99 99
99 99 99
99 99 99
99 99 99
99 99 99
99 99 99
99 99 99
99 99 99
99 99 99
99 99 99
99 99 99
99 99 99
99 99 99
98 98 98
98 98 98
98 98 98
98 98 98
97 97 97
97 97 97
96 96 96
96 96 96
99 99 99
99 99 99
99 99 99
99 99 99
99 99 99
99 99 99
99 99 99
99 99 99
99 99 99
99 99 99
99 99 99
99 99 99
99 99 99
99 99 99
99 99 99
99 99 99
99 99 99
99 99 99
99 99 99
99 99 99
99 99 99
99 99 99
99 99 99
99 99 99
99 99 99
99 99 99
99 99 99
99 99 99
98 98 98
97 97 97
96 96 96
96 96 96
95 95 95
95 95 95
97 97 97
97 97 97
97 97 97
97 97 97
97 97 97
97 97 97
97 97 97
97 97 97
95 95 95
95 95 95
96 96 96
96 96 96
97 97 97
98 98 98
99 99 99
99 99 99
99 99 99
99 99 99
99 99 99
99 99 99
99 99 99
99 99 99
99 99 99
99 99 99
99 99 99
99 99 99
99 99 99
99 99 99
99 99 99
99 99 99
99 99 99
99 99 99
99 99 99
99 99 99
99 99 99
99 99 99
99 99 99
99 99 99
99 99 99
99 99 99
99 99 99
99 99 99
99 99 99
99 99 99
99 99 99
99 99 99
99 99 99
99 99 99
99 99 99
99 99 99
99 99 99
99 99 99
99 99 99
99 99 99
99 99 99
99 99 99
99 99 99
99 99 99
99 99 99
99 99 99
99 99 99
99 99 99
99 99 99
99 99 99
99 99 99
99 99 99
99 99 99
99 99 99
99 99 99
99 99 99
99 99 99
99 99 99
99 99 99
99 99 99
99 99 99
99 99 99
99 99 99
98 98 98
98 98 98
98 98 98
98 98 98
98 98 98
99 99 99
99 99 99
99 99 99
99 99 99
99 99 99
99 99 99
99 99 99
99 99 99
99 99 99
99 99 99
99 99 99
99 99 99
99 99 99
99 99 99
99 99 99
99 99 99
99 99 99
99 99 99
99 99 99
99 99 99
99 99 99
99 99 99
99 99 99
99 99 99
99 99 99
99 99 99
99 99 99
99 99 99
99 99 99
99 99 99
99 99 99
99 99 99
99 99 99
99 99 99
99 99 99
99 99 99
99 99 99
99 99 99
99 99 99
99 99 99
99 99 99
99 99 99
99 99 99
99 99 99
99 99 99
99 99 99
99 99 99
99 99 99
99 99 99
99 99 99
99 99 99
99 99 99
99 99 99
99 99 99
98 98 98
98 98 98
98 98 98
97 97 97
97 97 97
96 96 96
96 96 96
96 96 96
98 98 98
98 98 98
98 98 98
97 97 97
97 97 97
97 97 97
96 96 96
96 96 96
96 96 96
96 96 96
97 97 97
98 98 98
98 98 98
99 99 99
99 99 99
99 99 99
99 99 99
99 99 99
99 99 99
99 99 99
99 99 99
99 99 99
99 99 99
99 99 99
99 99 99
99 99 99
99 99 99
99 99 99
99 99 99
99 99 99
99 99 99
99 99 99
99 99 99
99 99 99
99 99 99
99 99 99
99 99 99
99 99 99
99 99 99
99 99 99
99 99 99
99 99 99
99 99 99
99 99 99
99 99 99
99 99 99
99 99 99
99 99 99
99 99 99
99 99 99
99 99 99
99 99 99
99 99 99
99 99 99
99 99 99
99 99 99
99 99 99
99 99 99
99 99 99
99 99 99
99 99 99
99 99 99
99 99 99
99 99 99
99 99 99
99 99 99
99 99 99
99 99 99
99 99 99
99 99 99
99 99 99
99 99 99
99 99 99
99 99 99
98 98 98
98 98 98
98 98 98
97 97 97
97 97 97
97 97 97
99 99 99
99 99 99
