252 252 252
252 252 252
252 252 252
252 252 252
252 252 252
252 252 252
252 252 252
252 252 252
252 252 252
252 252 252
252 252 252
252 252 252
252 252 252
252 252 252
252 252 252
252 252 252
248 248 248
248 248 248
249 249 249
249 249 249
250 250 250
250 250 250
250 250 250
250 250 250
249 249 249
249 249 249
249 249 249
249 249 249
249 249 249
249 249 249
249 249 249
249 249 249
251 251 251
251 251 251
251 251 251
251 251 251
251 251 251
251 251 251
251 251 251
251 251 251
252 252 252
252 252 252
252 252 252
253 253 253
253 253 253
253 253 253
254 254 254
254 254 254
255 255 255
255 255 255
255 255 255
255 255 255
255 255 255
255 255 255
255 255 255
255 255 255
255 255 255
255 255 255
255 255 255
255 255 255
255 255 255
255 255 255
255 255 255
255 255 255
255 255 255
255 255 255
255 255 255
255 255 255
255 255 255
255 255 255
255 255 255
255 255 255
255 255 255
255 255 255
255 255 255
255 255 255
255 255 255
255 255 255
255 255 255
255 255 255
255 255 255
255 255 255
255 255 255
255 255 255
255 255 255
255 255 255
255 255 255
255 255 255
255 255 255
255 255 255
255 255 255
255 255 255
255 255 255
255 255 255
255 255 255
255 255 255
253 253 253
253 253 253
253 253 253
254 254 254
254 254 254
255 255 255
255 255 255
255 255 255
251 251 251
251 251 251
251 251 251
251 251 251
252 252 252
252 252 252
253 253 253
253 253 253
253 253 253
253 253 253
252 252 252
252 252 252
251 251 251
251 251 251
251 251 251
251 251 251
255 255 255
255 255 255
255 255 255
254 254 254
254 254 254
253 253 253
253 253 253
253 253 253
252 252 252
252 252 252
252 252 252
252 252 252
252 252 252
252 252 252
252 252 252
252 252 252
249 249 249
250 250 250
250 250 250
250 250 250
251 251 251
251 251 251
251 251 251
252 252 252
252 252 252
252 252 252
252 252 252
252 252 252
252 252 252
252 252 252
252 252 252
252 252 252
251 251 251
251 251 251
251 251 251
251 251 251
251 251 251
251 251 251
251 251 251
251 251 251
249 249 249
250 250 250
250 250 250
250 250 250
251 251 251
251 251 251
251 251 251
252 252 252
251 251 251
251 251 251
251 251 251
251 251 251
251 251 251
251 251 251
251 251 251
251 251 251
252 252 252
252 252 252
252 252 252
252 252 252
252 252 252
252 252 252
252 252 252
252 252 252
251 251 251
251 251 251
252 252 252
252 252 252
253 253 253
254 254 254
255 255 255
255 255 255
255 255 255
255 255 255
255 255 255
255 255 255
255 255 255
255 255 255
255 255 255
255 255 255
255 255 255
255 255 255
255 255 255
255 255 255
255 255 255
255 255 255
255 255 255
255 255 255
255 255 255
255 255 255
255 255 255
255 255 255
255 255 255
255 255 255
255 255 255
255 255 255
255 255 255
255 255 255
255 255 255
255 255 255
255 255 255
255 255 255
255 255 255
255 255 255
255 255 255
255 255 255
255 255 255
255 255 255
255 255 255
255 255 255
255 255 255
255 255 255
255 255 255
255 255 255
255 255 255
254 254 254
254 254 254
253 253 253
253 253 253
253 253 253
252 252 252
254 254 254
255 255 255
255 255 255
255 255 255
255 255 255
252 252 252
250 250 250
248 248 248
252 252 252
255 255 255
254 254 254
250 250 250
249 249 249
252 252 252
255 255 255
246 246 246
246 246 246
252 252 252
252 252 252
252 252 252
252 252 252
252 252 252
252 252 252
252 252 252
252 252 252
252 252 252
252 252 252
252 252 252
252 252 252
252 252 252
252 252 252
252 252 252
252 252 252
249 249 249
249 249 249
249 249 249
249 249 249
250 250 250
250 250 250
251 251 251
251 251 251
250 250 250
250 250 250
250 250 250
250 250 250
250 250 250
250 250 250
250 250 250
250 250 250
251 251 251
251 251 251
251 251 251
251 251 251
251 251 251
251 251 251
251 251 251
251 251 251
252 252 252
252 252 252
252 252 252
253 253 253
253 253 253
253 253 253
254 254 254
254 254 254
255 255 255
255 255 255
255 255 255
255 255 255
255 255 255
255 255 255
255 255 255
255 255 255
255 255 255
255 255 255
255 255 255
255 255 255
255 255 255
255 255 255
255 255 255
255 255 255
255 255 255
255 255 255
255 255 255
255 255 255
255 255 255
255 255 255
255 255 255
255 255 255
255 255 255
255 255 255
255 255 255
255 255 255
255 255 255
255 255 255
255 255 255
255 255 255
255 255 255
255 255 255
255 255 255
255 255 255
255 255 255
255 255 255
255 255 255
255 255 255
255 255 255
255 255 255
255 255 255
255 255 255
255 255 255
255 255 255
255 255 255
255 255 255
253 253 253
253 253 253
253 253 253
254 254 254
254 254 254
255 255 255
255 255 255
255 255 255
249 249 249
250 250 250
252 252 252
253 253 253
253 253 253
253 253 253
252 252 252
251 251 251
253 253 253
253 253 253
252 252 252
252 252 252
252 252 252
251 251 251
251 251 251
251 251 251
255 255 255
255 255 255
255 255 255
254 254 254
254 254 254
253 253 253
253 253 253
253 253 253
252 252 252
252 252 252
252 252 252
252 252 252
252 252 252
252 252 252
252 252 252
252 252 252
250 250 250
250 250 250
250 250 250
251 251 251
251 251 251
251 251 251
252 252 252
252 252 252
252 252 252
252 252 252
252 252 252
252 252 252
252 252 252
252 252 252
252 252 252
252 252 252
251 251 251
251 251 251
251 251 251
251 251 251
251 251 251
251 251 251
251 251 251
251 251 251
250 250 250
250 250 250
250 250 250
251 251 251
251 251 251
251 251 251
252 252 252
252 252 252
251 251 251
251 251 251
251 251 251
251 251 251
251 251 251
251 251 251
251 251 251
251 251 251
252 252 252
252 252 252
252 252 252
252 252 252
252 252 252
252 252 252
252 252 252
252 252 252
251 251 251
251 251 251
252 252 252
252 252 252
253 253 253
254 254 254
255 255 255
255 255 255
255 255 255
255 255 255
255 255 255
255 255 255
255 255 255
255 255 255
255 255 255
255 255 255
255 255 255
255 255 255
255 255 255
255 255 255
255 255 255
255 255 255
255 255 255
255 255 255
255 255 255
255 255 255
255 255 255
255 255 255
255 255 255
255 255 255
255 255 255
255 255 255
255 255 255
255 255 255
255 255 255
255 255 255
255 255 255
255 255 255
255 255 255
255 255 255
255 255 255
255 255 255
255 255 255
255 255 255
255 255 255
255 255 255
255 255 255
255 255 255
255 255 255
255 255 255
255 255 255
254 254 254
254 254 254
253 253 253
253 253 253
253 253 253
252 252 252
254 254 254
255 255 255
255 255 255
255 255 255
255 255 255
252 252 252
250 250 250
248 248 248
252 252 252
255 255 255
254 254 254
250 250 250
249 249 249
252 252 252
255 255 255
249 249 249
249 249 249
252 252 252
252 252 252
252 252 252
252 252 252
252 252 252
252 252 252
252 252 252
252 252 252
252 252 252
252 252 252
252 252 252
252 252 252
252 252 252
252 252 252
252 252 252
252 252 252
249 249 249
249 249 249
250 250 250
250 250 250
251 251 251
251 251 251
251 251 251
251 251 251
250 250 250
250 250 250
250 250 250
250 250 250
250 250 250
250 250 250
250 250 250
250 250 250
251 251 251
251 251 251
251 251 251
251 251 251
251 251 251
251 251 251
251 251 251
251 251 251
252 252 252
252 252 252
252 252 252
253 253 253
253 253 253
253 253 253
254 254 254
254 254 254
255 255 255
255 255 255
255 255 255
255 255 255
255 255 255
255 255 255
255 255 255
255 255 255
255 255 255
255 255 255
255 255 255
255 255 255
255 255 255
255 255 255
255 255 255
255 255 255
255 255 255
255 255 255
255 255 255
255 255 255
255 255 255
255 255 255
255 255 255
255 255 255
255 255 255
255 255 255
255 255 255
255 255 255
255 255 255
255 255 255
255 255 255
255 255 255
255 255 255
255 255 255
255 255 255
255 255 255
255 255 255
255 255 255
255 255 255
255 255 255
255 255 255
255 255 255
255 255 255
255 255 255
255 255 255
255 255 255
255 255 255
255 255 255
253 253 253
253 253 253
253 253 253
254 254 254
254 254 254
255 255 255
255 255 255
255 255 255
246 246 246
249 249 249
252 252 252
255 255 255
255 255 255
254 254 254
250 250 250
248 248 248
253 253 253
253 253 253
253 253 253
252 252 252
252 252 252
252 252 252
251 251 251
251 251 251
255 255 255
255 255 255
255 255 255
254 254 254
254 254 254
253 253 253
253 253 253
253 253 253
252 252 252
252 252 252
252 252 252
252 252 252
252 252 252
252 252 252
252 252 252
252 252 252
250 250 250
250 250 250
250 250 250
251 251 251
251 251 251
252 252 252
252 252 252
252 252 252
252 252 252
252 252 252
252 252 252
252 252 252
252 252 252
252 252 252
252 252 252
252 252 252
251 251 251
251 251 251
251 251 251
251 251 251
251 251 251
251 251 251
251 251 251
251 251 251
250 250 250
250 250 250
250 250 250
251 251 251
251 251 251
252 252 252
252 252 252
252 252 252
251 251 251
251 251 251
251 251 251
251 251 251
251 251 251
251 251 251
251 251 251
251 251 251
252 252 252
252 252 252
252 252 252
252 252 252
252 252 252
252 252 252
252 252 252
252 252 252
251 251 251
251 251 251
252 252 252
252 252 252
253 253 253
254 254 254
255 255 255
255 255 255
255 255 255
255 255 255
255 255 255
255 255 255
255 255 255
255 255 255
255 255 255
255 255 255
255 255 255
255 255 255
255 255 255
255 255 255
255 255 255
255 255 255
255 255 255
255 255 255
255 255 255
255 255 255
255 255 255
255 255 255
255 255 255
255 255 255
255 255 255
255 255 255
255 255 255
255 255 255
255 255 255
255 255 255
255 255 255
255 255 255
255 255 255
255 255 255
255 255 255
255 255 255
255 255 255
255 255 255
255 255 255
255 255 255
255 255 255
255 255 255
255 255 255
255 255 255
255 255 255
254 254 254
254 254 254
253 253 253
253 253 253
253 253 253
252 252 252
254 254 254
255 255 255
255 255 255
255 255 255
255 255 255
252 252 252
250 250 250
248 248 248
252 252 252
255 255 255
254 254 254
250 250 250
249 249 249
252 252 252
255 255 255
252 252 252
252 252 252
253 253 253
253 253 253
253 253 253
253 253 253
253 253 253
253 253 253
253 253 253
253 253 253
253 253 253
253 253 253
253 253 253
253 253 253
253 253 253
253 253 253
253 253 253
253 253 253
250 250 250
250 250 250
251 251 251
251 251 251
251 251 251
252 252 252
252 252 252
252 252 252
251 251 251
251 251 251
251 251 251
251 251 251
251 251 251
251 251 251
251 251 251
251 251 251
252 252 252
252 252 252
252 252 252
252 252 252
252 252 252
252 252 252
252 252 252
252 252 252
252 252 252
252 252 252
252 252 252
253 253 253
253 253 253
253 253 253
254 254 254
254 254 254
255 255 255
255 255 255
255 255 255
255 255 255
255 255 255
255 255 255
255 255 255
255 255 255
255 255 255
255 255 255
255 255 255
255 255 255
255 255 255
255 255 255
255 255 255
255 255 255
255 255 255
255 255 255
255 255 255
255 255 255
255 255 255
255 255 255
255 255 255
255 255 255
255 255 255
255 255 255
255 255 255
255 255 255
255 255 255
255 255 255
255 255 255
255 255 255
255 255 255
255 255 255
255 255 255
255 255 255
255 255 255
255 255 255
255 255 255
255 255 255
255 255 255
255 255 255
255 255 255
255 255 255
255 255 255
255 255 255
255 255 255
255 255 255
253 253 253
253 253 253
253 253 253
254 254 254
254 254 254
255 255 255
255 255 255
255 255 255
245 245 245
248 248 248
252 252 252
255 255 255
255 255 255
254 254 254
250 250 250
247 247 247
254 254 254
254 254 254
253 253 253
253 253 253
252 252 252
252 252 252
252 252 252
252 252 252
255 255 255
255 255 255
255 255 255
254 254 254
254 254 254
253 253 253
253 253 253
253 253 253
253 253 253
253 253 253
253 253 253
253 253 253
253 253 253
253 253 253
253 253 253
253 253 253
250 250 250
251 251 251
251 251 251
251 251 251
252 252 252
252 252 252
252 252 252
253 253 253
253 253 253
253 253 253
253 253 253
253 253 253
253 253 253
253 253 253
253 253 253
253 253 253
252 252 252
252 252 252
252 252 252
252 252 252
252 252 252
252 252 252
252 252 252
252 252 252
250 250 250
251 251 251
251 251 251
251 251 251
252 252 252
252 252 252
252 252 252
253 253 253
252 252 252
252 252 252
252 252 252
252 252 252
252 252 252
252 252 252
252 252 252
252 252 252
252 252 252
252 252 252
252 252 252
252 252 252
252 252 252
252 252 252
252 252 252
252 252 252
251 251 251
251 251 251
252 252 252
252 252 252
253 253 253
254 254 254
255 255 255
255 255 255
255 255 255
255 255 255
255 255 255
255 255 255
255 255 255
255 255 255
255 255 255
255 255 255
255 255 255
255 255 255
255 255 255
255 255 255
255 255 255
255 255 255
255 255 255
255 255 255
255 255 255
255 255 255
255 255 255
255 255 255
255 255 255
255 255 255
255 255 255
255 255 255
255 255 255
255 255 255
255 255 255
255 255 255
255 255 255
255 255 255
255 255 255
255 255 255
255 255 255
255 255 255
255 255 255
255 255 255
255 255 255
255 255 255
255 255 255
255 255 255
255 255 255
255 255 255
255 255 255
254 254 254
254 254 254
253 253 253
253 253 253
253 253 253
252 252 252
254 254 254
255 255 255
255 255 255
255 255 255
255 255 255
252 252 252
250 250 250
248 248 248
252 252 252
255 255 255
254 254 254
250 250 250
249 249 249
252 252 252
255 255 255
255 255 255
255 255 255
253 253 253
253 253 253
253 253 253
253 253 253
253 253 253
253 253 253
253 253 253
253 253 253
253 253 253
253 253 253
253 253 253
253 253 253
253 253 253
253 253 253
253 253 253
253 253 253
251 251 251
251 251 251
252 252 252
252 252 252
252 252 252
253 253 253
253 253 253
253 253 253
252 252 252
252 252 252
252 252 252
252 252 252
252 252 252
252 252 252
252 252 252
252 252 252
252 252 252
252 252 252
252 252 252
252 252 252
252 252 252
252 252 252
252 252 252
252 252 252
252 252 252
252 252 252
252 252 252
253 253 253
253 253 253
253 253 253
254 254 254
254 254 254
255 255 255
255 255 255
255 255 255
255 255 255
255 255 255
255 255 255
255 255 255
255 255 255
255 255 255
255 255 255
255 255 255
255 255 255
255 255 255
255 255 255
255 255 255
255 255 255
255 255 255
255 255 255
255 255 255
255 255 255
255 255 255
255 255 255
255 255 255
255 255 255
255 255 255
255 255 255
255 255 255
255 255 255
255 255 255
255 255 255
255 255 255
255 255 255
255 255 255
255 255 255
255 255 255
255 255 255
255 255 255
255 255 255
255 255 255
255 255 255
255 255 255
255 255 255
255 255 255
255 255 255
255 255 255
255 255 255
255 255 255
255 255 255
253 253 253
253 253 253
253 253 253
254 254 254
254 254 254
255 255 255
255 255 255
255 255 255
246 246 246
248 248 248
251 251 251
254 254 254
254 254 254
252 252 252
250 250 250
248 248 248
254 254 254
254 254 254
254 254 254
253 253 253
253 253 253
253 253 253
252 252 252
252 252 252
255 255 255
255 255 255
255 255 255
254 254 254
254 254 254
253 253 253
253 253 253
253 253 253
253 253 253
253 253 253
253 253 253
253 253 253
253 253 253
253 253 253
253 253 253
253 253 253
251 251 251
251 251 251
251 251 251
252 252 252
252 252 252
253 253 253
253 253 253
253 253 253
253 253 253
253 253 253
253 253 253
253 253 253
253 253 253
253 253 253
253 253 253
253 253 253
252 252 252
252 252 252
252 252 252
252 252 252
252 252 252
252 252 252
252 252 252
252 252 252
251 251 251
251 251 251
251 251 251
252 252 252
252 252 252
253 253 253
253 253 253
253 253 253
252 252 252
252 252 252
252 252 252
252 252 252
252 252 252
252 252 252
252 252 252
252 252 252
252 252 252
252 252 252
252 252 252
252 252 252
252 252 252
252 252 252
252 252 252
252 252 252
251 251 251
251 251 251
252 252 252
252 252 252
253 253 253
254 254 254
255 255 255
255 255 255
255 255 255
255 255 255
255 255 255
255 255 255
255 255 255
255 255 255
255 255 255
255 255 255
255 255 255
255 255 255
255 255 255
255 255 255
255 255 255
255 255 255
255 255 255
255 255 255
255 255 255
255 255 255
255 255 255
255 255 255
255 255 255
255 255 255
255 255 255
255 255 255
255 255 255
255 255 255
255 255 255
255 255 255
255 255 255
255 255 255
255 255 255
255 255 255
255 255 255
255 255 255
255 255 255
255 255 255
255 255 255
255 255 255
255 255 255
255 255 255
255 255 255
255 255 255
255 255 255
254 254 254
254 254 254
253 253 253
253 253 253
253 253 253
252 252 252
254 254 254
255 255 255
255 255 255
255 255 255
255 255 255
252 252 252
250 250 250
248 248 248
252 252 252
255 255 255
254 254 254
250 250 250
249 249 249
252 252 252
255 255 255
255 255 255
255 255 255
254 254 254
254 254 254
254 254 254
254 254 254
254 254 254
254 254 254
254 254 254
254 254 254
254 254 254
254 254 254
254 254 254
254 254 254
254 254 254
254 254 254
254 254 254
254 254 254
252 252 252
252 252 252
253 253 253
253 253 253
253 253 253
254 254 254
254 254 254
254 254 254
253 253 253
253 253 253
253 253 253
253 253 253
253 253 253
253 253 253
253 253 253
253 253 253
252 252 252
252 252 252
252 252 252
252 252 252
252 252 252
252 252 252
252 252 252
252 252 252
252 252 252
252 252 252
252 252 252
253 253 253
253 253 253
253 253 253
254 254 254
254 254 254
255 255 255
255 255 255
255 255 255
255 255 255
255 255 255
255 255 255
255 255 255
255 255 255
255 255 255
255 255 255
255 255 255
255 255 255
255 255 255
255 255 255
255 255 255
255 255 255
255 255 255
255 255 255
255 255 255
255 255 255
255 255 255
255 255 255
255 255 255
255 255 255
255 255 255
255 255 255
255 255 255
255 255 255
255 255 255
255 255 255
255 255 255
255 255 255
255 255 255
255 255 255
255 255 255
255 255 255
255 255 255
255 255 255
255 255 255
255 255 255
255 255 255
255 255 255
255 255 255
255 255 255
255 255 255
255 255 255
255 255 255
255 255 255
253 253 253
253 253 253
253 253 253
254 254 254
254 254 254
255 255 255
255 255 255
255 255 255
249 249 249
249 249 249
249 249 249
249 249 249
250 250 250
250 250 250
251 251 251
251 251 251
255 255 255
254 254 254
254 254 254
254 254 254
253 253 253
253 253 253
253 253 253
253 253 253
255 255 255
255 255 255
255 255 255
254 254 254
254 254 254
253 253 253
253 253 253
253 253 253
254 254 254
254 254 254
254 254 254
254 254 254
254 254 254
254 254 254
254 254 254
254 254 254
251 251 251
252 252 252
252 252 252
252 252 252
253 253 253
253 253 253
253 253 253
253 253 253
254 254 254
254 254 254
254 254 254
254 254 254
254 254 254
254 254 254
254 254 254
254 254 254
252 252 252
252 252 252
252 252 252
252 252 252
252 252 252
252 252 252
252 252 252
252 252 252
251 251 251
252 252 252
252 252 252
252 252 252
253 253 253
253 253 253
253 253 253
253 253 253
252 252 252
252 252 252
252 252 252
252 252 252
252 252 252
252 252 252
252 252 252
252 252 252
252 252 252
252 252 252
252 252 252
252 252 252
252 252 252
252 252 252
252 252 252
252 252 252
251 251 251
251 251 251
252 252 252
252 252 252
253 253 253
254 254 254
255 255 255
255 255 255
255 255 255
255 255 255
255 255 255
255 255 255
255 255 255
255 255 255
255 255 255
255 255 255
255 255 255
255 255 255
255 255 255
255 255 255
255 255 255
255 255 255
255 255 255
255 255 255
255 255 255
255 255 255
255 255 255
255 255 255
255 255 255
255 255 255
255 255 255
255 255 255
255 255 255
255 255 255
255 255 255
255 255 255
255 255 255
255 255 255
255 255 255
255 255 255
255 255 255
255 255 255
255 255 255
255 255 255
255 255 255
255 255 255
255 255 255
255 255 255
255 255 255
255 255 255
255 255 255
254 254 254
254 254 254
253 253 253
253 253 253
253 253 253
252 252 252
254 254 254
255 255 255
255 255 255
255 255 255
255 255 255
252 252 252
250 250 250
248 248 248
252 252 252
255 255 255
254 254 254
250 250 250
249 249 249
252 252 252
255 255 255
255 255 255
255 255 255
254 254 254
254 254 254
254 254 254
254 254 254
254 254 254
254 254 254
254 254 254
254 254 254
254 254 254
254 254 254
254 254 254
254 254 254
254 254 254
254 254 254
254 254 254
254 254 254
253 253 253
253 253 253
253 253 253
254 254 254
254 254 254
254 254 254
255 255 255
255 255 255
254 254 254
254 254 254
254 254 254
254 254 254
254 254 254
254 254 254
254 254 254
254 254 254
253 253 253
253 253 253
253 253 253
253 253 253
253 253 253
253 253 253
253 253 253
253 253 253
252 252 252
252 252 252
252 252 252
253 253 253
253 253 253
253 253 253
254 254 254
254 254 254
255 255 255
255 255 255
255 255 255
255 255 255
255 255 255
255 255 255
255 255 255
255 255 255
255 255 255
255 255 255
255 255 255
255 255 255
255 255 255
255 255 255
255 255 255
255 255 255
255 255 255
255 255 255
255 255 255
255 255 255
255 255 255
255 255 255
255 255 255
255 255 255
255 255 255
255 255 255
255 255 255
255 255 255
255 255 255
255 255 255
255 255 255
255 255 255
255 255 255
255 255 255
255 255 255
255 255 255
255 255 255
255 255 255
255 255 255
255 255 255
255 255 255
255 255 255
255 255 255
255 255 255
255 255 255
255 255 255
255 255 255
255 255 255
253 253 253
253 253 253
253 253 253
254 254 254
254 254 254
255 255 255
255 255 255
255 255 255
254 254 254
251 251 251
247 247 247
244 244 244
244 244 244
248 248 248
253 253 253
255 255 255
255 255 255
255 255 255
254 254 254
254 254 254
254 254 254
253 253 253
253 253 253
253 253 253
255 255 255
255 255 255
255 255 255
254 254 254
254 254 254
253 253 253
253 253 253
253 253 253
254 254 254
254 254 254
254 254 254
254 254 254
254 254 254
254 254 254
254 254 254
254 254 254
252 252 252
252 252 252
252 252 252
253 253 253
253 253 253
253 253 253
254 254 254
254 254 254
254 254 254
254 254 254
254 254 254
254 254 254
254 254 254
254 254 254
254 254 254
254 254 254
253 253 253
253 253 253
253 253 253
253 253 253
253 253 253
253 253 253
253 253 253
253 253 253
252 252 252
252 252 252
252 252 252
253 253 253
253 253 253
253 253 253
254 254 254
254 254 254
253 253 253
253 253 253
253 253 253
253 253 253
253 253 253
253 253 253
253 253 253
253 253 253
252 252 252
252 252 252
252 252 252
252 252 252
252 252 252
252 252 252
252 252 252
252 252 252
251 251 251
251 251 251
252 252 252
252 252 252
253 253 253
254 254 254
255 255 255
255 255 255
255 255 255
255 255 255
255 255 255
255 255 255
255 255 255
255 255 255
255 255 255
255 255 255
255 255 255
255 255 255
255 255 255
255 255 255
255 255 255
255 255 255
255 255 255
255 255 255
255 255 255
255 255 255
255 255 255
255 255 255
255 255 255
255 255 255
255 255 255
255 255 255
255 255 255
255 255 255
255 255 255
255 255 255
255 255 255
255 255 255
255 255 255
255 255 255
255 255 255
255 255 255
255 255 255
255 255 255
255 255 255
255 255 255
255 255 255
255 255 255
255 255 255
255 255 255
255 255 255
254 254 254
254 254 254
253 253 253
253 253 253
253 253 253
252 252 252
254 254 254
255 255 255
255 255 255
255 255 255
255 255 255
252 252 252
250 250 250
248 248 248
252 252 252
255 255 255
254 254 254
250 250 250
249 249 249
252 252 252
255 255 255
255 255 255
255 255 255
254 254 254
254 254 254
254 254 254
254 254 254
254 254 254
254 254 254
254 254 254
254 254 254
254 254 254
254 254 254
254 254 254
254 254 254
254 254 254
254 254 254
254 254 254
254 254 254
253 253 253
253 253 253
254 254 254
254 254 254
254 254 254
255 255 255
255 255 255
255 255 255
254 254 254
254 254 254
254 254 254
254 254 254
254 254 254
254 254 254
254 254 254
254 254 254
253 253 253
253 253 253
253 253 253
253 253 253
253 253 253
253 253 253
253 253 253
253 253 253
252 252 252
252 252 252
252 252 252
253 253 253
253 253 253
253 253 253
254 254 254
254 254 254
255 255 255
255 255 255
255 255 255
255 255 255
255 255 255
255 255 255
255 255 255
255 255 255
255 255 255
255 255 255
255 255 255
255 255 255
255 255 255
255 255 255
255 255 255
255 255 255
255 255 255
255 255 255
255 255 255
255 255 255
255 255 255
255 255 255
255 255 255
255 255 255
255 255 255
255 255 255
255 255 255
255 255 255
255 255 255
255 255 255
255 255 255
255 255 255
255 255 255
255 255 255
255 255 255
255 255 255
255 255 255
255 255 255
255 255 255
255 255 255
255 255 255
255 255 255
255 255 255
255 255 255
255 255 255
255 255 255
255 255 255
255 255 255
253 253 253
253 253 253
253 253 253
254 254 254
254 254 254
255 255 255
255 255 255
255 255 255
255 255 255
252 252 252
245 245 245
241 241 241
241 241 241
246 246 246
254 254 254
255 255 255
255 255 255
255 255 255
255 255 255
254 254 254
254 254 254
254 254 254
253 253 253
253 253 253
255 255 255
255 255 255
255 255 255
254 254 254
254 254 254
253 253 253
253 253 253
253 253 253
254 254 254
254 254 254
254 254 254
254 254 254
254 254 254
254 254 254
254 254 254
254 254 254
252 252 252
252 252 252
252 252 252
253 253 253
253 253 253
254 254 254
254 254 254
254 254 254
254 254 254
254 254 254
254 254 254
254 254 254
254 254 254
254 254 254
254 254 254
254 254 254
253 253 253
253 253 253
253 253 253
253 253 253
253 253 253
253 253 253
253 253 253
253 253 253
252 252 252
252 252 252
252 252 252
253 253 253
253 253 253
254 254 254
254 254 254
254 254 254
253 253 253
253 253 253
253 253 253
253 253 253
253 253 253
253 253 253
253 253 253
253 253 253
252 252 252
252 252 252
252 252 252
252 252 252
252 252 252
252 252 252
252 252 252
252 252 252
251 251 251
251 251 251
252 252 252
252 252 252
253 253 253
254 254 254
255 255 255
255 255 255
255 255 255
255 255 255
255 255 255
255 255 255
255 255 255
255 255 255
255 255 255
255 255 255
255 255 255
255 255 255
255 255 255
255 255 255
255 255 255
255 255 255
255 255 255
255 255 255
255 255 255
255 255 255
255 255 255
255 255 255
255 255 255
255 255 255
255 255 255
255 255 255
255 255 255
255 255 255
255 255 255
255 255 255
255 255 255
255 255 255
255 255 255
255 255 255
255 255 255
255 255 255
255 255 255
255 255 255
255 255 255
255 255 255
255 255 255
255 255 255
255 255 255
255 255 255
255 255 255
254 254 254
254 254 254
253 253 253
253 253 253
253 253 253
252 252 252
254 254 254
255 255 255
255 255 255
255 255 255
255 255 255
252 252 252
250 250 250
248 248 248
252 252 252
255 255 255
254 254 254
250 250 250
249 249 249
252 252 252
255 255 255
253 253 253
253 253 253
255 255 255
255 255 255
255 255 255
255 255 255
255 255 255
255 255 255
255 255 255
255 255 255
255 255 255
255 255 255
255 255 255
255 255 255
255 255 255
255 255 255
255 255 255
255 255 255
255 255 255
255 255 255
255 255 255
255 255 255
255 255 255
255 255 255
255 255 255
255 255 255
255 255 255
255 255 255
255 255 255
255 255 255
255 255 255
255 255 255
255 255 255
255 255 255
255 255 255
255 255 255
255 255 255
255 255 255
255 255 255
255 255 255
255 255 255
255 255 255
255 255 255
255 255 255
255 255 255
255 255 255
255 255 255
255 255 255
255 255 255
255 255 255
255 255 255
255 255 255
255 255 255
255 255 255
255 255 255
255 255 255
255 255 255
255 255 255
255 255 255
255 255 255
255 255 255
255 255 255
255 255 255
255 255 255
255 255 255
255 255 255
255 255 255
255 255 255
255 255 255
255 255 255
255 255 255
255 255 255
255 255 255
255 255 255
255 255 255
255 255 255
255 255 255
255 255 255
255 255 255
255 255 255
255 255 255
255 255 255
255 255 255
255 255 255
255 255 255
255 255 255
255 255 255
255 255 255
255 255 255
255 255 255
255 255 255
255 255 255
255 255 255
255 255 255
255 255 255
255 255 255
255 255 255
255 255 255
254 254 254
254 254 254
253 253 253
253 253 253
253 253 253
252 252 252
252 252 252
252 252 252
255 255 255
255 255 255
255 255 255
255 255 255
255 255 255
255 255 255
255 255 255
255 255 255
252 252 252
252 252 252
252 252 252
253 253 253
253 253 253
253 253 253
254 254 254
254 254 254
255 255 255
255 255 255
255 255 255
255 255 255
255 255 255
255 255 255
255 255 255
255 255 255
255 255 255
255 255 255
255 255 255
255 255 255
255 255 255
255 255 255
255 255 255
255 255 255
255 255 255
255 255 255
255 255 255
255 255 255
255 255 255
255 255 255
255 255 255
255 255 255
255 255 255
255 255 255
255 255 255
255 255 255
255 255 255
255 255 255
255 255 255
255 255 255
255 255 255
255 255 255
255 255 255
255 255 255
255 255 255
255 255 255
255 255 255
255 255 255
255 255 255
255 255 255
255 255 255
255 255 255
255 255 255
255 255 255
255 255 255
255 255 255
255 255 255
255 255 255
255 255 255
255 255 255
255 255 255
255 255 255
255 255 255
255 255 255
255 255 255
252 252 252
255 255 255
255 255 255
250 250 250
253 253 253
252 252 252
249 249 249
255 255 255
254 254 254
248 248 248
248 248 248
253 253 253
255 255 255
255 255 255
255 255 255
255 255 255
255 255 255
255 255 255
255 255 255
255 255 255
255 255 255
255 255 255
255 255 255
255 255 255
255 255 255
255 255 255
255 255 255
255 255 255
255 255 255
255 255 255
255 255 255
255 255 255
255 255 255
255 255 255
255 255 255
255 255 255
255 255 255
255 255 255
255 255 255
243 243 243
253 253 253
255 255 255
255 255 255
255 255 255
252 252 252
252 252 252
255 255 255
255 255 255
255 255 255
255 255 255
255 255 255
255 255 255
255 255 255
255 255 255
255 255 255
255 255 255
255 255 255
255 255 255
255 255 255
255 255 255
255 255 255
255 255 255
255 255 255
253 253 253
253 253 253
253 253 253
253 253 253
253 253 253
253 253 253
253 253 253
253 253 253
255 255 255
255 255 255
255 255 255
255 255 255
255 255 255
255 255 255
255 255 255
255 255 255
253 253 253
253 253 253
255 255 255
255 255 255
255 255 255
255 255 255
255 255 255
255 255 255
255 255 255
255 255 255
255 255 255
255 255 255
255 255 255
255 255 255
255 255 255
255 255 255
255 255 255
255 255 255
255 255 255
255 255 255
255 255 255
255 255 255
255 255 255
255 255 255
255 255 255
255 255 255
255 255 255
255 255 255
255 255 255
255 255 255
255 255 255
255 255 255
255 255 255
255 255 255
255 255 255
255 255 255
255 255 255
255 255 255
255 255 255
255 255 255
255 255 255
255 255 255
255 255 255
255 255 255
255 255 255
255 255 255
255 255 255
255 255 255
255 255 255
255 255 255
255 255 255
255 255 255
255 255 255
255 255 255
255 255 255
255 255 255
255 255 255
255 255 255
255 255 255
255 255 255
255 255 255
255 255 255
255 255 255
255 255 255
255 255 255
255 255 255
255 255 255
255 255 255
255 255 255
255 255 255
255 255 255
255 255 255
255 255 255
255 255 255
255 255 255
255 255 255
255 255 255
255 255 255
255 255 255
255 255 255
255 255 255
255 255 255
255 255 255
255 255 255
255 255 255
255 255 255
255 255 255
255 255 255
255 255 255
255 255 255
255 255 255
255 255 255
255 255 255
255 255 255
255 255 255
255 255 255
255 255 255
255 255 255
254 254 254
254 254 254
254 254 254
253 253 253
253 253 253
252 252 252
252 252 252
252 252 252
255 255 255
255 255 255
255 255 255
255 255 255
255 255 255
255 255 255
255 255 255
255 255 255
252 252 252
252 252 252
252 252 252
253 253 253
253 253 253
254 254 254
254 254 254
254 254 254
255 255 255
255 255 255
255 255 255
255 255 255
255 255 255
255 255 255
255 255 255
255 255 255
255 255 255
255 255 255
255 255 255
255 255 255
255 255 255
255 255 255
255 255 255
255 255 255
255 255 255
255 255 255
255 255 255
255 255 255
255 255 255
255 255 255
255 255 255
255 255 255
255 255 255
255 255 255
255 255 255
255 255 255
255 255 255
255 255 255
255 255 255
255 255 255
255 255 255
255 255 255
255 255 255
255 255 255
255 255 255
255 255 255
255 255 255
255 255 255
255 255 255
255 255 255
255 255 255
255 255 255
255 255 255
255 255 255
255 255 255
255 255 255
255 255 255
255 255 255
255 255 255
255 255 255
255 255 255
255 255 255
255 255 255
255 255 255
249 249 249
253 253 253
255 255 255
252 252 252
244 244 244
249 249 249
254 254 254
255 255 255
247 247 247
255 255 255
255 255 255
255 255 255
255 255 255
251 251 251
252 252 252
255 255 255
255 255 255
255 255 255
255 255 255
255 255 255
255 255 255
255 255 255
255 255 255
255 255 255
255 255 255
255 255 255
255 255 255
255 255 255
255 255 255
255 255 255
255 255 255
255 255 255
255 255 255
255 255 255
255 255 255
255 255 255
255 255 255
255 255 255
255 255 255
255 255 255
255 255 255
255 255 255
255 255 255
255 255 255
253 253 253
251 251 251
255 255 255
255 255 255
255 255 255
255 255 255
255 255 255
255 255 255
255 255 255
255 255 255
255 255 255
255 255 255
255 255 255
255 255 255
255 255 255
255 255 255
255 255 255
255 255 255
255 255 255
255 255 255
253 253 253
253 253 253
253 253 253
253 253 253
253 253 253
253 253 253
253 253 253
253 253 253
255 255 255
255 255 255
255 255 255
255 255 255
255 255 255
255 255 255
255 255 255
255 255 255
253 253 253
253 253 253
255 255 255
255 255 255
255 255 255
255 255 255
255 255 255
255 255 255
255 255 255
255 255 255
255 255 255
255 255 255
255 255 255
255 255 255
255 255 255
255 255 255
255 255 255
255 255 255
255 255 255
255 255 255
255 255 255
255 255 255
255 255 255
255 255 255
255 255 255
255 255 255
255 255 255
255 255 255
255 255 255
255 255 255
255 255 255
255 255 255
255 255 255
255 255 255
255 255 255
255 255 255
255 255 255
255 255 255
255 255 255
255 255 255
255 255 255
255 255 255
255 255 255
255 255 255
255 255 255
255 255 255
255 255 255
255 255 255
255 255 255
255 255 255
255 255 255
255 255 255
255 255 255
255 255 255
255 255 255
255 255 255
255 255 255
255 255 255
255 255 255
255 255 255
255 255 255
255 255 255
255 255 255
255 255 255
255 255 255
255 255 255
255 255 255
255 255 255
255 255 255
255 255 255
255 255 255
255 255 255
255 255 255
255 255 255
255 255 255
255 255 255
255 255 255
255 255 255
255 255 255
255 255 255
255 255 255
255 255 255
255 255 255
255 255 255
255 255 255
255 255 255
255 255 255
255 255 255
255 255 255
255 255 255
255 255 255
255 255 255
255 255 255
255 255 255
255 255 255
255 255 255
255 255 255
255 255 255
254 254 254
254 254 254
254 254 254
254 254 254
253 253 253
253 253 253
252 252 252
252 252 252
253 253 253
253 253 253
253 253 253
253 253 253
253 253 253
253 253 253
253 253 253
253 253 253
252 252 252
252 252 252
253 253 253
253 253 253
254 254 254
254 254 254
254 254 254
254 254 254
255 255 255
255 255 255
255 255 255
255 255 255
255 255 255
255 255 255
255 255 255
255 255 255
255 255 255
255 255 255
255 255 255
255 255 255
255 255 255
255 255 255
255 255 255
255 255 255
255 255 255
255 255 255
255 255 255
255 255 255
255 255 255
255 255 255
255 255 255
255 255 255
255 255 255
255 255 255
255 255 255
255 255 255
255 255 255
255 255 255
255 255 255
255 255 255
255 255 255
255 255 255
255 255 255
255 255 255
255 255 255
255 255 255
255 255 255
255 255 255
255 255 255
255 255 255
255 255 255
255 255 255
255 255 255
255 255 255
255 255 255
255 255 255
255 255 255
255 255 255
255 255 255
255 255 255
255 255 255
255 255 255
255 255 255
255 255 255
255 255 255
255 255 255
253 253 253
247 247 247
251 251 251
255 255 255
255 255 255
255 255 255
255 255 255
254 254 254
247 247 247
246 246 246
249 249 249
253 253 253
255 255 255
255 255 255
255 255 255
255 255 255
255 255 255
255 255 255
255 255 255
255 255 255
255 255 255
255 255 255
255 255 255
255 255 255
255 255 255
255 255 255
255 255 255
255 255 255
255 255 255
255 255 255
255 255 255
255 255 255
255 255 255
255 255 255
255 255 255
255 255 255
255 255 255
255 255 255
251 251 251
253 253 253
254 254 254
252 252 252
248 248 248
247 247 247
250 250 250
254 254 254
255 255 255
255 255 255
255 255 255
255 255 255
255 255 255
255 255 255
255 255 255
255 255 255
255 255 255
255 255 255
255 255 255
255 255 255
255 255 255
255 255 255
255 255 255
255 255 255
253 253 253
253 253 253
253 253 253
253 253 253
253 253 253
253 253 253
253 253 253
253 253 253
253 253 253
253 253 253
253 253 253
253 253 253
253 253 253
253 253 253
253 253 253
253 253 253
253 253 253
253 253 253
255 255 255
255 255 255
255 255 255
255 255 255
255 255 255
255 255 255
255 255 255
255 255 255
255 255 255
255 255 255
255 255 255
255 255 255
255 255 255
255 255 255
255 255 255
255 255 255
255 255 255
255 255 255
255 255 255
255 255 255
255 255 255
255 255 255
255 255 255
255 255 255
255 255 255
255 255 255
255 255 255
255 255 255
255 255 255
255 255 255
255 255 255
255 255 255
255 255 255
255 255 255
255 255 255
255 255 255
255 255 255
255 255 255
255 255 255
255 255 255
255 255 255
255 255 255
255 255 255
255 255 255
255 255 255
255 255 255
255 255 255
255 255 255
255 255 255
255 255 255
255 255 255
255 255 255
255 255 255
255 255 255
255 255 255
255 255 255
255 255 255
255 255 255
255 255 255
255 255 255
255 255 255
255 255 255
255 255 255
255 255 255
255 255 255
255 255 255
255 255 255
255 255 255
255 255 255
255 255 255
255 255 255
255 255 255
255 255 255
255 255 255
255 255 255
255 255 255
255 255 255
255 255 255
255 255 255
255 255 255
255 255 255
255 255 255
255 255 255
255 255 255
255 255 255
255 255 255
255 255 255
255 255 255
255 255 255
255 255 255
255 255 255
255 255 255
255 255 255
255 255 255
255 255 255
255 255 255
255 255 255
255 255 255
254 254 254
254 254 254
254 254 254
253 253 253
253 253 253
253 253 253
251 251 251
251 251 251
251 251 251
251 251 251
251 251 251
251 251 251
251 251 251
251 251 251
253 253 253
253 253 253
253 253 253
254 254 254
254 254 254
254 254 254
255 255 255
255 255 255
255 255 255
255 255 255
255 255 255
255 255 255
255 255 255
255 255 255
255 255 255
255 255 255
255 255 255
255 255 255
255 255 255
255 255 255
255 255 255
255 255 255
255 255 255
255 255 255
255 255 255
255 255 255
255 255 255
255 255 255
255 255 255
255 255 255
255 255 255
255 255 255
255 255 255
255 255 255
255 255 255
255 255 255
255 255 255
255 255 255
255 255 255
255 255 255
255 255 255
255 255 255
255 255 255
255 255 255
255 255 255
255 255 255
255 255 255
255 255 255
255 255 255
255 255 255
255 255 255
255 255 255
255 255 255
255 255 255
255 255 255
255 255 255
255 255 255
255 255 255
255 255 255
255 255 255
255 255 255
255 255 255
255 255 255
255 255 255
244 244 244
254 254 254
253 253 253
255 255 255
255 255 255
255 255 255
253 253 253
248 248 248
247 247 247
252 252 252
255 255 255
255 255 255
250 250 250
248 248 248
253 253 253
255 255 255
255 255 255
255 255 255
255 255 255
255 255 255
255 255 255
255 255 255
255 255 255
255 255 255
255 255 255
255 255 255
255 255 255
255 255 255
255 255 255
255 255 255
255 255 255
255 255 255
255 255 255
255 255 255
255 255 255
255 255 255
255 255 255
255 255 255
255 255 255
255 255 255
250 250 250
252 252 252
253 253 253
254 254 254
254 254 254
255 255 255
255 255 255
255 255 255
255 255 255
255 255 255
255 255 255
255 255 255
255 255 255
255 255 255
255 255 255
255 255 255
255 255 255
255 255 255
255 255 255
255 255 255
255 255 255
255 255 255
255 255 255
255 255 255
254 254 254
254 254 254
254 254 254
254 254 254
254 254 254
254 254 254
254 254 254
254 254 254
251 251 251
251 251 251
251 251 251
251 251 251
251 251 251
251 251 251
251 251 251
251 251 251
254 254 254
254 254 254
255 255 255
255 255 255
255 255 255
255 255 255
255 255 255
255 255 255
255 255 255
255 255 255
255 255 255
255 255 255
255 255 255
255 255 255
255 255 255
255 255 255
255 255 255
255 255 255
255 255 255
255 255 255
255 255 255
255 255 255
255 255 255
255 255 255
255 255 255
255 255 255
255 255 255
255 255 255
255 255 255
255 255 255
255 255 255
255 255 255
255 255 255
255 255 255
255 255 255
255 255 255
255 255 255
255 255 255
255 255 255
255 255 255
255 255 255
255 255 255
255 255 255
255 255 255
255 255 255
255 255 255
255 255 255
255 255 255
255 255 255
255 255 255
255 255 255
255 255 255
255 255 255
255 255 255
255 255 255
255 255 255
255 255 255
255 255 255
255 255 255
255 255 255
255 255 255
255 255 255
255 255 255
255 255 255
255 255 255
255 255 255
255 255 255
255 255 255
255 255 255
255 255 255
255 255 255
255 255 255
255 255 255
255 255 255
255 255 255
255 255 255
255 255 255
255 255 255
255 255 255
255 255 255
255 255 255
255 255 255
255 255 255
255 255 255
255 255 255
255 255 255
255 255 255
255 255 255
255 255 255
255 255 255
255 255 255
255 255 255
255 255 255
255 255 255
255 255 255
255 255 255
255 255 255
255 255 255
255 255 255
255 255 255
255 255 255
254 254 254
254 254 254
254 254 254
253 253 253
253 253 253
251 251 251
251 251 251
251 251 251
251 251 251
251 251 251
251 251 251
251 251 251
251 251 251
253 253 253
253 253 253
254 254 254
254 254 254
254 254 254
255 255 255
255 255 255
255 255 255
255 255 255
255 255 255
255 255 255
255 255 255
255 255 255
255 255 255
255 255 255
255 255 255
255 255 255
255 255 255
255 255 255
255 255 255
255 255 255
255 255 255
255 255 255
255 255 255
255 255 255
255 255 255
255 255 255
255 255 255
255 255 255
255 255 255
255 255 255
255 255 255
255 255 255
255 255 255
255 255 255
255 255 255
255 255 255
255 255 255
255 255 255
255 255 255
255 255 255
255 255 255
255 255 255
255 255 255
255 255 255
255 255 255
255 255 255
255 255 255
255 255 255
255 255 255
255 255 255
255 255 255
255 255 255
255 255 255
255 255 255
255 255 255
255 255 255
255 255 255
255 255 255
255 255 255
255 255 255
255 255 255
255 255 255
255 255 255
250 250 250
255 255 255
250 250 250
255 255 255
255 255 255
240 240 240
255 255 255
255 255 255
255 255 255
255 255 255
249 249 249
248 248 248
255 255 255
255 255 255
255 255 255
255 255 255
255 255 255
255 255 255
255 255 255
255 255 255
255 255 255
255 255 255
255 255 255
255 255 255
255 255 255
255 255 255
255 255 255
255 255 255
255 255 255
255 255 255
255 255 255
255 255 255
255 255 255
255 255 255
255 255 255
255 255 255
255 255 255
255 255 255
255 255 255
255 255 255
255 255 255
254 254 254
252 252 252
252 252 252
253 253 253
254 254 254
254 254 254
254 254 254
255 255 255
255 255 255
255 255 255
255 255 255
255 255 255
255 255 255
255 255 255
255 255 255
255 255 255
255 255 255
255 255 255
255 255 255
255 255 255
255 255 255
255 255 255
255 255 255
254 254 254
254 254 254
254 254 254
254 254 254
254 254 254
254 254 254
254 254 254
254 254 254
251 251 251
251 251 251
251 251 251
251 251 251
251 251 251
251 251 251
251 251 251
251 251 251
254 254 254
254 254 254
255 255 255
255 255 255
255 255 255
255 255 255
255 255 255
255 255 255
255 255 255
255 255 255
255 255 255
255 255 255
255 255 255
255 255 255
255 255 255
255 255 255
255 255 255
255 255 255
255 255 255
255 255 255
255 255 255
255 255 255
255 255 255
255 255 255
255 255 255
255 255 255
255 255 255
255 255 255
255 255 255
255 255 255
255 255 255
255 255 255
255 255 255
255 255 255
255 255 255
255 255 255
255 255 255
255 255 255
255 255 255
255 255 255
255 255 255
255 255 255
255 255 255
255 255 255
255 255 255
255 255 255
255 255 255
255 255 255
255 255 255
255 255 255
255 255 255
255 255 255
255 255 255
255 255 255
255 255 255
255 255 255
255 255 255
255 255 255
255 255 255
255 255 255
255 255 255
255 255 255
255 255 255
255 255 255
255 255 255
255 255 255
255 255 255
255 255 255
255 255 255
255 255 255
255 255 255
255 255 255
255 255 255
255 255 255
255 255 255
255 255 255
255 255 255
255 255 255
255 255 255
255 255 255
255 255 255
255 255 255
255 255 255
255 255 255
255 255 255
255 255 255
255 255 255
255 255 255
255 255 255
255 255 255
255 255 255
255 255 255
255 255 255
255 255 255
255 255 255
255 255 255
255 255 255
255 255 255
255 255 255
255 255 255
255 255 255
255 255 255
254 254 254
254 254 254
254 254 254
254 254 254
253 253 253
253 253 253
253 253 253
253 253 253
253 253 253
253 253 253
253 253 253
253 253 253
254 254 254
254 254 254
254 254 254
254 254 254
255 255 255
255 255 255
255 255 255
255 255 255
255 255 255
255 255 255
255 255 255
255 255 255
255 255 255
255 255 255
255 255 255
255 255 255
255 255 255
255 255 255
255 255 255
255 255 255
255 255 255
255 255 255
255 255 255
255 255 255
255 255 255
255 255 255
255 255 255
255 255 255
255 255 255
255 255 255
255 255 255
255 255 255
255 255 255
255 255 255
255 255 255
255 255 255
255 255 255
255 255 255
255 255 255
255 255 255
255 255 255
255 255 255
255 255 255
255 255 255
255 255 255
255 255 255
255 255 255
255 255 255
255 255 255
255 255 255
255 255 255
255 255 255
255 255 255
255 255 255
255 255 255
255 255 255
255 255 255
255 255 255
255 255 255
255 255 255
255 255 255
255 255 255
255 255 255
255 255 255
255 255 255
255 255 255
249 249 249
255 255 255
255 255 255
246 246 246
255 255 255
236 236 236
251 251 251
247 247 247
246 246 246
251 251 251
255 255 255
255 255 255
255 255 255
252 252 252
255 255 255
255 255 255
255 255 255
255 255 255
255 255 255
255 255 255
255 255 255
255 255 255
255 255 255
255 255 255
255 255 255
255 255 255
255 255 255
255 255 255
255 255 255
255 255 255
255 255 255
255 255 255
255 255 255
255 255 255
255 255 255
255 255 255
255 255 255
255 255 255
255 255 255
255 255 255
255 255 255
255 255 255
255 255 255
255 255 255
249 249 249
242 242 242
255 255 255
255 255 255
255 255 255
255 255 255
255 255 255
255 255 255
255 255 255
255 255 255
255 255 255
255 255 255
255 255 255
255 255 255
255 255 255
255 255 255
255 255 255
255 255 255
255 255 255
255 255 255
255 255 255
255 255 255
255 255 255
255 255 255
255 255 255
255 255 255
253 253 253
253 253 253
253 253 253
253 253 253
253 253 253
253 253 253
253 253 253
253 253 253
255 255 255
255 255 255
255 255 255
255 255 255
255 255 255
255 255 255
255 255 255
255 255 255
255 255 255
255 255 255
255 255 255
255 255 255
255 255 255
255 255 255
255 255 255
255 255 255
255 255 255
255 255 255
255 255 255
255 255 255
255 255 255
255 255 255
255 255 255
255 255 255
255 255 255
255 255 255
255 255 255
255 255 255
255 255 255
255 255 255
255 255 255
255 255 255
255 255 255
255 255 255
255 255 255
255 255 255
255 255 255
255 255 255
255 255 255
255 255 255
255 255 255
255 255 255
255 255 255
255 255 255
255 255 255
255 255 255
255 255 255
255 255 255
255 255 255
255 255 255
255 255 255
255 255 255
255 255 255
255 255 255
255 255 255
255 255 255
255 255 255
255 255 255
255 255 255
255 255 255
255 255 255
255 255 255
255 255 255
255 255 255
255 255 255
255 255 255
255 255 255
255 255 255
255 255 255
255 255 255
255 255 255
255 255 255
255 255 255
255 255 255
255 255 255
255 255 255
255 255 255
255 255 255
255 255 255
255 255 255
255 255 255
255 255 255
255 255 255
255 255 255
255 255 255
255 255 255
255 255 255
255 255 255
255 255 255
255 255 255
255 255 255
255 255 255
255 255 255
255 255 255
255 255 255
255 255 255
255 255 255
255 255 255
255 255 255
255 255 255
255 255 255
255 255 255
255 255 255
254 254 254
254 254 254
254 254 254
255 255 255
255 255 255
255 255 255
255 255 255
255 255 255
255 255 255
255 255 255
255 255 255
254 254 254
254 254 254
254 254 254
255 255 255
255 255 255
255 255 255
255 255 255
255 255 255
255 255 255
255 255 255
255 255 255
255 255 255
255 255 255
255 255 255
255 255 255
255 255 255
255 255 255
255 255 255
255 255 255
255 255 255
255 255 255
255 255 255
255 255 255
255 255 255
255 255 255
255 255 255
255 255 255
255 255 255
255 255 255
255 255 255
255 255 255
255 255 255
255 255 255
255 255 255
255 255 255
255 255 255
255 255 255
255 255 255
255 255 255
255 255 255
255 255 255
255 255 255
255 255 255
255 255 255
255 255 255
255 255 255
255 255 255
255 255 255
255 255 255
255 255 255
255 255 255
255 255 255
255 255 255
255 255 255
255 255 255
255 255 255
255 255 255
255 255 255
255 255 255
255 255 255
255 255 255
255 255 255
255 255 255
255 255 255
245 245 245
255 255 255
255 255 255
255 255 255
226 226 226
211 211 211
210 210 210
146 146 146
152 152 152
194 194 194
242 242 242
255 255 255
253 253 253
241 241 241
244 244 244
253 253 253
255 255 255
255 255 255
255 255 255
255 255 255
255 255 255
255 255 255
255 255 255
255 255 255
255 255 255
255 255 255
255 255 255
255 255 255
255 255 255
255 255 255
255 255 255
255 255 255
255 255 255
255 255 255
255 255 255
255 255 255
255 255 255
255 255 255
255 255 255
255 255 255
255 255 255
250 250 250
240 240 240
238 238 238
244 244 244
253 253 253
255 255 255
255 255 255
255 255 255
255 255 255
255 255 255
255 255 255
255 255 255
255 255 255
255 255 255
255 255 255
255 255 255
255 255 255
255 255 255
255 255 255
255 255 255
255 255 255
255 255 255
255 255 255
255 255 255
255 255 255
255 255 255
255 255 255
255 255 255
255 255 255
255 255 255
255 255 255
255 255 255
255 255 255
255 255 255
255 255 255
255 255 255
255 255 255
255 255 255
255 255 255
255 255 255
255 255 255
255 255 255
255 255 255
255 255 255
255 255 255
255 255 255
255 255 255
255 255 255
255 255 255
255 255 255
255 255 255
255 255 255
255 255 255
255 255 255
255 255 255
255 255 255
255 255 255
255 255 255
255 255 255
255 255 255
255 255 255
255 255 255
255 255 255
255 255 255
255 255 255
255 255 255
255 255 255
255 255 255
255 255 255
255 255 255
255 255 255
255 255 255
255 255 255
255 255 255
255 255 255
255 255 255
255 255 255
255 255 255
255 255 255
255 255 255
255 255 255
255 255 255
255 255 255
255 255 255
255 255 255
255 255 255
255 255 255
255 255 255
255 255 255
255 255 255
255 255 255
255 255 255
255 255 255
255 255 255
255 255 255
255 255 255
255 255 255
255 255 255
255 255 255
255 255 255
255 255 255
255 255 255
255 255 255
255 255 255
255 255 255
255 255 255
255 255 255
255 255 255
255 255 255
255 255 255
255 255 255
255 255 255
255 255 255
255 255 255
255 255 255
255 255 255
255 255 255
255 255 255
255 255 255
255 255 255
255 255 255
255 255 255
255 255 255
255 255 255
255 255 255
255 255 255
255 255 255
255 255 255
255 255 255
255 255 255
255 255 255
255 255 255
255 255 255
255 255 255
255 255 255
255 255 255
255 255 255
255 255 255
255 255 255
255 255 255
255 255 255
255 255 255
255 255 255
254 254 254
254 254 254
255 255 255
255 255 255
255 255 255
255 255 255
255 255 255
255 255 255
255 255 255
255 255 255
254 254 254
254 254 254
255 255 255
255 255 255
255 255 255
255 255 255
255 255 255
255 255 255
255 255 255
255 255 255
255 255 255
255 255 255
255 255 255
255 255 255
255 255 255
255 255 255
255 255 255
255 255 255
255 255 255
255 255 255
255 255 255
255 255 255
255 255 255
255 255 255
255 255 255
255 255 255
255 255 255
255 255 255
255 255 255
255 255 255
255 255 255
255 255 255
255 255 255
255 255 255
255 255 255
255 255 255
255 255 255
255 255 255
255 255 255
255 255 255
255 255 255
255 255 255
255 255 255
255 255 255
255 255 255
255 255 255
255 255 255
255 255 255
255 255 255
255 255 255
255 255 255
255 255 255
255 255 255
255 255 255
255 255 255
255 255 255
255 255 255
255 255 255
255 255 255
255 255 255
255 255 255
255 255 255
255 255 255
255 255 255
246 246 246
255 255 255
253 253 253
191 191 191
104 104 104
105 105 105
158 158 158
121 121 121
142 142 142
143 143 143
158 158 158
191 191 191
230 230 230
255 255 255
255 255 255
255 255 255
255 255 255
255 255 255
255 255 255
255 255 255
255 255 255
255 255 255
255 255 255
255 255 255
255 255 255
255 255 255
255 255 255
255 255 255
255 255 255
255 255 255
255 255 255
255 255 255
255 255 255
255 255 255
255 255 255
255 255 255
255 255 255
255 255 255
255 255 255
255 255 255
237 237 237
209 209 209
175 175 175
159 159 159
173 173 173
208 208 208
244 244 244
255 255 255
255 255 255
255 255 255
255 255 255
255 255 255
255 255 255
255 255 255
255 255 255
255 255 255
255 255 255
255 255 255
255 255 255
255 255 255
255 255 255
255 255 255
255 255 255
255 255 255
255 255 255
255 255 255
255 255 255
255 255 255
255 255 255
255 255 255
255 255 255
255 255 255
255 255 255
255 255 255
255 255 255
255 255 255
255 255 255
255 255 255
255 255 255
255 255 255
255 255 255
255 255 255
255 255 255
255 255 255
255 255 255
255 255 255
255 255 255
255 255 255
255 255 255
255 255 255
255 255 255
255 255 255
255 255 255
255 255 255
255 255 255
255 255 255
255 255 255
255 255 255
255 255 255
255 255 255
255 255 255
255 255 255
255 255 255
255 255 255
255 255 255
255 255 255
255 255 255
255 255 255
255 255 255
255 255 255
255 255 255
255 255 255
255 255 255
255 255 255
255 255 255
255 255 255
255 255 255
255 255 255
255 255 255
255 255 255
255 255 255
255 255 255
255 255 255
255 255 255
255 255 255
255 255 255
255 255 255
255 255 255
255 255 255
255 255 255
255 255 255
255 255 255
255 255 255
255 255 255
255 255 255
255 255 255
255 255 255
255 255 255
255 255 255
255 255 255
255 255 255
255 255 255
255 255 255
255 255 255
255 255 255
255 255 255
255 255 255
255 255 255
255 255 255
255 255 255
255 255 255
255 255 255
255 255 255
255 255 255
255 255 255
255 255 255
255 255 255
255 255 255
255 255 255
255 255 255
255 255 255
255 255 255
255 255 255
255 255 255
255 255 255
255 255 255
255 255 255
255 255 255
255 255 255
255 255 255
255 255 255
255 255 255
255 255 255
255 255 255
255 255 255
255 255 255
255 255 255
255 255 255
255 255 255
255 255 255
255 255 255
255 255 255
255 255 255
255 255 255
255 255 255
255 255 255
255 255 255
255 255 255
255 255 255
255 255 255
255 255 255
255 255 255
255 255 255
255 255 255
255 255 255
255 255 255
255 255 255
255 255 255
255 255 255
255 255 255
255 255 255
255 255 255
255 255 255
255 255 255
255 255 255
255 255 255
255 255 255
255 255 255
255 255 255
255 255 255
255 255 255
255 255 255
255 255 255
255 255 255
255 255 255
255 255 255
255 255 255
255 255 255
255 255 255
255 255 255
255 255 255
255 255 255
255 255 255
255 255 255
255 255 255
255 255 255
255 255 255
255 255 255
255 255 255
255 255 255
255 255 255
255 255 255
255 255 255
255 255 255
255 255 255
255 255 255
255 255 255
255 255 255
255 255 255
255 255 255
255 255 255
255 255 255
255 255 252
255 255 252
255 255 252
255 255 252
255 255 252
255 255 254
255 255 254
255 255 254
255 255 255
248 248 248
249 249 249
253 255 255
253 255 255
249 251 252
248 250 251
253 255 255
243 253 255
243 249 255
212 214 225
90 87 102
99 92 107
69 62 77
81 76 91
46 46 60
73 77 88
86 93 102
130 138 145
179 184 187
190 187 189
182 172 172
205 190 188
248 228 227
255 252 245
255 254 247
255 255 248
195 186 177
151 143 136
173 167 160
191 188 183
255 255 251
247 246 242
255 255 254
255 255 254
254 252 252
255 255 255
255 254 255
253 248 250
255 253 255
255 252 244
255 244 236
255 255 248
255 255 249
255 252 246
255 248 242
239 228 224
192 181 177
169 158 154
149 140 137
155 146 143
158 150 150
177 169 169
176 168 168
225 217 217
255 254 254
243 245 246
252 254 255
252 254 255
253 255 255
253 255 255
253 255 255
250 252 253
253 255 255
253 255 255
255 255 255
255 255 255
255 255 255
255 255 255
255 255 255
255 255 255
255 255 255
255 255 255
255 255 255
255 255 255
255 255 255
255 255 255
255 255 255
255 255 255
255 255 255
255 255 255
255 255 255
255 255 255
255 255 255
255 255 255
255 255 255
255 255 255
255 255 255
255 255 255
255 255 255
255 255 255
255 255 255
255 255 255
255 255 255
255 255 255
255 255 255
255 255 255
255 255 255
255 255 255
255 255 255
255 255 255
255 255 255
255 255 255
255 255 255
255 255 255
255 255 255
255 255 255
255 255 255
255 255 255
255 255 255
255 255 255
255 255 255
255 255 255
255 255 255
255 255 255
255 255 255
255 255 255
255 255 255
255 255 255
255 255 255
255 255 255
255 255 255
255 255 255
255 255 255
255 255 255
255 255 255
255 255 255
255 255 255
255 255 255
255 255 255
255 255 255
255 255 255
255 255 255
255 255 255
255 255 255
255 255 255
255 255 255
255 255 255
255 255 255
255 255 255
255 255 255
255 255 255
255 255 255
255 255 255
255 255 255
255 255 255
255 255 255
255 255 255
255 255 255
255 255 255
255 255 255
255 255 255
255 255 255
255 255 255
255 255 255
255 255 255
255 255 255
255 255 255
255 255 255
255 255 255
255 255 255
255 255 255
255 255 255
255 255 255
255 255 255
255 255 255
255 255 255
255 255 255
255 255 255
255 255 255
255 255 255
255 255 255
255 255 255
255 255 255
255 255 255
255 255 255
255 255 255
255 255 255
255 255 255
255 255 255
255 255 255
255 255 255
255 255 255
255 255 255
255 255 255
255 255 255
255 255 255
255 255 255
255 255 255
255 255 255
255 255 255
255 255 255
255 255 255
255 255 255
255 255 255
255 255 255
255 255 255
255 255 255
255 255 255
255 255 255
255 255 255
255 255 255
255 255 255
255 255 255
255 255 255
255 255 255
255 255 255
255 255 255
255 255 255
255 255 255
255 255 255
255 255 255
255 255 255
255 255 255
255 255 255
255 255 255
255 255 255
255 255 255
255 255 255
255 255 255
255 255 255
255 255 255
255 255 255
255 255 255
255 255 255
255 255 255
255 255 255
255 255 255
255 255 255
255 255 255
255 255 255
255 255 255
255 255 255
255 255 255
255 255 255
255 255 255
255 255 255
255 255 255
255 255 255
255 255 255
255 255 255
255 255 255
255 255 255
255 255 255
255 255 255
255 255 255
255 255 255
255 255 255
255 255 255
255 255 255
255 255 252
255 255 252
255 255 252
255 255 252
255 255 252
255 255 254
255 255 254
255 255 254
255 255 255
255 255 255
255 255 255
251 253 254
249 251 252
250 252 253
252 254 255
253 255 255
246 254 255
232 238 245
155 156 166
31 27 38
4 0 8
41 32 45
31 24 37
19 17 29
15 17 27
63 71 78
101 107 112
109 113 114
137 135 135
188 178 178
207 189 188
190 169 167
165 152 144
176 163 155
190 178 172
184 174 167
197 191 184
160 156 151
167 164 159
150 149 145
175 176 174
241 242 240
255 255 255
247 247 247
251 248 250
255 254 255
255 252 254
245 240 242
255 255 249
255 250 244
255 244 238
237 225 219
197 185 179
175 164 160
171 160 156
160 149 145
174 165 162
162 153 150
176 167 164
163 154 151
145 137 137
186 178 178
251 243 243
255 248 248
250 252 253
253 255 255
253 255 255
253 255 255
253 255 255
254 254 254
254 254 254
255 255 255
255 255 255
255 255 255
255 255 255
255 255 255
255 255 255
255 255 255
255 255 255
255 255 255
255 255 255
255 255 255
255 255 255
255 255 255
255 255 255
255 255 255
255 255 255
255 255 255
255 255 255
255 255 255
255 255 255
255 255 255
255 255 255
255 255 255
255 255 255
255 255 255
255 255 255
255 255 255
255 255 255
255 255 255
255 255 255
255 255 255
255 255 255
255 255 255
255 255 255
255 255 255
255 255 255
255 255 255
255 255 255
255 255 255
255 255 255
255 255 255
255 255 255
255 255 255
255 255 255
255 255 255
255 255 255
255 255 255
255 255 255
255 255 255
255 255 255
255 255 255
255 255 255
255 255 255
255 255 255
255 255 255
255 255 255
255 255 255
255 255 255
255 255 255
255 255 255
255 255 255
255 255 255
255 255 255
255 255 255
255 255 255
255 255 255
255 255 255
255 255 255
255 255 255
255 255 255
255 255 255
255 255 255
255 255 255
255 255 255
255 255 255
255 255 255
255 255 255
255 255 255
255 255 255
255 255 255
255 255 255
255 255 255
255 255 255
255 255 255
255 255 255
255 255 255
255 255 255
255 255 255
255 255 255
255 255 255
255 255 255
255 255 255
255 255 255
255 255 255
255 255 255
255 255 255
255 255 255
255 255 255
255 255 255
255 255 255
255 255 255
255 255 255
255 255 255
255 255 255
255 255 255
255 255 255
255 255 255
255 255 255
255 255 255
255 255 255
255 255 255
255 255 255
255 255 255
255 255 255
255 255 255
255 255 255
255 255 255
255 255 255
255 255 255
255 255 255
255 255 255
255 255 255
255 255 255
255 255 255
255 255 255
255 255 255
255 255 255
255 255 255
255 255 255
255 255 255
255 255 255
255 255 255
255 255 255
255 255 255
255 255 255
255 255 255
255 255 255
255 255 255
255 255 255
255 255 255
255 255 255
255 255 255
255 255 255
255 255 255
255 255 255
255 255 255
255 255 255
255 255 255
255 255 255
255 255 255
255 255 255
255 255 255
255 255 255
255 255 255
255 255 255
255 255 255
255 255 255
255 255 255
255 255 255
255 255 255
255 255 255
255 255 255
255 255 255
255 255 255
255 255 255
255 255 255
255 255 255
255 255 255
255 255 255
255 255 255
255 255 255
255 255 255
255 255 255
255 255 255
255 255 255
255 255 255
255 255 255
255 255 255
255 255 255
255 255 255
255 255 255
255 255 255
255 255 255
255 255 255
255 255 255
255 255 255
255 255 255
255 255 252
255 255 252
255 255 252
255 255 252
255 255 254
255 255 254
255 255 254
255 255 255
254 254 254
255 255 255
253 255 255
253 255 255
252 254 255
250 252 253
253 255 255
253 255 255
250 255 255
251 255 255
212 211 215
7 0 7
32 21 29
10 0 9
4 0 6
22 19 28
21 24 29
0 0 4
17 24 27
105 110 109
147 145 144
131 122 119
145 128 125
195 174 172
199 187 181
165 153 149
186 175 171
217 208 204
183 179 174
188 185 181
187 186 182
204 205 203
175 177 177
180 182 182
194 196 197
211 210 212
205 204 206
179 175 180
167 163 168
179 173 178
199 190 186
187 178 174
188 179 175
195 186 182
188 179 176
173 164 161
167 158 155
167 158 155
154 145 142
175 166 163
173 164 161
153 144 141
120 111 108
124 115 112
185 176 173
255 255 252
255 255 254
251 249 248
249 247 246
253 251 250
255 255 254
255 255 255
255 255 255
255 255 255
255 255 255
255 255 255
255 255 255
255 255 255
255 255 255
255 255 255
255 255 255
255 255 255
255 255 255
255 255 255
255 255 255
255 255 255
255 255 255
255 255 255
255 255 255
255 255 255
255 255 255
255 255 255
255 255 255
255 255 255
255 255 255
255 255 255
255 255 255
255 255 255
255 255 255
255 255 255
255 255 255
255 255 255
255 255 255
255 255 255
255 255 255
255 255 255
255 255 255
255 255 255
255 255 255
255 255 255
255 255 255
255 255 255
255 255 255
255 255 255
255 255 255
255 255 255
255 255 255
255 255 255
255 255 255
255 255 255
255 255 255
255 255 255
255 255 255
255 255 255
255 255 255
255 255 255
255 255 255
255 255 255
255 255 255
255 255 255
255 255 255
255 255 255
255 255 255
255 255 255
255 255 255
255 255 255
255 255 255
255 255 255
255 255 255
255 255 255
255 255 255
255 255 255
255 255 255
255 255 255
255 255 255
255 255 255
255 255 255
255 255 255
255 255 255
255 255 255
255 255 255
255 255 255
255 255 255
255 255 255
255 255 255
255 255 255
255 255 255
255 255 255
255 255 255
255 255 255
255 255 255
255 255 255
255 255 255
255 255 255
255 255 255
255 255 255
255 255 255
255 255 255
255 255 255
255 255 255
255 255 255
255 255 255
255 255 255
255 255 255
255 255 255
255 255 255
255 255 255
255 255 255
255 255 255
255 255 255
255 255 255
255 255 255
255 255 255
255 255 255
255 255 255
255 255 255
255 255 255
255 255 255
255 255 255
255 255 255
255 255 255
255 255 255
255 255 255
255 255 255
255 255 255
255 255 255
255 255 255
255 255 255
255 255 255
255 255 255
255 255 255
255 255 255
255 255 255
255 255 255
255 255 255
255 255 255
255 255 255
255 255 255
255 255 255
255 255 255
255 255 255
255 255 255
255 255 255
255 255 255
255 255 255
255 255 255
255 255 255
255 255 255
255 255 255
255 255 255
255 255 255
255 255 255
255 255 255
255 255 255
255 255 255
255 255 255
255 255 255
255 255 255
255 255 255
255 255 255
255 255 255
255 255 255
255 255 255
255 255 255
255 255 255
255 255 255
255 255 255
255 255 255
255 255 255
255 255 255
255 255 255
255 255 255
255 255 255
255 255 255
255 255 255
255 255 255
255 255 255
255 255 255
255 255 255
255 255 255
255 255 255
255 255 255
255 255 255
255 255 255
255 255 255
255 255 255
255 255 255
255 255 255
255 255 255
255 255 255
255 255 252
255 255 252
255 255 252
255 255 254
255 255 254
255 255 254
255 255 254
255 255 255
247 247 247
253 253 253
253 255 255
253 255 255
253 255 255
250 252 253
251 254 255
251 254 255
251 255 250
220 221 217
220 216 215
106 98 99
9 0 1
9 0 1
25 18 23
26 22 27
11 14 18
12 17 18
20 28 28
38 43 42
60 58 57
80 71 68
100 85 82
116 97 92
114 102 100
184 175 172
150 143 140
105 100 99
151 147 146
153 151 150
204 206 206
223 225 225
232 236 237
218 222 223
210 213 217
210 211 215
205 206 210
201 199 205
195 193 199
193 189 195
202 197 196
193 188 187
188 183 182
195 190 189
203 195 195
189 181 181
167 159 159
156 148 148
148 141 138
157 148 145
137 128 125
158 149 146
160 151 148
144 135 132
165 156 152
255 255 251
255 253 248
253 249 244
255 253 249
255 255 252
255 255 252
255 255 252
255 255 254
253 251 250
255 255 254
255 255 255
255 255 255
255 255 255
255 255 255
253 255 255
253 255 255
253 255 255
255 255 255
255 255 255
255 255 255
255 255 255
255 255 255
255 255 255
255 255 255
255 255 255
255 255 255
255 255 255
255 255 255
255 255 255
255 255 255
255 255 255
255 255 255
255 255 255
255 255 255
255 255 255
255 255 255
255 255 255
255 255 255
255 255 255
255 255 255
255 255 255
255 255 255
255 255 255
255 255 255
255 255 255
255 255 255
255 255 255
255 255 255
255 255 255
255 255 255
255 255 255
255 255 255
255 255 255
255 255 255
255 255 255
255 255 255
255 255 255
255 255 255
255 255 255
255 255 255
255 255 255
255 255 255
255 255 255
255 255 255
255 255 255
255 255 255
255 255 255
255 255 255
255 255 255
255 255 255
255 255 255
255 255 255
255 255 255
255 255 255
255 255 255
255 255 255
255 255 255
255 255 255
255 255 255
255 255 255
255 255 255
255 255 255
255 255 255
255 255 255
255 255 255
255 255 255
255 255 255
255 255 255
255 255 255
255 255 255
255 255 255
255 255 255
255 255 255
255 255 255
255 255 255
255 255 255
255 255 255
255 255 255
255 255 255
255 255 255
255 255 255
255 255 255
255 255 255
255 255 255
255 255 255
255 255 255
255 255 255
255 255 255
255 255 255
255 255 255
255 255 255
255 255 255
255 255 255
255 255 255
255 255 255
255 255 255
255 255 255
255 255 255
255 255 255
255 255 255
255 255 255
255 255 255
255 255 255
255 255 255
255 255 255
255 255 255
255 255 255
255 255 255
255 255 255
255 255 255
255 255 255
255 255 255
255 255 255
255 255 255
255 255 255
255 255 255
255 255 255
255 255 255
255 255 255
255 255 255
255 255 255
255 255 255
255 255 255
255 255 255
255 255 255
255 255 255
255 255 255
255 255 255
255 255 255
255 255 255
255 255 255
255 255 255
255 255 255
255 255 255
255 255 255
255 255 255
255 255 255
255 255 255
255 255 255
255 255 255
255 255 255
255 255 255
255 255 255
255 255 255
255 255 255
255 255 255
255 255 255
255 255 255
255 255 255
255 255 255
255 255 255
255 255 255
255 255 255
255 255 255
255 255 255
255 255 255
255 255 255
255 255 255
255 255 255
255 255 255
255 255 255
255 255 255
255 255 255
255 255 255
255 255 255
255 255 255
255 255 255
255 255 255
255 255 255
255 255 255
255 255 255
255 255 255
255 255 255
255 255 255
255 255 255
255 255 252
255 255 252
255 255 254
255 255 254
255 255 254
255 255 254
255 255 255
255 255 255
255 255 255
253 255 255
248 250 251
244 246 247
251 253 254
251 254 255
248 251 255
230 233 237
188 189 180
205 203 195
204 200 195
180 171 168
63 51 51
70 57 59
43 34 37
16 13 15
0 4 5
0 1 1
0 6 6
14 20 19
21 24 22
40 35 32
90 78 76
142 127 124
133 125 126
100 94 95
105 100 101
112 110 110
97 96 98
229 231 232
186 190 191
169 174 177
180 185 188
192 196 201
211 215 220
224 228 233
232 234 242
240 239 248
241 240 249
237 234 243
222 218 223
224 220 225
216 213 215
206 203 205
210 205 207
214 209 210
214 208 209
211 206 205
218 210 210
208 201 198
205 198 195
222 213 209
194 185 181
193 182 178
190 179 175
199 188 184
244 238 231
255 253 246
255 255 249
255 255 249
255 255 250
250 246 241
252 249 245
255 255 251
255 255 254
255 255 254
255 255 255
255 255 255
253 255 255
253 255 255
253 255 255
253 255 255
255 255 255
255 255 255
255 255 255
255 255 255
255 255 255
255 255 255
255 255 255
255 255 255
255 255 255
255 255 255
255 255 255
255 255 255
255 255 255
255 255 255
255 255 255
255 255 255
255 255 255
255 255 255
255 255 255
255 255 255
255 255 255
255 255 255
255 255 255
255 255 255
255 255 255
255 255 255
255 255 255
255 255 255
255 255 255
255 255 255
255 255 255
255 255 255
255 255 255
255 255 255
255 255 255
255 255 255
255 255 255
255 255 255
255 255 255
255 255 255
255 255 255
255 255 255
255 255 255
255 255 255
255 255 255
255 255 255
255 255 255
255 255 255
255 255 255
255 255 255
255 255 255
255 255 255
255 255 255
255 255 255
255 255 255
255 255 255
255 255 255
255 255 255
255 255 255
255 255 255
255 255 255
255 255 255
255 255 255
255 255 255
255 255 255
255 255 255
255 255 255
255 255 255
255 255 255
255 255 255
255 255 255
255 255 255
255 255 255
255 255 255
255 255 255
255 255 255
255 255 255
255 255 255
255 255 255
255 255 255
255 255 255
255 255 255
255 255 255
255 255 255
255 255 255
255 255 255
255 255 255
255 255 255
255 255 255
255 255 255
255 255 255
255 255 255
255 255 255
255 255 255
255 255 255
255 255 255
255 255 255
255 255 255
255 255 255
255 255 255
255 255 255
255 255 255
255 255 255
255 255 255
255 255 255
255 255 255
255 255 255
255 255 255
255 255 255
255 255 255
255 255 255
255 255 255
255 255 255
255 255 255
255 255 255
255 255 255
255 255 255
255 255 255
255 255 255
255 255 255
255 255 255
255 255 255
255 255 255
255 255 255
255 255 255
255 255 255
255 255 255
255 255 255
255 255 255
255 255 255
255 255 255
255 255 255
255 255 255
255 255 255
255 255 255
255 255 255
255 255 255
255 255 255
255 255 255
255 255 255
255 255 255
255 255 255
255 255 255
255 255 255
255 255 255
255 255 255
255 255 255
255 255 255
255 255 255
255 255 255
255 255 255
255 255 255
255 255 255
255 255 255
255 255 255
255 255 255
255 255 255
255 255 255
255 255 255
255 255 255
255 255 255
255 255 255
255 255 255
255 255 255
255 255 255
255 255 255
255 255 255
255 255 255
255 255 255
255 255 255
255 255 255
255 255 255
255 255 255
255 255 255
255 255 255
255 255 255
255 255 255
255 255 255
255 255 254
255 255 254
255 255 254
255 255 254
255 255 254
255 255 255
255 255 255
255 255 255
250 252 253
253 255 255
253 255 255
242 245 249
251 254 255
251 254 255
224 227 231
172 175 179
185 189 178
200 201 191
149 146 138
23 14 10
69 59 59
30 19 21
28 21 24
17 16 20
23 30 33
30 42 44
35 48 50
25 37 37
12 17 18
18 18 18
51 45 46
85 75 75
118 112 117
86 82 87
65 61 66
23 24 28
20 23 27
94 98 103
160 166 171
168 174 179
114 122 129
97 105 112
83 89 96
88 94 101
116 118 128
149 150 160
184 185 195
218 217 227
229 231 239
230 232 240
231 230 239
222 222 228
221 219 225
228 227 231
225 222 224
210 205 206
211 206 207
223 218 217
226 219 216
225 216 212
215 206 202
221 211 204
217 207 200
215 205 198
223 214 204
234 225 215
237 228 218
244 237 228
255 255 248
255 255 249
255 254 249
255 255 251
255 255 252
255 255 254
255 255 255
255 255 255
253 255 255
253 255 255
253 255 255
251 254 255
255 255 255
255 255 255
255 255 255
255 255 255
255 255 255
255 255 255
255 255 255
255 255 255
255 255 255
255 255 255
255 255 255
255 255 255
255 255 255
255 255 255
255 255 255
255 255 255
255 255 255
255 255 255
255 255 255
255 255 255
255 255 255
255 255 255
255 255 255
255 255 255
255 255 255
255 255 255
255 255 255
255 255 255
255 255 255
255 255 255
255 255 255
255 255 255
255 255 255
255 255 255
255 255 255
255 255 255
255 255 255
255 255 255
255 255 255
255 255 255
255 255 255
255 255 255
255 255 255
255 255 255
255 255 255
255 255 255
255 255 255
255 255 255
255 255 255
255 255 255
255 255 255
255 255 255
255 255 255
255 255 255
255 255 255
255 255 255
255 255 255
255 255 255
255 255 255
255 255 255
255 255 255
255 255 255
255 255 255
255 255 255
255 255 255
255 255 255
255 255 255
255 255 255
255 255 255
255 255 255
255 255 255
255 255 255
255 255 255
255 255 255
255 255 255
255 255 255
255 255 255
255 255 255
255 255 255
255 255 255
255 255 255
255 255 255
255 255 255
255 255 255
255 255 255
255 255 255
255 255 255
255 255 255
255 255 255
255 255 255
255 255 255
255 255 255
255 255 255
255 255 255
255 255 255
255 255 255
255 255 255
255 255 255
255 255 255
255 255 255
255 255 255
255 255 255
255 255 255
255 255 255
255 255 255
255 255 255
255 255 255
255 255 255
255 255 255
255 255 255
255 255 255
255 255 255
255 255 255
255 255 255
255 255 255
255 255 255
255 255 255
255 255 255
255 255 255
255 255 255
255 255 255
255 255 255
255 255 255
255 255 255
255 255 255
255 255 255
255 255 255
255 255 255
255 255 255
255 255 255
255 255 255
255 255 255
255 255 255
255 255 255
255 255 255
255 255 255
255 255 255
255 255 255
255 255 255
255 255 255
255 255 255
255 255 255
255 255 255
255 255 255
255 255 255
255 255 255
255 255 255
255 255 255
255 255 255
255 255 255
255 255 255
255 255 255
255 255 255
255 255 255
255 255 255
255 255 255
255 255 255
255 255 255
255 255 255
255 255 255
255 255 255
255 255 255
255 255 255
255 255 255
255 255 255
255 255 255
255 255 255
255 255 255
255 255 255
255 255 255
255 255 255
255 255 255
255 255 255
255 255 255
255 255 255
255 255 255
255 255 255
255 255 255
255 255 254
255 255 254
255 255 254
255 255 254
255 255 255
255 255 255
255 255 255
253 255 255
245 247 248
253 255 255
251 254 255
251 254 255
245 248 252
225 228 232
193 196 200
164 168 173
191 196 187
156 159 150
123 123 117
7 2 1
15 9 10
12 5 8
23 21 27
0 0 7
22 34 40
26 42 49
29 47 54
23 39 45
11 23 29
8 12 17
16 14 20
25 21 26
16 13 22
0 0 7
13 12 21
0 0 6
0 0 6
98 104 111
85 92 101
22 31 40
71 80 89
89 98 107
78 85 94
62 69 78
90 95 104
126 128 139
140 140 152
146 146 158
181 185 196
178 182 193
194 199 208
208 210 220
205 207 215
212 215 220
218 219 223
205 204 206
227 225 225
228 224 223
209 204 203
198 191 188
224 215 211
209 201 194
186 176 169
180 170 163
186 177 164
195 186 173
181 172 162
191 182 172
237 230 221
253 246 237
244 238 231
255 252 247
255 255 252
255 255 254
255 255 254
255 255 255
253 255 255
253 255 255
251 254 255
251 254 255
255 255 255
255 255 255
255 255 255
255 255 255
255 255 255
255 255 255
255 255 255
255 255 255
255 255 255
255 255 255
255 255 255
255 255 255
255 255 255
255 255 255
255 255 255
255 255 255
255 255 255
255 255 255
255 255 255
255 255 255
255 255 255
255 255 255
255 255 255
255 255 255
255 255 255
255 255 255
255 255 255
255 255 255
255 255 255
255 255 255
255 255 255
255 255 255
255 255 255
255 255 255
255 255 255
255 255 255
255 255 255
255 255 255
255 255 255
255 255 255
255 255 255
255 255 255
255 255 255
255 255 255
255 255 255
255 255 255
255 255 255
255 255 255
255 255 255
255 255 255
255 255 255
255 255 255
255 255 255
255 255 255
255 255 255
255 255 255
255 255 255
255 255 255
255 255 255
255 255 255
255 255 255
255 255 255
255 255 255
255 255 255
255 255 255
255 255 255
255 255 255
255 255 255
255 255 255
255 255 255
255 255 255
255 255 255
255 255 255
255 255 255
255 255 255
255 255 255
255 255 255
255 255 255
255 255 255
255 255 255
255 255 255
255 255 255
255 255 255
255 255 255
255 255 255
255 255 255
255 255 255
255 255 255
255 255 255
255 255 255
255 255 255
255 255 255
255 255 255
255 255 255
255 255 255
255 255 255
255 255 255
255 255 255
255 255 255
255 255 255
255 255 255
255 255 255
255 255 255
255 255 255
255 255 255
255 255 255
255 255 255
255 255 255
255 255 255
255 255 255
255 255 255
255 255 255
255 255 255
255 255 255
255 255 255
255 255 255
255 255 255
255 255 255
255 255 255
255 255 255
255 255 255
255 255 255
255 255 255
255 255 255
255 255 255
255 255 255
255 255 255
255 255 255
255 255 255
255 255 255
255 255 255
255 255 255
255 255 255
255 255 255
255 255 255
255 255 255
255 255 255
255 255 255
255 255 255
255 255 255
255 255 255
255 255 255
255 255 255
255 255 255
255 255 255
255 255 255
255 255 255
255 255 255
255 255 255
255 255 255
255 255 255
255 255 255
255 255 255
255 255 255
255 255 255
255 255 255
255 255 255
255 255 255
255 255 255
255 255 255
255 255 255
255 255 255
255 255 255
255 255 255
255 255 255
255 255 255
255 255 255
255 255 255
255 255 255
255 255 255
255 255 255
255 255 255
255 255 255
255 255 255
255 255 255
255 255 255
255 255 255
255 255 255
255 255 254
255 255 254
255 255 255
255 255 255
255 255 255
255 255 255
253 255 255
253 255 255
253 255 255
245 248 252
251 254 255
251 254 255
220 223 227
173 177 182
176 180 185
212 216 221
168 178 172
141 148 145
129 131 131
29 28 30
14 12 18
16 15 24
11 13 24
40 48 61
53 69 81
54 76 88
35 59 71
4 26 38
0 13 24
10 19 32
7 11 22
0 0 8
14 14 26
25 25 37
0 2 13
0 0 8
67 73 84
16 25 35
18 28 38
55 65 75
32 42 52
25 35 45
15 24 34
26 32 43
33 37 48
16 18 29
46 48 59
127 127 139
166 173 188
157 165 178
172 180 193
173 179 190
140 144 155
144 146 156
186 188 196
212 212 218
205 204 206
213 211 211
251 247 246
233 228 225
206 199 196
191 185 180
196 187 183
153 145 138
153 144 131
183 174 161
169 160 150
160 151 141
188 181 172
194 187 178
201 195 188
244 240 235
255 255 252
255 255 254
255 255 254
255 255 255
253 255 255
253 255 255
253 255 255
251 254 255
255 255 255
255 255 255
255 255 255
255 255 255
255 255 255
255 255 255
255 255 255
255 255 255
255 255 255
255 255 255
255 255 255
255 255 255
255 255 255
255 255 255
255 255 255
255 255 255
255 255 255
255 255 255
255 255 255
255 255 255
255 255 255
255 255 255
255 255 255
255 255 255
255 255 255
255 255 255
255 255 255
255 255 255
255 255 255
255 255 255
255 255 255
255 255 255
255 255 255
255 255 255
255 255 255
255 255 255
255 255 255
255 255 255
255 255 255
255 255 255
255 255 255
255 255 255
255 255 255
255 255 255
255 255 255
255 255 255
255 255 255
255 255 255
255 255 255
255 255 255
255 255 255
255 255 255
255 255 255
255 255 255
255 255 255
255 255 255
255 255 255
255 255 255
255 255 255
255 255 255
255 255 255
255 255 255
255 255 255
255 255 255
255 255 255
255 255 255
255 255 255
255 255 255
255 255 255
255 255 255
255 255 255
255 255 255
255 255 255
255 255 255
255 255 255
255 255 255
255 255 255
255 255 255
255 255 255
255 255 255
255 255 255
255 255 255
255 255 255
255 255 255
255 255 255
255 255 255
255 255 255
255 255 255
255 255 255
255 255 255
255 255 255
255 255 255
255 255 255
255 255 255
255 255 255
255 255 255
255 255 255
255 255 255
255 255 255
255 255 255
255 255 255
255 255 255
255 255 255
255 255 255
255 255 255
255 255 255
255 255 255
255 255 255
255 255 255
255 255 255
255 255 255
255 255 255
255 255 255
255 255 255
255 255 255
255 255 255
255 255 255
255 255 255
255 255 255
255 255 255
255 255 255
255 255 255
255 255 255
255 255 255
255 255 255
255 255 255
255 255 255
255 255 255
255 255 255
255 255 255
255 255 255
255 255 255
255 255 255
255 255 255
255 255 255
255 255 255
255 255 255
255 255 255
255 255 255
255 255 255
255 255 255
255 255 255
255 255 255
255 255 255
255 255 255
255 255 255
255 255 255
255 255 255
255 255 255
255 255 255
255 255 255
255 255 255
255 255 255
255 255 255
255 255 255
255 255 255
255 255 255
255 255 255
255 255 255
255 255 255
255 255 255
255 255 255
255 255 255
255 255 255
255 255 255
255 255 255
255 255 255
255 255 255
255 255 255
255 255 255
255 255 255
255 255 255
255 255 255
255 255 255
255 255 255
255 255 255
255 255 255
255 255 255
251 251 251
255 255 255
255 255 255
255 255 255
247 247 247
249 251 252
253 255 255
246 248 249
251 254 255
251 254 255
251 254 255
208 212 217
156 160 165
181 185 190
220 224 229
166 170 175
111 125 124
124 136 138
160 169 173
38 41 49
25 27 38
31 34 48
21 28 45
21 35 53
27 47 65
119 145 162
146 174 191
96 122 139
0 1 17
0 10 27
8 18 35
0 0 16
8 9 23
32 35 49
30 33 47
0 1 14
33 41 54
48 57 70
37 46 59
21 33 45
47 59 71
61 71 81
69 79 89
70 79 89
69 75 86
66 70 81
55 57 68
41 43 54
44 54 71
122 131 145
169 178 192
135 143 156
76 84 97
12 18 29
176 181 190
219 221 229
141 142 146
59 58 60
116 114 114
166 162 161
192 188 187
213 208 205
213 206 203
175 169 164
172 163 153
162 153 143
143 136 127
152 145 136
175 168 159
167 161 154
191 187 182
184 180 175
213 210 206
243 241 240
251 249 248
255 255 255
252 254 255
252 254 255
253 255 255
253 255 255
255 255 255
255 255 255
255 255 255
255 255 255
255 255 255
255 255 255
255 255 255
255 255 255
255 255 255
255 255 255
255 255 255
255 255 255
255 255 255
255 255 255
255 255 255
255 255 255
255 255 255
255 255 255
255 255 255
255 255 255
255 255 255
255 255 255
255 255 255
255 255 255
255 255 255
255 255 255
255 255 255
255 255 255
255 255 255
255 255 255
255 255 255
255 255 255
255 255 255
255 255 255
255 255 255
255 255 255
255 255 255
255 255 255
255 255 255
255 255 255
255 255 255
255 255 255
255 255 255
255 255 255
255 255 255
255 255 255
255 255 255
255 255 255
255 255 255
255 255 255
255 255 255
255 255 255
255 255 255
255 255 255
255 255 255
255 255 255
255 255 255
255 255 255
255 255 255
255 255 255
255 255 255
255 255 255
255 255 255
255 255 255
255 255 255
255 255 255
255 255 255
255 255 255
255 255 255
255 255 255
255 255 255
255 255 255
255 255 255
255 255 255
255 255 255
255 255 255
255 255 255
255 255 255
255 255 255
255 255 255
255 255 255
255 255 255
255 255 255
255 255 255
255 255 255
255 255 255
255 255 255
255 255 255
255 255 255
255 255 255
255 255 255
255 255 255
255 255 255
255 255 255
255 255 255
255 255 255
255 255 255
255 255 255
255 255 255
255 255 255
255 255 255
255 255 255
255 255 255
255 255 255
255 255 255
255 255 255
255 255 255
255 255 255
255 255 255
255 255 255
255 255 255
255 255 255
255 255 255
255 255 255
255 255 255
255 255 255
255 255 255
255 255 255
255 255 255
255 255 255
255 255 255
255 255 255
255 255 255
255 255 255
255 255 255
255 255 255
255 255 255
255 255 255
255 255 255
255 255 255
255 255 255
255 255 255
255 255 255
255 255 255
255 255 255
255 255 255
255 255 255
255 255 255
255 255 255
255 255 255
255 255 255
255 255 255
255 255 255
255 255 255
255 255 255
255 255 255
255 255 255
255 255 255
255 255 255
255 255 255
255 255 255
255 255 255
255 255 255
255 255 255
255 255 255
255 255 255
255 255 255
255 255 255
255 255 255
255 255 255
255 255 255
255 255 255
255 255 255
255 255 255
255 255 255
255 255 255
255 255 255
255 255 255
255 255 255
255 255 255
255 255 255
255 255 255
255 255 255
255 255 255
255 255 255
255 255 255
255 255 255
255 255 255
249 249 249
255 255 255
255 255 255
247 247 247
252 254 255
253 255 255
253 255 255
247 250 254
242 245 249
251 254 255
206 210 215
128 132 137
199 203 208
215 219 224
187 191 196
132 138 145
79 98 103
101 117 124
134 144 154
80 88 101
42 47 62
28 34 53
51 60 80
21 38 59
60 83 105
157 186 207
121 150 171
126 155 176
91 115 135
0 0 17
0 2 22
2 9 29
16 19 34
33 36 51
40 45 60
55 62 77
64 73 86
70 79 92
41 53 65
74 86 98
113 125 137
126 135 148
135 145 155
138 144 155
138 142 153
137 139 150
125 127 138
113 113 125
61 71 88
50 60 77
89 99 116
158 167 181
122 131 144
81 90 100
167 173 184
162 167 176
70 73 81
14 17 22
3 4 8
0 0 1
116 114 114
199 197 197
202 198 197
196 192 191
164 158 151
172 166 159
149 143 136
145 141 136
122 118 113
159 155 150
158 155 151
173 170 166
173 171 170
206 204 203
226 226 226
251 251 251
255 255 255
252 254 255
253 255 255
248 250 251
255 255 255
255 255 255
255 255 255
255 255 255
255 255 255
255 255 255
255 255 255
255 255 255
255 255 255
255 255 255
255 255 255
255 255 255
255 255 255
255 255 255
255 255 255
255 255 255
255 255 255
255 255 255
255 255 255
255 255 255
255 255 255
255 255 255
255 255 255
255 255 255
255 255 255
255 255 255
255 255 255
255 255 255
255 255 255
255 255 255
255 255 255
255 255 255
255 255 255
255 255 255
255 255 255
255 255 255
255 255 255
255 255 255
255 255 255
255 255 255
255 255 255
255 255 255
255 255 255
255 255 255
255 255 255
255 255 255
255 255 255
255 255 255
255 255 255
255 255 255
255 255 255
255 255 255
255 255 255
255 255 255
255 255 255
255 255 255
255 255 255
255 255 255
255 255 255
255 255 255
255 255 255
255 255 255
255 255 255
255 255 255
255 255 255
255 255 255
255 255 255
255 255 255
255 255 255
255 255 255
255 255 255
255 255 255
255 255 255
255 255 255
255 255 255
255 255 255
255 255 255
255 255 255
255 255 255
255 255 255
255 255 255
255 255 255
255 255 255
255 255 255
255 255 255
255 255 255
255 255 255
255 255 255
255 255 255
255 255 255
255 255 255
255 255 255
255 255 255
255 255 255
255 255 255
255 255 255
255 255 255
255 255 255
255 255 255
255 255 255
255 255 255
255 255 255
255 255 255
255 255 255
255 255 255
255 255 255
255 255 255
255 255 255
255 255 255
255 255 255
255 255 255
255 255 255
255 255 255
255 255 255
255 255 255
255 255 255
255 255 255
255 255 255
255 255 255
255 255 255
255 255 255
255 255 255
255 255 255
255 255 255
255 255 255
255 255 255
255 255 255
255 255 255
255 255 255
255 255 255
255 255 255
255 255 255
255 255 255
255 255 255
255 255 255
255 255 255
255 255 255
255 255 255
255 255 255
255 255 255
255 255 255
255 255 255
255 255 255
255 255 255
255 255 255
255 255 255
255 255 255
255 255 255
255 255 255
255 255 255
255 255 255
255 255 255
255 255 255
255 255 255
255 255 255
255 255 255
255 255 255
255 255 255
255 255 255
255 255 255
255 255 255
255 255 255
255 255 255
255 255 255
255 255 255
255 255 255
255 255 255
255 255 255
255 255 255
255 255 255
255 255 255
255 255 255
255 255 255
255 255 255
255 255 255
255 255 255
255 255 255
255 255 255
250 250 250
255 255 255
253 255 255
248 250 251
253 255 255
253 255 255
249 252 255
251 254 255
246 249 253
209 213 218
134 138 143
179 183 188
204 208 213
223 229 236
113 119 126
60 66 73
77 96 104
89 105 117
125 137 149
107 114 131
59 65 84
46 51 72
57 68 90
17 33 56
29 52 74
114 141 162
0 0 18
0 24 45
33 54 75
0 0 15
0 0 19
32 38 57
43 48 63
64 69 84
86 93 108
112 119 134
105 114 128
94 105 119
85 97 109
142 154 166
151 163 175
165 175 185
175 184 194
178 184 195
179 183 194
179 181 191
171 172 182
159 160 170
118 131 147
105 115 132
91 101 118
170 181 195
148 157 171
129 137 150
139 148 158
182 189 198
147 152 161
0 0 6
0 3 8
0 0 3
24 27 31
78 80 81
163 165 166
181 183 184
195 193 192
132 130 129
140 138 137
127 125 124
147 145 144
115 113 112
119 117 116
152 150 149
150 150 150
173 173 173
202 202 202
241 241 241
255 255 255
253 253 253
255 255 255
253 253 253
255 255 255
255 255 255
255 255 255
255 255 255
255 255 255
255 255 255
255 255 255
255 255 255
255 255 255
255 255 255
255 255 255
255 255 255
255 255 255
255 255 255
255 255 255
255 255 255
255 255 255
255 255 255
255 255 255
255 255 255
255 255 255
255 255 255
255 255 255
255 255 255
255 255 255
255 255 255
255 255 255
255 255 255
255 255 255
255 255 255
255 255 255
255 255 255
255 255 255
255 255 255
255 255 255
255 255 255
255 255 255
255 255 255
255 255 255
255 255 255
255 255 255
255 255 255
255 255 255
255 255 255
255 255 255
255 255 255
255 255 255
255 255 255
255 255 255
255 255 255
255 255 255
255 255 255
255 255 255
255 255 255
255 255 255
255 255 255
255 255 255
255 255 255
255 255 255
255 255 255
255 255 255
255 255 255
255 255 255
255 255 255
255 255 255
255 255 255
255 255 255
255 255 255
255 255 255
255 255 255
255 255 255
255 255 255
255 255 255
255 255 255
255 255 255
255 255 255
255 255 255
255 255 255
255 255 255
255 255 255
255 255 255
255 255 255
255 255 255
255 255 255
255 255 255
255 255 255
255 255 255
255 255 255
255 255 255
255 255 255
255 255 255
255 255 255
255 255 255
255 255 255
255 255 255
255 255 255
255 255 255
255 255 255
255 255 255
255 255 255
255 255 255
255 255 255
255 255 255
255 255 255
255 255 255
255 255 255
255 255 255
255 255 255
255 255 255
255 255 255
255 255 255
255 255 255
255 255 255
255 255 255
255 255 255
255 255 255
255 255 255
255 255 255
255 255 255
255 255 255
255 255 255
255 255 255
255 255 255
255 255 255
255 255 255
255 255 255
255 255 255
255 255 255
255 255 255
255 255 255
255 255 255
255 255 255
255 255 255
255 255 255
255 255 255
255 255 255
255 255 255
255 255 255
255 255 255
255 255 255
255 255 255
255 255 255
255 255 255
255 255 255
255 255 255
255 255 255
255 255 255
255 255 255
255 255 255
255 255 255
255 255 255
255 255 255
255 255 255
255 255 255
255 255 255
255 255 255
255 255 255
255 255 255
255 255 255
255 255 255
255 255 255
255 255 255
255 255 255
255 255 255
255 255 255
255 255 255
255 255 255
255 255 255
255 255 255
255 255 255
255 255 255
255 255 255
255 255 255
255 255 255
255 255 255
255 255 255
255 255 255
255 255 255
253 255 255
251 253 254
253 255 255
253 255 255
253 255 255
248 251 255
248 251 255
251 254 255
221 225 230
128 132 137
145 149 154
222 226 231
217 223 230
164 170 177
72 78 85
9 15 22
63 80 89
87 101 113
133 142 155
82 87 102
84 88 107
93 96 117
60 67 87
47 60 82
0 15 36
88 112 132
25 49 67
14 36 54
10 26 43
11 21 38
32 35 50
82 82 98
34 38 56
87 92 107
114 121 136
105 112 127
109 118 132
97 109 121
144 156 168
173 185 197
176 186 196
187 197 207
197 206 215
202 207 216
204 206 216
205 206 216
199 198 207
189 188 197
162 173 187
154 165 179
106 117 131
157 168 182
161 170 184
169 178 191
98 106 119
107 116 126
197 203 214
156 163 172
75 82 91
0 0 6
0 3 10
2 5 13
69 73 78
163 167 172
179 182 186
152 155 159
132 135 139
129 132 136
129 131 132
149 151 152
137 139 140
147 149 150
157 157 157
164 164 164
188 188 188
228 228 228
251 251 251
254 252 251
255 255 254
255 255 254
255 255 255
255 255 255
255 255 255
255 255 255
255 255 255
255 255 255
255 255 255
255 255 255
255 255 255
255 255 255
255 255 255
255 255 255
255 255 255
255 255 255
255 255 255
255 255 255
255 255 255
255 255 255
255 255 255
255 255 255
255 255 255
255 255 255
255 255 255
255 255 255
255 255 255
255 255 255
255 255 255
255 255 255
255 255 255
255 255 255
255 255 255
255 255 255
255 255 255
255 255 255
255 255 255
255 255 255
255 255 255
255 255 255
255 255 255
255 255 255
255 255 255
255 255 255
255 255 255
255 255 255
255 255 255
255 255 255
255 255 255
255 255 255
255 255 255
255 255 255
255 255 255
255 255 255
255 255 255
255 255 255
255 255 255
255 255 255
255 255 255
255 255 255
255 255 255
255 255 255
255 255 255
255 255 255
255 255 255
255 255 255
255 255 255
255 255 255
255 255 255
255 255 255
255 255 255
255 255 255
255 255 255
255 255 255
255 255 255
255 255 255
255 255 255
255 255 255
255 255 255
255 255 255
255 255 255
255 255 255
255 255 255
255 255 255
255 255 255
255 255 255
255 255 255
255 255 255
255 255 255
255 255 255
255 255 255
255 255 255
255 255 255
255 255 255
255 255 255
255 255 255
255 255 255
255 255 255
255 255 255
255 255 255
255 255 255
255 255 255
255 255 255
255 255 255
255 255 255
255 255 255
255 255 255
255 255 255
255 255 255
255 255 255
255 255 255
255 255 255
255 255 255
255 255 255
255 255 255
255 255 255
255 255 255
255 255 255
255 255 255
255 255 255
255 255 255
255 255 255
255 255 255
255 255 255
255 255 255
255 255 255
255 255 255
255 255 255
255 255 255
255 255 255
255 255 255
255 255 255
255 255 255
255 255 255
255 255 255
255 255 255
255 255 255
255 255 255
255 255 255
255 255 255
255 255 255
255 255 255
255 255 255
255 255 255
255 255 255
255 255 255
255 255 255
255 255 255
255 255 255
255 255 255
255 255 255
255 255 255
255 255 255
255 255 255
255 255 255
255 255 255
255 255 255
255 255 255
255 255 255
255 255 255
255 255 255
255 255 255
255 255 255
255 255 255
255 255 255
255 255 255
255 255 255
255 255 255
255 255 255
255 255 255
255 255 255
255 255 255
255 255 255
255 255 255
255 255 255
255 255 255
255 255 255
255 255 255
255 255 255
255 255 255
253 255 255
244 246 247
253 255 255
253 255 255
248 251 255
251 254 255
251 254 255
219 222 226
155 159 164
139 143 148
173 177 182
193 199 206
201 207 214
139 145 152
42 48 55
27 33 40
50 63 71
134 144 154
156 162 173
63 64 78
119 118 134
107 105 124
57 59 77
68 75 92
122 135 151
72 88 104
90 107 120
73 87 99
74 83 93
43 45 55
78 73 82
82 73 83
29 33 51
118 123 138
126 133 148
111 118 133
112 121 135
117 126 139
194 206 218
190 200 210
189 199 209
200 209 218
209 216 225
210 216 223
214 216 224
217 216 225
213 210 219
203 201 207
179 190 204
149 160 174
126 138 150
151 160 173
132 141 154
164 173 186
93 102 115
44 53 66
57 67 77
127 136 146
175 184 194
196 205 215
154 163 173
103 112 122
101 110 120
77 86 96
152 159 168
158 165 174
128 135 144
121 127 134
101 107 114
109 113 118
117 121 126
116 119 123
154 157 161
152 154 155
175 175 175
212 212 212
244 242 241
255 254 253
255 255 254
255 255 254
255 255 255
255 255 255
255 255 255
255 255 255
255 255 255
255 255 255
255 255 255
255 255 255
255 255 255
255 255 255
255 255 255
255 255 255
255 255 255
255 255 255
255 255 255
255 255 255
255 255 255
255 255 255
255 255 255
255 255 255
255 255 255
255 255 255
255 255 255
255 255 255
255 255 255
255 255 255
255 255 255
255 255 255
255 255 255
255 255 255
255 255 255
255 255 255
255 255 255
255 255 255
255 255 255
255 255 255
255 255 255
255 255 255
255 255 255
255 255 255
255 255 255
255 255 255
255 255 255
255 255 255
255 255 255
255 255 255
255 255 255
255 255 255
255 255 255
255 255 255
255 255 255
255 255 255
255 255 255
255 255 255
255 255 255
255 255 255
255 255 255
255 255 255
255 255 255
255 255 255
255 255 255
255 255 255
255 255 255
255 255 255
255 255 255
255 255 255
255 255 255
255 255 255
255 255 255
255 255 255
255 255 255
255 255 255
255 255 255
255 255 255
255 255 255
255 255 255
255 255 255
255 255 255
255 255 255
255 255 255
255 255 255
255 255 255
255 255 255
255 255 255
255 255 255
255 255 255
255 255 255
255 255 255
255 255 255
255 255 255
255 255 255
255 255 255
255 255 255
255 255 255
255 255 255
255 255 255
255 255 255
255 255 255
255 255 255
255 255 255
255 255 255
255 255 255
255 255 255
255 255 255
255 255 255
255 255 255
255 255 255
255 255 255
255 255 255
255 255 255
255 255 255
255 255 255
255 255 255
255 255 255
255 255 255
255 255 255
255 255 255
255 255 255
255 255 255
255 255 255
255 255 255
255 255 255
255 255 255
255 255 255
255 255 255
255 255 255
255 255 255
255 255 255
255 255 255
255 255 255
255 255 255
255 255 255
255 255 255
255 255 255
255 255 255
255 255 255
255 255 255
255 255 255
255 255 255
255 255 255
255 255 255
255 255 255
255 255 255
255 255 255
255 255 255
255 255 255
255 255 255
255 255 255
255 255 255
255 255 255
255 255 255
255 255 255
255 255 255
255 255 255
255 255 255
255 255 255
255 255 255
255 255 255
255 255 255
255 255 255
255 255 255
255 255 255
255 255 255
255 255 255
255 255 255
255 255 255
255 255 255
255 255 255
255 255 255
255 255 255
255 255 255
255 255 255
255 255 255
255 255 255
255 255 255
255 255 255
255 255 255
255 255 255
253 255 255
248 250 251
248 250 251
247 249 250
245 248 252
251 254 255
244 247 251
170 174 179
139 143 148
168 172 177
178 184 191
191 197 204
172 178 185
140 146 153
16 23 32
45 52 61
69 78 82
199 205 212
179 181 189
89 85 96
151 145 156
89 82 95
63 59 71
73 73 85
74 78 89
55 64 73
54 64 71
4 10 15
1 3 4
86 80 81
135 123 123
44 28 29
77 82 97
159 164 179
143 148 163
148 155 170
123 132 145
139 148 161
196 206 216
185 195 205
191 200 209
202 209 218
209 215 222
209 212 220
209 212 217
214 212 218
211 207 213
201 197 203
187 196 209
181 190 203
167 176 189
150 159 172
115 124 137
125 134 147
94 103 116
95 104 117
46 58 70
22 34 46
13 25 37
117 129 141
164 175 189
157 168 182
158 169 183
151 162 176
156 167 181
146 157 171
145 154 167
146 155 168
161 170 180
109 116 125
126 132 139
111 115 120
143 146 150
139 141 142
159 161 162
191 191 191
230 228 227
255 255 251
255 255 252
255 255 252
255 255 255
255 255 255
255 255 255
255 255 255
255 255 255
255 255 255
255 255 255
255 255 255
255 255 255
255 255 255
255 255 255
255 255 255
255 255 255
255 255 255
255 255 255
255 255 255
255 255 255
255 255 255
255 255 255
255 255 255
255 255 255
255 255 255
255 255 255
255 255 255
255 255 255
255 255 255
255 255 255
255 255 255
255 255 255
255 255 255
255 255 255
255 255 255
255 255 255
255 255 255
255 255 255
255 255 255
255 255 255
255 255 255
255 255 255
255 255 255
255 255 255
255 255 255
255 255 255
255 255 255
255 255 255
255 255 255
255 255 255
255 255 255
255 255 255
255 255 255
255 255 255
255 255 255
255 255 255
255 255 255
255 255 255
255 255 255
255 255 255
255 255 255
255 255 255
255 255 255
255 255 255
255 255 255
255 255 255
255 255 255
255 255 255
255 255 255
255 255 255
255 255 255
255 255 255
255 255 255
255 255 255
255 255 255
255 255 255
255 255 255
255 255 255
255 255 255
255 255 255
255 255 255
255 255 255
255 255 255
255 255 255
255 255 255
255 255 255
255 255 255
255 255 255
255 255 255
255 255 255
255 255 255
255 255 255
255 255 255
255 255 255
255 255 255
255 255 255
255 255 255
255 255 255
255 255 255
255 255 255
255 255 255
255 255 255
255 255 255
255 255 255
255 255 255
255 255 255
255 255 255
255 255 255
255 255 255
255 255 255
255 255 255
255 255 255
255 255 255
255 255 255
255 255 255
255 255 255
255 255 255
255 255 255
255 255 255
255 255 255
255 255 255
255 255 255
255 255 255
255 255 255
255 255 255
255 255 255
255 255 255
255 255 255
255 255 255
255 255 255
255 255 255
255 255 255
255 255 255
255 255 255
255 255 255
255 255 255
255 255 255
255 255 255
255 255 255
255 255 255
255 255 255
255 255 255
255 255 255
255 255 255
255 255 255
255 255 255
255 255 255
255 255 255
255 255 255
255 255 255
255 255 255
255 255 255
255 255 255
255 255 255
255 255 255
255 255 255
255 255 255
255 255 255
255 255 255
255 255 255
255 255 255
255 255 255
255 255 255
255 255 255
255 255 255
255 255 255
255 255 255
255 255 255
255 255 255
255 255 255
255 255 255
255 255 255
255 255 255
255 255 255
255 255 255
255 255 255
255 255 255
255 255 255
255 255 255
255 255 255
255 255 255
253 255 255
253 255 255
246 248 249
240 243 247
251 254 255
251 254 255
208 211 215
154 158 163
174 178 183
152 156 161
194 200 207
193 199 206
183 189 196
125 131 138
30 37 46
46 53 62
132 137 138
209 211 212
181 177 182
127 120 125
163 150 158
98 85 93
86 75 83
98 91 98
66 67 71
20 24 25
0 1 0
62 63 61
96 90 85
150 136 130
95 76 69
75 51 45
128 131 146
162 167 182
146 151 166
142 150 163
120 128 141
141 150 163
171 181 191
171 182 190
202 211 220
212 220 227
217 223 230
216 219 224
216 216 222
219 218 222
215 211 216
208 202 207
183 192 202
189 199 209
171 181 191
162 172 182
153 162 175
136 145 158
99 111 123
122 134 146
136 147 161
135 146 160
103 116 130
78 91 107
69 82 98
75 88 104
82 97 113
108 123 139
96 110 128
118 132 150
113 126 142
143 156 172
144 155 169
176 185 198
148 157 167
129 135 142
154 158 163
144 147 151
154 156 157
168 168 168
208 206 205
252 249 245
255 252 248
255 254 249
255 255 255
255 255 255
255 255 255
255 255 255
255 255 255
255 255 255
255 255 255
255 255 255
255 255 255
255 255 255
255 255 255
255 255 255
255 255 255
255 255 255
255 255 255
255 255 255
255 255 255
255 255 255
255 255 255
255 255 255
255 255 255
255 255 255
255 255 255
255 255 255
255 255 255
255 255 255
255 255 255
255 255 255
255 255 255
255 255 255
255 255 255
255 255 255
255 255 255
255 255 255
255 255 255
255 255 255
255 255 255
255 255 255
255 255 255
255 255 255
255 255 255
255 255 255
255 255 255
255 255 255
255 255 255
255 255 255
255 255 255
255 255 255
255 255 255
255 255 255
255 255 255
255 255 255
255 255 255
255 255 255
255 255 255
255 255 255
255 255 255
255 255 255
255 255 255
255 255 255
255 255 255
255 255 255
255 255 255
255 255 255
255 255 255
255 255 255
255 255 255
255 255 255
255 255 255
255 255 255
255 255 255
255 255 255
255 255 255
255 255 255
255 255 255
255 255 255
255 255 255
255 255 255
255 255 255
255 255 255
255 255 255
255 255 255
255 255 255
255 255 255
255 255 255
255 255 255
255 255 255
255 255 255
255 255 255
255 255 255
255 255 255
255 255 255
255 255 255
255 255 255
255 255 255
255 255 255
255 255 255
255 255 255
255 255 255
255 255 255
255 255 255
255 255 255
255 255 255
255 255 255
255 255 255
255 255 255
255 255 255
255 255 255
255 255 255
255 255 255
255 255 255
255 255 255
255 255 255
255 255 255
255 255 255
255 255 255
255 255 255
255 255 255
255 255 255
255 255 255
255 255 255
255 255 255
255 255 255
255 255 255
255 255 255
255 255 255
255 255 255
255 255 255
255 255 255
255 255 255
255 255 255
255 255 255
255 255 255
255 255 255
255 255 255
255 255 255
255 255 255
255 255 255
255 255 255
255 255 255
255 255 255
255 255 255
255 255 255
255 255 255
255 255 255
255 255 255
255 255 255
255 255 255
255 255 255
255 255 255
255 255 255
255 255 255
255 255 255
255 255 255
255 255 255
255 255 255
255 255 255
255 255 255
255 255 255
255 255 255
255 255 255
255 255 255
255 255 255
255 255 255
255 255 255
255 255 255
255 255 255
255 255 255
255 255 255
255 255 255
255 255 255
255 255 255
255 255 255
255 255 255
255 255 255
255 255 255
255 255 255
255 255 255
248 250 251
253 255 255
246 248 249
249 252 255
251 254 255
223 226 230
168 171 175
165 169 174
177 181 186
163 169 176
170 176 183
202 208 215
162 168 175
158 165 174
35 42 51
70 77 86
223 225 225
201 201 201
188 181 184
152 141 144
150 136 140
113 97 104
83 69 75
103 94 97
125 120 122
124 122 121
113 112 108
114 111 103
140 131 122
140 123 114
59 34 24
144 116 105
157 160 175
148 153 168
155 160 175
118 126 139
128 136 149
156 165 175
185 195 205
194 203 212
203 212 221
212 220 227
217 221 226
213 216 221
212 213 217
216 212 217
212 206 211
203 197 202
190 199 209
174 183 193
184 193 203
199 209 219
161 171 181
157 166 179
158 170 182
159 170 184
179 190 204
167 180 194
190 203 219
137 152 168
124 139 155
150 164 182
118 132 150
76 90 108
110 125 144
84 99 118
110 125 144
123 137 155
144 157 173
139 150 164
144 153 163
175 182 191
183 187 192
163 166 170
157 159 160
152 152 152
188 186 185
244 241 237
254 250 245
255 253 248
255 255 255
255 255 255
255 255 255
255 255 255
255 255 255
255 255 255
255 255 255
255 255 255
255 255 255
255 255 255
255 255 255
255 255 255
255 255 255
255 255 255
255 255 255
255 255 255
255 255 255
255 255 255
255 255 255
255 255 255
255 255 255
255 255 255
255 255 255
255 255 255
255 255 255
255 255 255
255 255 255
255 255 255
255 255 255
255 255 255
255 255 255
255 255 255
255 255 255
255 255 255
255 255 255
255 255 255
255 255 255
255 255 255
255 255 255
255 255 255
255 255 255
255 255 255
255 255 255
255 255 255
255 255 255
255 255 255
255 255 255
255 255 255
255 255 255
255 255 255
255 255 255
255 255 255
255 255 255
255 255 255
255 255 255
255 255 255
255 255 255
255 255 255
255 255 255
255 255 255
255 255 255
255 255 255
255 255 255
255 255 255
255 255 255
255 255 255
255 255 255
255 255 255
255 255 255
255 255 255
255 255 255
255 255 255
255 255 255
255 255 255
255 255 255
255 255 255
255 255 255
255 255 255
255 255 255
255 255 255
255 255 255
255 255 255
255 255 255
255 255 255
255 255 255
255 255 255
255 255 255
255 255 255
255 255 255
255 255 255
255 255 255
255 255 255
255 255 255
255 255 255
255 255 255
255 255 255
255 255 255
255 255 255
255 255 255
255 255 255
255 255 255
255 255 255
255 255 255
255 255 255
255 255 255
255 255 255
255 255 255
255 255 255
255 255 255
255 255 255
255 255 255
255 255 255
255 255 255
255 255 255
255 255 255
255 255 255
255 255 255
255 255 255
255 255 255
255 255 255
255 255 255
255 255 255
255 255 255
255 255 255
255 255 255
255 255 255
255 255 255
255 255 255
255 255 255
255 255 255
255 255 255
255 255 255
255 255 255
255 255 255
255 255 255
255 255 255
255 255 255
255 255 255
255 255 255
255 255 255
255 255 255
255 255 255
255 255 255
255 255 255
255 255 255
255 255 255
255 255 255
255 255 255
255 255 255
255 255 255
255 255 255
255 255 255
255 255 255
255 255 255
255 255 255
255 255 255
255 255 255
255 255 255
255 255 255
255 255 255
255 255 255
255 255 255
255 255 255
255 255 255
255 255 255
255 255 255
255 255 255
255 255 255
255 255 255
255 255 255
255 255 255
255 255 255
255 255 255
255 255 255
255 255 255
255 255 255
255 255 255
255 255 255
252 249 251
255 253 255
255 254 255
252 254 255
240 244 245
176 181 182
155 163 163
177 185 185
136 144 144
144 152 152
168 173 174
153 157 158
165 167 168
125 124 126
64 61 63
181 178 180
216 228 234
177 187 194
161 167 172
136 139 143
150 149 151
134 128 129
122 111 113
144 131 133
167 153 157
152 139 147
160 151 161
172 167 182
113 111 130
51 52 73
88 92 116
154 159 184
160 180 191
154 174 185
151 171 182
97 115 126
143 161 172
154 170 182
172 188 200
193 207 219
197 209 221
202 214 226
195 204 217
206 215 228
208 216 229
193 201 214
192 200 213
180 188 201
171 181 181
187 196 199
208 217 221
201 208 217
200 209 219
205 212 227
170 177 196
167 175 198
160 170 194
119 132 158
119 134 160
119 138 165
108 129 156
106 132 156
63 89 113
99 127 151
50 88 123
104 140 176
81 111 146
106 134 165
125 149 179
145 166 193
110 134 156
98 125 145
121 152 167
89 121 134
133 163 174
119 143 155
143 159 171
179 185 198
241 238 253
255 248 255
255 255 255
255 255 255
255 255 255
255 255 255
255 255 255
255 255 255
255 255 255
255 255 255
255 255 255
255 255 255
255 255 255
255 255 255
255 255 255
255 255 255
255 255 255
255 255 255
255 255 255
255 255 255
255 255 255
255 255 255
255 255 255
255 255 255
255 255 255
255 255 255
255 255 255
255 255 255
255 255 255
255 255 255
255 255 255
255 255 255
255 255 255
255 255 255
255 255 255
255 255 255
255 255 255
255 255 255
255 255 255
255 255 255
255 255 255
255 255 255
255 255 255
255 255 255
255 255 255
255 255 255
255 255 255
255 255 255
255 255 255
255 255 255
255 255 255
255 255 255
255 255 255
255 255 255
255 255 255
255 255 255
255 255 255
255 255 255
255 255 255
255 255 255
255 255 255
255 255 255
255 255 255
255 255 255
255 255 255
255 255 255
255 255 255
255 255 255
255 255 255
255 255 255
255 255 255
255 255 255
255 255 255
255 255 255
255 255 255
255 255 255
255 255 255
255 255 255
255 255 255
255 255 255
255 255 255
255 255 255
255 255 255
255 255 255
255 255 255
255 255 255
255 255 255
255 255 255
255 255 255
255 255 255
255 255 255
255 255 255
255 255 255
255 255 255
255 255 255
255 255 255
255 255 255
255 255 255
255 255 255
255 255 255
255 255 255
255 255 255
255 255 255
255 255 255
255 255 255
255 255 255
255 255 255
255 255 255
255 255 255
255 255 255
255 255 255
255 255 255
255 255 255
255 255 255
255 255 255
255 255 255
255 255 255
255 255 255
255 255 255
255 255 255
255 255 255
255 255 255
255 255 255
255 255 255
255 255 255
255 255 255
255 255 255
255 255 255
255 255 255
255 255 255
255 255 255
255 255 255
255 255 255
255 255 255
255 255 255
255 255 255
255 255 255
255 255 255
255 255 255
255 255 255
255 255 255
255 255 255
255 255 255
255 255 255
255 255 255
255 255 255
255 255 255
255 255 255
255 255 255
255 255 255
255 255 255
255 255 255
255 255 255
255 255 255
255 255 255
255 255 255
255 255 255
255 255 255
255 255 255
255 255 255
255 255 255
255 255 255
255 255 255
255 255 255
255 255 255
255 255 255
255 255 255
255 255 255
255 255 255
255 255 255
255 255 255
255 255 255
255 255 255
255 255 255
255 255 255
255 255 255
255 255 255
255 255 255
255 255 255
255 255 255
255 252 255
249 248 252
248 247 251
253 254 255
223 226 230
177 182 185
157 164 167
140 147 150
94 101 104
105 112 115
106 111 114
118 121 125
167 168 172
96 95 99
112 111 115
227 223 228
181 192 200
170 182 188
150 159 163
122 125 129
131 130 132
165 160 162
162 154 155
163 152 154
156 145 148
157 147 153
117 109 119
55 51 63
20 19 35
60 64 83
139 146 166
170 176 199
142 162 173
158 178 189
155 173 184
101 119 130
140 158 169
172 188 200
183 199 211
187 201 213
203 215 227
196 208 220
195 204 217
179 188 201
186 194 207
192 200 213
167 175 188
161 169 182
182 194 194
186 198 200
196 207 211
188 197 206
181 189 202
156 165 179
143 150 169
158 166 189
131 143 167
141 154 180
128 145 171
91 111 136
97 121 145
92 118 142
131 159 183
95 123 147
105 143 177
74 109 142
127 158 191
140 166 196
111 133 161
141 163 188
146 169 191
130 156 173
120 151 166
144 176 189
181 211 222
166 190 202
139 155 167
149 157 170
227 227 241
255 250 255
255 255 255
255 255 255
255 255 255
255 255 255
255 255 255
255 255 255
255 255 255
255 255 255
255 255 255
255 255 255
255 255 255
255 255 255
255 255 255
255 255 255
255 255 255
255 255 255
255 255 255
255 255 255
255 255 255
255 255 255
255 255 255
255 255 255
255 255 255
255 255 255
255 255 255
255 255 255
255 255 255
255 255 255
255 255 255
255 255 255
255 255 255
255 255 255
255 255 255
255 255 255
255 255 255
255 255 255
255 255 255
255 255 255
255 255 255
255 255 255
255 255 255
255 255 255
255 255 255
255 255 255
255 255 255
255 255 255
255 255 255
255 255 255
255 255 255
255 255 255
255 255 255
255 255 255
255 255 255
255 255 255
255 255 255
255 255 255
255 255 255
255 255 255
255 255 255
255 255 255
255 255 255
255 255 255
255 255 255
255 255 255
255 255 255
255 255 255
255 255 255
255 255 255
255 255 255
255 255 255
255 255 255
255 255 255
255 255 255
255 255 255
255 255 255
255 255 255
255 255 255
255 255 255
255 255 255
255 255 255
255 255 255
255 255 255
255 255 255
255 255 255
255 255 255
255 255 255
255 255 255
255 255 255
255 255 255
255 255 255
255 255 255
255 255 255
255 255 255
255 255 255
255 255 255
255 255 255
255 255 255
255 255 255
255 255 255
255 255 255
255 255 255
255 255 255
255 255 255
255 255 255
255 255 255
255 255 255
255 255 255
255 255 255
255 255 255
255 255 255
255 255 255
255 255 255
255 255 255
255 255 255
255 255 255
255 255 255
255 255 255
255 255 255
255 255 255
255 255 255
255 255 255
255 255 255
255 255 255
255 255 255
255 255 255
255 255 255
255 255 255
255 255 255
255 255 255
255 255 255
255 255 255
255 255 255
255 255 255
255 255 255
255 255 255
255 255 255
255 255 255
255 255 255
255 255 255
255 255 255
255 255 255
255 255 255
255 255 255
255 255 255
255 255 255
255 255 255
255 255 255
255 255 255
255 255 255
255 255 255
255 255 255
255 255 255
255 255 255
255 255 255
255 255 255
255 255 255
255 255 255
255 255 255
255 255 255
255 255 255
255 255 255
255 255 255
255 255 255
255 255 255
255 255 255
255 255 255
255 255 255
255 255 255
255 255 255
255 255 255
255 255 255
255 255 255
255 255 255
255 255 255
255 255 255
255 255 255
255 255 255
255 255 255
255 253 255
253 252 255
251 250 254
250 251 255
171 174 178
147 152 155
151 158 161
127 134 137
111 118 121
103 110 113
115 120 123
152 155 159
184 185 189
61 60 64
99 98 102
206 202 207
178 191 199
176 188 194
159 167 174
139 143 148
118 119 123
152 149 151
150 144 145
149 141 142
104 95 98
64 57 62
11 6 15
8 7 17
62 63 77
142 146 164
188 195 214
168 177 197
165 185 196
170 188 199
144 162 173
107 125 136
139 157 168
180 196 208
181 197 209
180 194 206
185 197 209
192 204 216
180 189 202
178 187 200
179 188 201
158 166 179
142 150 163
141 149 162
181 193 195
199 212 214
178 190 196
189 200 208
168 177 190
163 173 190
140 152 170
141 154 176
93 107 130
131 146 172
130 147 173
103 125 150
118 142 166
126 152 176
93 122 143
116 145 166
82 119 147
112 144 173
99 128 155
132 154 182
164 186 211
116 137 159
141 165 185
113 139 156
136 167 182
152 184 197
137 169 180
149 175 187
146 163 176
163 172 185
222 223 237
248 245 255
255 255 255
255 255 255
255 255 255
255 255 255
255 255 255
255 255 255
255 255 255
255 255 255
255 255 255
255 255 255
255 255 255
255 255 255
255 255 255
255 255 255
255 255 255
255 255 255
255 255 255
255 255 255
255 255 255
255 255 255
255 255 255
255 255 255
255 255 255
255 255 255
255 255 255
255 255 255
255 255 255
255 255 255
255 255 255
255 255 255
255 255 255
255 255 255
255 255 255
255 255 255
255 255 255
255 255 255
255 255 255
255 255 255
255 255 255
255 255 255
255 255 255
255 255 255
255 255 255
255 255 255
255 255 255
255 255 255
255 255 255
255 255 255
255 255 255
255 255 255
255 255 255
255 255 255
255 255 255
255 255 255
255 255 255
255 255 255
255 255 255
255 255 255
255 255 255
255 255 255
255 255 255
255 255 255
255 255 255
255 255 255
255 255 255
255 255 255
255 255 255
255 255 255
255 255 255
255 255 255
255 255 255
255 255 255
255 255 255
255 255 255
255 255 255
255 255 255
255 255 255
255 255 255
255 255 255
255 255 255
255 255 255
255 255 255
255 255 255
255 255 255
255 255 255
255 255 255
255 255 255
255 255 255
255 255 255
255 255 255
255 255 255
255 255 255
255 255 255
255 255 255
255 255 255
255 255 255
255 255 255
255 255 255
255 255 255
255 255 255
255 255 255
255 255 255
255 255 255
255 255 255
255 255 255
255 255 255
255 255 255
255 255 255
255 255 255
255 255 255
255 255 255
255 255 255
255 255 255
255 255 255
255 255 255
255 255 255
255 255 255
255 255 255
255 255 255
255 255 255
255 255 255
255 255 255
255 255 255
255 255 255
255 255 255
255 255 255
255 255 255
255 255 255
255 255 255
255 255 255
255 255 255
255 255 255
255 255 255
255 255 255
255 255 255
255 255 255
255 255 255
255 255 255
255 255 255
255 255 255
255 255 255
255 255 255
255 255 255
255 255 255
255 255 255
255 255 255
255 255 255
255 255 255
255 255 255
255 255 255
255 255 255
255 255 255
255 255 255
255 255 255
255 255 255
255 255 255
255 255 255
255 255 255
255 255 255
255 255 255
255 255 255
255 255 255
255 255 255
255 255 255
255 255 255
255 255 255
255 255 255
255 255 255
255 255 255
255 255 255
255 255 255
255 255 255
255 255 255
255 255 255
255 255 255
255 255 255
255 255 255
255 255 255
255 254 255
253 252 255
253 254 255
215 218 222
135 140 143
123 130 133
126 133 136
115 124 127
88 97 100
98 105 108
78 85 88
175 180 183
151 154 158
31 32 36
145 144 148
219 218 222
176 192 199
155 168 176
150 160 167
151 157 162
110 113 117
90 89 91
84 81 83
94 89 91
36 31 33
17 13 18
36 34 40
110 112 120
157 161 172
166 174 187
178 189 203
175 188 204
166 184 195
144 162 173
109 127 138
121 139 150
150 166 178
175 191 203
163 177 189
170 184 196
149 163 175
157 169 181
152 164 176
168 177 190
160 169 182
118 127 140
121 129 142
156 164 177
173 188 191
175 190 193
181 195 201
141 153 163
162 176 188
94 107 123
114 128 147
92 106 128
103 119 142
69 86 112
75 95 120
77 99 124
46 70 92
69 96 117
50 77 98
83 112 133
100 132 155
86 117 140
106 132 156
106 127 149
125 144 165
113 130 151
127 149 167
118 143 159
124 153 168
152 186 199
164 196 209
180 208 219
162 184 196
148 161 175
191 196 211
249 249 255
255 255 255
255 255 255
255 255 255
255 255 255
255 255 255
255 255 255
255 255 255
255 255 255
255 255 255
255 255 255
255 255 255
255 255 255
255 255 255
255 255 255
255 255 255
255 255 255
255 255 255
255 255 255
255 255 255
255 255 255
255 255 255
255 255 255
255 255 255
255 255 255
255 255 255
255 255 255
255 255 255
255 255 255
255 255 255
255 255 255
255 255 255
255 255 255
255 255 255
255 255 255
255 255 255
255 255 255
255 255 255
255 255 255
255 255 255
255 255 255
255 255 255
255 255 255
255 255 255
255 255 255
255 255 255
255 255 255
255 255 255
255 255 255
255 255 255
255 255 255
255 255 255
255 255 255
255 255 255
255 255 255
255 255 255
255 255 255
255 255 255
255 255 255
255 255 255
255 255 255
255 255 255
255 255 255
255 255 255
255 255 255
255 255 255
255 255 255
255 255 255
255 255 255
255 255 255
255 255 255
255 255 255
255 255 255
255 255 255
255 255 255
255 255 255
255 255 255
255 255 255
255 255 255
255 255 255
255 255 255
255 255 255
255 255 255
255 255 255
255 255 255
255 255 255
255 255 255
255 255 255
255 255 255
255 255 255
255 255 255
255 255 255
255 255 255
255 255 255
255 255 255
255 255 255
255 255 255
255 255 255
255 255 255
255 255 255
255 255 255
255 255 255
255 255 255
255 255 255
255 255 255
255 255 255
255 255 255
255 255 255
255 255 255
255 255 255
255 255 255
255 255 255
255 255 255
255 255 255
255 255 255
255 255 255
255 255 255
255 255 255
255 255 255
255 255 255
255 255 255
255 255 255
255 255 255
255 255 255
255 255 255
255 255 255
255 255 255
255 255 255
255 255 255
255 255 255
255 255 255
255 255 255
255 255 255
255 255 255
255 255 255
255 255 255
255 255 255
255 255 255
255 255 255
255 255 255
255 255 255
255 255 255
255 255 255
255 255 255
255 255 255
255 255 255
255 255 255
255 255 255
255 255 255
255 255 255
255 255 255
255 255 255
255 255 255
255 255 255
255 255 255
255 255 255
255 255 255
255 255 255
255 255 255
255 255 255
255 255 255
255 255 255
255 255 255
255 255 255
255 255 255
255 255 255
255 255 255
255 255 255
255 255 255
255 255 255
255 255 255
255 255 255
255 255 255
255 255 255
255 255 255
255 255 255
255 255 255
255 255 255
255 255 255
255 253 255
243 243 249
243 243 249
171 174 179
138 142 147
126 132 137
92 101 105
91 100 104
93 102 106
156 165 169
93 99 104
210 214 219
102 105 110
33 33 39
192 192 198
192 190 196
211 227 234
177 193 200
169 181 187
158 166 173
130 134 139
84 87 91
72 71 73
58 55 57
94 91 93
122 121 125
138 141 146
149 152 160
154 161 170
169 179 189
165 180 189
122 136 148
116 133 146
105 122 135
93 110 123
142 158 171
158 174 187
158 174 187
137 150 164
146 159 173
156 169 183
122 133 147
157 168 182
134 143 157
123 132 146
127 136 150
103 112 126
180 189 203
175 192 195
178 194 200
139 155 162
159 176 185
137 153 166
110 126 142
83 100 119
81 100 121
64 82 105
94 115 137
66 89 111
62 86 108
108 132 154
63 90 110
72 99 119
68 95 115
32 60 77
38 64 81
94 116 134
115 132 151
102 118 135
85 101 118
85 103 120
89 114 130
82 111 125
86 120 133
124 158 171
153 182 196
170 193 208
157 173 186
176 185 199
246 251 255
255 255 255
255 255 255
255 255 255
255 255 255
255 255 255
255 255 255
255 255 255
255 255 255
255 255 255
255 255 255
255 255 255
255 255 255
255 255 255
255 255 255
255 255 255
255 255 255
255 255 255
255 255 255
255 255 255
255 255 255
255 255 255
255 255 255
255 255 255
255 255 255
255 255 255
255 255 255
255 255 255
255 255 255
255 255 255
255 255 255
255 255 255
255 255 255
255 255 255
255 255 255
255 255 255
255 255 255
255 255 255
255 255 255
255 255 255
255 255 255
255 255 255
255 255 255
255 255 255
255 255 255
255 255 255
255 255 255
255 255 255
255 255 255
255 255 255
255 255 255
255 255 255
255 255 255
255 255 255
255 255 255
255 255 255
255 255 255
255 255 255
255 255 255
255 255 255
255 255 255
255 255 255
255 255 255
255 255 255
255 255 255
255 255 255
255 255 255
255 255 255
255 255 255
255 255 255
255 255 255
255 255 255
255 255 255
255 255 255
255 255 255
255 255 255
255 255 255
255 255 255
255 255 255
255 255 255
255 255 255
255 255 255
255 255 255
255 255 255
255 255 255
255 255 255
255 255 255
255 255 255
255 255 255
255 255 255
255 255 255
255 255 255
255 255 255
255 255 255
255 255 255
255 255 255
255 255 255
255 255 255
255 255 255
255 255 255
255 255 255
255 255 255
255 255 255
255 255 255
255 255 255
255 255 255
255 255 255
255 255 255
255 255 255
255 255 255
255 255 255
255 255 255
255 255 255
255 255 255
255 255 255
255 255 255
255 255 255
255 255 255
255 255 255
255 255 255
255 255 255
255 255 255
255 255 255
255 255 255
255 255 255
255 255 255
255 255 255
255 255 255
255 255 255
255 255 255
255 255 255
255 255 255
255 255 255
255 255 255
255 255 255
255 255 255
255 255 255
255 255 255
255 255 255
255 255 255
255 255 255
255 255 255
255 255 255
255 255 255
255 255 255
255 255 255
255 255 255
255 255 255
255 255 255
255 255 255
255 255 255
255 255 255
255 255 255
255 255 255
255 255 255
255 255 255
255 255 255
255 255 255
255 255 255
255 255 255
255 255 255
255 255 255
255 255 255
255 255 255
255 255 255
255 255 255
255 255 255
255 255 255
255 255 255
255 255 255
255 255 255
255 255 255
255 255 255
255 255 255
255 255 255
255 255 255
255 255 255
255 255 255
255 255 255
253 253 255
246 246 252
224 227 232
138 142 147
124 130 135
105 114 118
76 85 89
94 105 109
81 92 96
150 159 163
163 172 176
201 207 212
73 77 82
139 142 147
218 218 224
209 209 215
183 200 209
174 190 197
163 176 184
151 161 168
174 183 187
178 182 187
174 177 181
128 129 133
110 111 115
93 96 100
103 108 111
131 140 144
108 118 125
79 93 99
128 144 151
184 202 209
196 212 225
204 220 233
191 207 220
203 219 232
174 190 203
149 162 176
119 132 146
109 122 136
92 105 119
113 124 138
89 100 114
115 126 140
118 129 143
113 122 136
163 172 186
159 168 182
115 133 140
168 186 193
176 195 203
157 175 186
120 139 154
97 117 134
89 109 127
87 108 129
81 104 126
64 87 109
61 85 107
72 97 117
64 89 109
62 88 105
82 108 125
50 76 93
23 48 58
36 58 69
18 35 48
35 48 62
29 42 56
4 17 33
0 14 30
12 35 50
0 7 21
0 15 28
47 81 94
107 139 152
157 183 197
157 176 191
157 170 186
215 223 240
255 255 255
255 255 255
255 255 255
255 255 255
255 255 255
255 255 255
255 255 255
255 255 255
255 255 255
255 255 255
255 255 255
255 255 255
255 255 255
255 255 255
255 255 255
255 255 255
255 255 255
255 255 255
255 255 255
255 255 255
255 255 255
255 255 255
255 255 255
255 255 255
255 255 255
255 255 255
255 255 255
255 255 255
255 255 255
255 255 255
255 255 255
255 255 255
255 255 255
255 255 255
255 255 255
255 255 255
255 255 255
255 255 255
255 255 255
255 255 255
255 255 255
255 255 255
255 255 255
255 255 255
255 255 255
255 255 255
255 255 255
255 255 255
255 255 255
255 255 255
255 255 255
255 255 255
255 255 255
255 255 255
255 255 255
255 255 255
255 255 255
255 255 255
255 255 255
255 255 255
255 255 255
255 255 255
255 255 255
255 255 255
255 255 255
255 255 255
255 255 255
255 255 255
255 255 255
255 255 255
255 255 255
255 255 255
255 255 255
255 255 255
255 255 255
255 255 255
255 255 255
255 255 255
255 255 255
255 255 255
255 255 255
255 255 255
255 255 255
255 255 255
255 255 255
255 255 255
255 255 255
255 255 255
255 255 255
255 255 255
255 255 255
255 255 255
255 255 255
255 255 255
255 255 255
255 255 255
255 255 255
255 255 255
255 255 255
255 255 255
255 255 255
255 255 255
255 255 255
255 255 255
255 255 255
255 255 255
255 255 255
255 255 255
255 255 255
255 255 255
255 255 255
255 255 255
255 255 255
255 255 255
255 255 255
255 255 255
255 255 255
255 255 255
255 255 255
255 255 255
255 255 255
255 255 255
255 255 255
255 255 255
255 255 255
255 255 255
255 255 255
255 255 255
255 255 255
255 255 255
255 255 255
255 255 255
255 255 255
255 255 255
255 255 255
255 255 255
255 255 255
255 255 255
255 255 255
255 255 255
255 255 255
255 255 255
255 255 255
255 255 255
255 255 255
255 255 255
255 255 255
255 255 255
255 255 255
255 255 255
255 255 255
255 255 255
255 255 255
255 255 255
255 255 255
255 255 255
255 255 255
255 255 255
255 255 255
255 255 255
255 255 255
255 255 255
255 255 255
255 255 255
255 255 255
255 255 255
255 255 255
255 255 255
255 255 255
255 255 255
255 255 255
255 255 255
255 255 255
255 255 255
255 255 255
255 255 255
255 255 255
255 255 255
251 253 255
250 252 255
194 197 205
131 134 142
104 110 117
81 89 96
80 90 97
101 111 118
92 102 109
132 142 149
204 212 219
156 162 169
69 72 80
201 204 212
198 200 208
213 215 223
188 205 214
189 206 215
163 179 186
159 170 178
177 187 194
176 184 191
157 163 168
114 118 123
97 101 106
108 114 119
102 111 115
107 118 122
139 151 157
192 208 214
217 236 241
184 203 208
153 169 182
175 191 204
173 189 202
188 201 215
179 192 206
176 189 203
169 182 196
149 162 176
80 93 107
51 62 76
128 139 153
110 121 135
116 127 141
177 188 202
149 160 174
177 188 202
169 188 196
180 201 209
146 166 177
140 162 174
126 149 164
160 183 199
100 124 144
70 95 115
95 119 141
81 105 127
78 103 123
81 106 126
42 68 85
41 67 83
0 16 32
0 26 40
7 27 32
0 0 7
21 37 44
0 7 17
32 41 54
101 110 124
20 36 49
35 56 71
100 127 141
30 63 78
0 9 23
5 38 53
70 99 114
138 159 174
167 182 198
203 213 230
255 255 255
255 255 255
255 255 255
255 255 255
255 255 255
255 255 255
255 255 255
255 255 255
255 255 255
255 255 255
255 255 255
255 255 255
255 255 255
255 255 255
255 255 255
255 255 255
255 255 255
255 255 255
255 255 255
255 255 255
255 255 255
255 255 255
255 255 255
255 255 255
255 255 255
255 255 255
255 255 255
255 255 255
255 255 255
255 255 255
255 255 255
255 255 255
255 255 255
255 255 255
255 255 255
255 255 255
255 255 255
255 255 255
255 255 255
255 255 255
255 255 255
255 255 255
255 255 255
255 255 255
255 255 255
255 255 255
255 255 255
255 255 255
255 255 255
255 255 255
255 255 255
255 255 255
255 255 255
255 255 255
255 255 255
255 255 255
255 255 255
255 255 255
255 255 255
255 255 255
255 255 255
255 255 255
255 255 255
255 255 255
255 255 255
255 255 255
255 255 255
255 255 255
255 255 255
255 255 255
255 255 255
255 255 255
255 255 255
255 255 255
255 255 255
255 255 255
255 255 255
255 255 255
255 255 255
255 255 255
255 255 255
255 255 255
255 255 255
255 255 255
255 255 255
255 255 255
255 255 255
255 255 255
255 255 255
255 255 255
255 255 255
255 255 255
255 255 255
255 255 255
255 255 255
255 255 255
255 255 255
255 255 255
255 255 255
255 255 255
255 255 255
255 255 255
255 255 255
255 255 255
255 255 255
255 255 255
255 255 255
255 255 255
255 255 255
255 255 255
255 255 255
255 255 255
255 255 255
255 255 255
255 255 255
255 255 255
255 255 255
255 255 255
255 255 255
255 255 255
255 255 255
255 255 255
255 255 255
255 255 255
255 255 255
255 255 255
255 255 255
255 255 255
255 255 255
255 255 255
255 255 255
255 255 255
255 255 255
255 255 255
255 255 255
255 255 255
255 255 255
255 255 255
255 255 255
255 255 255
255 255 255
255 255 255
255 255 255
255 255 255
255 255 255
255 255 255
255 255 255
255 255 255
255 255 255
255 255 255
255 255 255
255 255 255
255 255 255
255 255 255
255 255 255
255 255 255
255 255 255
255 255 255
255 255 255
255 255 255
255 255 255
255 255 255
255 255 255
255 255 255
255 255 255
255 255 255
255 255 255
255 255 255
255 255 255
255 255 255
255 255 255
255 255 255
255 255 255
255 255 255
255 255 255
255 255 255
255 255 255
255 255 255
251 252 255
247 249 255
159 161 171
138 143 152
108 115 124
83 92 101
91 102 110
78 89 97
60 71 79
139 150 158
191 200 209
177 184 193
148 153 162
218 220 230
222 224 234
203 204 214
175 192 201
178 195 204
155 171 178
186 199 207
185 196 204
154 163 172
124 132 139
119 125 132
158 164 171
168 176 183
172 182 189
186 198 204
193 207 213
195 211 217
173 192 197
119 138 143
136 149 165
151 164 180
155 168 184
184 197 213
201 214 230
204 217 233
197 210 226
161 174 190
181 194 210
169 182 198
193 206 222
197 210 226
169 182 198
173 183 200
187 197 214
181 191 208
171 191 202
134 156 167
145 167 179
102 125 140
108 133 149
71 97 114
94 119 139
142 169 189
118 145 165
101 128 148
73 98 118
45 71 88
5 30 46
0 6 21
35 58 73
0 18 30
84 102 103
179 194 196
108 119 123
2 10 17
128 134 145
170 178 191
54 65 79
105 124 139
149 175 191
119 152 167
33 68 82
25 58 73
9 38 53
69 92 108
139 155 171
191 206 222
255 255 255
255 255 255
255 255 255
255 255 255
255 255 255
255 255 255
255 255 255
255 255 255
255 255 255
255 255 255
255 255 255
255 255 255
255 255 255
255 255 255
255 255 255
255 255 255
255 255 255
255 255 255
255 255 255
255 255 255
255 255 255
255 255 255
255 255 255
255 255 255
255 255 255
255 255 255
255 255 255
255 255 255
255 255 255
255 255 255
255 255 255
255 255 255
255 255 255
255 255 255
255 255 255
255 255 255
255 255 255
246 246 246
255 255 255
255 255 255
255 255 255
255 255 255
250 250 250
255 255 255
255 255 255
250 250 250
255 255 255
255 255 255
255 255 255
255 255 255
255 255 255
255 255 255
255 255 255
255 255 255
255 255 255
255 255 255
255 255 255
255 255 255
255 255 255
255 255 255
255 255 255
255 255 255
255 255 255
255 255 255
255 255 255
255 255 255
255 255 255
255 255 255
255 255 255
255 255 255
255 255 255
255 255 255
255 255 255
255 255 255
255 255 255
255 255 255
255 255 255
255 255 255
255 255 255
255 255 255
255 255 255
255 255 255
255 255 255
255 255 255
255 255 255
255 255 255
255 255 255
255 255 255
255 255 255
255 255 255
255 255 255
255 255 255
255 255 255
255 255 255
255 255 255
255 255 255
255 255 255
255 255 255
255 255 255
255 255 255
255 255 255
255 255 255
255 255 255
255 255 255
255 255 255
255 255 255
255 255 255
255 255 255
255 255 255
255 255 255
255 255 255
255 255 255
255 255 255
255 255 255
255 255 255
255 255 255
255 255 255
255 255 255
255 255 255
255 255 255
255 255 255
255 255 255
255 255 255
255 255 255
255 255 255
255 255 255
255 255 255
255 255 255
255 255 255
255 255 255
255 255 255
255 255 255
255 255 255
255 255 255
255 255 255
255 255 255
255 255 255
255 255 255
255 255 255
255 255 255
255 255 255
255 255 255
255 255 255
255 255 255
255 255 255
255 255 255
255 255 255
255 255 255
252 252 252
255 255 255
249 249 249
255 255 255
255 255 255
251 251 251
255 255 255
255 255 255
255 255 255
255 255 255
255 255 255
255 255 255
255 255 255
255 255 255
255 255 255
255 255 255
255 255 255
255 255 255
255 255 255
255 255 255
255 255 255
255 255 255
253 253 253
252 252 252
250 250 250
255 255 255
255 255 255
255 255 255
255 255 255
255 255 255
250 252 255
207 209 219
148 153 162
131 138 147
89 98 107
98 109 117
106 117 125
95 108 116
76 89 97
183 194 202
195 206 214
150 159 168
174 181 190
205 210 219
202 204 214
205 207 217
178 196 203
166 182 189
170 186 193
194 206 216
198 208 218
180 189 199
172 181 191
181 190 200
181 190 200
189 198 208
199 208 218
195 205 215
170 183 191
135 151 158
110 126 133
96 114 121
120 130 147
147 157 174
157 167 184
142 155 171
183 196 212
180 193 209
181 194 210
204 217 233
200 213 229
200 213 229
193 206 222
177 190 206
197 210 226
186 199 215
180 193 209
177 190 206
139 161 173
81 102 117
82 105 120
111 136 152
117 143 160
101 128 148
104 134 153
114 144 163
102 132 151
94 121 141
41 67 84
3 28 44
21 44 59
103 125 137
146 166 177
22 42 53
98 112 111
202 214 214
138 145 148
0 1 9
104 106 116
187 193 206
12 20 37
104 120 137
160 184 202
44 74 91
115 149 165
96 130 146
0 5 20
0 11 27
67 86 101
185 200 216
255 255 255
255 255 255
255 255 255
255 255 255
255 255 255
255 255 255
255 255 255
255 255 255
255 255 255
255 255 255
255 255 255
255 255 255
255 255 255
255 255 255
255 255 255
255 255 255
255 255 255
255 255 255
255 255 255
255 255 255
255 255 255
255 255 255
255 255 255
255 255 255
255 255 255
255 255 255
255 255 255
255 255 255
255 255 255
255 255 255
255 255 255
255 255 255
255 255 255
255 255 255
246 246 246
255 255 255
253 253 253
255 255 255
235 235 235
255 255 255
251 251 251
255 255 255
250 250 250
255 255 255
255 255 255
255 255 255
255 255 255
247 247 247
248 248 248
255 255 255
255 255 255
255 255 255
255 255 255
255 255 255
255 255 255
255 255 255
255 255 255
255 255 255
255 255 255
255 255 255
255 255 255
255 255 255
255 255 255
255 255 255
255 255 255
255 255 255
255 255 255
255 255 255
255 255 255
255 255 255
255 255 255
255 255 255
255 255 255
255 255 255
255 255 255
255 255 255
255 255 255
255 255 255
255 255 255
255 255 255
255 255 255
255 255 255
255 255 255
255 255 255
255 255 255
255 255 255
255 255 255
255 255 255
255 255 255
255 255 255
255 255 255
255 255 255
255 255 255
255 255 255
255 255 255
255 255 255
255 255 255
255 255 255
255 255 255
255 255 255
255 255 255
255 255 255
255 255 255
255 255 255
255 255 255
255 255 255
255 255 255
255 255 255
255 255 255
255 255 255
255 255 255
255 255 255
255 255 255
255 255 255
255 255 255
255 255 255
255 255 255
255 255 255
255 255 255
255 255 255
255 255 255
255 255 255
255 255 255
255 255 255
255 255 255
255 255 255
255 255 255
255 255 255
255 255 255
255 255 255
255 255 255
255 255 255
255 255 255
255 255 255
255 255 255
255 255 255
255 255 255
255 255 255
255 255 255
255 255 255
255 255 255
255 255 255
255 255 255
255 255 255
255 255 255
255 255 255
254 254 254
254 254 254
254 254 254
255 255 255
255 255 255
255 255 255
255 255 255
255 255 255
255 255 255
255 255 255
255 255 255
255 255 255
255 255 255
255 255 255
255 255 255
255 255 255
255 255 255
255 255 255
255 255 255
255 255 255
255 255 255
255 255 255
255 255 255
255 255 255
252 252 252
252 252 252
254 254 254
255 255 255
255 255 255
255 255 255
251 251 251
253 253 253
236 240 251
175 179 190
147 153 164
134 143 153
90 100 110
111 121 131
101 113 123
72 84 94
119 131 141
185 197 207
189 199 209
177 187 197
221 230 240
232 238 249
208 212 223
214 218 229
184 200 207
199 215 222
213 226 234
203 215 225
178 188 198
159 168 181
166 173 188
181 188 203
142 149 164
122 129 144
109 118 132
108 117 131
88 99 113
55 67 79
35 49 61
39 53 65
96 106 123
142 152 169
174 184 201
175 185 202
156 166 183
163 173 190
184 194 211
169 182 198
148 161 177
168 181 197
177 190 206
152 165 181
157 170 186
148 163 179
140 155 171
117 132 148
114 135 150
106 126 143
65 88 104
81 105 123
94 119 139
101 128 148
80 109 130
74 103 124
32 62 81
0 15 35
0 23 39
11 34 49
54 73 86
141 159 170
156 173 182
62 77 86
47 58 56
190 200 200
107 112 115
0 0 6
39 39 51
169 172 187
0 0 15
97 112 131
134 158 178
0 10 29
102 135 154
73 106 122
67 95 112
1 26 42
4 23 38
152 167 183
255 255 255
255 255 255
255 255 255
255 255 255
255 255 255
255 255 255
255 255 255
255 255 255
255 255 255
255 255 255
255 255 255
255 255 255
255 255 255
255 255 255
255 255 255
255 255 255
255 255 255
255 255 255
255 255 255
255 255 255
255 255 255
255 255 255
255 255 255
255 255 255
255 255 255
255 255 255
255 255 255
255 255 255
255 255 255
255 255 255
255 255 255
255 255 255
255 255 255
255 255 255
255 255 255
253 253 253
255 255 255
248 248 248
255 255 255
255 255 255
255 255 255
251 251 251
255 255 255
255 255 255
252 252 252
253 253 253
253 253 253
255 255 255
255 255 255
255 255 255
255 255 255
255 255 255
255 255 255
255 255 255
255 255 255
255 255 255
255 255 255
255 255 255
255 255 255
255 255 255
255 255 255
255 255 255
255 255 255
255 255 255
255 255 255
255 255 255
255 255 255
255 255 255
255 255 255
255 255 255
255 255 255
255 255 255
255 255 255
255 255 255
255 255 255
255 255 255
255 255 255
255 255 255
255 255 255
255 255 255
255 255 255
255 255 255
255 255 255
255 255 255
255 255 255
255 255 255
255 255 255
255 255 255
255 255 255
255 255 255
255 255 255
255 255 255
255 255 255
255 255 255
255 255 255
255 255 255
255 255 255
255 255 255
255 255 255
255 255 255
255 255 255
255 255 255
255 255 255
255 255 255
255 255 255
255 255 255
255 255 255
255 255 255
255 255 255
255 255 255
255 255 255
255 255 255
255 255 255
255 255 255
255 255 255
255 255 255
255 255 255
255 255 255
255 255 255
255 255 255
255 255 255
255 255 255
255 255 255
255 255 255
255 255 255
255 255 255
255 255 255
255 255 255
255 255 255
255 255 255
255 255 255
255 255 255
255 255 255
255 255 255
255 255 255
255 255 255
255 255 255
255 255 255
255 255 255
255 255 255
255 255 255
255 255 255
255 255 255
255 255 255
255 255 255
255 255 255
251 251 251
250 250 250
250 250 250
252 252 252
252 252 252
251 251 251
251 251 251
253 253 253
255 255 255
255 255 255
255 255 255
255 255 255
255 255 255
255 255 255
255 255 255
255 255 255
255 255 255
255 255 255
255 255 255
255 255 255
255 255 255
255 255 255
255 255 255
255 255 255
252 252 252
254 254 254
255 255 255
255 255 255
255 255 255
254 254 254
252 252 252
249 249 249
227 230 244
153 159 172
142 148 161
127 135 148
83 92 105
111 123 135
108 122 134
82 96 108
175 189 201
183 197 209
202 214 226
214 223 236
207 215 228
192 198 211
188 194 207
195 198 212
186 200 206
184 198 204
167 180 188
148 158 168
140 149 162
131 140 154
97 105 122
58 65 84
38 45 65
14 21 41
0 7 27
6 13 33
7 14 33
0 5 23
0 2 20
0 9 27
0 1 20
41 48 67
101 108 127
160 170 188
171 181 199
166 176 194
180 190 208
166 178 196
184 196 214
160 172 190
152 164 182
132 146 164
123 137 155
107 121 139
130 144 162
146 160 178
144 164 182
118 138 156
104 126 144
83 107 127
81 108 128
49 78 99
54 83 104
2 31 52
0 20 39
56 84 101
85 110 126
30 51 66
7 25 36
154 169 178
171 182 190
2 13 21
0 7 7
183 191 191
39 42 47
3 2 12
0 0 12
76 76 94
0 0 18
54 66 90
78 99 121
0 5 26
101 132 153
27 59 78
127 155 172
48 71 87
0 0 13
176 192 205
255 255 255
255 255 255
255 255 255
255 255 255
255 255 255
255 255 255
255 255 255
255 255 255
255 255 255
255 255 255
255 255 255
255 255 255
255 255 255
255 255 255
255 255 255
255 255 255
255 255 255
255 255 255
255 255 255
255 255 255
255 255 255
255 255 255
255 255 255
255 255 255
255 255 255
255 255 255
255 255 255
255 255 255
255 255 255
255 255 255
255 255 255
255 255 255
255 255 255
255 255 255
247 247 247
255 255 255
244 244 244
242 242 242
255 255 255
254 254 254
240 240 240
255 255 255
255 255 255
255 255 255
255 255 255
251 251 251
246 246 246
254 254 254
255 255 255
250 250 250
255 255 255
255 255 255
255 255 255
255 255 255
255 255 255
255 255 255
255 255 255
255 255 255
255 255 255
255 255 255
255 255 255
255 255 255
255 255 255
255 255 255
255 255 255
255 255 255
255 255 255
255 255 255
255 255 255
255 255 255
255 255 255
255 255 255
255 255 255
255 255 255
255 255 255
255 255 255
255 255 255
255 255 255
255 255 255
255 255 255
255 255 255
255 255 255
255 255 255
255 255 255
255 255 255
255 255 255
255 255 255
255 255 255
255 255 255
255 255 255
255 255 255
255 255 255
255 255 255
255 255 255
255 255 255
255 255 255
255 255 255
255 255 255
255 255 255
255 255 255
255 255 255
255 255 255
255 255 255
255 255 255
255 255 255
255 255 255
255 255 255
255 255 255
255 255 255
255 255 255
255 255 255
255 255 255
255 255 255
255 255 255
255 255 255
255 255 255
255 255 255
255 255 255
255 255 255
255 255 255
255 255 255
255 255 255
255 255 255
255 255 255
255 255 255
255 255 255
255 255 255
255 255 255
255 255 255
255 255 255
255 255 255
255 255 255
255 255 255
255 255 255
255 255 255
255 255 255
255 255 255
255 255 255
255 255 255
255 255 255
255 255 255
255 255 255
255 255 255
255 255 255
255 255 255
255 255 255
255 255 255
255 255 255
255 255 255
255 255 255
254 254 254
255 255 255
255 255 255
249 249 249
255 255 255
255 255 255
255 255 255
255 255 255
255 255 255
255 255 255
255 255 255
255 255 255
255 255 255
255 255 255
255 255 255
255 255 255
255 255 255
255 255 255
255 255 255
255 255 255
255 255 255
255 255 255
255 255 255
255 255 255
252 252 252
255 255 255
255 255 255
251 251 251
174 180 193
141 147 160
140 148 161
150 159 172
120 132 144
112 126 138
123 137 149
112 128 140
176 192 204
187 201 213
192 206 218
177 189 201
156 165 178
159 167 180
173 179 192
170 176 189
191 203 207
188 200 206
163 174 182
124 134 144
98 107 121
79 86 105
43 50 70
3 9 32
0 5 30
0 4 32
0 0 28
0 0 22
0 0 25
0 5 30
0 4 29
0 0 22
0 0 14
12 19 38
8 15 34
99 106 125
128 135 154
174 184 202
128 138 156
146 158 176
97 109 127
115 127 145
132 146 164
104 118 136
97 111 129
105 121 138
112 128 145
75 91 108
24 41 62
48 67 88
23 44 65
41 64 86
32 59 80
17 46 67
0 0 18
0 14 35
0 25 45
135 161 178
146 169 184
71 88 101
0 0 8
106 117 125
163 171 178
0 0 4
0 0 3
112 118 123
0 0 6
7 5 17
8 4 23
0 0 19
9 10 36
20 29 56
8 25 52
3 28 54
75 103 127
15 45 64
127 153 170
91 112 127
10 26 39
218 232 244
255 255 255
255 255 255
255 255 255
255 255 255
255 255 255
255 255 255
255 255 255
255 255 255
255 255 255
255 255 255
255 255 255
255 255 255
255 255 255
255 255 255
255 255 255
255 255 255
255 255 255
255 255 255
255 255 255
255 255 255
255 255 255
255 255 255
255 255 255
255 255 255
255 255 255
255 255 255
255 255 255
255 255 255
255 255 255
255 255 255
255 255 255
255 255 255
255 255 255
255 255 255
255 255 255
245 245 245
162 162 162
105 105 105
182 182 182
232 232 232
250 250 250
255 255 255
243 243 243
250 250 250
255 255 255
255 255 255
248 248 248
245 245 245
250 250 250
255 255 255
255 255 255
255 255 255
255 255 255
255 255 255
255 255 255
255 255 255
255 255 255
255 255 255
255 255 255
255 255 255
255 255 255
255 255 255
255 255 255
255 255 255
255 255 255
255 255 255
255 255 255
255 255 255
255 255 255
255 255 255
255 255 255
255 255 255
255 255 255
255 255 255
255 255 255
255 255 255
255 255 255
255 255 255
255 255 255
255 255 255
255 255 255
255 255 255
255 255 255
255 255 255
255 255 255
255 255 255
255 255 255
255 255 255
255 255 255
255 255 255
255 255 255
255 255 255
255 255 255
255 255 255
255 255 255
255 255 255
255 255 255
255 255 255
255 255 255
255 255 255
255 255 255
255 255 255
255 255 255
255 255 255
255 255 255
255 255 255
255 255 255
255 255 255
255 255 255
255 255 255
255 255 255
255 255 255
255 255 255
255 255 255
255 255 255
255 255 255
255 255 255
255 255 255
255 255 255
255 255 255
255 255 255
255 255 255
255 255 255
255 255 255
255 255 255
255 255 255
255 255 255
255 255 255
255 255 255
255 255 255
255 255 255
255 255 255
255 255 255
255 255 255
255 255 255
255 255 255
255 255 255
255 255 255
255 255 255
255 255 255
255 255 255
255 255 255
255 255 255
255 255 255
255 255 255
255 255 255
254 254 254
255 255 255
248 248 248
255 255 255
249 249 249
255 255 255
252 252 252
255 255 255
255 255 255
255 255 255
255 255 255
255 255 255
255 255 255
255 255 255
255 255 255
255 255 255
255 255 255
255 255 255
255 255 255
255 255 255
255 255 255
255 255 255
255 255 255
255 255 255
255 255 255
255 255 255
255 255 255
254 254 254
249 249 249
255 255 255
255 255 255
244 244 244
129 134 149
143 150 165
123 130 145
150 159 173
146 157 171
106 119 133
151 167 180
179 195 208
196 212 225
168 184 197
100 113 127
49 60 74
67 76 90
113 120 135
141 148 163
156 161 176
156 165 168
145 154 158
112 122 129
68 77 87
30 37 52
9 14 35
0 4 29
0 0 25
2 4 35
14 15 49
17 18 52
7 8 42
3 4 38
9 11 42
12 11 43
6 5 37
28 34 53
8 14 33
22 29 48
0 3 22
75 82 101
120 130 148
145 155 173
135 147 165
115 127 145
87 99 117
93 107 125
95 109 127
88 104 121
59 75 92
57 73 90
47 63 80
71 87 110
26 42 65
51 69 92
6 29 51
0 21 45
11 39 63
44 72 96
18 47 68
0 22 42
108 132 150
152 173 188
57 73 85
0 0 10
57 63 70
133 137 142
0 0 5
0 2 6
4 10 17
0 0 8
3 0 16
19 14 35
14 9 36
17 17 47
16 24 54
0 8 37
16 38 66
59 85 109
58 85 106
102 126 144
105 124 139
109 123 135
241 253 255
255 255 255
255 255 255
255 255 255
255 255 255
255 255 255
255 255 255
255 255 255
255 255 255
255 255 255
255 255 255
255 255 255
255 255 255
255 255 255
255 255 255
255 255 255
255 255 255
255 255 255
255 255 255
255 255 255
255 255 255
255 255 255
255 255 255
255 255 255
255 255 255
255 255 255
255 255 255
255 255 255
255 255 255
255 255 255
255 255 255
255 255 255
255 255 255
255 255 255
255 255 255
245 245 245
255 255 255
202 202 202
44 44 44
63 63 63
89 89 89
198 198 198
255 255 255
255 255 255
255 255 255
243 243 243
249 249 249
255 255 255
255 255 255
254 254 254
255 255 255
255 255 255
255 255 255
255 255 255
255 255 255
255 255 255
255 255 255
255 255 255
255 255 255
255 255 255
255 255 255
255 255 255
255 255 255
255 255 255
255 255 255
255 255 255
255 255 255
255 255 255
255 255 255
255 255 255
255 255 255
255 255 255
255 255 255
255 255 255
255 255 255
255 255 255
255 255 255
255 255 255
255 255 255
255 255 255
255 255 255
255 255 255
255 255 255
255 255 255
255 255 255
255 255 255
255 255 255
255 255 255
255 255 255
255 255 255
255 255 255
255 255 255
255 255 255
255 255 255
255 255 255
255 255 255
255 255 255
255 255 255
255 255 255
255 255 255
255 255 255
255 255 255
255 255 255
255 255 255
255 255 255
255 255 255
255 255 255
255 255 255
255 255 255
255 255 255
255 255 255
255 255 255
255 255 255
255 255 255
255 255 255
255 255 255
255 255 255
255 255 255
255 255 255
255 255 255
255 255 255
255 255 255
255 255 255
255 255 255
255 255 255
255 255 255
255 255 255
255 255 255
255 255 255
255 255 255
255 255 255
255 255 255
255 255 255
255 255 255
255 255 255
255 255 255
255 255 255
255 255 255
255 255 255
255 255 255
255 255 255
255 255 255
255 255 255
255 255 255
255 255 255
255 255 255
255 255 255
247 247 247
248 248 248
248 248 248
255 255 255
253 253 253
252 252 252
252 252 252
255 255 255
255 255 255
255 255 255
255 255 255
255 255 255
255 255 255
255 255 255
255 255 255
255 255 255
255 255 255
255 255 255
255 255 255
255 255 255
255 255 255
255 255 255
255 255 255
255 255 255
255 255 255
253 253 253
255 255 255
253 253 253
249 249 249
255 255 255
252 252 252
212 212 212
114 121 136
148 155 170
101 110 124
122 133 147
140 153 167
94 110 123
162 178 191
198 215 228
160 177 190
48 64 77
0 4 17
0 2 16
0 0 11
10 19 33
64 71 86
88 95 110
105 112 115
75 82 85
40 48 55
22 28 39
14 18 36
5 10 31
0 2 30
0 0 29
0 0 34
1 0 39
4 3 43
6 2 43
4 0 41
6 3 42
20 15 54
32 27 66
13 19 38
0 1 20
0 3 22
68 75 94
0 0 14
92 99 118
112 122 140
131 141 159
135 147 165
121 135 153
96 110 128
43 59 76
39 55 72
54 70 87
66 82 99
39 57 74
7 21 44
9 25 48
0 6 32
0 0 20
0 0 20
81 107 131
102 130 154
75 104 125
0 18 38
67 90 106
173 192 207
16 30 42
0 0 7
18 21 29
66 67 71
0 0 3
0 7 16
0 0 8
0 0 10
17 12 33
19 13 38
31 26 55
30 29 61
1 8 41
8 21 53
25 45 76
70 95 121
52 76 98
38 60 78
89 105 121
220 232 244
244 253 255
255 255 255
255 255 255
255 255 255
255 255 255
255 255 255
255 255 255
255 255 255
255 255 255
255 255 255
255 255 255
255 255 255
255 255 255
255 255 255
255 255 255
255 255 255
255 255 255
255 255 255
255 255 255
255 255 255
255 255 255
255 255 255
255 255 255
255 255 255
255 255 255
255 255 255
255 255 255
255 255 255
255 255 255
255 255 255
255 255 255
255 255 255
255 255 255
255 255 255
255 255 255
252 252 252
255 255 255
242 242 242
171 171 171
59 59 59
56 56 56
79 79 79
134 134 134
242 242 242
255 255 255
255 255 255
244 244 244
255 255 255
255 255 255
248 248 248
253 253 253
255 255 255
255 255 255
255 255 255
255 255 255
255 255 255
255 255 255
255 255 255
255 255 255
255 255 255
255 255 255
255 255 255
255 255 255
255 255 255
255 255 255
255 255 255
255 255 255
255 255 255
255 255 255
255 255 255
255 255 255
255 255 255
255 255 255
255 255 255
255 255 255
255 255 255
255 255 255
255 255 255
255 255 255
255 255 255
255 255 255
255 255 255
255 255 255
255 255 255
255 255 255
255 255 255
255 255 255
255 255 255
255 255 255
255 255 255
255 255 255
255 255 255
255 255 255
255 255 255
255 255 255
255 255 255
255 255 255
255 255 255
255 255 255
255 255 255
255 255 255
255 255 255
255 255 255
255 255 255
255 255 255
255 255 255
255 255 255
255 255 255
255 255 255
255 255 255
255 255 255
255 255 255
255 255 255
255 255 255
255 255 255
255 255 255
255 255 255
255 255 255
255 255 255
255 255 255
255 255 255
255 255 255
255 255 255
255 255 255
255 255 255
255 255 255
255 255 255
255 255 255
255 255 255
255 255 255
255 255 255
255 255 255
255 255 255
255 255 255
255 255 255
255 255 255
255 255 255
255 255 255
255 255 255
255 255 255
255 255 255
255 255 255
255 255 255
255 255 255
255 255 255
255 255 255
255 255 255
255 255 255
255 255 255
255 255 255
242 242 242
255 255 255
255 255 255
255 255 255
243 243 243
255 255 255
255 255 255
255 255 255
255 255 255
255 255 255
255 255 255
255 255 255
255 255 255
255 255 255
255 255 255
255 255 255
255 255 255
255 255 255
255 255 255
255 255 255
255 255 255
255 255 255
248 248 248
254 254 254
255 255 255
252 252 252
255 255 255
225 225 225
162 162 162
105 112 127
139 146 161
109 118 132
125 136 150
147 160 174
95 111 124
117 133 146
95 112 125
31 48 61
0 4 17
0 0 12
8 21 35
3 14 28
0 1 15
3 10 25
13 20 35
29 34 35
21 26 29
13 19 26
11 15 26
3 7 25
0 2 26
8 10 40
23 24 58
24 23 62
22 20 62
19 15 57
14 9 54
15 8 53
21 14 57
31 22 65
36 27 70
5 11 30
0 0 14
0 5 24
123 129 148
0 0 15
12 19 38
50 60 78
70 80 98
44 56 74
35 49 67
37 51 69
28 44 61
36 52 69
15 31 48
9 27 44
8 26 43
8 19 46
0 0 23
27 42 68
52 72 97
41 65 89
95 121 145
160 188 212
41 68 89
0 17 37
8 31 47
101 118 131
4 16 28
0 1 10
0 0 4
3 0 4
20 15 17
1 7 18
15 18 32
0 0 16
25 22 44
17 10 37
25 18 51
28 27 61
1 5 40
12 24 58
26 46 77
60 83 109
7 31 53
55 75 93
128 144 157
243 252 255
243 249 255
255 255 255
255 255 255
255 255 255
255 255 255
255 255 255
255 255 255
255 255 255
255 255 255
255 255 255
255 255 255
255 255 255
255 255 255
255 255 255
255 255 255
255 255 255
255 255 255
255 255 255
255 255 255
255 255 255
255 255 255
255 255 255
255 255 255
255 255 255
255 255 255
255 255 255
255 255 255
255 255 255
255 255 255
255 255 255
255 255 255
255 255 255
255 255 255
255 255 255
255 255 255
253 253 253
244 244 244
255 255 255
255 255 255
138 138 138
65 65 65
59 59 59
79 79 79
119 119 119
232 232 232
255 255 255
245 245 245
254 254 254
255 255 255
253 253 253
255 255 255
255 255 255
255 255 255
255 255 255
255 255 255
255 255 255
255 255 255
255 255 255
255 255 255
255 255 255
255 255 255
255 255 255
255 255 255
255 255 255
255 255 255
255 255 255
255 255 255
255 255 255
255 255 255
255 255 255
255 255 255
255 255 255
255 255 255
255 255 255
255 255 255
255 255 255
255 255 255
255 255 255
255 255 255
255 255 255
255 255 255
255 255 255
255 255 255
255 255 255
255 255 255
255 255 255
255 255 255
255 255 255
255 255 255
255 255 255
255 255 255
255 255 255
255 255 255
255 255 255
255 255 255
255 255 255
255 255 255
255 255 255
255 255 255
255 255 255
255 255 255
255 255 255
255 255 255
255 255 255
255 255 255
255 255 255
255 255 255
255 255 255
255 255 255
255 255 255
255 255 255
255 255 255
255 255 255
255 255 255
255 255 255
255 255 255
255 255 255
255 255 255
255 255 255
255 255 255
255 255 255
255 255 255
255 255 255
255 255 255
255 255 255
255 255 255
255 255 255
255 255 255
255 255 255
255 255 255
255 255 255
255 255 255
255 255 255
255 255 255
255 255 255
255 255 255
255 255 255
255 255 255
255 255 255
255 255 255
255 255 255
255 255 255
255 255 255
255 255 255
255 255 255
255 255 255
255 255 255
250 250 250
247 247 247
246 246 246
181 181 181
233 233 233
243 243 243
242 242 242
165 165 165
255 255 255
255 255 255
255 255 255
255 255 255
255 255 255
255 255 255
255 255 255
255 255 255
255 255 255
255 255 255
255 255 255
255 255 255
255 255 255
255 255 255
255 255 255
255 255 255
255 255 255
245 245 245
254 254 254
255 255 255
255 255 255
250 250 250
203 203 203
122 122 122
127 134 151
139 146 163
120 128 145
118 128 145
131 144 160
90 105 121
71 87 103
0 14 30
0 4 20
112 128 144
55 70 86
0 0 13
41 51 68
57 65 82
0 0 16
3 10 27
8 13 14
7 12 15
3 9 16
2 6 17
1 5 23
11 13 37
30 32 62
49 49 85
27 26 66
34 31 76
28 23 68
11 5 52
17 9 56
36 29 74
36 26 72
18 8 54
0 0 15
0 0 19
0 0 15
90 95 116
9 16 36
0 0 15
56 65 85
63 72 92
16 27 47
25 39 58
17 31 50
0 0 16
0 3 22
0 0 16
0 4 23
0 8 27
70 81 108
33 46 72
37 52 78
117 136 163
70 91 118
66 92 116
139 165 189
42 69 90
0 0 17
0 1 17
0 6 19
0 0 8
0 0 7
16 16 22
2 0 3
21 14 17
0 6 19
1 6 21
22 22 40
12 8 33
12 4 34
37 30 63
0 0 34
32 35 73
35 47 83
36 55 88
41 63 91
26 49 71
196 216 234
237 253 255
240 250 255
240 247 255
255 255 255
255 255 255
255 255 255
255 255 255
255 255 255
255 255 255
255 255 255
255 255 255
255 255 255
255 255 255
255 255 255
255 255 255
255 255 255
255 255 255
255 255 255
255 255 255
255 255 255
255 255 255
255 255 255
255 255 255
255 255 255
255 255 255
255 255 255
255 255 255
255 255 255
255 255 255
255 255 255
255 255 255
255 255 255
255 255 255
255 255 255
255 255 255
255 255 255
255 255 255
255 255 249
255 255 249
244 246 240
255 255 254
255 254 255
141 139 145
48 45 54
81 77 88
78 74 85
99 95 106
226 223 232
253 251 255
252 251 255
254 253 255
251 251 251
255 255 254
250 255 255
250 255 255
250 255 255
251 255 255
253 255 255
255 255 255
255 255 255
255 255 255
255 254 254
255 254 254
255 254 254
255 254 254
254 254 254
254 254 254
254 254 254
252 254 254
255 255 255
255 255 255
255 255 255
255 255 255
255 255 255
255 255 255
255 255 255
255 255 255
255 255 255
255 255 255
255 255 255
255 255 255
255 255 255
255 255 255
255 255 255
255 255 255
255 255 255
255 255 255
255 255 255
255 255 255
255 255 255
255 255 255
255 255 255
255 255 255
255 255 255
255 255 255
255 255 255
255 255 255
255 255 255
255 255 255
255 255 255
255 255 255
255 254 255
255 254 255
255 254 255
255 254 255
255 254 255
255 255 255
255 255 255
255 255 255
255 255 254
255 255 254
255 255 254
253 255 254
253 255 252
253 255 252
253 255 252
253 255 252
255 255 252
255 255 252
255 255 252
255 255 251
255 255 251
255 254 250
255 254 250
255 255 252
253 252 248
255 255 252
253 252 248
255 255 252
255 255 252
255 254 250
255 255 252
255 255 251
255 255 248
255 255 248
248 246 238
255 255 249
253 250 245
255 255 252
255 250 247
254 249 248
255 254 255
254 247 250
242 233 236
255 252 255
219 209 215
189 178 186
255 251 255
255 251 255
253 246 243
255 255 252
232 227 224
128 123 120
147 144 140
235 234 230
141 142 138
117 118 114
233 237 232
247 253 248
180 187 182
231 241 235
246 255 252
236 248 242
244 255 252
244 255 252
252 251 253
250 249 251
252 251 253
255 254 255
253 252 254
255 254 255
253 254 255
246 247 251
253 254 255
253 253 255
246 249 254
250 253 255
251 254 255
204 207 212
135 138 143
103 105 113
114 136 148
114 135 150
126 148 166
95 115 140
117 136 163
96 115 142
0 16 38
15 35 53
152 171 184
171 190 198
159 175 182
82 92 102
35 42 59
81 81 105
37 32 63
13 8 40
14 8 43
4 0 36
0 0 33
0 0 40
12 10 62
36 37 93
59 63 122
73 78 139
47 52 115
24 29 90
11 15 73
3 7 60
35 36 86
46 46 92
49 48 90
30 30 70
10 7 2
4 1 0
2 1 0
30 31 29
1 5 6
0 0 4
66 73 82
68 80 92
67 82 98
112 129 148
8 29 51
97 118 145
4 28 56
22 48 78
71 99 130
0 15 46
94 115 137
69 90 111
0 0 14
121 145 157
90 112 123
22 41 54
168 184 201
0 0 18
0 0 24
0 0 25
2 0 36
12 6 41
1 0 25
10 4 27
14 8 25
3 0 11
0 1 41
0 6 46
10 24 66
0 17 60
0 17 59
15 39 81
0 20 62
13 40 77
3 31 62
40 65 91
32 55 71
92 111 119
241 255 255
246 255 251
250 255 248
251 255 245
255 255 255
255 255 255
255 255 255
255 255 255
255 255 255
255 255 255
255 255 255
255 255 255
255 255 255
255 255 255
255 255 255
255 255 255
255 255 255
255 255 255
255 255 255
255 255 255
255 255 255
255 255 255
255 255 255
255 255 255
255 255 255
255 255 255
255 255 255
255 255 255
255 255 255
255 255 255
255 255 255
255 255 255
255 255 255
255 255 255
255 255 255
255 255 255
255 255 255
255 255 255
254 255 248
250 253 244
255 255 252
254 255 253
251 250 252
240 238 244
163 160 169
52 48 59
83 79 90
77 73 84
102 99 108
219 217 223
241 240 244
255 254 255
250 250 250
253 254 252
247 253 252
247 253 252
248 253 252
248 253 252
250 252 252
252 252 252
252 252 252
254 252 252
255 254 254
255 254 254
255 254 254
255 254 254
254 254 254
254 254 254
254 254 254
254 254 254
255 255 255
255 255 255
255 255 255
255 255 255
255 255 255
255 255 255
255 255 255
255 255 255
255 255 255
255 255 255
255 255 255
255 255 255
255 255 255
255 255 255
255 255 255
255 255 255
255 255 255
255 255 255
255 255 255
255 255 255
255 255 255
255 255 255
255 255 255
255 255 255
255 255 255
255 255 255
255 255 255
255 255 255
255 255 255
255 255 255
255 255 255
255 255 255
255 254 255
255 254 255
255 254 255
255 254 255
255 254 255
255 255 255
255 255 255
255 255 255
249 250 248
251 252 250
254 255 253
253 255 254
253 255 254
253 255 252
253 255 252
252 255 251
247 248 244
252 253 249
249 250 246
248 249 245
255 255 252
255 255 252
254 255 251
255 255 252
252 253 249
252 253 249
254 255 251
255 255 252
255 255 252
255 255 252
255 255 252
255 255 252
255 255 249
252 250 242
251 249 241
249 246 241
255 255 251
251 246 243
189 184 181
216 211 210
255 248 248
182 174 175
154 145 148
214 205 208
182 170 176
121 109 115
185 173 179
242 230 236
255 247 245
227 218 215
205 196 193
209 200 197
215 208 205
198 193 190
133 130 126
162 161 157
199 200 196
190 194 189
115 119 114
195 201 196
238 245 240
250 255 252
248 255 252
243 253 247
255 255 255
255 253 253
255 255 255
237 235 235
255 254 255
252 251 253
251 250 252
243 244 248
253 254 255
245 245 251
239 242 247
251 254 255
244 246 254
182 184 192
123 126 134
107 110 118
115 137 149
122 143 158
94 116 134
105 125 150
103 122 149
120 139 166
7 28 50
33 53 71
139 158 171
176 195 203
174 190 197
149 159 169
98 105 120
87 87 111
72 67 98
77 72 104
36 32 67
23 19 55
12 8 49
20 19 63
43 44 94
64 65 121
70 74 133
68 73 134
43 48 111
16 21 82
5 9 68
8 11 66
46 50 99
52 55 100
39 40 84
8 7 49
11 8 3
5 2 0
3 2 0
10 11 9
2 6 7
0 3 6
23 31 38
53 63 73
72 85 99
157 173 190
0 16 37
120 141 163
37 60 86
49 73 101
121 145 173
18 44 74
93 114 135
55 77 95
0 2 19
98 119 134
75 94 107
0 16 31
85 100 119
0 1 28
0 0 24
0 0 28
8 5 44
0 0 31
35 30 59
12 6 29
4 0 14
23 19 31
17 26 63
13 24 62
10 22 62
16 33 72
0 20 61
1 23 64
23 48 88
4 30 66
20 46 76
52 76 100
141 164 180
171 190 197
241 255 255
246 255 252
250 255 248
251 255 245
255 255 255
255 255 255
255 255 255
255 255 255
255 255 255
255 255 255
255 255 255
255 255 255
255 255 255
255 255 255
255 255 255
255 255 255
255 255 255
255 255 255
255 255 255
255 255 255
255 255 255
255 255 255
255 255 255
255 255 255
255 255 255
255 255 255
255 255 255
255 255 255
255 255 255
255 255 255
255 255 255
255 255 255
255 255 255
255 255 255
255 255 255
255 255 255
255 255 255
255 255 255
255 255 249
243 245 239
255 255 252
255 255 254
243 242 244
255 254 255
247 244 253
138 134 145
69 65 76
71 67 78
80 77 86
114 112 118
226 225 229
242 241 243
255 255 255
249 249 249
246 251 250
246 251 250
246 251 250
248 250 250
248 250 250
250 250 250
250 250 250
252 250 250
255 254 254
255 254 254
255 254 254
255 254 254
254 254 254
254 254 254
254 254 254
254 254 254
255 255 255
255 255 255
255 255 255
255 255 255
255 255 255
255 255 255
255 255 255
255 255 255
255 255 255
255 255 255
255 255 255
255 255 255
255 255 255
255 255 255
255 255 255
255 255 255
255 255 255
255 255 255
255 255 255
255 255 255
255 255 255
255 255 255
255 255 255
255 255 255
255 255 255
255 255 255
255 255 255
255 255 255
255 255 255
255 255 255
255 255 255
255 255 255
255 254 255
255 254 255
255 254 255
255 254 255
255 255 255
255 255 255
255 255 255
255 255 255
248 248 248
251 252 250
253 255 254
253 255 254
253 255 254
253 255 254
250 253 251
248 251 249
254 255 253
255 255 254
255 255 254
252 253 251
255 255 254
254 255 253
247 248 246
254 255 253
255 255 254
255 255 254
255 255 254
255 255 254
255 255 254
255 255 254
252 253 251
255 255 254
255 255 249
254 252 244
255 253 248
196 193 188
245 242 237
253 248 245
172 167 164
135 128 125
188 180 180
172 162 162
160 149 151
170 159 161
170 157 159
177 163 167
207 193 197
211 197 201
205 190 188
222 207 205
205 190 188
214 201 199
220 207 205
218 206 204
210 201 198
210 203 200
178 173 170
144 141 137
140 137 133
163 162 158
219 220 216
160 161 157
228 232 227
242 246 241
169 164 163
216 211 210
255 255 254
255 251 250
216 211 212
251 249 249
254 253 255
255 254 255
231 232 236
231 231 237
251 254 255
251 253 255
223 226 234
162 165 173
125 127 137
114 119 128
108 130 142
111 134 149
90 111 132
95 115 140
106 125 152
101 120 147
20 40 65
37 59 77
118 140 152
153 172 180
143 161 168
181 193 203
178 185 200
138 141 162
124 120 149
113 108 140
98 97 129
85 84 118
73 72 111
75 76 120
88 90 138
91 95 148
79 83 141
64 69 130
46 54 114
14 19 80
0 4 63
9 14 69
55 59 110
58 59 109
31 34 79
0 0 35
13 10 5
6 3 0
9 8 4
0 1 0
4 6 6
4 8 9
0 0 4
28 37 46
29 39 49
139 152 166
0 0 16
139 156 175
15 34 55
22 43 65
139 161 186
5 27 52
49 67 84
15 33 50
0 2 19
38 56 73
31 49 66
0 0 17
0 12 38
0 8 41
3 9 46
15 15 55
0 0 28
7 3 38
22 18 47
0 0 16
34 32 44
33 32 41
0 6 39
13 24 56
33 45 79
1 17 53
40 58 95
11 33 69
28 52 88
47 72 104
107 131 159
64 87 109
216 237 252
224 242 249
237 251 250
248 255 252
251 255 248
253 255 247
255 255 255
255 255 255
255 255 255
255 255 255
255 255 255
255 255 255
255 255 255
255 255 255
255 255 255
255 255 255
255 255 255
255 255 255
255 255 255
255 255 255
255 255 255
255 255 255
255 255 255
255 255 255
255 255 255
255 255 255
255 255 255
255 255 255
255 255 255
255 255 255
255 255 255
255 255 255
255 255 255
255 255 255
255 255 255
255 255 255
255 255 255
255 255 255
255 255 255
255 255 255
255 255 249
253 255 249
255 255 252
255 255 254
252 251 253
249 248 252
254 252 255
255 252 255
102 99 108
91 88 97
81 78 87
113 111 117
122 121 125
245 244 246
247 247 247
255 255 255
249 251 251
249 251 251
249 251 251
249 251 251
251 251 251
251 251 251
251 251 251
251 251 251
255 254 254
255 254 254
255 254 254
254 254 254
254 254 254
254 254 254
254 254 254
254 254 254
255 255 255
255 255 255
255 255 255
255 255 255
255 255 255
255 255 255
255 255 255
255 255 255
255 255 255
255 255 255
255 255 255
255 255 255
255 255 255
255 255 255
255 255 255
255 255 255
255 255 255
255 255 255
255 255 255
255 255 255
255 255 255
255 255 255
255 255 255
255 255 255
255 255 255
255 255 255
255 255 255
255 255 255
255 255 255
255 255 255
255 255 255
255 255 255
255 254 255
255 254 255
255 254 255
255 255 255
255 255 255
255 255 255
255 255 255
255 255 255
255 255 255
255 255 255
253 255 255
253 255 254
253 255 254
252 255 253
248 253 251
247 252 250
252 251 253
255 254 255
255 254 255
253 252 254
255 254 255
255 254 255
255 254 255
255 254 255
255 254 255
237 236 238
247 246 248
222 221 223
212 211 213
217 216 218
192 191 193
203 202 204
211 211 205
179 179 173
221 218 213
207 204 199
219 216 211
223 218 215
225 218 215
215 208 205
205 196 193
207 195 193
209 197 195
204 191 189
209 196 194
220 204 205
212 196 197
205 189 190
207 185 187
217 195 197
205 183 185
218 197 199
218 197 199
215 197 198
233 217 218
232 218 219
208 194 195
202 190 190
191 181 181
191 183 183
165 157 157
123 118 117
174 169 168
195 190 189
116 110 105
177 171 166
255 255 251
249 244 241
135 130 129
214 210 209
255 253 253
249 248 250
160 161 165
207 207 213
251 254 255
248 251 255
178 183 192
138 143 152
126 130 141
104 110 121
92 116 128
103 126 142
92 113 134
88 110 135
93 114 142
67 88 116
17 38 65
41 62 83
105 126 141
116 136 147
95 112 121
135 147 157
176 183 198
167 170 191
154 152 181
135 130 161
128 130 160
123 126 157
118 122 157
115 119 160
112 117 162
104 111 161
94 101 156
85 93 152
57 65 125
20 28 88
6 12 71
15 22 79
58 64 117
54 58 109
28 32 81
0 0 42
13 10 5
4 1 0
8 8 2
2 1 0
6 7 5
6 8 8
0 0 1
8 14 19
0 5 12
63 74 82
0 0 10
143 156 170
0 8 24
21 37 54
153 169 186
0 1 18
0 7 20
0 0 11
0 0 13
0 0 18
0 8 31
0 1 31
0 0 25
11 17 58
3 6 50
22 23 67
31 31 71
200 199 233
206 205 231
193 193 209
177 178 188
15 16 20
55 62 89
85 94 121
33 44 72
51 65 94
28 43 75
43 63 94
22 43 74
65 87 115
198 220 245
86 105 126
229 246 255
239 252 255
237 247 247
250 255 252
253 255 249
249 253 242
255 255 255
255 255 255
255 255 255
255 255 255
255 255 255
255 255 255
255 255 255
255 255 255
255 255 255
255 255 255
255 255 255
255 255 255
255 255 255
255 255 255
255 255 255
255 255 255
255 255 255
255 255 255
255 255 255
255 255 255
255 255 255
255 255 255
255 255 255
255 255 255
255 255 255
255 255 255
255 255 255
255 255 255
255 255 255
255 255 255
255 255 255
255 255 255
255 255 255
255 255 255
254 255 250
255 255 251
252 253 249
248 249 247
255 254 255
255 254 255
251 249 255
255 252 255
218 215 224
68 65 74
95 93 99
92 90 96
121 120 124
147 146 148
252 251 253
255 254 255
255 255 255
255 255 255
255 255 255
255 255 255
255 255 255
255 255 255
255 255 255
255 255 255
254 254 254
254 254 254
254 254 254
254 254 254
254 254 254
254 254 254
254 254 254
254 254 254
255 255 255
255 255 255
255 255 255
255 255 255
255 255 255
255 255 255
255 255 255
255 255 255
255 255 255
255 255 255
255 255 255
255 255 255
255 255 255
255 255 255
255 255 255
255 255 255
255 255 255
255 255 255
255 255 255
255 255 255
255 255 255
255 255 255
255 255 255
255 255 255
255 255 255
255 255 255
255 255 255
255 255 255
255 255 255
255 255 255
255 255 255
255 255 255
255 254 255
255 254 255
255 255 255
255 255 255
255 255 255
255 255 255
255 255 255
255 255 255
255 255 255
253 255 255
253 255 255
253 255 255
253 255 255
251 255 255
251 255 255
251 255 255
255 254 255
255 254 255
252 251 255
244 243 247
247 246 250
242 241 245
237 236 240
244 243 247
247 246 250
229 228 232
241 240 244
219 218 222
213 212 216
224 223 227
203 202 206
216 215 219
234 233 229
209 208 204
216 215 211
224 221 217
203 200 196
189 184 181
215 209 204
215 206 202
225 214 210
215 203 199
217 202 199
211 196 193
211 194 191
204 188 182
194 175 170
211 192 187
215 188 191
208 181 184
219 192 195
227 203 205
226 202 204
215 193 195
215 193 195
214 193 195
222 204 205
228 212 213
212 196 197
201 187 188
185 173 173
200 188 188
202 190 190
155 143 143
133 124 115
140 131 122
234 226 219
178 170 163
142 136 131
204 199 196
255 255 254
233 230 232
132 133 137
182 185 190
233 236 244
203 208 217
129 135 146
111 117 130
113 121 134
85 93 106
91 115 127
102 127 143
70 94 114
92 113 140
65 85 116
71 91 122
21 42 69
69 90 112
106 126 143
100 120 131
92 109 118
78 93 102
95 104 118
115 118 139
139 138 164
171 169 199
140 144 172
136 142 171
128 135 168
118 126 163
106 113 156
96 103 152
88 96 149
84 93 150
59 67 126
31 39 99
28 36 95
41 47 106
70 77 134
52 58 111
26 30 83
0 0 50
13 10 5
4 1 0
3 3 0
4 3 0
4 5 3
2 5 3
0 0 0
0 0 1
0 0 3
0 2 7
0 0 6
84 93 102
0 7 15
48 58 68
124 134 144
0 0 8
0 0 7
0 0 10
0 0 16
0 0 17
0 0 27
10 17 56
5 10 55
15 19 68
11 12 63
3 5 53
63 62 104
240 241 255
238 240 255
248 251 255
249 253 255
104 108 109
208 215 234
224 231 250
59 68 88
205 218 240
9 23 46
151 166 192
86 103 129
123 141 164
225 242 255
133 149 166
237 251 255
244 254 255
247 255 255
242 247 245
250 252 246
249 250 241
255 255 255
255 255 255
255 255 255
255 255 255
255 255 255
255 255 255
255 255 255
255 255 255
255 255 255
255 255 255
255 255 255
255 255 255
255 255 255
255 255 255
255 255 255
255 255 255
255 255 255
255 255 255
255 255 255
255 255 255
255 255 255
255 255 255
255 255 255
255 255 255
255 255 255
255 255 255
255 255 255
255 255 255
255 255 255
255 255 255
255 255 255
255 255 255
255 255 255
255 255 255
255 255 252
254 255 251
252 253 251
252 252 252
254 254 254
255 254 255
255 254 255
246 244 250
255 253 255
159 157 163
60 58 64
94 92 98
108 107 111
101 100 104
181 180 182
255 254 255
255 255 255
255 255 255
255 255 255
255 255 255
255 255 255
255 255 255
255 255 255
255 255 255
254 254 254
254 254 254
254 254 254
254 254 254
254 254 254
255 254 254
255 254 254
255 254 254
255 255 255
255 255 255
255 255 255
255 255 255
255 255 255
255 255 255
255 255 255
255 255 255
255 255 255
255 255 255
255 255 255
255 255 255
255 255 255
255 255 255
255 255 255
255 255 255
255 255 255
255 255 255
255 255 255
255 255 255
255 255 255
255 255 255
255 255 255
255 255 255
255 255 255
255 255 255
255 255 255
255 255 255
255 255 255
255 255 255
255 255 255
255 255 255
255 255 255
255 255 255
255 255 255
255 255 255
255 255 255
255 255 255
255 255 255
255 255 255
251 253 253
251 253 253
251 253 254
250 254 255
251 255 255
251 255 255
251 255 255
251 255 255
255 253 255
248 246 252
234 232 238
218 216 222
205 203 209
200 198 204
200 198 204
199 197 203
213 211 217
202 200 206
211 209 215
202 200 206
204 202 208
218 216 222
211 209 215
224 222 228
221 222 220
235 233 232
195 194 190
202 199 195
212 209 205
215 210 207
211 205 200
196 187 183
194 182 176
207 193 187
213 197 190
196 180 173
198 180 173
214 195 188
217 198 190
221 202 194
215 186 189
222 195 198
244 217 220
215 188 191
216 192 194
230 206 208
213 191 193
189 167 169
208 187 189
205 187 188
229 211 212
226 210 211
242 226 227
235 221 222
236 222 223
195 181 182
213 201 191
197 187 177
213 203 193
172 163 154
184 176 169
203 196 193
206 202 201
184 182 182
178 179 183
182 185 190
194 196 206
163 169 180
110 118 131
101 110 124
109 118 132
90 98 115
104 130 144
85 110 126
70 93 115
69 92 118
72 93 124
76 97 129
50 72 100
99 121 146
110 132 150
91 113 125
121 140 148
83 98 107
55 66 80
58 64 83
89 91 115
160 158 187
144 154 178
139 149 173
127 138 166
113 123 157
99 110 148
88 99 143
79 90 140
75 85 139
51 62 119
36 47 105
50 61 119
71 79 138
89 98 155
53 60 115
17 24 79
0 0 48
11 8 3
5 2 0
2 1 0
14 13 9
4 3 0
0 1 0
16 17 15
0 0 0
0 0 0
0 0 1
0 0 1
8 13 16
0 0 3
27 31 36
35 41 46
0 0 4
4 13 17
0 0 8
0 0 14
0 0 22
0 0 35
5 7 55
5 7 61
0 0 57
14 15 71
37 38 89
177 179 220
243 246 255
246 250 255
248 253 255
245 250 251
244 251 248
246 252 255
243 249 255
144 152 165
243 252 255
41 54 70
223 237 255
82 96 115
198 212 230
233 247 255
196 207 221
243 253 255
246 252 255
251 255 255
255 255 254
255 255 252
251 248 243
255 255 255
255 255 255
255 255 255
255 255 255
255 255 255
255 255 255
255 255 255
255 255 255
255 255 255
255 255 255
255 255 255
255 255 255
255 255 255
255 255 255
255 255 255
255 255 255
255 255 255
255 255 255
255 255 255
255 255 255
255 255 255
255 255 255
255 255 255
255 255 255
255 255 255
255 255 255
255 255 255
255 255 255
255 255 255
255 255 255
255 255 255
255 255 255
255 255 255
255 255 255
255 255 252
249 250 248
254 255 253
255 255 255
249 249 249
245 244 246
253 252 255
254 253 255
243 241 247
255 253 255
94 92 98
87 85 91
95 94 98
113 112 116
116 115 119
206 205 209
255 253 254
255 253 254
255 253 254
255 253 254
255 254 254
254 254 254
254 254 254
254 254 254
252 254 254
252 254 254
254 254 254
254 254 254
254 254 254
255 254 254
255 254 254
255 254 254
255 255 255
255 255 255
255 255 255
255 255 255
255 255 255
255 255 255
255 255 255
255 255 255
255 255 255
255 255 255
255 255 255
255 255 255
255 255 255
255 255 255
255 255 255
255 255 255
255 255 255
255 255 255
255 255 255
255 255 255
255 255 255
255 255 255
255 255 255
255 255 255
255 255 255
255 255 255
255 255 255
255 255 255
255 255 255
255 255 255
255 255 255
255 255 255
255 255 255
255 255 255
255 255 255
255 255 255
255 255 255
255 255 255
255 254 255
253 255 255
245 247 248
249 251 252
251 255 255
251 255 255
251 255 255
249 253 254
242 245 249
236 241 244
216 215 225
196 195 205
190 189 199
183 182 192
168 167 177
178 177 187
196 195 205
193 192 202
203 202 212
198 197 207
194 193 203
189 188 198
189 188 198
194 193 203
198 197 207
203 202 212
206 207 205
204 202 201
190 188 187
212 208 207
206 203 199
188 183 180
189 180 176
215 204 200
207 195 189
204 191 183
209 193 186
225 208 199
224 205 197
216 196 185
224 204 193
232 212 201
241 216 220
230 205 209
241 216 220
222 199 203
227 204 208
209 186 190
205 184 187
212 191 194
221 202 205
234 217 220
239 222 225
255 251 254
218 204 206
228 214 216
208 194 196
230 216 218
215 203 191
223 211 199
200 190 180
213 202 194
207 199 192
222 216 211
194 190 189
200 197 199
213 214 218
181 184 192
160 165 174
136 144 157
106 115 129
100 110 127
108 118 136
98 110 128
100 127 141
62 88 104
91 115 137
57 79 107
91 114 146
67 89 124
60 81 113
104 127 153
100 124 144
83 104 119
144 164 175
122 139 148
82 94 106
53 61 78
55 60 81
95 96 122
110 124 143
116 130 152
119 132 158
110 124 153
96 108 144
86 98 138
85 98 144
90 101 151
54 66 120
40 51 108
59 70 127
81 92 150
98 107 164
53 62 119
12 21 78
0 0 46
9 6 2
9 8 4
6 5 1
11 10 6
2 0 0
2 0 0
15 13 12
1 2 0
8 9 7
16 16 16
13 13 13
0 0 0
0 1 1
1 3 3
0 0 0
6 8 8
7 13 12
0 6 11
0 0 13
0 0 24
0 1 45
1 0 56
0 0 59
0 0 54
3 3 63
71 74 125
212 216 255
234 238 255
244 251 255
248 254 255
229 236 233
250 255 252
246 251 254
246 250 255
247 253 255
237 244 253
168 177 187
243 252 255
100 112 124
241 252 255
243 252 255
235 244 254
244 249 255
242 246 251
252 254 255
255 255 255
255 255 254
255 255 252
255 255 255
255 255 255
255 255 255
255 255 255
255 255 255
255 255 255
255 255 255
255 255 255
255 255 255
255 255 255
255 255 255
255 255 255
255 255 255
255 255 255
255 255 255
255 255 255
255 255 255
255 255 255
255 255 255
255 255 255
255 255 255
255 255 255
255 255 255
255 255 255
255 255 255
255 255 255
255 255 255
255 255 255
255 255 255
255 255 255
255 255 255
255 255 255
255 255 255
255 255 255
248 249 247
255 255 254
255 255 254
255 255 255
255 255 255
253 252 254
246 245 247
255 254 255
255 254 255
247 246 250
181 180 184
71 70 74
112 110 116
118 116 122
122 120 126
113 111 117
255 248 250
255 249 250
255 249 250
255 249 250
254 249 250
252 250 250
250 250 250
248 250 250
252 254 254
252 254 254
252 254 254
254 254 254
254 254 254
255 254 254
255 254 254
255 253 254
255 255 255
255 255 255
255 255 255
255 255 255
255 255 255
255 255 255
255 255 255
255 255 255
255 255 255
255 255 255
255 255 255
255 255 255
255 255 255
255 255 255
255 255 255
255 255 255
255 255 255
255 255 255
255 255 255
255 255 255
255 255 255
255 255 255
255 255 255
255 255 255
255 255 255
255 255 255
255 255 255
255 255 255
255 255 255
255 255 255
255 255 255
255 255 255
255 255 255
255 255 255
255 255 255
255 255 255
255 255 255
255 255 255
253 255 255
253 255 255
247 249 250
251 255 255
251 254 255
251 254 255
251 254 255
236 241 244
218 223 226
205 209 214
195 193 205
168 166 178
167 165 177
165 163 175
149 147 159
169 167 179
198 196 208
193 191 203
187 185 197
189 187 199
182 180 192
189 187 199
195 193 205
201 199 211
218 216 228
220 218 230
192 192 192
171 169 169
190 188 188
185 181 180
170 165 164
210 203 200
219 210 206
190 179 175
208 196 190
215 202 194
212 197 188
221 204 195
219 201 190
223 203 192
237 218 205
220 201 188
213 194 197
222 203 206
228 211 214
219 202 205
233 216 219
216 199 202
232 218 220
243 229 231
240 227 229
247 234 236
252 239 241
210 199 201
207 196 198
223 212 214
228 217 219
217 206 208
228 216 204
222 210 198
219 209 199
220 211 202
210 202 195
211 204 201
223 219 218
201 200 202
196 199 204
165 167 177
136 142 153
112 121 135
91 101 118
91 103 121
97 111 130
93 107 126
79 106 120
58 84 101
97 123 147
82 106 136
81 103 138
68 90 126
33 55 90
95 117 145
82 105 127
79 102 117
157 177 188
147 166 174
103 117 129
64 72 89
51 56 77
50 54 78
80 98 115
102 119 138
119 136 157
108 123 149
77 92 124
59 73 109
65 79 121
81 94 140
66 77 127
44 57 109
56 68 122
77 89 143
94 105 162
50 61 118
11 23 77
0 0 49
5 3 3
14 12 12
11 9 9
2 0 0
2 0 0
2 0 0
3 1 1
7 5 5
5 3 3
2 0 0
2 0 0
2 0 0
8 6 5
4 2 1
2 0 0
8 6 5
0 1 0
11 14 19
0 1 19
0 0 27
13 10 60
19 16 78
9 6 75
7 6 74
41 42 103
158 162 211
239 245 255
240 248 255
241 250 255
248 255 255
246 253 248
242 249 242
253 255 254
251 255 255
239 243 244
250 255 255
248 254 255
246 254 255
200 208 215
239 246 255
246 253 255
246 252 255
250 253 255
253 254 255
248 247 249
251 249 249
249 245 244
255 255 254
255 255 255
255 255 255
255 255 255
255 255 255
255 255 255
255 255 255
255 255 255
255 255 255
255 255 255
255 255 255
255 255 255
255 255 255
255 255 255
255 255 255
255 255 255
255 255 255
255 255 255
255 255 255
255 255 255
255 255 255
255 255 255
255 255 255
255 255 255
255 255 255
255 255 255
255 255 255
255 255 255
255 255 255
255 255 255
255 255 255
255 255 255
255 255 255
255 255 255
255 255 255
255 255 255
255 255 255
255 255 255
255 255 255
255 255 255
255 255 255
255 255 255
255 254 255
251 250 252
248 247 249
253 252 255
120 119 123
110 108 114
124 122 128
131 129 135
113 111 117
168 155 157
255 253 255
255 245 247
255 254 255
247 242 243
253 251 251
252 252 252
252 254 254
244 249 248
246 251 250
250 252 252
254 254 254
255 255 255
255 254 254
255 250 251
254 249 250
254 254 254
254 254 254
253 253 253
253 253 253
253 253 253
252 252 252
252 252 252
252 252 252
251 251 251
251 251 251
251 251 251
252 252 252
252 252 252
252 252 252
253 253 253
253 253 253
253 253 253
253 253 253
254 254 254
254 254 254
254 254 254
255 255 255
255 255 255
255 255 255
253 253 253
253 253 253
253 253 253
253 253 253
253 253 253
253 253 253
253 253 253
253 253 253
251 252 250
253 254 252
255 255 255
255 255 255
254 254 254
253 255 255
253 255 255
253 255 255
251 254 255
247 250 254
251 254 255
250 254 255
227 231 236
202 206 211
187 191 196
166 169 177
159 156 171
153 150 165
147 144 159
147 144 159
154 151 166
163 160 175
172 169 184
176 173 188
148 145 160
170 167 182
191 188 203
179 176 191
192 189 204
199 196 211
212 209 224
202 199 214
163 161 161
164 162 162
167 165 165
174 169 170
182 177 176
191 186 183
200 193 190
206 197 193
209 197 191
214 201 193
225 209 202
223 208 199
222 206 194
225 207 196
224 206 195
232 214 203
223 212 214
219 208 210
243 235 236
235 227 228
219 211 212
233 225 226
230 222 223
216 210 211
210 204 205
196 190 191
192 186 187
203 198 199
211 206 207
207 202 203
205 200 201
210 205 206
221 211 201
222 212 202
239 230 221
230 222 215
227 221 216
212 207 206
209 207 207
187 188 192
187 190 198
109 115 126
102 110 123
115 125 142
87 99 117
78 92 111
105 119 141
112 126 148
76 105 119
40 68 85
102 128 152
55 81 111
80 104 140
72 95 133
60 84 120
80 104 134
101 125 149
141 166 182
130 152 164
145 163 174
104 120 132
78 89 103
91 98 117
81 86 107
54 73 88
91 109 126
100 117 136
115 131 154
139 153 181
96 111 143
38 52 88
40 52 92
59 70 114
75 87 135
67 78 128
72 85 137
103 116 168
62 75 127
20 34 86
0 0 41
5 4 8
11 10 14
0 0 3
27 24 26
19 16 18
15 12 14
2 0 1
9 6 8
4 1 3
12 9 11
22 19 21
28 23 24
19 14 15
8 3 4
10 5 6
19 14 15
12 13 9
2 3 7
0 0 14
0 0 27
14 9 64
0 0 52
17 13 84
18 17 85
109 110 170
227 233 255
239 247 255
238 246 255
246 254 255
244 250 249
251 255 252
252 255 250
252 253 249
252 253 249
250 253 251
250 253 251
248 253 252
248 252 253
247 252 255
247 251 255
249 253 255
250 253 255
252 253 255
254 253 255
255 253 255
255 253 254
255 253 254
255 253 254
253 253 253
253 253 253
253 253 253
253 253 253
253 253 253
253 253 253
253 253 253
253 253 253
252 252 252
252 252 252
252 252 252
252 252 252
252 252 252
252 252 252
252 252 252
252 252 252
255 255 255
255 255 255
255 255 255
255 255 255
255 255 255
255 255 255
255 255 255
255 255 255
255 255 255
255 255 255
255 255 255
255 255 255
255 255 255
255 255 255
255 255 255
255 255 255
255 255 255
255 255 255
255 254 255
255 254 255
255 255 255
255 255 255
255 255 255
255 255 255
255 255 255
255 255 255
251 251 251
255 254 255
251 250 252
194 193 197
113 111 117
136 134 140
118 115 124
102 99 108
131 114 117
223 209 211
255 252 254
255 253 255
247 241 242
250 248 248
248 248 248
246 251 250
244 249 248
246 251 250
248 253 252
252 254 254
255 255 255
255 254 254
255 250 251
255 249 250
254 254 254
254 254 254
253 253 253
253 253 253
253 253 253
252 252 252
252 252 252
252 252 252
251 251 251
251 251 251
251 251 251
252 252 252
252 252 252
252 252 252
253 253 253
253 253 253
253 253 253
253 253 253
253 253 253
254 254 254
254 254 254
254 254 254
255 255 255
255 255 255
253 253 253
253 253 253
253 253 253
253 253 253
253 253 253
253 253 253
253 253 253
253 253 253
253 254 252
253 254 252
252 253 251
251 251 251
248 250 250
249 251 251
252 254 255
251 255 255
247 250 254
251 254 255
239 243 248
207 211 216
192 195 203
190 193 201
180 183 191
167 173 180
161 161 175
163 163 177
162 162 176
155 155 169
147 147 161
146 146 160
154 154 168
162 162 176
144 144 158
162 162 176
172 172 186
172 172 186
174 174 188
186 186 200
183 183 197
173 173 187
159 156 158
162 160 160
170 165 166
177 172 173
186 181 180
192 187 186
199 192 189
203 194 191
225 214 210
218 208 201
203 191 185
225 212 204
230 217 209
214 199 190
219 204 195
214 199 190
220 217 219
238 235 237
212 209 211
234 233 235
246 245 247
212 211 213
202 201 203
169 168 170
191 190 192
182 181 183
180 182 183
192 194 195
198 200 201
195 197 198
196 198 199
203 205 206
220 212 205
232 224 217
211 205 200
203 198 195
210 206 205
187 185 185
155 156 160
165 167 175
140 145 154
93 101 114
113 121 138
92 104 122
83 97 116
85 99 121
80 94 117
105 121 144
80 112 125
26 56 73
89 117 141
88 113 145
98 124 161
28 53 93
114 137 175
95 120 152
87 112 138
145 169 187
129 153 165
106 126 137
81 97 109
63 76 90
108 118 135
119 126 145
109 131 143
44 65 80
62 80 97
117 134 153
121 137 160
125 139 167
109 122 154
48 60 96
80 91 129
82 94 136
80 93 137
73 86 132
103 117 165
112 128 175
30 46 93
0 0 36
9 6 15
12 9 18
2 0 8
24 21 30
19 16 25
12 9 18
0 0 6
17 15 21
0 0 4
19 15 21
34 30 36
28 24 30
10 6 12
2 0 4
6 2 8
17 13 19
1 2 0
8 8 14
12 10 32
0 0 30
0 0 44
21 16 85
5 2 74
50 52 117
145 151 204
232 241 255
239 250 255
233 243 253
245 252 255
244 249 247
255 255 252
250 251 247
254 254 248
254 254 248
252 254 248
252 253 249
252 253 251
250 252 252
250 252 252
250 252 253
252 254 255
254 253 255
254 253 255
255 253 255
255 253 255
255 253 254
255 253 254
255 253 254
253 253 253
253 253 253
253 253 253
253 253 253
253 253 253
253 253 253
253 253 253
253 253 253
252 252 252
252 252 252
252 252 252
252 252 252
252 252 252
252 252 252
252 252 252
252 252 252
253 253 253
253 253 253
255 255 255
255 255 255
255 255 255
255 255 255
255 255 255
255 255 255
255 255 255
255 255 255
255 255 255
255 255 255
255 255 255
255 255 255
255 255 255
255 255 255
255 255 255
255 255 255
255 254 255
255 254 255
255 254 255
255 255 255
255 255 255
255 255 254
255 255 254
255 255 254
253 253 253
254 254 254
252 251 253
255 254 255
134 132 138
135 132 141
121 117 128
111 107 118
110 89 92
166 147 150
250 236 238
255 248 250
245 239 240
250 248 248
250 252 252
243 248 247
243 249 248
245 251 250
248 253 252
252 254 254
255 255 255
255 253 254
255 250 251
255 249 250
254 254 254
254 254 254
253 253 253
253 253 253
253 253 253
252 252 252
252 252 252
252 252 252
251 251 251
251 251 251
251 251 251
252 252 252
252 252 252
252 252 252
253 253 253
253 253 253
252 252 252
252 252 252
253 253 253
253 253 253
253 253 253
254 254 254
254 254 254
254 254 254
252 252 252
252 252 252
252 252 252
252 252 252
252 252 252
252 252 252
252 252 252
252 252 252
255 255 254
252 253 251
247 250 248
245 247 247
245 247 247
247 249 250
248 252 253
249 252 255
251 254 255
250 254 255
212 215 223
176 179 187
185 187 197
188 193 202
175 180 189
175 180 189
176 176 190
166 166 180
155 155 169
152 152 166
155 155 169
152 152 166
143 143 157
133 133 147
133 133 147
149 149 163
153 153 167
168 168 182
162 162 176
176 176 190
163 163 177
157 157 171
150 145 146
157 152 153
170 165 166
184 179 180
196 190 191
203 198 197
209 201 201
210 203 200
215 206 203
219 210 207
240 231 227
216 205 201
211 200 196
237 227 220
232 220 214
245 233 227
224 228 229
192 196 197
233 237 238
238 242 243
224 228 229
217 221 222
170 174 175
159 164 165
188 193 194
188 193 194
193 198 199
201 206 207
203 208 209
200 205 206
204 209 210
213 218 219
209 204 203
209 205 204
185 181 180
183 181 181
165 164 166
147 147 153
120 123 131
136 141 150
93 101 114
72 81 95
134 144 162
83 97 116
71 85 107
92 108 131
78 94 117
97 112 138
94 125 140
38 68 87
76 106 131
95 122 156
73 98 138
53 77 119
155 180 220
97 121 157
48 72 100
120 145 165
163 186 201
77 99 110
51 70 78
47 61 73
48 59 73
85 95 112
113 135 147
132 154 166
81 100 115
51 69 86
120 135 154
164 178 201
154 167 193
160 171 201
143 154 186
172 184 220
136 147 185
115 127 167
112 126 168
106 122 164
35 52 95
0 0 37
1 0 13
4 1 16
2 0 14
26 23 38
34 31 46
21 18 33
0 0 10
0 0 10
3 0 15
23 20 35
29 26 41
9 6 21
0 0 10
1 0 13
20 17 32
30 28 40
25 26 24
15 15 21
10 7 32
0 0 38
0 0 52
15 12 81
4 3 71
85 89 148
193 202 246
235 247 255
230 243 255
234 246 248
245 252 249
247 248 246
255 255 254
253 247 248
253 253 247
253 253 247
253 253 247
253 252 248
253 252 248
253 251 250
251 252 250
251 252 250
253 253 253
255 253 253
255 253 253
255 253 253
255 253 253
255 253 253
255 252 253
255 252 253
252 252 252
252 252 252
252 252 252
252 252 252
252 252 252
252 252 252
252 252 252
252 252 252
252 252 252
252 252 252
252 252 252
252 252 252
252 252 252
252 252 252
252 252 252
252 252 252
250 250 250
250 250 250
255 255 255
255 255 255
255 255 255
255 255 255
255 255 255
255 255 255
255 255 255
255 255 255
255 255 255
255 255 255
255 255 255
255 255 255
255 255 255
255 255 255
255 255 255
255 255 255
255 254 255
255 254 255
255 254 255
255 255 255
255 255 255
255 255 254
255 255 254
255 255 254
255 255 254
246 246 246
255 254 255
255 254 255
177 175 181
117 114 123
136 132 143
140 136 147
121 98 102
131 110 113
212 193 196
255 243 245
250 242 243
252 250 250
253 255 255
245 250 249
243 249 248
245 251 250
248 253 252
252 254 254
255 255 255
255 253 254
255 250 251
255 249 250
254 254 254
254 254 254
253 253 253
253 253 253
253 253 253
252 252 252
252 252 252
252 252 252
251 251 251
251 251 251
251 251 251
252 252 252
252 252 252
252 252 252
253 253 253
253 253 253
251 251 251
251 251 251
252 252 252
252 252 252
252 252 252
253 253 253
253 253 253
253 253 253
252 252 252
252 252 252
252 252 252
252 252 252
252 252 252
252 252 252
252 252 252
252 252 252
252 255 253
248 251 249
244 247 245
244 247 245
248 250 250
249 253 254
251 255 255
250 253 255
250 254 255
219 223 228
182 185 193
179 181 191
194 199 208
185 189 200
169 173 184
175 179 190
175 175 187
159 159 171
146 146 158
148 148 160
157 157 169
155 155 167
135 135 147
115 115 127
116 116 128
130 130 142
143 143 155
163 163 175
162 162 174
166 166 178
160 160 172
164 164 176
143 137 138
155 149 150
175 169 170
196 190 191
212 206 207
222 216 217
225 219 220
226 221 220
224 219 218
242 237 236
212 207 206
217 212 211
231 223 223
236 228 228
248 240 240
207 199 199
196 204 204
240 248 248
223 231 231
215 223 223
216 224 224
173 181 181
159 167 167
188 193 194
186 191 192
192 197 198
199 204 205
202 207 208
198 203 204
194 199 200
198 203 204
205 210 211
200 201 205
178 179 183
182 183 187
181 184 189
133 136 144
134 139 148
143 149 160
126 134 147
72 81 95
71 81 99
148 159 179
90 103 125
60 74 97
96 112 135
105 120 146
95 112 138
70 103 118
50 82 101
87 117 142
106 134 168
72 98 138
146 171 215
116 141 183
26 52 88
30 56 86
160 187 207
164 190 204
117 139 150
95 114 122
49 66 75
49 63 75
24 35 49
49 68 81
119 138 151
127 146 159
92 108 124
108 122 140
153 164 184
160 171 193
148 158 182
161 170 197
156 167 195
166 177 207
158 171 203
116 133 166
111 130 165
69 89 124
7 26 63
2 0 20
5 3 23
13 11 31
32 30 50
54 52 72
52 50 70
12 11 31
0 0 15
0 0 15
33 31 53
53 51 73
25 23 45
0 0 15
0 0 19
22 20 42
36 34 56
29 31 31
26 27 37
19 16 42
8 5 50
0 0 56
0 0 53
38 40 104
100 108 161
221 233 255
231 247 255
230 245 248
243 254 251
248 255 248
248 247 243
255 254 255
255 248 254
253 253 247
253 252 248
253 252 248
253 252 248
253 252 248
253 252 248
253 252 248
253 251 250
254 252 251
254 252 251
254 252 251
254 252 252
254 252 252
254 252 252
254 252 252
254 252 252
252 252 252
252 252 252
252 252 252
252 252 252
252 252 252
252 252 252
252 252 252
252 252 252
252 252 252
252 252 252
252 252 252
252 252 252
252 252 252
252 252 252
252 252 252
252 252 252
249 249 249
249 249 249
255 255 255
255 255 255
255 255 255
255 255 255
255 255 255
255 255 255
255 255 255
255 255 255
255 255 255
255 255 255
255 255 255
255 255 255
255 255 255
255 255 255
255 255 255
255 255 255
255 253 255
255 254 255
255 254 255
255 255 255
255 255 255
255 255 254
255 255 252
255 255 252
252 253 249
249 250 248
255 255 255
246 245 249
219 217 223
114 110 121
134 130 142
156 152 164
141 116 120
125 102 106
177 158 161
255 248 250
255 250 251
250 245 246
253 255 255
250 255 254
243 249 248
245 251 250
248 253 252
252 254 254
255 255 255
255 253 254
255 250 251
255 249 250
254 254 254
254 254 254
253 253 253
253 253 253
253 253 253
252 252 252
252 252 252
252 252 252
251 251 251
251 251 251
251 251 251
252 252 252
252 252 252
252 252 252
253 253 253
253 253 253
250 250 250
250 250 250
251 251 251
251 251 251
251 251 251
252 252 252
252 252 252
252 252 252
252 252 252
252 252 252
252 252 252
252 252 252
252 252 252
252 252 252
252 252 252
252 252 252
251 255 250
247 250 248
244 247 245
247 250 248
251 255 255
251 255 255
251 255 255
246 249 253
225 229 234
180 183 191
167 169 179
183 188 197
180 184 195
167 171 182
168 171 185
174 177 191
164 166 177
161 163 174
157 159 170
152 154 165
147 149 160
136 138 149
123 125 136
113 115 126
103 105 116
109 111 122
136 138 149
151 153 164
160 162 173
147 149 160
157 159 170
170 172 183
160 154 155
172 166 167
191 185 186
211 205 206
225 219 220
232 226 227
232 227 228
231 226 228
224 219 221
192 189 191
216 213 215
223 220 222
228 225 227
225 222 224
192 191 193
212 211 213
230 238 238
234 242 242
222 230 230
203 211 211
168 173 174
159 164 165
189 194 195
186 191 192
195 200 201
204 209 210
210 215 216
207 211 212
200 204 205
195 199 200
195 199 200
196 200 201
200 205 214
179 184 193
189 193 204
170 176 187
149 155 168
157 165 178
170 179 193
126 136 153
57 69 87
101 115 134
134 147 169
79 93 115
62 78 101
88 103 129
109 126 152
103 120 146
78 111 126
52 84 103
84 114 141
96 124 159
109 134 176
143 167 213
45 70 114
0 9 46
17 43 73
125 152 173
151 177 191
121 146 156
116 137 145
124 141 150
92 107 116
74 88 100
41 60 73
56 75 88
109 126 139
136 152 165
115 128 142
110 120 137
109 119 137
84 94 112
74 83 103
90 101 123
116 128 152
102 115 141
161 178 205
161 179 208
65 86 114
50 71 102
8 5 31
10 7 33
34 31 57
39 36 62
60 59 85
81 79 108
66 64 93
46 47 75
30 30 60
41 41 71
38 40 70
28 30 61
32 34 65
42 44 75
26 28 59
0 0 31
0 0 1
22 22 34
44 42 71
14 12 58
0 0 42
20 20 84
83 89 148
114 125 169
226 241 255
226 244 251
235 251 244
248 255 248
255 255 248
250 245 242
255 252 255
255 250 255
252 250 249
252 250 249
254 250 249
254 251 247
254 251 247
254 251 247
254 251 247
254 251 247
255 252 248
255 252 248
253 251 250
253 251 250
253 251 250
251 251 251
251 251 251
251 251 251
252 252 252
252 252 252
252 252 252
252 252 252
252 252 252
252 252 252
252 252 252
252 252 252
252 252 252
252 252 252
252 252 252
252 252 252
252 252 252
252 252 252
252 252 252
252 252 252
249 249 249
249 249 249
255 255 255
255 255 255
255 255 255
255 255 255
255 255 255
255 255 255
255 255 255
255 255 255
255 255 255
255 255 255
255 255 255
255 255 255
255 255 255
255 255 255
255 255 255
255 255 255
255 253 255
255 254 255
255 254 255
255 254 255
255 255 254
255 255 252
255 255 252
255 255 252
245 246 242
255 255 254
255 255 255
254 253 255
243 241 247
142 138 149
120 116 128
150 146 158
151 124 128
127 102 106
164 143 146
255 238 241
255 252 254
244 239 240
253 255 255
250 255 255
241 249 248
243 251 250
247 253 252
252 254 254
255 255 255
255 253 254
255 250 251
255 249 250
254 254 254
254 254 254
253 253 253
253 253 253
253 253 253
252 252 252
252 252 252
252 252 252
251 251 251
251 251 251
251 251 251
252 252 252
252 252 252
252 252 252
253 253 253
253 253 253
249 249 249
249 249 249
250 250 250
250 250 250
251 251 251
251 251 251
251 251 251
251 251 251
251 251 251
251 251 251
251 251 251
251 251 251
251 251 251
251 251 251
251 251 251
251 251 251
252 255 251
248 252 247
245 248 246
250 253 251
251 255 255
251 255 255
239 243 244
227 232 235
192 196 201
171 174 182
175 180 189
179 183 194
159 163 174
164 167 181
184 190 203
187 193 206
177 179 190
170 172 183
161 163 174
154 156 167
147 149 160
135 137 148
119 121 132
108 110 121
102 104 115
95 97 108
121 123 134
139 141 152
157 159 170
138 140 151
154 156 167
172 174 185
195 187 187
203 195 196
215 207 208
224 218 219
229 223 224
227 222 224
222 217 219
216 213 215
195 194 198
215 214 218
210 210 216
226 226 232
207 210 215
180 182 190
217 219 227
237 239 247
229 234 237
217 222 225
200 205 208
153 156 160
173 176 180
201 204 208
174 177 181
204 207 211
206 207 211
215 216 220
218 219 223
212 213 217
205 206 210
202 203 207
199 198 202
191 190 194
179 188 202
185 194 208
170 179 193
139 147 164
170 180 197
172 182 200
147 159 177
109 123 142
54 68 87
136 150 172
103 117 140
60 76 99
69 85 108
74 91 117
88 105 131
105 122 148
109 144 158
38 71 90
69 99 126
86 114 149
134 161 205
33 59 105
2 26 72
0 23 63
41 69 100
165 191 215
146 172 188
149 174 184
101 122 130
67 86 94
99 116 125
67 82 91
55 74 87
60 77 90
38 54 66
40 54 66
60 72 84
33 42 56
16 23 38
56 63 78
35 43 60
19 26 45
53 65 83
107 121 140
111 128 149
130 148 171
171 194 216
56 78 103
0 0 28
0 0 23
44 42 72
52 49 81
64 63 95
92 91 125
99 100 134
87 87 123
95 97 132
60 61 99
15 18 56
3 5 45
32 37 76
65 70 109
58 62 103
31 35 76
8 11 15
2 3 17
26 26 56
19 17 63
0 0 50
92 95 156
90 97 152
128 144 181
225 243 255
225 246 244
239 255 243
250 255 244
255 255 247
254 245 242
255 246 255
255 248 255
252 250 250
252 250 250
254 249 250
254 250 249
254 250 249
254 251 247
254 251 247
254 251 247
254 251 247
254 251 247
252 251 247
252 250 249
250 251 249
250 251 249
248 250 250
248 250 250
251 251 251
251 251 251
251 251 251
251 251 251
251 251 251
251 251 251
251 251 251
251 251 251
252 252 252
252 252 252
252 252 252
252 252 252
252 252 252
252 252 252
252 252 252
252 252 252
250 250 250
250 250 250
255 255 255
255 255 255
255 255 255
255 255 255
255 255 255
255 255 255
255 255 255
255 255 255
255 255 255
255 255 255
255 255 255
255 255 255
255 255 255
255 255 255
255 255 255
255 255 255
255 253 255
255 253 255
255 254 255
255 254 255
255 255 254
255 255 252
255 255 252
255 255 251
241 242 238
255 255 254
250 250 250
255 254 255
250 248 254
182 178 189
127 123 135
147 142 157
166 136 141
123 96 100
152 129 133
206 189 192
252 241 243
248 243 244
245 247 247
248 254 253
241 249 248
243 251 250
247 253 252
252 254 254
255 255 255
255 253 254
255 250 251
255 249 250
254 254 254
254 254 254
253 253 253
253 253 253
253 253 253
252 252 252
252 252 252
252 252 252
251 251 251
251 251 251
251 251 251
252 252 252
252 252 252
252 252 252
253 253 253
253 253 253
249 249 249
249 249 249
249 249 249
249 249 249
250 250 250
250 250 250
251 251 251
251 251 251
251 251 251
251 251 251
251 251 251
251 251 251
251 251 251
251 251 251
251 251 251
251 251 251
253 255 252
250 254 249
248 251 249
249 254 252
250 255 254
239 243 244
217 220 224
197 202 205
165 169 174
172 175 183
172 177 186
162 166 177
160 163 177
178 181 195
192 197 212
192 197 212
187 189 199
175 177 187
162 164 174
156 158 168
155 157 167
148 150 160
132 134 144
118 120 130
107 109 119
87 89 99
97 99 109
135 137 147
161 163 173
157 159 169
166 168 178
186 188 198
221 211 211
223 215 215
228 220 221
230 222 223
226 220 221
219 214 216
209 205 210
202 201 205
232 230 236
223 223 229
222 224 232
197 199 209
198 203 212
221 226 235
213 217 228
211 217 228
194 195 199
185 186 190
158 159 163
181 182 186
182 183 187
186 187 191
222 221 225
187 186 190
191 190 194
199 198 202
202 198 203
196 192 197
195 191 196
196 192 197
187 183 188
172 168 173
149 161 179
170 182 200
154 166 184
138 149 169
165 179 198
163 177 196
126 139 161
102 116 138
80 94 116
134 148 171
86 102 125
74 90 113
57 72 98
67 84 110
83 100 126
90 107 133
92 127 141
22 55 74
77 107 134
114 144 179
103 130 174
0 2 49
0 13 59
0 20 60
64 92 123
121 149 173
167 193 209
163 188 198
116 139 147
106 125 132
122 139 148
119 134 143
100 117 130
96 114 125
73 89 101
45 59 71
32 41 54
27 35 48
29 35 48
35 41 54
22 30 43
34 43 57
28 39 53
82 97 113
83 99 116
95 115 133
181 203 221
128 152 172
36 32 67
0 0 24
48 47 81
70 68 104
81 79 115
101 100 139
115 116 154
99 101 141
109 111 152
95 98 142
64 70 113
27 32 77
6 12 57
22 28 75
63 69 116
95 103 150
83 86 94
36 39 54
8 10 41
4 4 52
11 13 71
104 110 169
73 84 134
137 155 186
232 254 255
232 255 247
239 255 237
248 255 238
255 255 243
255 246 244
255 240 252
255 246 255
252 249 251
252 249 251
252 250 250
254 249 250
254 250 249
254 250 249
254 251 247
254 251 247
254 251 247
254 251 247
252 251 247
250 251 247
250 251 249
248 251 249
248 250 250
246 251 250
251 251 251
251 251 251
251 251 251
251 251 251
251 251 251
251 251 251
251 251 251
251 251 251
252 252 252
252 252 252
252 252 252
252 252 252
252 252 252
252 252 252
252 252 252
252 252 252
253 253 253
253 253 253
255 255 255
255 255 255
255 255 255
255 255 255
255 255 255
255 255 255
255 255 255
255 255 255
255 255 255
255 255 255
255 255 255
255 255 255
255 255 255
255 255 255
255 255 255
255 255 255
255 253 255
255 253 255
255 254 255
255 254 255
255 255 254
255 255 252
255 255 251
255 255 251
241 242 238
252 253 249
248 248 248
255 254 255
251 249 255
207 203 214
149 145 157
155 150 165
184 154 159
115 88 92
139 116 120
151 134 137
237 226 228
255 253 254
243 245 245
245 251 250
241 249 248
243 251 250
247 253 252
252 254 254
255 255 255
255 253 254
255 250 251
255 249 250
254 254 254
254 254 254
253 253 253
253 253 253
253 253 253
252 252 252
252 252 252
252 252 252
251 251 251
251 251 251
251 251 251
252 252 252
252 252 252
252 252 252
253 253 253
253 253 253
248 248 248
248 248 248
249 249 249
249 249 249
250 250 250
250 250 250
250 250 250
250 250 250
251 251 251
251 251 251
251 251 251
251 251 251
251 251 251
251 251 251
251 251 251
251 251 251
253 255 252
253 255 252
249 252 250
248 253 251
245 250 249
228 232 233
199 202 206
174 178 183
142 146 151
156 162 169
146 151 160
141 145 156
170 173 187
185 191 204
177 182 197
175 180 195
174 176 186
177 179 189
176 178 188
167 169 179
154 156 166
146 148 158
146 148 158
149 151 161
112 114 124
83 85 95
79 81 91
138 140 150
170 172 182
186 188 198
186 188 198
207 209 219
227 217 217
229 219 219
229 221 221
229 221 222
223 217 218
216 211 213
206 202 207
200 198 204
206 206 212
206 208 216
204 206 216
212 217 226
218 224 235
216 222 233
209 217 230
196 204 217
164 163 167
156 155 159
183 182 186
193 192 196
189 188 192
189 188 192
183 179 184
192 188 193
189 185 190
198 192 197
198 192 197
194 188 193
198 192 197
203 197 202
193 186 191
174 167 172
137 151 170
152 166 185
162 175 197
174 187 209
155 169 191
159 173 195
138 152 174
117 131 154
113 129 152
107 123 146
89 105 128
107 122 148
35 52 78
68 85 111
100 117 143
70 87 113
79 114 128
30 63 82
84 117 143
122 152 187
12 39 83
0 16 63
0 26 72
0 24 66
110 137 171
105 133 157
142 168 184
161 186 196
156 179 187
148 167 174
156 174 181
113 130 139
127 144 157
135 151 163
117 131 143
85 97 109
67 77 87
54 63 73
38 44 55
27 33 44
54 60 71
46 54 67
60 69 82
42 55 69
76 92 108
110 130 147
73 96 112
177 200 216
111 107 143
17 15 51
55 53 89
85 82 121
99 98 137
118 118 158
133 132 174
114 116 157
119 122 166
116 121 166
105 111 158
76 81 130
36 43 92
17 24 74
31 40 90
57 66 116
131 134 142
117 119 137
36 38 69
0 0 34
4 6 64
59 66 123
73 85 133
135 153 182
232 255 255
237 255 249
236 255 233
237 250 226
253 253 237
255 248 246
255 236 248
255 243 255
251 247 252
251 248 250
251 248 250
253 248 249
253 249 248
253 249 248
254 249 246
253 250 246
253 250 246
253 250 246
251 250 246
249 250 246
247 250 248
247 250 248
245 250 248
245 250 249
251 251 251
251 251 251
251 251 251
251 251 251
251 251 251
251 251 251
251 251 251
251 251 251
252 252 252
252 252 252
252 252 252
252 252 252
252 252 252
252 252 252
252 252 252
252 252 252
255 255 255
255 255 255
255 255 255
255 255 255
255 255 255
255 255 255
255 255 255
255 255 255
255 255 255
255 255 255
255 255 255
255 255 255
255 255 255
255 255 255
255 255 255
255 255 255
255 255 255
255 255 255
251 254 255
251 254 255
253 255 255
255 255 255
255 255 255
255 255 254
255 255 254
255 255 254
250 248 247
251 251 251
251 253 254
249 252 255
250 254 255
229 235 242
140 147 156
156 163 172
163 144 137
135 117 110
125 111 105
132 122 115
189 185 180
255 254 253
253 255 255
247 252 251
245 250 251
247 252 253
251 254 255
255 254 255
255 254 255
255 252 255
255 248 251
255 246 249
250 255 254
250 255 254
249 254 253
249 254 253
249 254 253
248 253 252
248 253 252
248 253 252
249 254 253
249 254 253
249 254 253
249 254 253
249 254 253
249 254 253
249 254 253
249 254 253
247 248 252
248 249 253
249 250 254
249 250 254
247 248 252
246 247 251
248 249 253
250 251 255
249 250 254
242 243 247
244 245 249
253 254 255
253 254 255
253 254 255
249 250 254
252 253 255
253 254 245
255 255 251
238 239 237
230 229 231
184 184 190
180 181 191
182 183 197
168 170 188
152 156 175
146 152 171
157 163 182
180 188 205
190 201 215
181 194 208
174 188 200
175 190 199
170 181 195
167 176 189
171 180 190
182 189 198
177 183 190
160 164 169
153 156 160
161 163 164
127 129 130
77 79 80
82 84 85
151 154 158
168 172 177
167 171 176
195 201 208
209 215 222
210 214 225
214 218 229
215 219 230
210 214 225
204 208 219
202 206 217
208 212 223
215 219 230
197 201 212
193 197 208
208 212 223
221 225 236
213 217 228
201 205 216
178 182 193
146 150 161
140 142 152
176 178 188
169 171 181
177 179 189
161 163 173
171 173 183
187 189 199
182 184 194
183 185 195
190 192 202
188 190 200
180 182 192
176 178 188
179 181 191
176 178 188
167 169 179
166 178 190
159 171 183
156 170 182
183 196 210
147 163 176
169 184 200
138 154 171
91 109 126
125 142 161
93 112 133
96 117 139
79 100 122
95 117 142
71 93 118
16 40 64
103 126 152
67 106 138
57 95 129
78 115 149
116 150 186
0 27 63
0 17 54
0 25 62
0 22 58
136 161 193
61 83 111
137 159 184
137 159 177
138 160 172
156 177 185
188 210 215
154 177 179
166 184 201
141 161 178
141 161 178
113 133 151
95 115 133
60 80 98
47 67 85
38 58 76
42 62 79
65 84 99
49 65 81
41 57 70
62 76 88
72 84 94
98 111 119
144 157 165
199 201 231
57 60 88
20 23 51
57 58 84
89 89 113
114 114 138
140 140 164
140 139 165
145 145 175
133 132 166
119 119 159
122 122 168
112 112 166
21 23 81
23 24 85
76 78 142
103 111 194
131 140 220
152 164 236
15 30 93
0 5 56
65 85 126
84 106 134
132 156 174
227 248 255
234 254 255
236 250 248
238 248 242
253 255 251
248 246 238
255 255 249
255 255 249
250 250 250
250 250 250
250 250 250
250 250 250
250 250 250
250 250 250
250 250 250
250 250 250
252 252 252
252 252 252
252 252 252
252 252 252
252 252 252
252 252 252
252 252 252
252 252 252
250 250 250
250 250 250
250 250 250
250 250 250
250 250 250
250 250 250
250 250 250
250 250 250
252 252 252
252 252 252
252 252 252
252 252 252
252 252 252
252 252 252
252 252 252
252 252 252
255 255 255
255 255 255
255 255 255
255 255 255
255 255 255
255 255 255
255 255 255
255 255 255
255 255 255
255 255 255
255 255 255
255 255 255
255 255 255
255 255 255
255 255 255
255 255 255
255 255 255
255 255 255
251 254 255
251 254 255
253 255 255
255 255 255
255 255 255
255 255 254
255 255 254
255 255 254
251 249 248
250 250 250
252 254 255
249 252 255
250 254 255
231 237 244
142 149 158
154 161 170
178 159 152
146 128 121
121 105 99
133 122 118
154 148 143
247 244 240
255 255 254
234 239 238
245 250 251
248 252 253
251 255 255
255 254 255
255 254 255
255 252 255
255 249 252
255 246 249
250 255 254
250 255 254
250 255 254
249 254 253
249 254 253
248 253 252
248 253 252
248 253 252
249 254 253
249 254 253
249 254 253
249 254 253
249 254 253
249 254 253
249 254 253
249 254 253
253 254 255
252 253 255
252 253 255
253 254 255
253 254 255
253 254 255
248 249 253
243 244 248
253 254 255
250 251 255
248 249 253
250 251 255
253 254 255
253 254 255
253 254 255
245 246 250
255 255 251
245 246 242
210 213 211
197 199 200
169 172 177
164 166 177
177 180 195
181 185 203
174 178 197
174 180 199
183 190 209
191 201 219
183 196 212
166 179 193
158 174 186
164 180 192
160 171 185
172 181 194
183 192 205
182 191 201
167 173 180
151 155 160
152 155 159
164 166 167
131 133 134
111 113 114
92 94 95
144 147 151
174 178 183
182 188 195
198 204 211
201 207 214
211 215 226
211 215 226
210 214 225
206 210 221
203 207 218
203 207 218
207 211 222
210 214 225
204 208 219
194 198 209
201 205 216
213 217 228
198 202 213
168 172 183
150 154 165
145 149 160
153 155 165
151 153 163
156 158 168
152 154 164
155 157 167
158 160 170
159 161 171
162 164 174
175 177 187
173 175 185
179 181 191
188 190 200
184 186 196
168 170 180
157 159 169
156 158 168
145 157 169
163 175 187
163 177 189
155 168 182
157 173 186
172 187 203
134 150 167
70 88 105
89 106 125
103 122 143
122 143 165
111 134 156
74 96 121
23 47 71
38 61 87
139 162 188
31 69 103
37 75 109
101 138 172
39 73 109
0 26 62
5 34 71
5 32 69
30 56 92
88 113 145
17 39 67
149 171 196
121 143 161
165 187 199
151 172 180
160 182 188
142 164 169
123 141 158
149 167 184
117 137 154
134 154 171
104 124 142
84 104 122
64 84 102
74 94 112
50 70 87
47 65 82
51 67 83
41 58 71
51 67 79
57 71 83
55 70 79
102 114 124
185 189 218
196 200 228
0 0 20
0 0 22
7 9 33
47 47 71
95 95 119
141 140 166
161 161 191
146 147 181
165 165 205
157 157 203
130 130 184
102 103 161
0 0 52
83 85 149
142 149 229
147 154 233
165 174 247
165 178 240
0 2 53
58 79 117
82 104 132
106 128 146
234 255 255
230 249 252
237 251 249
240 250 244
249 253 247
251 249 241
255 253 246
255 255 249
251 251 251
251 251 251
251 251 251
251 251 251
251 251 251
251 251 251
251 251 251
251 251 251
252 252 252
252 252 252
252 252 252
252 252 252
252 252 252
252 252 252
252 252 252
252 252 252
251 251 251
251 251 251
251 251 251
251 251 251
251 251 251
251 251 251
251 251 251
251 251 251
252 252 252
252 252 252
252 252 252
252 252 252
252 252 252
252 252 252
252 252 252
252 252 252
254 254 254
254 254 254
255 255 255
255 255 255
255 255 255
255 255 255
255 255 255
255 255 255
255 255 255
255 255 255
255 255 255
255 255 255
255 255 255
255 255 255
255 255 255
255 255 255
255 255 255
255 255 255
251 254 255
251 254 255
253 255 255
255 255 255
255 255 255
255 255 254
255 255 254
255 255 254
252 250 249
250 250 250
252 254 255
248 251 255
250 254 255
234 240 247
146 153 162
151 158 167
194 172 166
133 114 107
113 97 91
146 134 130
153 144 140
208 203 200
255 255 254
241 243 243
248 253 252
249 253 254
252 254 255
255 254 255
255 254 255
255 252 254
255 249 252
255 248 251
250 255 254
250 255 254
250 255 254
250 255 254
249 254 253
249 254 253
248 253 252
248 253 252
249 254 253
249 254 253
249 254 253
249 254 253
249 254 253
249 254 253
249 254 253
249 254 253
253 252 254
249 248 250
246 245 247
249 248 250
255 254 255
255 254 255
255 254 255
254 253 255
252 251 253
255 254 255
255 254 255
248 247 249
245 244 246
249 248 250
242 241 243
229 228 230
158 163 161
174 179 177
172 177 178
168 173 176
168 174 181
155 158 172
159 164 179
153 159 178
142 149 169
146 155 175
158 169 189
171 185 203
173 187 205
167 183 199
169 186 199
177 194 207
174 185 199
179 190 204
180 189 202
170 179 189
161 168 177
154 160 167
146 150 155
138 141 145
132 134 135
123 125 126
83 86 90
143 146 150
183 187 192
193 199 206
198 204 211
199 206 215
208 214 227
204 210 223
199 205 218
198 204 217
199 205 218
201 207 220
201 207 220
201 207 220
202 208 221
198 204 217
195 201 214
192 198 211
173 179 192
137 143 156
122 128 141
133 139 152
145 147 157
119 121 131
140 142 152
128 130 140
144 146 156
142 144 154
140 142 152
158 160 170
177 179 189
168 170 180
163 165 175
165 167 177
163 165 175
156 158 168
157 159 169
165 167 177
128 140 152
128 140 152
139 151 163
132 145 159
161 177 190
136 151 167
127 143 160
117 134 153
135 155 173
107 126 147
74 95 117
0 5 30
0 6 31
74 97 123
93 116 142
99 122 148
32 70 104
8 46 80
127 164 198
33 67 103
0 24 60
13 42 79
17 44 81
60 86 122
40 65 97
24 48 76
99 121 146
140 161 182
134 155 170
170 192 203
144 166 172
155 177 183
136 155 170
104 122 139
135 153 170
122 142 159
98 118 135
95 115 132
82 102 120
79 99 117
54 74 91
62 80 97
48 67 82
78 94 110
79 96 109
49 65 78
61 77 89
61 77 89
126 132 161
190 197 224
130 134 162
0 0 25
11 15 39
0 0 24
12 14 38
40 41 67
95 95 125
162 163 197
173 173 213
187 187 233
171 171 225
148 149 207
45 46 107
55 57 121
126 130 209
152 158 233
166 175 243
176 187 247
97 112 161
28 47 85
86 107 135
111 133 151
221 241 252
224 243 246
236 250 249
248 255 254
246 250 245
255 255 251
255 252 247
255 250 245
252 252 252
252 252 252
252 252 252
252 252 252
252 252 252
252 252 252
252 252 252
252 252 252
253 253 253
253 253 253
253 253 253
253 253 253
253 253 253
253 253 253
253 253 253
253 253 253
252 252 252
252 252 252
252 252 252
252 252 252
252 252 252
252 252 252
252 252 252
252 252 252
252 252 252
252 252 252
252 252 252
252 252 252
252 252 252
252 252 252
252 252 252
252 252 252
252 252 252
252 252 252
255 255 255
255 255 255
255 255 255
255 255 255
255 255 255
255 255 255
255 255 255
255 255 255
255 255 255
255 255 255
255 255 255
255 255 255
255 255 255
255 255 255
255 255 255
255 255 255
251 254 255
251 254 255
253 255 255
255 255 255
255 255 255
255 255 254
255 255 254
255 255 254
254 252 251
250 250 250
252 254 255
248 251 255
250 254 255
237 243 250
150 157 166
147 154 163
179 157 152
134 112 107
136 117 112
146 131 128
171 160 156
176 169 166
255 252 251
252 253 251
251 253 253
251 253 253
252 254 254
252 254 255
253 252 254
255 252 254
255 251 253
255 250 252
253 255 255
253 255 255
252 254 254
252 254 254
252 254 254
251 253 253
251 253 253
251 253 253
252 254 254
252 254 254
252 254 254
252 254 254
252 254 254
252 254 254
252 254 254
252 254 254
248 246 246
248 246 246
249 247 247
251 249 249
253 251 251
255 253 253
255 253 253
255 253 253
255 255 255
254 252 252
247 245 245
251 249 249
255 255 255
244 242 242
195 193 193
148 146 146
165 175 175
195 205 205
189 198 202
155 163 170
162 171 181
154 163 177
164 174 191
151 160 180
159 170 190
155 168 190
157 171 193
165 182 201
174 191 210
173 193 210
168 188 205
165 186 201
152 165 181
160 171 185
158 169 183
153 162 175
159 166 175
168 174 181
162 166 171
146 149 153
131 134 138
94 97 101
66 69 73
155 159 164
187 193 200
187 193 200
194 201 210
204 211 220
204 212 225
196 204 217
189 197 210
189 197 210
194 202 215
197 205 218
195 203 216
191 199 212
188 196 209
201 209 222
191 199 212
171 179 192
157 165 178
133 141 154
115 123 136
119 127 140
117 122 131
105 110 119
123 128 137
122 127 136
132 137 146
136 141 150
149 154 163
175 180 189
168 173 182
168 173 182
159 164 173
144 149 158
140 145 154
148 153 162
152 157 166
149 154 163
126 138 150
93 105 117
107 119 131
130 143 157
167 180 194
128 143 159
127 143 160
133 150 169
134 153 174
42 63 84
0 0 18
26 48 73
51 74 100
57 80 106
108 133 159
95 119 147
32 70 104
39 76 110
109 146 180
22 56 92
0 3 39
11 40 77
27 54 91
94 120 156
0 9 41
5 29 59
46 69 95
128 152 172
123 146 162
136 158 170
141 163 174
116 139 147
126 145 160
132 151 166
94 113 128
87 105 122
124 142 159
80 100 117
89 109 126
79 99 116
67 87 104
46 66 83
84 104 121
93 111 128
92 110 127
95 114 129
62 81 96
63 82 97
66 77 105
148 157 184
196 205 232
115 122 147
5 11 34
0 0 17
5 9 33
0 0 18
5 7 37
112 114 148
170 170 210
184 184 230
192 194 248
154 156 214
132 133 194
24 26 90
121 122 196
148 152 223
169 175 242
187 198 255
146 160 209
9 26 65
106 127 155
61 82 103
156 175 188
226 244 251
237 250 252
248 255 255
253 255 254
255 255 252
255 255 251
254 248 243
252 252 252
252 252 252
252 252 252
252 252 252
252 252 252
252 252 252
252 252 252
252 252 252
254 254 254
254 254 254
254 254 254
254 254 254
254 254 254
254 254 254
254 254 254
254 254 254
252 252 252
252 252 252
252 252 252
252 252 252
252 252 252
252 252 252
252 252 252
252 252 252
253 253 253
253 253 253
253 253 253
253 253 253
253 253 253
253 253 253
253 253 253
253 253 253
250 250 250
250 250 250
255 255 255
255 255 255
255 255 255
255 255 255
255 255 255
255 255 255
255 255 255
255 255 255
255 255 255
255 255 255
255 255 255
255 255 255
255 255 255
255 255 255
255 255 255
255 255 255
251 254 255
251 254 255
253 255 255
255 255 255
255 255 255
255 255 254
255 255 254
255 255 254
255 253 252
249 249 249
253 255 255
247 250 254
249 253 255
241 247 254
155 162 171
142 149 158
160 135 133
177 154 152
172 151 149
135 118 115
160 145 142
171 159 157
245 238 235
255 253 249
255 255 254
254 255 253
253 253 253
250 252 252
252 252 252
252 252 252
252 251 253
253 252 254
253 255 255
253 255 255
253 255 255
252 254 254
252 254 254
252 254 254
251 253 253
251 253 253
252 254 254
252 254 254
252 254 254
252 254 254
252 254 254
252 254 254
252 254 254
252 254 254
252 247 248
255 253 254
255 254 255
255 254 255
255 253 254
253 248 249
251 246 247
252 247 248
252 247 248
255 254 255
255 254 255
236 231 232
191 186 187
157 152 153
159 154 155
177 172 173
192 204 208
191 205 211
156 169 177
114 126 136
127 140 154
130 143 159
144 158 176
133 147 169
155 172 193
155 171 194
153 171 194
156 177 198
164 185 206
169 193 211
167 191 209
162 186 204
134 148 166
151 164 180
158 169 183
149 158 171
143 152 162
150 157 166
154 160 167
149 153 158
132 136 141
71 75 80
78 82 87
172 178 185
185 191 198
181 188 197
196 205 215
197 206 216
197 206 220
189 198 212
182 191 205
182 191 205
187 196 210
190 199 213
188 197 211
184 193 207
180 189 203
190 199 213
181 190 204
167 176 190
161 170 184
143 152 166
123 132 146
122 131 145
109 114 123
119 124 133
112 117 126
133 138 147
136 141 150
149 154 163
171 176 185
182 187 196
157 162 171
166 171 180
170 175 184
166 171 180
167 172 181
172 177 186
169 174 183
161 166 175
168 180 190
110 122 134
83 95 107
85 98 112
120 133 147
159 174 190
172 188 205
134 151 170
16 35 56
0 12 34
35 57 82
55 78 104
58 81 107
98 122 150
90 114 142
40 67 94
0 17 51
93 130 164
76 113 147
0 24 60
0 21 57
18 50 86
21 51 86
78 104 140
0 19 51
0 20 50
34 57 83
130 153 175
122 146 164
121 144 160
136 159 174
114 136 148
123 142 157
82 101 116
95 114 129
111 130 145
86 104 121
123 141 158
97 115 132
96 116 133
66 86 103
76 96 114
67 87 105
89 109 127
86 108 126
82 104 122
101 123 141
59 81 99
55 67 95
90 103 129
167 178 205
169 179 203
48 59 81
0 2 25
12 18 41
22 27 52
1 5 34
15 17 51
167 169 209
172 175 220
180 182 236
173 175 233
156 159 220
71 73 137
121 121 191
171 172 240
190 195 255
173 182 239
119 133 181
0 3 42
126 146 177
56 77 99
91 111 128
235 254 255
239 253 255
246 255 255
251 255 255
255 255 254
255 255 252
255 250 247
253 253 253
253 253 253
253 253 253
253 253 253
253 253 253
253 253 253
253 253 253
253 253 253
254 254 254
254 254 254
254 254 254
254 254 254
254 254 254
254 254 254
254 254 254
254 254 254
253 253 253
253 253 253
253 253 253
253 253 253
253 253 253
253 253 253
253 253 253
253 253 253
253 253 253
253 253 253
253 253 253
253 253 253
253 253 253
253 253 253
253 253 253
253 253 253
250 250 250
250 250 250
255 255 255
255 255 255
255 255 255
255 255 255
255 255 255
255 255 255
255 255 255
255 255 255
255 255 255
255 255 255
255 255 255
255 255 255
255 255 255
255 255 255
255 255 255
255 255 255
251 254 255
251 254 255
253 255 255
255 255 255
255 255 255
255 255 254
255 255 254
255 255 254
255 255 254
249 249 249
253 255 255
246 249 253
247 251 255
245 251 255
160 167 176
138 145 154
176 151 149
213 188 186
178 155 153
145 126 123
142 125 122
160 148 144
203 192 188
255 255 252
255 255 252
255 255 252
253 254 252
251 252 250
248 250 250
249 251 251
251 253 253
252 254 254
253 255 255
253 255 255
253 255 255
253 255 255
252 254 254
252 254 254
252 254 254
252 254 254
253 255 255
253 255 255
253 255 255
253 255 255
253 255 255
253 255 255
253 255 255
253 255 255
255 255 254
255 255 254
255 254 253
255 252 251
255 251 250
255 255 254
255 255 254
255 255 254
255 251 250
225 220 219
192 187 186
171 166 165
160 155 154
163 158 157
186 181 180
213 208 207
184 201 210
150 167 176
111 129 140
115 132 145
145 161 177
144 162 179
150 169 190
145 163 186
131 152 174
140 162 187
147 169 194
145 169 191
147 171 193
156 183 204
165 192 213
168 195 215
157 171 189
156 170 188
150 163 179
140 151 165
134 143 156
131 140 150
124 131 140
116 122 129
123 129 136
70 76 83
121 127 134
177 184 193
176 183 192
183 192 202
198 207 220
182 191 204
187 197 214
183 193 210
178 188 205
176 186 203
178 188 205
180 190 207
180 190 207
179 189 206
179 189 206
171 181 198
167 177 194
173 183 200
167 177 194
144 154 171
133 143 160
143 153 170
132 137 146
138 143 152
112 117 126
144 149 158
151 156 165
163 168 177
175 180 189
170 175 184
184 189 198
173 178 187
164 169 178
163 168 177
158 163 172
151 156 165
153 158 167
161 166 175
177 187 197
159 171 181
160 172 184
163 177 189
140 153 167
143 158 174
91 107 124
0 16 35
69 88 109
79 102 124
75 99 123
87 110 136
74 98 126
87 113 143
102 128 158
11 37 67
23 60 94
101 138 172
51 88 122
0 29 63
8 40 76
13 45 80
41 71 106
35 63 97
0 17 48
0 5 35
41 65 93
111 135 159
97 120 142
109 133 153
81 103 121
96 119 135
84 103 118
116 135 150
96 115 130
118 137 152
130 149 164
104 122 139
103 121 138
106 126 143
94 114 131
78 98 116
92 114 132
70 91 112
66 90 110
103 126 148
94 118 140
83 107 129
41 58 85
85 100 126
87 102 128
181 195 218
130 143 165
77 88 110
0 0 17
38 45 70
33 39 68
0 0 24
100 105 144
175 180 225
174 178 231
181 185 243
171 174 235
165 170 233
77 75 141
165 165 229
207 211 255
198 205 255
87 99 147
0 0 42
108 127 160
59 80 107
60 81 102
223 242 255
239 254 255
237 248 252
250 255 255
243 243 243
255 251 250
255 254 253
254 254 254
254 254 254
254 254 254
254 254 254
254 254 254
254 254 254
254 254 254
254 254 254
255 255 255
255 255 255
255 255 255
255 255 255
255 255 255
255 255 255
255 255 255
255 255 255
254 254 254
254 254 254
254 254 254
254 254 254
254 254 254
254 254 254
254 254 254
254 254 254
254 254 254
254 254 254
254 254 254
254 254 254
254 254 254
254 254 254
254 254 254
254 254 254
252 252 252
252 252 252
255 255 255
255 255 255
255 255 255
255 255 255
255 255 255
255 255 255
255 255 255
255 255 255
255 255 255
255 255 255
255 255 255
255 255 255
255 255 255
255 255 255
255 255 255
255 255 255
251 254 255
251 254 255
253 255 255
255 255 255
255 255 255
255 255 254
255 255 254
255 255 254
255 255 254
248 248 248
253 255 255
246 249 253
246 250 255
248 254 255
164 171 180
135 142 151
195 169 169
204 178 178
170 146 146
159 138 137
146 127 124
152 135 132
170 155 152
255 252 248
255 255 251
255 255 251
255 253 249
250 251 247
247 250 248
247 252 251
249 254 253
250 255 255
255 255 255
255 255 255
255 255 255
255 255 255
255 255 255
254 254 254
254 254 254
254 254 254
255 255 255
255 255 255
255 255 255
255 255 255
255 255 255
255 255 255
255 255 255
255 255 255
255 255 254
255 254 253
249 244 243
250 245 244
255 253 252
255 255 254
254 249 248
244 239 238
191 186 185
188 183 182
183 178 177
178 173 172
177 172 171
184 179 178
202 197 196
217 212 211
173 195 207
131 152 167
100 121 136
129 152 168
145 167 185
148 169 190
153 177 197
155 178 200
159 183 207
168 192 216
165 191 215
152 178 202
143 171 195
150 178 202
155 183 207
154 182 206
165 180 199
144 159 178
128 142 160
128 141 157
133 144 158
126 135 148
110 119 129
100 107 116
93 100 109
67 74 83
153 160 169
165 174 184
173 182 192
184 193 206
186 197 211
176 187 201
177 189 207
177 189 207
176 188 206
173 185 203
169 181 199
169 181 199
173 185 203
177 189 207
175 187 205
164 176 194
167 179 197
171 183 201
154 166 184
139 151 169
147 159 177
163 175 193
152 156 167
136 140 151
127 131 142
151 155 166
164 168 179
163 167 178
162 166 177
165 169 180
155 159 170
148 152 163
150 154 165
161 165 176
170 174 185
174 178 189
183 187 198
196 200 211
156 166 176
140 150 160
115 127 139
95 109 121
69 82 96
93 108 124
115 131 148
116 136 154
114 135 157
104 126 151
127 150 176
97 121 149
69 95 125
85 113 143
57 85 116
17 45 76
132 169 203
80 117 151
19 54 88
0 20 54
0 11 46
22 54 89
72 102 137
18 46 80
0 9 40
23 48 80
102 126 156
76 100 128
104 127 153
101 125 149
72 95 117
81 104 126
102 122 139
86 106 123
136 154 171
123 141 158
122 140 157
98 116 133
98 116 133
91 109 126
92 112 129
100 122 140
89 110 131
89 112 134
89 113 137
95 121 145
112 137 163
88 115 141
51 70 97
92 112 137
60 77 103
98 114 137
211 225 247
96 109 131
44 57 79
9 19 43
37 45 74
43 52 85
16 23 62
157 163 208
178 184 237
178 185 242
177 185 245
199 206 255
170 169 231
176 177 238
175 179 238
221 228 255
0 0 38
0 0 41
92 114 150
83 107 137
44 66 91
172 192 210
237 253 255
239 250 255
248 254 255
243 245 246
249 247 247
255 255 254
255 255 255
255 255 255
255 255 255
255 255 255
255 255 255
255 255 255
255 255 255
255 255 255
255 255 255
255 255 255
255 255 255
255 255 255
255 255 255
255 255 255
255 255 255
255 255 255
255 255 255
255 255 255
255 255 255
255 255 255
255 255 255
255 255 255
255 255 255
255 255 255
254 254 254
254 254 254
254 254 254
254 254 254
254 254 254
254 254 254
254 254 254
254 254 254
254 254 254
254 254 254
255 255 255
255 255 255
255 255 255
255 255 255
255 255 255
255 255 255
255 255 255
255 255 255
255 255 255
255 255 255
255 255 255
255 255 255
255 255 255
255 255 255
255 255 255
255 255 255
251 254 255
251 254 255
253 255 255
255 255 255
255 255 255
255 255 254
255 255 254
255 255 254
255 255 254
248 248 248
253 255 255
246 249 253
245 249 254
248 254 255
165 172 181
133 140 149
184 160 162
183 159 161
179 155 157
154 130 130
153 132 130
160 140 135
176 157 152
241 227 221
255 255 249
255 255 249
255 253 248
251 251 245
249 250 246
247 252 250
249 255 254
250 255 255
255 255 255
255 255 255
255 255 255
255 255 255
255 255 255
255 255 255
254 254 254
254 254 254
255 255 255
255 255 255
255 255 255
255 255 255
255 255 255
255 255 255
255 255 255
255 255 255
255 254 254
255 254 254
255 248 248
255 254 254
255 254 254
255 248 248
213 205 205
174 166 166
189 181 181
195 187 187
192 184 184
181 173 173
181 173 173
194 186 186
204 196 196
206 198 198
131 155 173
121 145 163
120 144 162
164 188 208
156 181 201
155 179 201
153 177 199
146 172 196
136 162 186
138 166 190
136 163 189
132 159 185
143 173 198
163 193 218
170 200 225
162 192 217
165 182 203
147 164 185
136 151 170
132 146 164
120 133 149
99 110 124
90 99 112
93 102 112
62 71 81
53 62 72
158 167 177
150 159 172
175 184 197
178 189 203
170 183 199
181 194 210
169 184 203
173 188 207
174 189 208
169 184 203
162 177 196
161 176 195
167 182 201
174 189 208
166 181 200
167 182 201
173 188 207
160 175 194
132 147 166
134 149 168
159 174 193
169 184 203
152 158 169
120 126 137
143 149 160
152 158 169
168 174 185
151 157 168
146 152 163
172 178 189
139 145 156
155 161 172
165 171 182
157 163 174
137 143 154
106 112 123
67 73 84
35 41 52
28 38 48
64 74 84
84 96 106
91 103 115
99 112 126
113 128 144
121 139 156
132 151 172
95 116 138
88 112 136
112 137 163
123 149 179
112 140 171
101 130 161
79 107 141
58 86 120
130 167 201
65 100 134
0 34 68
0 2 36
0 8 43
72 104 139
65 96 129
0 11 45
0 17 51
117 145 176
76 101 133
32 56 86
6 30 58
97 119 147
77 99 127
109 131 159
96 117 138
107 128 149
99 121 139
120 140 158
108 128 145
100 118 135
84 102 119
87 105 122
75 95 112
80 102 120
96 120 140
103 127 149
105 131 155
106 133 159
94 123 150
88 116 146
67 88 115
50 70 95
87 107 132
46 64 87
167 184 205
186 200 222
101 115 137
13 27 50
29 41 69
106 117 149
0 5 43
112 123 167
168 179 231
182 193 250
148 159 219
168 179 241
203 204 255
193 197 255
191 198 255
198 210 255
67 84 135
0 15 62
42 66 108
71 97 133
28 54 84
114 136 161
234 252 255
239 253 255
246 254 255
251 254 255
247 247 247
255 254 255
255 255 255
255 255 255
255 255 255
255 255 255
255 255 255
255 255 255
255 255 255
255 255 255
255 255 255
255 255 255
255 255 255
255 255 255
255 255 255
255 255 255
255 255 255
255 255 255
255 255 255
255 255 255
255 255 255
255 255 255
255 255 255
255 255 255
255 255 255
255 255 255
254 254 254
254 254 254
254 254 254
254 254 254
254 254 254
254 254 254
254 254 254
254 254 254
255 255 255
255 255 255
255 255 255
255 255 255
255 255 255
255 255 255
255 255 255
255 255 255
255 255 255
255 255 255
255 255 255
255 255 255
255 255 255
255 255 255
255 255 255
255 255 255
255 255 255
255 255 255
251 254 255
251 254 255
253 255 255
255 255 255
255 255 255
255 255 254
255 255 254
255 255 254
255 255 254
255 255 255
247 249 250
251 254 255
246 250 255
247 253 255
181 188 197
125 132 141
155 132 136
168 145 149
178 156 158
171 150 149
158 135 133
155 133 128
167 148 141
183 164 157
255 241 232
255 255 248
255 255 249
255 253 248
255 255 252
248 253 251
241 248 245
248 255 255
249 249 249
251 251 251
254 254 254
255 255 255
255 255 255
255 255 255
255 255 255
255 255 255
251 251 251
252 252 252
253 253 253
254 254 254
253 253 253
254 254 254
255 255 255
255 255 255
255 254 254
255 249 249
255 251 251
255 247 247
223 215 215
184 176 176
181 173 173
204 196 196
193 185 185
199 191 191
188 180 180
171 163 163
184 176 176
213 205 205
208 200 200
178 170 170
113 137 159
119 143 165
107 131 153
146 173 194
137 164 185
177 204 225
151 178 199
157 186 207
133 161 185
128 156 180
145 173 197
161 191 216
163 193 218
170 199 226
173 202 229
158 187 214
159 177 200
133 151 174
126 143 164
113 128 147
108 122 140
106 119 135
85 96 110
88 97 110
61 70 83
85 94 107
155 164 177
148 159 173
163 174 188
157 170 186
167 181 199
173 187 205
152 169 190
172 189 210
166 183 204
154 171 192
162 179 200
165 182 203
155 172 193
153 170 191
174 191 212
154 171 192
156 173 194
124 141 162
137 154 175
153 170 191
166 183 204
155 172 193
117 123 134
150 156 167
150 156 167
146 152 163
167 173 184
144 150 161
145 151 162
137 143 154
162 168 179
164 170 181
125 131 142
98 104 115
120 126 137
151 157 168
164 170 181
159 165 176
136 147 155
110 120 130
76 86 96
72 84 96
122 135 149
57 72 88
118 135 154
139 158 179
64 87 109
89 112 138
140 164 192
87 115 145
35 64 95
99 127 161
65 95 130
61 91 126
70 104 140
17 51 87
0 18 52
0 19 53
16 48 83
90 123 156
36 67 100
0 0 27
114 142 176
81 109 140
12 40 71
0 13 45
0 8 40
21 44 76
89 112 144
81 104 136
110 134 158
97 121 143
92 115 137
97 118 139
60 82 100
84 104 121
86 104 121
64 82 99
62 82 99
80 100 118
79 103 123
104 128 150
95 120 146
109 138 165
117 147 176
92 121 152
100 121 148
38 60 85
97 117 142
78 96 119
50 69 90
189 206 227
158 175 196
30 46 69
171 185 213
149 164 196
0 0 37
0 1 44
143 157 209
154 171 227
143 159 218
143 161 222
180 185 246
209 217 255
174 186 244
178 195 252
187 208 255
40 64 116
39 67 114
69 99 140
34 64 99
93 119 149
216 239 255
235 251 255
235 245 255
245 249 254
253 255 255
252 250 250
255 255 255
255 255 255
255 255 255
255 255 255
255 255 255
255 255 255
255 255 255
255 255 255
255 255 255
255 255 255
255 255 255
255 255 255
255 255 255
255 255 255
255 255 255
255 255 255
255 255 255
255 255 255
255 255 255
255 255 255
255 255 255
255 255 255
255 255 255
255 255 255
255 255 255
255 255 255
255 255 255
255 255 255
255 255 255
255 255 255
255 255 255
255 255 255
255 255 255
255 255 255
255 255 255
255 255 255
255 255 255
255 255 255
255 255 255
255 255 255
255 255 255
255 255 255
255 255 255
255 255 255
255 255 255
255 255 255
255 255 255
255 255 255
255 255 255
255 255 255
251 254 255
251 254 255
253 255 255
255 255 255
255 255 255
255 255 254
255 255 254
255 255 254
255 255 254
255 255 255
248 250 251
251 254 255
246 250 255
247 253 255
186 193 202
126 133 142
122 105 109
151 131 136
167 146 149
159 138 137
158 135 133
170 146 140
172 149 141
163 140 132
217 199 188
255 251 242
255 255 248
255 255 249
247 244 239
252 255 251
251 255 254
250 255 255
255 255 255
255 254 254
255 253 253
253 251 251
253 251 251
253 251 251
254 252 252
255 253 253
255 255 255
255 255 255
252 250 250
253 251 251
255 255 255
255 255 255
255 254 254
250 248 248
255 254 255
249 243 244
223 217 218
203 197 198
194 188 189
192 186 187
194 188 189
197 191 192
212 206 207
186 180 181
167 161 162
169 163 164
185 179 180
196 190 191
177 171 172
141 135 136
114 139 165
111 137 161
106 132 156
128 154 178
132 158 182
155 182 203
158 185 206
173 202 223
174 203 224
162 190 214
165 193 217
168 195 221
161 188 214
161 188 215
160 187 214
146 173 200
153 173 198
140 160 185
147 165 188
146 163 184
147 162 181
140 154 172
113 126 142
106 117 131
64 75 89
106 117 131
138 149 163
149 162 178
158 171 187
149 163 181
170 185 204
156 171 190
149 167 190
162 180 203
158 176 199
153 171 194
160 178 201
159 177 200
150 168 191
152 170 193
154 172 195
158 176 199
153 171 194
105 123 146
125 143 166
157 175 198
158 176 199
129 147 170
130 136 149
150 156 169
124 130 143
155 161 174
138 144 157
164 170 183
158 164 177
161 167 180
146 152 165
98 104 117
138 144 157
171 177 190
140 146 159
112 118 131
108 114 127
126 132 145
139 148 157
158 169 177
134 144 154
132 144 156
154 167 181
78 93 109
77 94 113
97 116 137
101 123 148
73 98 124
23 49 79
56 84 115
73 101 135
85 115 150
38 70 106
102 134 170
47 81 117
0 15 51
0 16 50
8 43 77
65 98 131
75 108 141
0 16 49
80 111 144
64 92 126
20 48 82
0 27 61
0 20 56
0 12 48
0 18 56
24 47 85
62 85 123
58 87 114
53 80 107
58 83 109
76 100 124
52 76 96
62 84 102
61 81 98
54 72 89
55 75 92
77 97 115
88 109 130
113 137 159
91 116 142
88 117 144
102 132 161
100 129 160
90 109 136
100 120 145
62 82 107
88 106 129
66 85 106
105 124 145
194 213 234
119 137 160
157 176 203
74 94 125
18 37 74
161 183 225
10 31 82
143 167 221
138 162 220
136 160 220
146 159 221
187 202 255
201 219 255
160 184 244
185 213 255
180 213 255
0 28 81
48 84 132
30 65 108
83 115 150
203 230 255
206 226 244
239 253 255
246 254 255
240 244 245
255 255 255
255 255 255
255 255 255
255 255 255
255 255 255
255 255 255
255 255 255
255 255 255
255 255 255
255 255 255
255 255 255
255 255 255
255 255 255
255 255 255
255 255 255
255 255 255
255 255 255
255 255 255
255 255 255
255 255 255
255 255 255
255 255 255
255 255 255
255 255 255
255 255 255
255 255 255
255 255 255
255 255 255
255 255 255
255 255 255
255 255 255
255 255 255
255 255 255
255 255 255
255 255 255
255 255 255
255 255 255
255 255 255
255 255 255
255 255 255
255 255 255
255 255 255
255 255 255
255 255 255
255 255 255
255 255 255
255 255 255
255 255 255
255 255 255
255 255 255
255 255 255
251 254 255
251 254 255
253 255 255
255 255 255
255 255 255
255 255 254
255 255 254
255 255 254
255 255 254
255 255 255
249 251 252
251 254 255
247 251 255
248 254 255
196 203 212
129 136 145
118 104 110
145 129 136
182 165 168
206 185 187
204 181 179
186 162 156
172 147 137
165 140 130
200 176 164
244 224 213
255 255 245
255 254 245
253 250 242
255 255 252
253 255 254
241 246 244
255 254 254
255 254 254
255 255 255
255 255 255
255 255 255
255 255 255
255 255 255
255 255 255
255 255 255
255 253 253
253 251 251
255 253 253
255 255 255
255 255 255
255 254 254
253 251 251
229 222 225
209 202 205
188 181 184
182 175 178
194 187 190
206 199 202
206 199 202
198 191 194
211 204 207
166 159 162
152 145 148
172 165 168
180 173 176
169 162 165
147 140 143
120 113 116
115 139 167
111 135 163
113 138 164
116 142 166
140 166 190
153 180 201
170 197 218
170 197 217
163 190 210
152 179 200
149 176 197
150 176 200
147 172 198
151 175 203
154 178 206
147 171 199
148 169 196
142 163 190
151 171 196
152 170 193
152 169 190
143 158 177
112 126 144
97 110 126
72 85 101
132 145 161
116 129 145
148 162 180
147 161 179
143 158 177
166 183 204
132 149 170
143 165 190
146 168 193
145 167 192
149 171 196
155 177 202
148 170 195
142 164 189
149 171 196
136 158 183
151 173 198
137 159 184
90 112 137
121 143 168
151 173 198
133 155 180
104 126 151
153 161 174
149 157 170
130 138 151
137 145 158
131 139 152
151 159 172
157 165 178
141 149 162
122 130 143
159 167 180
106 114 127
88 96 109
134 142 155
171 179 192
202 210 223
200 208 221
195 204 213
196 205 214
144 154 164
118 130 142
160 173 187
115 131 147
88 105 124
93 114 135
124 146 171
93 117 145
55 83 113
119 147 181
66 96 131
55 87 123
66 99 138
98 131 170
9 43 79
0 2 38
12 47 81
16 48 83
85 118 151
54 87 120
68 99 130
91 122 153
20 51 84
0 11 45
6 34 69
3 30 67
0 23 63
0 15 57
0 8 50
59 82 127
30 62 97
37 68 101
46 75 106
65 92 119
51 75 99
46 70 90
51 71 89
70 88 105
58 76 93
64 84 101
65 87 105
89 112 134
80 106 130
93 120 147
107 135 165
112 142 171
89 106 133
103 120 146
82 99 125
89 107 130
82 101 122
72 91 112
150 169 190
182 203 225
115 136 163
89 113 143
148 174 210
94 122 163
28 55 105
115 146 199
120 150 207
118 150 209
127 147 212
111 133 198
159 185 251
188 218 255
149 185 249
158 197 255
134 176 235
14 58 112
34 76 123
80 116 156
138 169 200
176 200 222
226 243 255
243 255 255
250 255 255
251 255 255
255 255 255
255 255 255
255 255 255
255 255 255
255 255 255
255 255 255
255 255 255
255 255 255
255 255 255
255 255 255
255 255 255
255 255 255
255 255 255
255 255 255
255 255 255
255 255 255
255 255 255
255 255 255
255 255 255
255 255 255
255 255 255
255 255 255
255 255 255
255 255 255
255 255 255
255 255 255
255 255 255
255 255 255
255 255 255
255 255 255
255 255 255
255 255 255
255 255 255
255 255 255
255 255 255
255 255 255
255 255 255
255 255 255
255 255 255
255 255 255
255 255 255
255 255 255
255 255 255
255 255 255
255 255 255
255 255 255
255 255 255
255 255 255
255 255 255
255 255 255
251 254 255
251 254 255
253 255 255
255 255 255
255 255 255
255 255 254
255 255 254
255 255 254
255 255 254
255 255 255
251 253 254
251 254 255
248 252 255
248 254 255
208 215 224
132 139 148
105 97 104
140 129 137
185 171 175
208 190 191
195 174 172
172 146 140
158 131 121
159 131 120
160 133 119
206 182 170
255 248 237
255 255 247
255 255 249
254 251 246
255 255 254
251 254 252
253 251 251
255 254 254
255 255 255
255 255 255
255 255 255
255 255 255
255 254 254
253 251 251
255 255 255
254 252 252
246 244 244
254 252 252
255 255 255
255 255 255
233 231 231
206 204 204
187 181 186
178 172 177
180 174 179
196 190 195
205 199 204
200 194 199
196 190 195
199 193 198
175 169 174
144 138 143
149 143 148
172 166 171
162 156 161
141 135 140
134 128 133
128 122 127
117 138 169
120 142 170
121 143 171
124 147 173
158 182 206
170 194 216
172 197 217
140 165 185
126 152 169
122 147 167
124 149 169
132 156 178
142 164 189
153 174 201
158 179 207
157 178 206
164 186 214
159 181 209
156 177 204
151 171 196
152 170 193
149 166 187
130 145 164
114 128 146
84 98 116
144 158 176
100 114 132
142 157 176
132 147 166
143 160 181
150 167 188
113 131 154
139 162 188
134 157 183
135 158 184
147 170 196
149 172 198
138 161 187
135 158 184
145 168 194
135 158 184
136 159 185
115 138 164
96 119 145
133 156 182
138 161 187
102 125 151
100 123 149
156 164 177
148 156 169
133 141 154
124 132 145
132 140 153
129 137 150
122 130 143
108 116 129
115 123 136
97 105 118
157 165 178
189 197 210
189 197 210
185 193 206
159 167 180
175 183 196
207 216 225
179 188 197
127 137 147
85 97 109
139 152 166
128 144 160
109 126 145
85 106 128
106 129 155
89 116 143
115 143 174
81 112 145
47 79 115
54 87 126
126 162 200
29 64 104
0 16 52
8 42 78
18 50 85
31 63 98
44 77 110
117 151 181
116 150 180
17 48 79
0 30 63
0 19 54
17 44 81
0 26 66
2 27 69
5 30 74
0 15 61
60 83 131
43 79 119
35 71 109
19 54 88
27 58 89
43 70 97
45 69 91
37 59 77
44 64 81
63 81 98
67 85 102
59 79 97
73 94 115
70 94 116
88 113 139
90 117 144
90 118 148
97 111 139
77 92 118
112 127 153
81 97 120
88 105 126
78 97 118
74 95 116
153 176 198
151 176 202
131 159 189
145 175 210
37 69 110
130 163 212
63 100 152
34 73 128
165 203 255
113 142 209
88 119 188
113 148 216
131 172 241
172 217 255
154 203 255
166 216 255
125 175 235
11 58 112
41 83 128
120 156 192
218 248 255
218 239 254
235 249 255
245 255 255
249 255 253
255 255 255
255 255 255
255 255 255
255 255 255
255 255 255
255 255 255
255 255 255
255 255 255
255 255 255
255 255 255
255 255 255
255 255 255
255 255 255
255 255 255
255 255 255
255 255 255
255 255 255
255 255 255
255 255 255
255 255 255
255 255 255
255 255 255
255 255 255
255 255 255
255 255 255
255 255 255
255 255 255
255 255 255
255 255 255
255 255 255
255 255 255
255 255 255
255 255 255
255 255 255
255 255 255
255 255 255
255 255 255
255 255 255
255 255 255
255 255 255
255 255 255
255 255 255
255 255 255
255 255 255
255 255 255
255 255 255
255 255 255
255 255 255
255 255 255
255 255 255
251 254 255
251 254 255
253 255 255
255 255 255
255 255 255
255 255 254
255 255 254
255 255 254
255 255 254
255 255 255
253 255 255
251 254 255
249 253 255
248 254 255
222 229 238
135 142 151
105 100 109
147 140 147
168 159 162
153 139 140
149 128 126
167 141 134
171 143 132
156 127 113
148 119 104
167 140 126
222 198 186
255 249 238
255 255 248
255 254 249
255 255 252
252 253 251
255 255 255
255 255 255
255 255 255
254 252 252
252 250 250
249 247 247
247 245 245
246 244 244
255 255 255
255 255 255
255 255 255
255 254 254
234 232 232
209 207 207
187 185 185
174 172 172
185 181 187
185 181 187
189 185 191
195 191 197
192 188 194
182 178 184
180 176 182
184 180 186
142 138 144
133 129 135
146 142 148
158 154 160
141 137 143
124 120 126
129 125 131
139 135 141
118 138 169
124 144 175
116 137 165
141 162 189
155 178 200
158 182 202
151 173 191
127 149 167
132 155 171
133 155 173
135 157 175
142 163 184
153 173 198
158 177 204
155 174 201
154 172 201
145 169 199
146 170 200
138 160 188
133 154 181
141 159 182
145 162 183
137 152 171
118 133 152
96 110 128
140 154 172
92 107 126
130 145 164
115 132 153
144 162 185
123 141 164
106 126 151
134 159 185
125 150 176
129 154 180
141 166 192
139 164 190
128 153 179
127 152 178
133 158 184
132 157 183
124 149 175
99 124 150
102 127 153
138 163 189
127 152 178
83 108 134
100 125 151
144 151 166
137 144 159
98 105 120
125 132 147
113 120 135
109 116 131
73 80 95
112 119 134
154 161 176
168 175 190
151 158 173
170 177 192
187 194 209
200 207 222
207 214 229
142 149 164
125 135 142
129 138 147
130 141 149
124 136 146
124 137 151
132 148 164
120 137 156
83 104 126
95 118 144
121 147 177
45 74 105
54 84 119
53 87 123
144 180 218
71 106 146
0 18 58
0 27 63
18 50 86
18 50 85
13 45 80
86 119 152
141 175 205
40 74 104
0 24 55
0 18 51
2 32 67
7 36 73
0 19 60
3 29 75
10 33 81
4 27 77
47 69 121
0 39 84
38 77 121
50 86 126
18 53 87
0 25 54
0 4 30
0 20 40
33 53 70
29 48 63
40 59 74
54 72 89
80 100 118
73 97 117
76 100 124
68 93 119
85 112 139
99 111 139
88 101 127
100 113 139
77 91 114
85 102 123
69 88 109
65 86 107
92 116 138
180 207 233
139 169 198
101 136 170
91 130 169
151 191 239
0 38 89
66 112 166
169 216 255
89 129 201
62 104 175
46 89 162
96 145 219
101 153 229
149 204 255
150 209 255
157 215 255
136 190 250
23 72 122
87 128 167
141 174 200
228 253 255
237 255 255
233 245 245
248 255 254
255 255 255
255 255 255
255 255 255
255 255 255
255 255 255
255 255 255
255 255 255
255 255 255
255 255 255
255 255 255
255 255 255
255 255 255
255 255 255
255 255 255
255 255 255
255 255 255
255 255 255
255 255 255
255 255 255
255 255 255
255 255 255
255 255 255
255 255 255
255 255 255
255 255 255
255 255 255
255 255 255
255 255 255
255 255 255
255 255 255
255 255 255
255 255 255
255 255 255
255 255 255
255 255 255
255 255 255
255 255 255
255 255 255
255 255 255
255 255 255
255 255 255
255 255 255
255 255 255
255 255 255
255 255 255
255 255 255
255 255 255
255 255 255
255 255 255
255 255 255
251 254 255
251 254 255
253 255 255
255 255 255
255 255 255
255 255 254
255 255 254
255 255 254
255 254 253
255 255 255
253 255 255
249 252 255
250 254 255
248 254 255
235 242 251
138 145 154
130 131 141
139 136 145
141 134 139
142 130 130
158 139 136
182 156 149
188 158 147
180 147 132
182 149 134
163 132 117
162 136 122
192 172 161
233 217 210
255 253 249
255 255 252
255 252 251
255 254 255
255 254 255
255 254 255
255 250 251
255 250 251
255 254 255
255 254 255
255 254 255
255 254 255
255 252 253
244 239 240
215 210 211
184 179 180
170 165 166
178 173 174
191 186 187
174 171 180
187 184 193
188 185 194
177 174 183
175 172 181
181 178 187
174 171 180
158 155 164
130 127 136
131 128 137
131 128 137
130 127 136
123 120 129
115 112 121
122 119 128
139 136 145
122 139 172
127 145 176
108 126 155
150 169 196
135 156 178
127 146 167
129 149 166
141 161 178
149 170 185
152 172 189
150 167 186
151 168 189
161 177 200
158 173 199
149 163 191
148 162 190
139 164 196
151 175 205
144 166 194
141 162 189
144 164 189
144 162 185
133 150 171
104 119 138
100 115 134
125 140 159
83 98 117
117 134 155
103 121 144
138 156 179
99 119 144
109 129 154
131 155 183
123 147 175
128 152 180
135 159 187
128 152 180
123 147 175
123 147 175
119 143 171
121 145 173
121 145 173
97 121 149
101 125 153
128 152 180
125 149 177
81 105 133
100 124 152
149 158 172
111 120 134
90 99 113
99 108 122
98 107 121
63 72 86
63 72 86
132 141 155
155 164 178
175 184 198
196 205 219
182 191 205
185 194 208
160 169 183
112 121 135
145 154 168
131 139 146
150 159 168
146 157 165
165 177 187
110 123 137
139 155 171
142 159 178
112 133 155
64 87 113
91 117 147
97 125 159
98 130 165
156 189 228
98 133 173
6 41 84
0 12 55
8 40 76
8 40 76
15 47 82
26 59 92
140 173 206
58 92 122
0 30 60
0 25 55
0 23 56
14 44 79
7 36 75
5 32 76
18 44 91
10 35 85
12 36 90
37 61 115
23 69 117
37 81 128
33 75 118
13 50 88
25 56 89
16 43 70
8 31 53
3 23 40
18 37 52
9 25 41
15 34 49
57 77 94
75 96 117
79 102 124
61 87 111
88 113 139
93 101 130
90 99 126
97 108 135
83 95 119
89 103 125
89 106 127
72 93 114
66 90 112
81 111 136
191 225 254
117 155 189
131 174 213
95 141 188
25 74 124
142 194 247
114 168 223
48 95 169
169 218 255
42 94 171
44 100 179
67 126 206
88 151 231
125 190 255
156 218 255
141 200 255
156 210 255
56 102 143
162 199 227
223 251 255
236 255 255
234 248 246
246 255 252
255 255 255
255 255 255
255 255 255
255 255 255
255 255 255
255 255 255
255 255 255
255 255 255
255 255 255
255 255 255
255 255 255
255 255 255
255 255 255
255 255 255
255 255 255
255 255 255
255 255 255
255 255 255
255 255 255
255 255 255
255 255 255
255 255 255
255 255 255
255 255 255
255 255 255
255 255 255
255 255 255
255 255 255
255 255 255
255 255 255
255 255 255
255 255 255
255 255 255
255 255 255
255 255 255
255 255 255
255 255 255
255 255 255
255 255 255
255 255 255
255 255 255
255 255 255
255 255 255
255 255 255
255 255 255
255 255 255
255 255 255
255 255 255
255 255 255
255 255 255
251 254 255
251 254 255
253 255 255
255 255 255
255 255 255
255 255 254
255 255 254
255 255 254
255 254 253
255 255 255
253 255 255
249 252 255
250 254 255
248 254 255
244 251 255
140 147 156
148 150 160
116 118 126
114 110 115
151 141 141
178 159 156
172 146 139
171 142 128
186 153 138
182 148 132
186 153 138
177 148 134
169 147 136
182 164 157
207 195 191
235 228 225
255 255 254
255 254 255
255 254 255
255 254 255
255 254 255
255 254 255
255 254 255
255 251 252
254 249 250
238 233 234
206 201 202
172 167 168
164 159 160
179 174 175
193 188 189
191 186 187
182 177 178
154 153 163
171 170 180
176 175 185
164 163 173
162 161 171
168 167 177
157 156 166
136 135 145
120 119 129
124 123 133
111 110 120
104 103 113
109 108 118
103 102 112
112 111 121
147 146 156
124 139 172
139 154 186
116 132 161
146 163 189
124 142 165
123 140 159
139 157 174
154 173 188
156 175 190
160 176 192
148 164 181
144 159 178
156 170 192
155 168 194
147 160 186
153 164 192
127 152 184
144 169 201
136 160 190
134 156 184
135 155 180
128 146 169
113 130 151
73 90 111
97 112 131
115 130 149
67 84 105
109 126 147
99 117 140
121 141 166
89 109 134
113 133 158
126 153 180
123 150 177
129 156 183
127 154 181
115 142 169
117 144 171
118 145 172
103 130 157
108 135 162
111 138 165
91 118 145
97 124 151
113 140 167
116 143 170
79 106 133
99 126 153
137 146 160
89 98 112
114 123 137
70 79 93
75 84 98
46 55 69
109 118 132
150 159 173
184 193 207
153 162 176
149 158 172
179 188 202
168 177 191
168 177 191
200 209 223
184 193 207
192 200 207
198 208 215
164 173 182
158 170 180
119 132 146
126 142 158
154 171 190
126 147 169
51 74 100
89 115 145
140 168 202
144 176 212
106 139 178
6 41 81
0 7 50
0 30 72
1 33 69
26 58 94
13 45 80
101 134 167
78 111 144
2 36 66
0 26 56
0 21 51
5 38 71
26 58 93
24 53 92
16 43 87
20 46 93
16 40 92
20 43 99
40 63 119
35 83 135
31 76 127
32 74 121
25 64 103
53 85 120
45 74 101
42 66 88
32 52 69
44 60 76
22 39 52
4 21 34
21 40 55
53 73 91
77 101 121
47 71 93
52 76 100
91 97 126
78 85 112
96 105 132
87 99 123
102 116 138
120 137 158
63 84 105
68 95 116
42 73 98
137 174 202
170 211 244
102 147 185
145 194 240
60 113 163
136 193 245
73 130 185
44 96 173
174 227 255
117 173 254
0 33 115
6 70 154
30 98 181
46 115 195
108 175 250
163 227 255
148 205 255
165 215 255
90 130 159
223 253 255
234 255 255
220 237 234
246 255 252
255 255 255
255 255 255
255 255 255
255 255 255
255 255 255
255 255 255
255 255 255
255 255 255
255 255 255
255 255 255
255 255 255
255 255 255
255 255 255
255 255 255
255 255 255
255 255 255
255 255 255
255 255 255
255 255 255
255 255 255
255 255 255
255 255 255
255 255 255
255 255 255
255 255 255
255 255 255
255 255 255
255 255 255
255 255 255
255 255 255
255 255 255
255 255 255
255 255 255
255 255 255
255 255 255
255 255 255
255 255 255
255 255 255
255 255 255
255 255 255
255 255 255
255 255 255
255 255 255
255 255 255
255 255 255
255 255 255
255 255 255
255 255 255
255 255 255
255 255 255
251 254 255
251 254 255
253 255 255
255 255 255
255 255 255
255 255 254
255 255 254
255 255 254
255 254 253
255 255 255
253 255 255
248 251 255
250 254 255
248 254 255
246 253 255
142 149 158
157 162 171
129 131 139
124 120 125
150 139 141
170 151 148
166 140 133
170 141 127
190 155 141
178 144 128
196 162 146
195 166 152
188 164 152
185 166 159
178 166 160
189 180 177
216 211 210
251 246 247
255 254 255
255 254 255
255 254 255
255 251 252
234 229 230
209 204 205
193 188 189
168 163 164
171 166 167
177 172 173
183 178 179
185 180 181
183 178 179
178 173 174
174 169 170
160 159 169
167 166 176
169 168 178
160 159 169
147 146 156
137 136 146
131 130 140
127 126 136
107 106 116
115 114 124
98 97 107
90 89 99
100 99 109
92 91 101
108 107 117
164 163 173
122 137 170
154 169 201
132 146 175
139 154 180
129 146 167
145 162 181
165 184 199
152 168 184
169 186 199
168 184 200
151 166 182
142 156 175
154 167 189
155 167 191
151 162 189
161 172 200
134 159 191
153 178 210
144 168 198
143 165 193
145 166 193
144 162 185
134 151 172
93 110 131
93 108 127
110 125 144
56 73 94
106 123 144
100 118 141
107 127 152
87 107 132
114 135 162
125 151 181
125 151 181
131 157 187
123 149 179
108 134 164
115 141 171
116 142 172
94 120 150
105 131 161
100 126 156
83 109 139
99 125 155
106 132 162
106 132 162
75 101 131
103 129 159
95 104 118
79 88 102
117 126 140
72 81 95
36 45 59
81 90 104
161 170 184
171 180 194
140 149 163
159 168 182
168 177 191
166 175 189
184 193 207
187 196 210
160 169 183
147 156 170
149 157 164
170 180 187
166 175 184
142 154 164
158 171 185
116 132 148
164 184 202
132 153 175
161 186 212
174 200 230
129 157 191
67 99 135
0 29 68
0 0 38
0 14 57
0 27 69
4 35 74
20 52 88
69 101 136
108 141 174
31 64 97
0 19 49
0 10 40
0 24 54
9 42 75
32 64 99
35 66 105
4 33 77
0 25 75
15 39 93
22 45 101
40 62 120
30 80 133
1 48 100
0 40 87
5 45 87
50 85 119
51 79 109
56 80 102
47 67 85
24 40 56
36 53 66
23 40 53
6 25 40
29 49 66
76 97 118
45 68 90
28 52 74
94 100 129
88 95 122
67 74 101
86 96 120
115 128 150
118 135 156
68 89 110
73 100 121
85 116 141
45 82 110
156 199 232
147 194 232
131 181 227
140 196 245
78 136 188
47 107 161
85 141 220
127 183 255
157 217 255
0 52 136
0 30 115
20 90 174
25 95 178
44 114 191
83 148 216
160 219 255
183 234 255
195 237 255
208 241 255
177 201 207
212 229 226
244 255 252
255 255 255
255 255 255
255 255 255
255 255 255
255 255 255
255 255 255
255 255 255
255 255 255
255 255 255
255 255 255
255 255 255
255 255 255
255 255 255
255 255 255
255 255 255
255 255 255
255 255 255
255 255 255
255 255 255
255 255 255
255 255 255
255 255 255
255 255 255
255 255 255
255 255 255
255 255 255
255 255 255
255 255 255
255 255 255
255 255 255
255 255 255
255 255 255
255 255 255
255 255 255
255 255 255
255 255 255
255 255 255
255 255 255
255 255 255
255 255 255
255 255 255
255 255 255
255 255 255
255 255 255
255 255 255
255 255 255
255 255 255
255 255 255
255 255 255
255 255 255
255 255 255
255 255 255
255 255 255
255 255 255
255 255 255
255 255 255
255 255 255
255 255 255
255 255 255
250 250 250
252 252 252
250 250 250
251 251 251
255 255 255
247 247 247
200 200 200
157 164 181
124 129 144
132 134 145
136 133 142
128 121 126
172 160 160
166 149 146
183 164 157
221 200 192
204 182 171
180 160 149
173 154 146
182 165 156
187 171 164
181 167 161
172 160 154
177 168 165
221 212 209
238 230 230
199 191 191
187 181 182
196 192 197
176 174 180
173 172 181
176 177 187
173 176 190
163 168 183
152 159 176
155 162 181
157 166 186
141 150 170
118 127 147
120 121 142
142 145 166
153 156 177
130 136 155
135 141 160
114 121 138
99 106 123
87 94 109
73 79 92
70 73 87
61 63 74
69 70 80
56 52 63
50 44 55
107 99 109
152 143 153
140 152 170
155 167 185
137 149 167
146 156 173
133 143 160
153 161 178
163 171 188
165 175 193
176 187 207
163 176 198
150 163 189
141 157 186
145 162 195
153 172 207
161 180 217
163 184 222
139 179 214
141 179 213
138 176 208
123 154 185
104 132 162
107 130 156
102 122 147
83 99 122
83 97 119
104 118 140
60 74 96
78 95 116
94 112 135
110 131 153
80 102 127
112 136 160
131 151 176
118 138 163
138 158 183
128 148 173
101 122 149
114 135 162
113 134 161
85 107 135
115 137 165
91 113 141
87 111 141
108 132 162
110 134 164
85 109 139
72 96 126
79 104 136
86 95 109
62 71 85
93 102 116
64 75 89
28 39 53
133 146 160
164 177 193
114 129 145
87 103 119
129 145 161
128 146 163
141 159 176
132 152 169
145 165 182
143 163 180
157 177 194
201 201 213
173 174 188
171 174 189
153 160 177
176 183 203
93 103 127
116 129 155
149 163 192
163 178 210
119 136 169
23 40 73
8 25 58
0 12 45
12 27 59
31 46 78
9 24 56
0 20 45
0 17 42
113 143 170
79 109 136
0 22 51
0 10 41
0 11 46
5 37 73
25 58 97
41 76 116
26 59 104
1 35 81
8 44 92
24 60 108
24 59 109
23 58 108
0 33 93
0 28 86
0 39 97
38 69 124
41 66 116
16 37 82
14 33 71
16 36 71
74 96 124
10 37 58
13 39 56
21 44 60
0 11 24
52 61 74
74 77 91
65 65 77
25 45 62
63 83 100
49 69 86
73 93 110
109 129 146
120 140 157
80 102 120
56 80 100
67 93 117
93 122 149
96 127 158
187 223 255
122 161 200
98 140 183
99 141 186
64 108 155
41 131 186
65 146 203
146 209 255
136 178 247
38 66 143
18 38 125
1 26 120
27 63 163
26 75 177
61 126 224
92 165 255
123 198 255
115 182 243
103 157 204
199 241 255
212 248 255
251 254 255
253 254 255
253 254 255
252 251 253
255 253 255
255 254 255
255 254 255
255 254 254
255 255 255
255 255 254
253 255 254
251 255 254
250 255 254
246 255 252
246 255 252
244 255 252
255 255 255
255 255 255
255 255 255
255 255 255
255 255 255
255 255 255
255 255 255
255 255 255
255 255 255
255 255 255
255 255 255
255 255 255
255 255 255
255 255 255
255 255 255
255 255 255
255 255 255
255 255 255
255 255 255
255 255 255
255 255 255
255 255 255
255 255 255
255 255 255
255 255 255
255 255 255
255 255 255
255 255 255
255 255 255
255 255 255
255 255 255
255 255 255
255 255 255
255 255 255
255 255 255
255 255 255
255 255 255
255 255 255
255 255 255
255 255 255
255 255 255
255 255 255
254 254 254
252 252 252
254 254 254
250 250 250
250 250 250
255 255 255
251 251 251
213 213 213
144 151 168
152 157 172
136 137 151
120 116 127
153 146 151
144 133 135
169 154 152
204 185 180
197 178 171
194 173 165
178 159 151
173 156 147
183 167 160
190 176 170
193 181 175
201 189 185
199 190 187
194 186 186
210 202 202
200 194 195
187 182 184
187 183 188
174 172 178
170 169 178
164 166 177
165 168 182
159 164 179
148 155 172
146 153 172
143 152 172
127 136 156
104 115 137
90 95 116
118 123 144
131 136 157
121 128 148
104 111 130
90 100 118
74 84 101
68 79 93
37 46 60
33 41 54
27 31 42
35 37 48
26 27 37
35 31 42
103 98 107
160 155 164
150 162 180
160 172 190
140 152 170
148 158 175
139 149 166
157 167 184
168 178 195
170 180 198
180 191 211
170 183 205
160 173 199
154 170 199
158 175 208
164 184 219
167 189 225
169 190 228
150 190 225
137 175 209
125 163 195
121 152 183
121 149 179
128 151 177
103 123 148
61 77 100
71 85 107
88 102 124
50 64 86
83 100 121
92 110 133
108 129 151
106 128 153
115 139 163
127 147 172
118 138 163
131 151 176
119 139 164
99 120 147
110 131 158
106 127 154
88 110 138
118 140 168
92 114 142
81 105 135
96 120 150
96 120 150
77 101 131
70 95 127
83 108 140
64 73 87
93 102 116
82 93 107
36 47 61
57 68 82
151 164 180
121 134 150
89 104 120
141 157 173
151 167 184
137 155 172
113 131 148
96 116 133
136 156 173
119 139 156
125 145 162
165 169 180
156 162 175
131 138 153
157 164 183
155 166 186
124 138 161
71 85 113
36 54 83
72 92 123
57 78 110
0 21 53
0 19 51
19 40 72
36 56 87
36 56 87
17 37 68
0 24 49
0 26 51
89 119 146
46 78 107
0 14 43
0 24 57
1 33 68
0 34 70
8 44 82
38 72 115
31 66 110
5 41 87
17 53 101
37 73 121
24 61 111
3 40 90
0 27 84
0 43 101
41 82 137
47 79 132
18 43 93
10 31 76
0 15 53
76 97 129
202 224 252
156 180 202
117 143 160
137 160 175
197 213 226
221 230 243
145 149 160
71 71 83
27 46 61
30 49 64
23 42 57
56 75 90
107 126 141
106 126 143
97 119 137
92 116 136
101 125 147
79 106 132
41 72 103
124 159 193
187 224 255
86 126 168
117 159 202
117 159 204
96 186 240
29 110 167
118 181 241
161 206 255
118 150 223
116 140 222
83 110 200
0 9 103
0 25 122
0 34 127
0 63 149
4 80 156
56 126 186
98 156 205
198 243 255
209 248 255
251 254 255
251 254 255
253 254 255
250 252 253
253 252 254
255 254 255
255 254 255
254 252 252
255 255 255
255 255 254
253 255 254
251 255 254
250 255 254
248 255 252
246 255 252
246 255 252
255 255 255
255 255 255
255 255 255
255 255 255
255 255 255
255 255 255
255 255 255
255 255 255
255 255 255
255 255 255
255 255 255
255 255 255
255 255 255
255 255 255
255 255 255
255 255 255
255 255 255
255 255 255
255 255 255
255 255 255
255 255 255
255 255 255
255 255 255
255 255 255
255 255 255
255 255 255
255 255 255
255 255 255
255 255 255
255 255 255
255 255 255
255 255 255
255 255 255
255 255 255
255 255 255
255 255 255
255 255 255
255 255 255
255 255 255
255 255 255
255 255 255
255 255 255
253 253 253
255 255 255
255 255 255
251 251 251
249 249 249
255 255 255
255 255 255
234 234 234
152 159 176
158 162 180
141 142 156
129 128 138
136 132 138
138 129 132
194 182 182
191 176 173
179 163 157
189 170 165
179 163 157
173 157 151
183 169 163
189 177 173
199 187 185
219 210 207
200 192 192
176 168 168
185 179 180
188 183 184
174 169 171
175 171 176
171 171 177
162 163 173
144 146 157
148 151 165
145 152 167
138 146 163
130 137 156
119 128 148
101 112 132
85 96 118
68 76 99
95 103 126
107 118 138
111 122 142
72 86 104
66 80 98
50 65 81
45 61 74
23 36 50
23 35 47
17 27 37
21 27 38
12 17 26
18 20 30
83 84 94
149 148 158
148 162 180
154 166 184
132 144 162
133 146 162
132 142 159
149 159 176
162 172 189
160 172 190
164 175 195
156 170 192
150 165 191
148 166 195
153 173 204
155 177 212
154 178 214
153 176 214
132 172 207
143 181 215
149 187 219
134 165 196
109 137 167
109 132 158
109 129 154
95 111 134
61 75 97
83 97 119
39 53 75
91 108 129
88 106 129
104 125 147
126 148 173
111 135 159
122 142 167
117 137 162
120 140 165
103 124 151
96 117 144
103 124 151
95 116 143
92 114 142
117 139 167
90 112 140
74 98 128
81 105 135
80 104 134
67 91 121
68 93 125
84 109 141
66 77 91
70 81 95
82 93 107
33 43 60
122 135 151
167 180 196
69 84 100
107 122 138
140 156 172
109 125 142
116 134 151
117 135 152
135 155 172
61 81 98
125 145 162
145 165 182
133 142 155
148 160 172
144 157 171
183 197 215
118 135 154
77 98 120
29 50 77
21 45 73
0 8 38
1 26 58
5 33 64
14 42 73
48 73 105
40 65 97
19 45 75
4 30 60
6 40 64
35 68 94
58 91 117
0 34 63
0 27 57
7 42 75
17 52 86
29 65 101
24 60 100
38 73 116
29 66 110
13 49 95
13 51 99
14 51 101
0 35 84
0 18 67
0 38 94
25 72 126
46 86 139
37 70 120
3 26 74
18 37 80
28 47 85
145 166 198
196 219 245
169 193 215
199 223 241
232 253 255
237 253 255
244 253 255
242 244 255
169 168 178
26 43 56
24 41 54
24 41 54
38 55 68
93 110 123
110 126 142
118 137 152
87 107 125
85 109 129
81 107 131
60 89 116
79 110 143
129 163 199
165 202 240
103 143 185
136 176 218
93 181 235
46 126 181
98 162 220
135 185 245
166 201 255
124 156 229
119 152 231
65 111 195
0 29 115
0 3 90
0 60 139
24 104 175
66 138 198
156 218 255
198 250 255
190 233 255
248 253 255
250 255 255
251 254 255
252 254 255
252 251 253
255 254 255
255 254 255
252 250 250
255 255 255
255 255 254
255 255 254
253 255 254
251 255 254
250 255 252
248 255 252
248 255 252
255 255 255
255 255 255
255 255 255
255 255 255
255 255 255
255 255 255
255 255 255
255 255 255
255 255 255
255 255 255
255 255 255
255 255 255
255 255 255
255 255 255
255 255 255
255 255 255
255 255 255
255 255 255
255 255 255
255 255 255
255 255 255
255 255 255
255 255 255
255 255 255
255 255 255
255 255 255
255 255 255
255 255 255
255 255 255
255 255 255
255 255 255
255 255 255
255 255 255
255 255 255
255 255 255
255 255 255
255 255 255
255 255 255
255 255 255
255 255 255
255 255 255
255 255 255
252 252 252
255 255 255
255 255 255
252 252 252
250 250 250
255 255 255
255 255 255
252 252 252
170 176 195
156 163 180
146 149 164
138 138 150
117 114 123
163 157 162
178 169 172
163 153 153
178 166 164
187 174 172
176 163 161
168 156 154
179 170 167
184 174 174
187 179 179
207 199 200
173 167 168
177 171 172
175 170 172
155 152 154
150 146 151
165 163 169
166 168 176
153 155 165
116 120 131
122 127 142
126 133 150
122 129 148
109 118 138
92 103 123
75 86 108
64 75 97
52 66 88
64 78 100
81 98 119
89 106 125
57 77 95
48 68 85
37 57 74
25 46 61
16 35 48
24 41 54
30 44 56
35 47 57
29 39 49
32 39 48
85 90 99
151 156 165
146 160 178
147 161 179
128 141 157
124 137 153
126 139 155
140 153 169
155 168 184
152 164 182
157 171 190
155 169 191
152 169 195
154 175 203
160 181 212
159 184 218
154 180 216
149 175 211
138 178 213
130 168 202
117 155 187
104 135 166
95 123 153
111 134 160
113 133 158
94 110 133
54 68 90
94 108 130
33 47 69
92 109 130
86 104 127
104 125 147
120 142 167
105 129 153
115 135 160
114 134 159
107 128 155
91 112 139
94 115 142
96 117 144
84 106 134
94 116 144
106 128 156
83 107 137
70 94 124
73 97 127
69 93 123
57 82 114
62 87 119
78 103 135
84 97 113
43 56 72
67 80 96
64 77 93
129 142 158
66 81 97
45 59 77
121 137 154
92 108 125
98 116 133
123 141 158
96 116 133
82 102 119
137 157 174
121 141 159
108 130 148
159 175 187
128 145 158
116 135 150
143 166 182
115 139 159
76 102 126
43 73 98
10 40 69
0 31 62
11 45 75
55 88 121
59 92 125
62 96 126
36 67 98
24 55 86
23 54 85
41 76 102
79 114 140
29 63 92
0 8 38
21 57 87
15 53 85
21 59 94
79 116 154
36 75 114
19 59 101
18 57 101
30 71 116
23 63 111
0 35 84
0 27 76
4 45 94
23 73 125
56 103 155
24 63 115
21 53 102
0 24 70
29 48 91
99 118 155
174 195 226
161 184 210
168 193 213
171 196 212
203 225 237
239 253 255
231 238 247
251 252 255
255 252 255
225 239 251
155 169 181
62 76 88
6 20 32
28 42 54
78 94 106
122 138 151
97 116 131
85 105 123
95 119 139
36 62 86
29 57 87
98 129 162
176 211 245
179 215 253
124 161 199
58 144 196
101 180 231
102 167 218
93 145 198
183 223 255
160 197 255
175 214 255
189 239 255
54 119 193
25 102 175
40 125 195
77 159 224
74 149 205
166 232 255
144 199 238
176 224 255
239 248 251
248 255 255
250 255 255
251 255 255
249 251 252
254 253 255
255 253 255
252 250 250
255 255 255
255 255 254
255 255 254
255 255 254
253 255 254
251 255 252
251 255 252
250 255 252
255 255 255
255 255 255
255 255 255
255 255 255
255 255 255
255 255 255
255 255 255
255 255 255
255 255 255
255 255 255
255 255 255
255 255 255
255 255 255
255 255 255
255 255 255
255 255 255
255 255 255
255 255 255
255 255 255
255 255 255
255 255 255
255 255 255
255 255 255
255 255 255
255 255 255
255 255 255
255 255 255
255 255 255
255 255 255
255 255 255
255 255 255
255 255 255
255 255 255
255 255 255
255 255 255
255 255 255
255 255 255
255 255 255
255 255 255
255 255 255
255 255 255
255 255 255
252 252 252
255 255 255
255 255 255
253 253 253
252 252 252
255 255 255
255 255 255
255 255 255
187 194 213
160 167 184
158 163 178
130 133 147
139 140 150
173 170 179
115 111 116
159 154 156
177 170 173
174 168 169
162 154 155
159 153 154
174 167 170
177 172 174
172 166 171
175 169 174
149 146 148
176 173 175
149 145 150
117 116 120
140 140 146
160 162 170
151 153 163
140 144 155
92 98 111
95 102 117
101 109 126
102 112 130
91 102 122
75 86 108
58 71 93
51 64 86
40 58 81
36 55 76
58 77 98
65 86 107
64 86 104
51 75 93
49 74 90
31 57 71
36 59 74
43 65 77
49 67 78
47 63 75
42 57 66
40 50 60
75 84 94
139 148 157
149 163 181
151 166 182
136 151 167
129 142 158
133 146 162
139 152 168
158 171 187
152 167 183
153 169 186
152 169 190
153 174 196
158 181 207
164 188 218
162 190 221
155 183 218
149 177 212
142 182 217
142 180 214
133 171 203
110 141 172
87 115 145
100 123 149
113 133 158
109 125 148
44 58 80
100 114 136
35 49 71
81 98 119
89 107 130
112 133 155
105 127 152
108 132 156
107 128 155
106 127 154
99 120 147
86 107 134
93 114 141
90 112 140
76 98 126
94 116 144
89 113 143
77 101 131
71 95 125
72 96 126
65 90 122
54 79 111
55 80 112
66 91 123
78 90 108
51 65 83
58 72 90
109 123 141
79 93 111
9 25 42
107 123 140
128 144 161
109 127 144
58 76 93
21 39 56
106 126 143
141 161 178
129 149 167
123 143 161
95 117 135
98 120 132
111 135 147
137 163 177
122 148 165
68 98 117
36 68 91
59 92 118
42 79 107
61 99 129
32 70 102
65 104 136
70 109 141
56 94 126
40 78 110
62 100 130
70 108 138
88 125 153
69 108 136
0 35 65
0 16 46
29 68 100
12 50 84
33 73 108
88 130 167
51 92 131
19 61 103
19 62 105
41 83 128
23 67 114
0 29 78
0 38 87
33 79 127
53 102 150
53 99 147
21 59 107
18 48 95
18 43 87
69 89 130
151 171 206
162 183 214
177 201 225
164 189 209
140 165 181
171 190 203
239 254 255
245 252 255
253 252 255
255 253 255
235 248 255
241 254 255
243 254 255
206 217 225
104 115 123
57 70 78
87 99 109
115 129 141
101 117 133
112 132 149
59 83 103
43 69 93
48 77 104
63 94 125
134 167 200
173 205 240
122 201 250
94 168 216
87 149 197
129 179 225
150 192 239
78 118 167
118 162 215
186 241 255
125 192 253
113 190 253
96 179 241
99 181 239
96 172 225
144 210 255
88 146 188
175 227 255
228 240 242
241 253 255
246 255 255
248 255 255
247 251 252
251 253 254
255 254 255
255 253 253
255 255 255
255 255 254
255 255 254
255 255 254
255 255 254
255 255 252
253 255 252
253 255 252
255 255 255
255 255 255
255 255 255
255 255 255
255 255 255
255 255 255
255 255 255
255 255 255
255 255 255
255 255 255
255 255 255
255 255 255
255 255 255
255 255 255
255 255 255
255 255 255
255 255 255
255 255 255
255 255 255
255 255 255
255 255 255
255 255 255
255 255 255
255 255 255
255 255 255
255 255 255
255 255 255
255 255 255
255 255 255
255 255 255
255 255 255
255 255 255
255 255 255
255 255 255
255 255 255
255 255 255
255 255 255
255 255 255
255 255 255
255 255 255
255 255 255
255 255 255
253 253 253
255 255 255
255 255 255
253 253 253
255 255 255
255 255 255
254 254 254
255 255 255
220 227 246
142 148 167
169 176 193
149 154 169
161 164 178
145 147 158
100 102 110
154 153 162
161 161 167
148 146 152
140 138 144
149 147 153
164 162 168
170 168 174
159 156 165
141 138 147
144 143 147
157 157 163
108 108 114
94 93 102
144 146 154
156 158 168
133 137 148
124 130 143
79 86 101
77 85 102
80 90 108
88 99 119
87 98 118
71 84 106
59 72 94
55 67 91
51 72 94
41 62 84
59 80 102
67 91 111
87 111 131
75 101 118
78 104 121
69 94 110
65 91 105
64 87 102
61 80 93
51 69 80
49 63 75
42 54 64
63 73 83
126 136 146
138 153 169
145 160 176
140 155 171
126 142 155
131 144 158
127 140 154
148 164 177
145 160 176
147 165 182
146 165 186
148 171 193
156 179 205
161 187 217
159 188 219
152 183 216
146 176 211
156 196 231
144 182 216
125 163 195
107 138 169
95 123 153
108 131 157
106 126 151
85 101 124
41 55 77
85 99 121
52 66 88
62 79 100
95 113 136
119 140 162
96 118 143
111 135 159
102 123 150
99 120 147
95 116 143
88 109 136
93 115 143
87 109 137
73 95 123
92 114 142
77 101 131
73 97 127
73 97 127
71 96 128
63 88 120
52 77 109
51 76 108
57 82 114
65 80 99
34 49 68
82 97 116
110 125 144
46 61 80
106 121 140
124 141 160
79 96 115
13 30 49
28 48 66
128 148 166
102 122 140
113 133 151
79 99 117
113 135 153
147 169 187
91 117 129
90 116 130
100 126 142
104 134 151
54 85 106
35 69 93
62 99 125
72 110 140
76 115 147
34 75 107
42 83 116
67 108 141
72 113 145
80 121 153
106 145 177
98 137 169
100 140 169
20 60 89
0 19 51
1 42 74
18 59 92
4 46 81
47 89 126
58 101 140
56 100 141
27 70 113
10 55 99
2 48 95
0 30 77
0 27 75
10 58 106
43 91 139
50 99 143
9 54 98
16 55 99
27 59 102
66 90 132
142 163 201
171 191 226
145 166 197
167 191 215
151 176 196
156 182 196
172 192 203
198 211 219
244 250 255
255 253 255
243 237 242
244 254 255
242 252 255
224 234 241
246 255 255
246 255 255
229 239 246
162 172 179
85 96 104
106 121 130
118 134 147
92 110 127
40 61 82
34 58 82
30 57 84
28 56 86
102 132 161
64 134 181
104 169 214
131 187 228
132 179 217
100 142 177
80 122 157
112 157 195
106 162 203
97 163 211
47 123 172
83 163 216
96 174 227
95 168 218
111 176 221
113 171 213
150 202 243
215 230 232
233 246 248
244 255 255
246 255 255
246 251 252
250 254 255
255 254 255
255 255 255
255 254 255
255 255 254
255 255 254
255 255 254
255 255 254
255 255 252
255 255 252
255 255 252
255 255 255
255 255 255
255 255 255
255 255 255
255 255 255
255 255 255
255 255 255
255 255 255
255 255 255
255 255 255
255 255 255
255 255 255
255 255 255
255 255 255
255 255 255
255 255 255
255 255 255
255 255 255
255 255 255
255 255 255
255 255 255
255 255 255
255 255 255
255 255 255
255 255 255
255 255 255
255 255 255
255 255 255
255 255 255
255 255 255
255 255 255
255 255 255
255 255 255
255 255 255
255 255 255
255 255 255
255 255 255
255 255 255
255 255 255
255 255 255
255 255 255
255 255 255
254 254 254
255 255 255
253 253 253
253 253 253
255 255 255
255 255 255
247 247 247
255 255 255
244 250 255
154 160 179
152 159 176
170 177 192
165 172 187
132 138 151
132 138 149
139 145 156
145 150 159
123 128 137
126 131 140
143 145 155
148 150 161
153 155 166
140 142 153
109 109 121
136 138 146
134 136 144
86 88 98
88 90 100
135 139 150
143 149 160
127 133 146
109 116 131
79 87 104
68 78 96
68 79 99
81 95 114
89 102 124
81 95 117
71 85 108
69 83 106
74 91 117
70 87 113
70 91 113
80 101 123
90 114 134
81 105 125
78 102 120
86 110 128
67 90 106
67 88 103
68 87 102
68 84 97
79 93 105
76 88 100
86 95 108
146 154 167
122 137 153
137 152 168
143 159 172
126 142 155
127 140 154
112 128 141
138 154 167
136 152 168
149 167 184
146 168 186
149 172 194
155 180 206
160 189 216
160 191 222
154 187 220
149 182 215
115 155 190
127 165 199
127 165 197
98 129 160
61 89 119
67 90 116
89 109 134
97 113 136
57 71 93
60 74 96
85 99 121
45 62 83
98 116 139
113 134 156
92 114 139
98 122 146
99 120 147
91 112 139
94 115 142
93 115 143
95 117 145
87 109 137
74 96 124
86 110 140
73 97 127
72 97 129
72 97 129
69 94 126
59 84 116
48 75 109
48 75 109
54 81 115
67 84 105
17 34 55
87 104 125
71 88 109
50 67 88
133 150 171
32 49 70
0 7 28
20 40 58
91 111 129
101 121 139
108 128 146
83 103 121
94 116 134
99 121 139
92 114 132
118 141 156
76 102 116
62 88 104
88 118 137
61 92 115
35 69 93
60 97 125
91 129 159
44 83 115
43 84 117
25 66 99
61 102 135
94 135 168
109 147 181
101 140 172
70 109 141
50 91 124
0 35 68
0 35 68
16 58 93
15 60 94
3 47 84
38 83 121
40 84 125
33 79 120
11 59 101
0 40 84
0 26 72
0 25 71
8 57 105
44 93 141
51 100 148
15 64 104
4 48 89
28 66 108
68 100 141
96 122 162
147 169 205
155 177 212
150 174 204
137 163 187
165 192 212
150 176 190
140 160 171
193 206 214
248 254 255
248 247 251
254 247 250
240 247 250
248 255 255
248 255 255
246 253 255
243 250 253
248 255 255
232 239 242
184 193 197
92 102 109
123 135 145
126 142 155
54 70 87
67 86 107
1 24 46
49 73 97
43 68 94
1 56 101
43 95 136
83 128 165
117 158 190
148 185 211
144 182 206
136 180 204
128 178 208
65 126 160
9 76 115
55 126 170
72 142 189
78 145 190
84 143 188
139 190 233
133 181 223
203 221 222
225 240 242
243 255 255
244 255 255
245 253 253
251 255 255
253 255 255
255 255 255
255 254 255
255 255 254
255 255 254
255 255 254
255 255 254
255 255 252
255 255 252
255 255 252
255 255 255
255 255 255
255 255 255
255 255 255
255 255 255
255 255 255
255 255 255
255 255 255
255 255 255
255 255 255
255 255 255
255 255 255
255 255 255
255 255 255
255 255 255
255 255 255
255 255 255
255 255 255
255 255 255
255 255 255
255 255 255
255 255 255
255 255 255
255 255 255
255 255 255
255 255 255
255 255 255
255 255 255
255 255 255
255 255 255
255 255 255
255 255 255
255 255 255
255 255 255
255 255 255
255 255 255
255 255 255
255 255 255
255 255 255
255 255 255
255 255 255
255 255 255
254 254 254
255 255 255
250 250 250
252 252 252
255 255 255
255 255 255
243 243 243
250 250 250
239 246 255
208 215 232
118 125 142
161 169 186
180 189 203
146 157 171
144 155 169
135 146 160
133 144 158
109 120 134
122 131 145
140 147 162
132 139 154
135 140 155
123 128 143
85 88 103
122 126 137
119 123 134
85 91 102
88 94 105
115 123 136
131 138 153
130 139 153
98 108 125
81 91 109
65 76 96
62 76 95
80 94 116
95 109 131
91 105 128
81 97 120
80 96 119
83 98 124
87 102 128
73 88 114
79 96 122
71 89 112
61 82 104
48 69 90
71 93 111
81 101 119
83 101 118
94 109 125
99 112 128
116 127 141
109 116 131
102 107 122
153 159 172
122 137 153
144 157 171
157 170 184
138 151 165
134 147 161
116 129 143
141 157 170
140 157 170
132 150 167
129 151 169
129 153 175
134 162 186
140 170 197
142 174 203
138 171 204
132 167 200
136 176 211
126 164 198
107 145 177
85 116 147
74 102 132
98 121 147
118 138 163
115 131 154
80 94 116
44 58 80
116 130 152
37 54 75
97 115 138
101 122 144
90 112 137
79 103 127
97 119 147
86 108 136
94 116 144
98 120 148
97 119 147
87 109 137
73 97 127
84 108 138
75 99 129
73 98 130
72 97 129
65 90 122
52 79 113
46 73 107
50 77 111
57 84 118
59 76 102
42 59 85
61 79 102
60 78 101
88 106 129
53 71 94
0 6 29
0 0 21
101 120 141
98 117 138
73 95 113
79 101 119
83 105 123
97 119 137
67 89 107
71 93 111
114 135 150
72 95 111
58 82 100
63 87 109
65 93 117
39 69 96
66 97 128
67 102 135
0 30 64
37 73 109
0 33 68
20 58 93
64 100 136
72 109 143
40 77 111
2 39 73
0 28 63
3 45 80
17 62 96
18 62 99
28 73 110
5 50 88
16 62 103
46 92 133
27 75 117
13 62 106
8 59 102
6 56 102
12 64 111
42 94 141
54 106 153
32 84 131
0 29 67
49 94 132
63 102 140
122 155 194
91 118 155
76 100 136
122 147 181
167 193 223
97 124 150
98 128 147
128 154 170
144 166 177
159 172 180
241 245 250
255 253 255
255 252 255
250 255 255
250 255 255
248 252 253
249 253 254
251 255 255
251 255 255
251 255 255
240 245 248
212 218 223
106 116 123
114 124 134
99 112 126
60 76 92
78 95 114
46 65 86
62 83 105
23 62 106
6 42 82
13 48 81
24 55 80
49 79 98
57 90 105
86 122 138
106 149 168
107 157 180
132 187 218
123 181 217
124 183 223
172 225 255
143 191 233
143 187 228
169 210 249
197 215 216
219 237 238
239 254 255
244 255 255
245 253 253
250 255 255
253 255 255
255 255 255
255 254 255
255 255 254
255 255 254
255 255 254
255 255 254
255 255 252
255 255 252
255 255 252
255 255 255
255 255 255
255 255 255
255 255 255
255 255 255
255 255 255
255 255 255
255 255 255
255 255 255
255 255 255
255 255 255
255 255 255
255 255 255
255 255 255
255 255 255
255 255 255
255 255 255
255 255 255
255 255 255
255 255 255
255 255 255
255 255 255
255 255 255
255 255 255
255 255 255
255 255 255
255 255 255
255 255 255
255 255 255
255 255 255
255 255 255
255 255 255
255 255 255
255 255 255
255 255 255
255 255 255
255 255 255
255 255 255
255 255 255
255 255 255
255 255 255
255 255 255
255 255 255
255 255 255
255 255 255
255 255 255
255 255 255
255 255 255
255 255 255
255 255 255
240 243 255
246 251 255
128 135 150
137 145 162
166 179 195
157 172 188
130 146 162
143 159 176
141 159 176
125 141 158
129 143 161
140 152 170
132 142 160
122 129 148
112 119 136
94 101 118
105 113 126
108 116 129
89 98 112
93 102 116
130 139 153
132 142 159
112 124 142
115 127 145
96 110 129
83 97 116
78 92 114
91 105 128
102 118 141
103 119 142
95 112 138
91 108 134
81 92 120
80 92 120
90 102 130
58 73 99
117 132 158
87 103 126
97 113 136
96 113 134
73 88 107
108 122 141
121 133 151
128 138 155
115 122 139
110 115 130
92 95 110
136 136 152
124 137 151
133 144 158
146 157 171
152 164 176
123 135 147
112 126 138
99 113 125
120 136 149
137 156 171
143 165 183
151 176 196
155 183 207
161 191 218
161 193 222
139 175 205
118 153 186
130 170 205
135 173 207
98 136 168
89 120 151
83 111 141
108 131 157
106 126 151
125 141 164
87 101 123
15 29 51
96 110 132
18 35 56
100 118 141
91 112 134
79 101 126
72 96 120
86 108 136
83 105 133
89 111 139
90 112 140
87 111 141
87 111 141
84 108 138
79 104 136
79 104 136
68 93 125
69 96 130
74 101 135
63 90 124
54 81 115
53 80 114
49 76 110
77 96 123
42 61 88
87 106 133
62 82 107
96 116 141
0 0 22
24 45 67
111 132 154
124 145 167
114 135 156
78 99 120
68 89 110
64 86 104
92 114 132
83 105 123
71 93 111
84 100 117
81 98 117
50 69 90
52 75 97
75 98 124
68 94 124
27 56 87
59 89 124
0 31 67
19 53 89
31 64 103
6 39 78
6 40 76
3 35 71
0 9 45
0 31 67
0 33 70
0 30 67
14 58 95
39 84 122
5 50 88
0 32 73
19 68 108
30 78 120
29 78 122
29 80 123
0 37 83
8 60 106
37 89 136
63 117 164
30 84 131
0 40 90
39 90 123
56 102 136
32 72 107
54 88 124
78 107 144
36 62 98
100 127 161
124 152 183
92 122 149
116 147 168
99 127 144
143 167 179
135 151 158
248 254 255
255 253 255
255 253 255
251 255 255
253 255 255
253 255 255
253 255 255
253 255 254
255 255 254
253 255 255
253 255 255
251 255 255
191 197 202
124 132 139
104 114 124
89 103 115
71 86 102
73 89 106
67 84 103
45 67 108
35 57 93
24 46 74
16 37 58
6 28 40
0 24 31
9 38 45
24 58 71
7 45 63
49 90 115
53 97 128
66 108 143
69 111 148
81 118 156
79 113 149
115 147 183
148 166 167
233 251 252
241 255 255
232 244 244
248 255 255
250 255 255
251 253 254
254 252 252
255 254 255
255 255 254
255 255 254
255 255 254
255 255 254
255 255 252
255 255 252
255 255 252
255 255 255
255 255 255
255 255 255
255 255 255
255 255 255
255 255 255
255 255 255
255 255 255
255 255 255
255 255 255
255 255 255
255 255 255
255 255 255
255 255 255
255 255 255
255 255 255
255 255 255
255 255 255
255 255 255
255 255 255
255 255 255
255 255 255
255 255 255
255 255 255
255 255 255
255 255 255
255 255 255
255 255 255
255 255 255
255 255 255
255 255 255
255 255 255
255 255 255
255 255 255
255 255 255
255 255 255
255 255 255
255 255 255
255 255 255
255 255 255
255 255 255
255 255 255
255 255 255
255 255 255
255 255 255
255 255 255
255 255 255
255 255 255
255 255 255
255 255 255
250 251 255
242 245 255
219 224 239
91 100 114
116 129 145
144 160 177
160 180 197
151 173 191
143 167 185
133 155 173
135 155 173
142 159 178
138 152 171
123 134 154
110 117 137
97 104 124
117 127 144
119 129 146
98 111 127
99 111 129
129 141 159
128 142 160
109 123 142
109 124 143
120 134 156
105 122 143
99 115 138
108 124 147
115 132 158
113 130 156
106 123 149
103 120 146
103 113 143
106 116 146
110 122 150
84 96 124
127 141 169
103 118 144
111 127 150
115 131 154
103 117 139
127 141 160
122 133 153
142 149 168
113 119 138
127 129 147
100 100 118
138 138 156
133 142 156
118 127 141
139 148 161
152 161 174
136 145 158
97 109 121
91 103 115
122 138 151
136 152 168
112 132 149
108 132 152
131 157 181
144 174 199
137 169 198
134 168 198
142 178 208
118 158 193
127 165 199
97 135 167
81 112 143
72 100 130
106 129 155
105 125 150
105 121 144
94 108 130
36 50 72
79 93 115
34 51 72
78 96 119
83 104 126
74 96 121
54 78 102
79 101 129
83 105 133
78 100 128
81 105 135
89 113 143
86 110 140
83 107 137
77 102 134
75 100 132
61 88 122
65 92 126
72 99 133
65 92 126
61 89 124
67 95 130
66 94 129
85 107 135
99 121 149
34 56 84
85 106 134
52 73 100
0 0 22
126 148 173
90 112 137
58 81 103
54 77 99
63 84 105
33 54 75
54 76 94
48 70 88
66 88 106
52 74 92
72 86 105
74 89 108
57 74 95
37 54 80
61 82 110
60 84 114
34 59 93
41 69 104
7 36 73
2 31 70
15 46 85
28 59 98
7 36 75
0 20 59
7 36 75
18 47 84
0 40 79
0 40 82
15 59 100
32 76 117
2 48 89
0 31 74
19 67 109
37 84 128
63 112 156
0 46 92
24 76 122
22 74 121
56 110 157
33 87 134
0 41 91
31 84 134
34 85 117
38 87 119
28 70 105
33 69 105
48 80 116
36 65 102
72 102 137
106 137 170
102 134 163
102 136 159
109 141 160
115 141 155
144 161 170
230 236 243
254 253 255
248 241 244
253 255 255
253 255 255
255 255 255
255 255 254
255 255 254
255 255 254
255 255 254
255 255 254
244 246 246
251 255 255
191 197 202
91 99 106
89 99 109
90 102 114
71 84 98
67 82 98
57 66 103
47 58 90
31 43 67
18 33 49
15 30 39
14 33 38
14 34 39
8 31 39
8 34 48
19 46 67
11 40 67
0 19 50
23 50 84
29 57 88
52 78 108
77 103 133
182 200 201
241 255 255
243 255 255
235 247 247
248 255 255
251 255 255
253 255 255
255 255 255
255 254 255
255 255 254
255 255 254
255 255 254
255 255 254
255 255 252
255 255 252
255 255 252
255 255 255
255 255 255
255 255 255
255 255 255
255 255 255
255 255 255
255 255 255
255 255 255
255 255 255
255 255 255
255 255 255
255 255 255
255 255 255
255 255 255
255 255 255
255 255 255
255 255 255
255 255 255
255 255 255
255 255 255
255 255 255
255 255 255
255 255 255
255 255 255
255 255 255
255 255 255
255 255 255
255 255 255
255 255 255
255 255 255
255 255 255
255 255 255
255 255 255
255 255 255
255 255 255
255 255 255
255 255 255
255 255 255
255 255 255
255 255 255
255 255 255
255 255 255
255 255 255
255 255 255
255 255 255
255 255 255
255 255 255
255 255 255
255 255 255
255 255 255
253 252 255
244 244 255
248 252 255
141 150 163
56 71 87
80 100 117
103 127 145
125 150 170
136 163 183
144 171 192
155 178 200
162 183 204
160 177 198
141 154 176
129 138 158
133 140 160
123 137 156
124 138 157
109 123 142
109 124 143
135 150 169
137 151 173
119 136 157
120 137 158
134 150 173
118 136 159
111 129 152
117 134 160
120 140 165
116 136 161
110 130 155
107 127 152
104 115 145
112 123 153
113 124 154
96 110 139
121 135 163
109 126 153
117 134 160
132 148 171
114 130 153
130 144 166
142 153 173
149 158 178
120 127 146
119 123 142
104 105 125
131 133 151
122 129 144
119 127 140
147 155 168
136 144 157
130 138 151
102 110 123
99 108 121
107 121 133
123 139 152
139 157 174
143 164 185
133 160 181
137 167 192
152 185 211
149 183 213
130 166 196
121 161 196
102 140 174
82 120 152
91 122 153
85 113 143
102 125 151
111 131 156
124 140 163
95 109 131
59 73 95
37 51 73
64 81 102
44 62 85
81 102 124
68 90 115
45 69 93
64 88 118
80 104 134
63 87 117
72 96 126
89 113 143
77 102 134
77 102 134
75 100 132
81 108 142
66 93 127
66 93 127
70 97 131
61 89 124
61 89 124
70 98 133
71 99 134
98 122 152
66 90 120
61 85 115
78 102 132
20 42 70
86 108 136
85 108 134
48 72 96
60 82 107
63 86 108
65 88 110
71 92 113
53 74 95
40 62 80
36 58 76
45 67 85
54 68 87
60 74 96
57 73 96
17 34 61
38 59 87
46 69 101
34 58 94
16 43 80
9 38 77
8 36 77
10 40 81
45 75 116
31 59 100
0 21 60
14 43 82
27 56 95
13 55 98
19 61 104
19 62 105
23 66 109
0 45 88
0 30 74
15 62 106
44 91 135
70 119 165
4 54 100
26 75 123
47 99 146
0 51 98
0 50 97
12 65 115
37 90 140
50 104 135
44 93 125
39 84 117
24 62 97
16 52 88
40 73 112
41 75 111
78 113 147
87 123 153
81 118 144
111 144 164
97 123 139
148 166 177
235 243 250
253 253 255
252 246 251
253 255 255
255 255 255
255 255 255
255 255 254
255 255 254
255 255 252
255 255 252
255 255 254
255 255 254
245 247 248
251 254 255
210 216 221
90 97 106
61 71 81
103 115 127
81 92 106
62 64 95
57 60 88
40 45 66
20 29 42
19 31 37
27 42 44
28 43 46
16 32 39
5 21 34
16 30 52
29 44 70
24 41 68
39 56 83
18 35 61
40 59 80
80 101 122
226 241 243
243 255 255
244 255 255
242 252 252
250 255 255
249 253 254
255 254 255
255 255 255
255 254 255
255 255 254
255 255 254
255 255 254
255 255 254
255 255 252
255 255 252
255 255 252
255 255 255
255 255 255
255 255 255
255 255 255
255 255 255
255 255 255
255 255 255
255 255 255
255 255 255
255 255 255
255 255 255
255 255 255
255 255 255
255 255 255
255 255 255
255 255 255
255 255 255
255 255 255
255 255 255
255 255 255
255 255 255
255 255 255
255 255 255
255 255 255
255 255 255
255 255 255
255 255 255
255 255 255
255 255 255
255 255 255
255 255 255
255 255 255
255 255 255
255 255 255
255 255 255
255 255 255
255 255 255
255 255 255
255 255 255
255 255 255
255 255 255
255 255 255
255 255 255
255 255 255
255 255 255
255 255 255
255 255 255
255 255 255
255 255 255
255 255 255
251 248 255
253 252 255
244 246 255
233 242 252
90 106 119
49 69 86
45 71 88
55 85 104
105 136 157
129 160 181
148 175 196
158 181 203
160 178 201
147 161 183
148 159 181
172 180 203
151 168 189
150 167 188
136 153 174
136 153 174
153 170 191
151 169 192
137 155 178
136 154 177
125 142 168
108 128 153
96 116 141
94 114 139
90 109 136
78 99 126
69 90 117
67 88 115
42 57 89
51 69 100
47 65 96
38 59 87
44 65 93
43 64 91
48 69 96
65 87 112
76 97 119
69 88 109
106 123 144
100 115 134
122 133 153
109 119 137
124 131 150
132 138 157
119 122 136
128 131 145
151 154 168
136 139 153
128 132 143
113 119 130
103 111 124
102 111 124
99 112 126
108 124 141
126 148 166
144 168 190
142 169 195
130 160 187
127 159 188
133 167 197
152 192 227
115 153 187
93 131 163
97 128 159
89 117 147
100 123 149
115 135 160
125 141 164
95 109 131
69 83 105
0 7 29
83 100 121
25 43 66
74 95 117
64 86 111
50 74 98
46 70 100
76 100 130
57 81 111
65 89 119
80 105 137
64 89 121
69 94 126
75 100 132
80 107 141
63 90 124
60 87 121
62 90 125
56 84 119
59 87 122
72 100 135
77 105 140
126 151 185
70 95 127
54 79 111
52 77 109
0 0 30
101 125 155
86 110 138
100 123 149
89 113 137
69 91 116
46 69 91
68 92 112
42 63 84
34 56 74
27 49 67
60 82 100
40 54 76
42 58 81
44 61 87
8 29 56
16 37 68
32 57 91
23 51 86
0 29 68
5 35 76
34 66 107
24 56 99
39 71 114
59 91 132
19 49 90
0 24 65
13 43 84
30 71 116
42 83 128
28 69 114
16 58 103
0 41 86
0 26 73
10 54 101
44 90 137
43 92 138
9 57 105
24 73 121
0 31 78
0 39 86
0 52 102
44 97 147
0 53 103
87 141 171
80 131 163
60 106 140
36 78 113
11 48 86
48 83 123
32 69 107
55 92 130
56 97 130
74 114 142
102 138 162
99 129 146
135 154 167
244 253 255
253 253 255
255 253 255
253 255 255
255 255 255
255 255 255
255 255 254
255 255 254
255 255 252
255 255 252
255 255 254
255 254 253
255 255 255
241 245 246
250 254 255
243 249 255
144 153 163
60 70 80
40 49 62
53 49 78
52 52 76
42 46 64
26 35 45
19 31 35
22 35 37
26 38 42
25 36 44
31 40 54
14 21 41
5 10 35
45 52 77
50 61 81
52 67 83
90 106 118
178 197 205
244 255 255
244 255 255
244 253 255
248 255 255
251 255 255
252 254 255
255 254 255
255 255 255
255 255 255
255 255 254
255 255 254
255 255 254
255 255 254
255 255 252
253 255 252
253 255 252
255 255 255
255 255 255
255 255 255
255 255 255
255 255 255
255 255 255
255 255 255
255 255 255
255 255 255
255 255 255
255 255 255
255 255 255
255 255 255
255 255 255
255 255 255
255 255 255
255 255 255
255 255 255
255 255 255
255 255 255
255 255 255
255 255 255
255 255 255
255 255 255
255 255 255
255 255 255
255 255 255
255 255 255
255 255 255
255 255 255
255 255 255
255 255 255
255 255 255
255 255 255
255 255 255
255 255 255
255 255 255
255 255 255
255 255 255
255 255 255
255 255 255
255 255 255
255 255 255
255 255 255
255 255 255
255 255 255
255 255 255
255 255 255
255 255 255
255 255 255
253 247 252
255 253 255
249 251 255
244 253 255
193 209 221
95 118 133
73 101 118
23 55 74
20 53 73
47 79 102
75 106 129
108 132 156
131 152 174
132 146 169
132 143 165
151 159 182
152 170 193
147 165 188
133 151 174
126 144 167
127 148 170
120 140 165
106 126 151
100 120 145
87 107 132
69 91 116
54 75 102
45 66 93
33 54 81
18 39 66
9 30 57
8 29 56
0 22 52
6 32 62
1 27 57
0 26 56
0 22 49
0 25 52
0 27 52
11 42 65
17 45 69
0 27 48
40 65 85
47 68 89
100 120 138
97 114 133
111 126 145
104 118 136
130 130 144
126 126 140
140 140 154
155 155 167
136 138 149
116 120 131
94 100 111
110 118 131
118 129 143
114 129 145
117 137 155
124 147 169
122 148 172
111 140 167
107 139 168
114 145 176
91 131 166
94 132 166
95 133 165
85 116 147
91 119 149
122 145 171
128 148 173
96 112 135
108 122 144
66 80 102
0 0 22
64 81 102
41 59 82
48 69 91
61 83 108
53 77 101
33 57 87
67 91 121
57 81 111
57 82 114
67 92 124
51 76 108
57 82 114
70 97 131
61 88 122
46 73 107
45 73 108
53 81 116
53 81 116
64 92 127
81 110 147
89 118 155
115 142 176
23 50 84
0 13 47
57 82 116
21 46 78
94 120 150
77 101 129
15 39 67
0 4 30
0 0 23
9 32 54
31 55 75
67 91 111
44 66 84
42 64 82
34 56 74
27 48 70
24 47 69
23 47 71
12 36 64
0 28 58
21 52 85
10 42 78
0 34 72
5 41 81
34 69 112
36 74 116
22 60 102
48 83 126
44 79 122
0 32 72
0 26 66
40 78 126
55 95 143
35 75 123
15 55 103
0 40 87
0 25 72
5 49 96
40 86 134
10 56 104
10 58 106
0 27 75
0 16 64
11 62 112
70 121 171
0 27 77
30 83 133
109 165 194
109 163 194
66 114 148
56 100 137
21 62 101
53 91 133
45 85 127
43 84 123
33 78 112
68 112 143
97 137 162
102 133 154
128 151 166
243 253 255
246 248 255
255 253 255
253 255 255
253 255 255
255 255 255
255 255 255
255 255 254
255 255 254
255 255 252
255 255 254
255 255 254
249 249 249
243 245 246
251 254 255
248 254 255
243 250 255
171 180 190
51 60 70
56 54 76
45 46 66
36 42 55
31 42 50
24 39 42
14 31 34
15 29 35
20 30 40
19 26 43
17 20 41
25 25 49
62 65 86
50 57 72
54 67 75
115 133 134
221 242 240
246 255 255
239 246 249
245 250 253
251 255 255
253 255 255
255 254 255
255 254 255
255 255 255
255 255 255
255 255 254
255 255 254
255 255 254
253 255 254
251 255 252
251 255 252
250 255 252
255 255 255
255 255 255
255 255 255
255 255 255
255 255 255
255 255 255
255 255 255
255 255 255
255 255 255
255 255 255
255 255 255
255 255 255
255 255 255
255 255 255
255 255 255
255 255 255
255 255 255
255 255 255
255 255 255
255 255 255
255 255 255
255 255 255
255 255 255
255 255 255
255 255 255
255 255 255
255 255 255
255 255 255
255 255 255
255 255 255
255 255 255
255 255 255
255 255 255
255 255 255
255 255 255
255 255 255
255 255 255
255 255 255
255 255 255
255 255 255
255 255 255
255 255 255
255 255 255
255 255 255
255 255 255
255 255 255
255 255 255
255 255 255
255 255 255
255 255 255
255 254 255
253 248 250
253 253 255
246 254 255
234 250 255
154 177 192
100 130 147
67 100 119
47 81 104
24 58 81
3 34 57
6 32 56
32 53 75
58 72 95
80 91 113
101 109 132
99 119 144
93 113 138
84 104 129
78 98 123
75 97 122
69 91 116
60 82 107
54 75 102
30 51 78
19 40 67
11 32 59
8 29 56
3 26 52
0 19 45
0 19 45
2 25 51
7 41 71
15 49 79
21 55 84
29 66 94
35 72 100
42 82 107
47 88 111
57 95 119
72 111 133
48 85 105
28 61 81
1 33 52
2 29 49
23 49 66
51 75 93
92 116 134
125 122 137
133 130 145
143 141 153
153 151 163
130 130 142
128 128 140
100 102 113
102 108 121
112 121 135
120 133 149
116 133 152
111 132 154
127 151 175
153 180 207
154 184 213
136 168 197
134 174 209
118 156 190
94 132 164
66 97 128
82 110 140
117 140 166
140 160 185
126 142 165
125 139 161
64 78 100
10 24 46
20 37 58
69 87 110
23 44 66
56 78 103
50 74 98
32 56 86
52 76 106
54 79 111
50 75 107
53 78 110
47 72 104
43 70 104
60 87 121
55 82 116
40 68 103
42 70 105
52 80 115
53 81 116
62 91 128
81 110 147
89 118 155
30 58 93
26 54 89
0 23 59
0 20 54
53 80 114
59 84 116
3 29 59
73 97 125
96 121 147
90 114 138
70 94 116
39 62 84
35 59 79
44 65 86
46 68 86
34 56 74
20 47 68
14 43 64
11 41 66
13 46 72
0 34 64
16 53 87
3 43 78
8 49 88
12 54 96
6 50 91
37 81 122
22 66 107
15 59 100
51 93 135
33 75 117
0 35 74
32 70 118
53 91 139
39 76 126
17 57 106
1 41 90
0 29 78
12 53 102
39 82 131
8 54 102
0 29 77
0 26 74
10 59 109
62 111 161
8 59 109
0 49 99
110 161 211
109 167 196
113 168 199
60 111 144
68 113 150
37 79 121
57 99 142
62 104 147
42 86 127
19 64 102
44 89 122
84 127 154
97 131 154
155 180 196
239 253 255
246 248 255
255 252 255
253 255 255
253 255 255
255 254 255
255 255 255
255 255 254
255 255 254
255 255 254
255 255 254
250 248 247
255 255 255
253 255 255
248 251 255
238 241 249
245 252 255
246 252 255
208 217 227
83 85 103
50 55 70
22 32 42
17 33 40
21 41 46
21 41 46
22 40 47
30 41 55
22 28 47
20 20 44
33 31 53
28 30 48
52 58 69
86 99 101
180 201 193
237 255 249
248 253 255
238 243 246
248 251 255
253 255 255
255 254 255
255 254 255
255 252 254
255 255 255
255 255 255
255 255 254
255 255 254
253 255 254
251 255 254
250 255 252
248 255 252
248 255 252
255 255 255
255 255 255
255 255 255
255 255 255
255 255 255
255 255 255
255 255 255
255 255 255
255 255 255
255 255 255
255 255 255
255 255 255
255 255 255
255 255 255
255 255 255
255 255 255
255 255 255
255 255 255
255 255 255
255 255 255
255 255 255
255 255 255
255 255 255
255 255 255
255 255 255
255 255 255
255 255 255
255 255 255
255 255 255
255 255 255
255 255 255
255 255 255
255 255 255
255 255 255
255 255 255
255 255 255
255 255 255
255 255 255
255 255 255
255 255 255
255 255 255
255 255 255
255 255 255
255 255 255
255 255 255
255 255 255
255 255 255
255 255 255
255 255 255
255 255 255
255 254 254
254 248 249
254 253 255
246 254 255
232 247 255
200 224 236
126 156 173
105 141 159
84 121 143
60 97 119
48 80 103
46 72 96
40 61 83
32 46 69
22 33 55
13 21 44
19 40 67
14 35 62
13 34 61
13 34 61
14 35 62
14 35 62
12 33 60
8 29 56
14 37 63
9 32 58
9 32 58
16 39 65
22 45 71
26 49 75
37 60 86
50 72 100
36 76 105
38 80 109
56 98 127
71 116 143
91 136 163
102 148 172
111 157 181
109 156 178
96 141 162
106 149 170
96 138 157
69 109 127
37 73 91
12 45 64
0 26 42
26 56 73
115 110 125
135 130 145
151 147 159
138 134 146
126 124 136
132 130 142
107 107 119
88 91 105
100 107 122
84 94 111
83 98 117
97 116 137
95 119 143
75 102 129
71 99 129
83 113 142
59 99 134
49 87 121
56 94 126
74 105 136
118 146 176
126 149 175
133 153 178
134 150 173
122 136 158
70 84 106
25 39 61
0 3 24
76 94 117
31 52 74
51 73 98
56 80 104
42 66 96
36 60 90
48 73 105
40 65 97
45 70 102
54 79 111
33 60 94
43 70 104
56 83 117
42 70 105
46 74 109
57 85 120
56 85 122
65 94 131
81 110 147
87 116 153
58 85 122
16 43 80
12 40 75
13 41 76
71 98 132
94 122 153
128 154 184
106 130 158
118 143 169
138 162 186
109 133 157
83 106 128
26 50 70
38 59 80
27 49 67
34 56 74
14 47 67
10 44 67
13 49 73
7 47 72
9 49 78
15 58 91
8 54 88
18 65 103
17 66 106
7 58 98
39 89 131
47 97 139
25 76 116
49 98 138
61 110 150
24 73 113
11 48 98
36 73 123
34 71 121
23 60 110
5 45 94
0 39 88
23 64 113
43 86 135
2 45 94
0 39 90
0 37 88
76 123 174
27 76 126
0 37 87
77 126 176
148 199 249
111 171 201
104 161 192
61 114 147
75 122 160
52 96 137
63 106 149
67 109 154
42 87 130
33 82 122
30 78 112
67 111 140
113 149 173
200 226 243
238 251 255
246 250 255
253 252 255
253 254 255
253 255 255
253 255 255
255 255 255
255 255 255
255 255 254
255 255 254
255 255 254
251 249 248
255 255 255
253 255 255
251 254 255
250 253 255
240 245 254
236 242 253
244 253 255
244 251 255
220 229 242
170 185 194
135 155 160
112 137 141
95 119 125
76 96 107
64 79 95
65 72 92
59 59 83
76 74 96
101 101 117
167 175 182
212 227 223
239 255 248
236 255 244
251 254 255
249 252 255
253 254 255
249 251 252
252 251 253
255 254 255
253 250 252
255 255 255
255 255 255
255 255 254
253 255 254
251 255 254
250 255 254
248 255 252
246 255 252
246 255 252
255 255 255
255 255 255
255 255 255
255 255 255
255 255 255
255 255 255
255 255 255
255 255 255
255 255 255
255 255 255
255 255 255
255 255 255
255 255 255
255 255 255
255 255 255
255 255 255
255 255 255
255 255 255
255 255 255
255 255 255
255 255 255
255 255 255
255 255 255
255 255 255
255 255 255
255 255 255
255 255 255
255 255 255
255 255 255
255 255 255
255 255 255
255 255 255
255 255 255
255 255 255
255 255 255
255 255 255
255 255 255
255 255 255
255 255 255
255 255 255
255 255 255
255 255 255
255 255 255
255 255 255
255 255 255
255 255 255
255 255 255
255 255 255
255 255 255
255 255 255
255 254 254
255 250 251
239 238 240
236 242 247
239 254 255
230 254 255
187 217 234
97 133 151
115 152 174
94 131 153
90 122 145
81 109 133
61 82 104
56 70 93
67 78 100
71 79 102
41 62 89
36 57 84
35 58 84
36 59 85
34 57 83
35 58 84
35 58 84
30 53 79
44 67 93
39 62 88
40 63 89
48 71 97
53 75 103
59 81 109
71 93 121
86 108 136
70 117 145
68 115 143
88 135 163
100 148 176
123 172 198
124 176 199
130 182 205
120 170 192
124 175 195
120 170 190
119 165 183
88 131 150
98 138 156
56 94 112
25 61 77
30 66 82
122 115 130
120 113 126
145 138 151
136 132 144
138 134 146
115 113 125
98 98 110
89 92 106
78 85 100
103 113 130
122 137 156
119 138 159
111 135 159
118 145 172
135 163 193
147 177 206
111 151 186
100 138 172
83 121 153
69 100 131
111 139 169
125 148 174
135 155 180
134 150 173
107 121 143
77 91 113
22 36 58
0 0 17
64 82 105
59 80 102
48 70 95
70 94 118
53 77 107
23 48 80
42 67 99
33 58 90
42 67 99
62 87 119
28 55 89
30 57 91
46 73 107
35 63 98
44 72 107
60 88 123
63 92 129
75 104 141
93 122 159
100 129 166
114 141 178
90 117 154
53 81 116
0 3 38
106 133 167
147 175 206
134 160 190
131 157 187
105 129 157
125 148 174
145 169 193
108 131 153
59 83 103
4 25 46
10 32 50
25 47 65
8 45 65
9 48 70
19 60 83
2 43 68
16 60 89
16 63 95
17 65 101
23 75 112
17 69 109
36 88 129
48 102 143
74 128 169
68 120 161
48 100 140
62 114 154
56 108 148
0 30 80
23 58 108
29 66 116
25 62 112
9 49 98
7 47 96
34 75 124
49 89 141
0 33 84
0 43 94
44 91 142
37 84 135
21 70 120
43 92 142
121 170 220
127 176 226
123 183 213
102 159 190
72 124 160
80 129 167
60 105 148
68 110 155
62 107 151
39 86 130
71 120 160
46 94 130
61 105 136
144 180 204
227 252 255
237 252 255
235 239 250
253 252 255
253 254 255
253 254 255
253 255 255
255 254 255
255 255 255
255 255 254
255 255 254
255 255 254
249 247 246
255 255 255
253 255 255
241 244 248
241 244 252
248 253 255
246 252 255
244 253 255
236 245 255
240 252 255
237 255 255
230 255 255
230 255 255
228 255 255
231 253 255
218 234 251
239 245 255
246 248 255
247 245 255
250 250 255
235 244 248
241 255 252
232 255 240
232 255 237
251 254 255
253 254 255
253 254 255
247 246 248
249 246 248
255 254 255
252 249 251
255 255 255
255 255 255
255 255 254
253 255 254
251 255 254
250 255 254
246 255 252
246 255 252
244 255 252
255 255 255
255 255 255
255 255 255
255 255 255
255 255 255
255 255 255
255 255 255
255 255 255
255 255 255
255 255 255
255 255 255
255 255 255
255 255 255
255 255 255
255 255 255
255 255 255
255 255 255
255 255 255
255 255 255
255 255 255
255 255 255
255 255 255
255 255 255
255 255 255
255 255 255
255 255 255
255 255 255
255 255 255
255 255 255
255 255 255
255 255 255
255 255 255
255 255 255
255 255 255
255 255 255
255 255 255
255 255 255
255 255 255
255 255 255
255 255 255
255 255 255
255 255 255
255 255 255
255 255 255
255 255 255
255 255 255
255 255 255
255 255 255
255 255 255
255 255 255
249 255 247
250 255 247
249 255 247
251 255 250
253 253 253
252 251 255
250 249 255
247 248 255
112 116 135
127 138 160
119 136 163
89 115 145
73 106 139
67 107 142
57 102 139
48 96 132
46 89 122
43 86 119
39 82 115
36 80 111
35 79 110
37 81 112
40 84 113
42 86 115
46 90 119
47 92 119
49 94 121
54 100 124
63 107 131
71 115 139
79 123 147
84 128 152
66 139 167
75 148 176
89 162 190
102 176 204
111 185 213
114 188 216
114 188 216
110 187 214
99 176 203
100 177 204
93 172 199
79 158 185
57 136 163
37 116 143
21 102 129
14 95 122
88 104 111
114 126 132
126 135 139
133 136 141
155 151 156
126 119 122
91 80 83
127 115 121
122 114 121
108 104 115
81 84 98
73 86 102
82 104 122
69 100 123
54 92 116
62 102 127
35 62 89
50 77 104
72 97 123
70 93 119
117 141 165
134 157 179
145 166 187
146 165 186
130 150 168
110 130 148
24 44 62
0 0 17
5 26 47
92 113 134
41 62 84
64 85 107
49 71 113
43 65 106
47 68 106
44 64 99
37 56 89
52 70 99
57 74 101
34 51 77
43 61 84
39 59 84
60 83 109
75 102 129
80 110 139
106 137 168
111 146 179
79 114 148
9 32 54
0 14 38
0 23 47
15 42 68
138 168 193
108 141 167
124 158 187
119 153 182
129 163 192
112 144 173
81 111 140
61 88 115
63 85 113
32 53 80
0 12 39
5 22 49
16 23 56
17 27 61
19 35 71
21 47 83
24 60 98
25 71 112
26 80 121
24 86 127
41 109 152
32 100 145
28 96 141
38 105 150
59 121 167
72 131 176
70 127 172
63 118 163
27 92 131
0 45 86
13 75 116
27 88 132
11 70 116
12 68 117
46 102 151
41 94 145
0 40 91
35 88 138
40 94 141
17 72 117
44 102 144
104 163 203
120 179 219
99 161 199
126 177 210
117 168 201
85 134 166
75 124 156
96 144 178
59 111 148
8 60 101
22 75 118
59 111 157
83 131 173
98 140 175
212 243 255
236 255 255
251 255 252
251 249 231
255 253 230
255 255 255
255 255 255
255 255 255
255 255 255
255 255 255
255 255 255
255 255 255
255 255 255
255 255 255
255 255 255
255 255 255
255 255 255
255 255 255
255 255 255
255 255 255
255 255 255
255 255 255
255 255 255
255 255 255
255 255 255
255 255 255
255 255 255
255 255 255
255 255 255
255 255 255
255 255 255
255 255 255
255 255 255
255 255 255
255 255 255
255 255 255
255 255 255
255 255 255
255 255 255
255 255 255
255 255 255
255 255 255
255 255 255
255 255 255
255 255 255
255 255 255
255 255 255
255 255 255
255 255 255
255 255 255
255 255 255
255 255 255
255 255 255
255 255 255
255 255 255
255 255 255
255 255 255
255 255 255
255 255 255
255 255 255
255 255 255
255 255 255
255 255 255
255 255 255
255 255 255
255 255 255
255 255 255
255 255 255
255 255 255
255 255 255
255 255 255
255 255 255
255 255 255
255 255 255
255 255 255
255 255 255
255 255 255
255 255 255
255 255 255
255 255 255
255 255 255
255 255 255
255 255 255
255 255 255
255 255 255
255 255 255
255 255 255
255 255 255
255 255 255
255 255 255
255 255 255
255 255 255
255 255 255
255 255 255
255 255 255
255 255 255
255 255 255
255 255 255
255 255 255
255 255 255
255 255 255
255 255 255
255 255 255
249 255 247
250 255 247
250 255 248
251 255 250
253 253 253
252 251 255
250 249 255
248 248 255
238 242 255
140 148 171
82 97 123
95 119 147
106 137 168
93 132 164
76 119 152
60 106 140
60 103 136
60 103 136
60 103 136
60 103 136
60 103 136
58 103 136
59 105 136
59 105 136
58 104 135
63 110 138
71 118 146
79 126 154
85 132 160
89 136 163
90 137 164
90 137 164
89 132 165
98 141 174
112 155 188
123 168 201
131 176 209
132 177 210
129 174 207
125 172 204
142 189 221
132 179 211
111 160 192
85 134 166
63 112 144
51 100 132
49 100 132
53 104 136
95 113 120
90 106 113
118 128 135
135 141 148
165 163 169
142 136 141
81 71 77
107 97 103
67 59 66
104 100 111
114 117 131
98 111 127
95 117 135
98 127 148
92 126 150
88 125 151
89 116 143
67 91 119
52 77 103
49 72 98
103 125 150
125 148 170
121 142 163
95 114 135
98 118 136
98 118 136
48 68 86
0 2 23
0 0 21
65 86 107
55 76 97
39 60 82
77 101 143
53 75 116
46 67 105
48 68 103
39 58 91
40 58 87
49 66 93
47 64 90
32 49 75
14 34 59
49 72 98
109 136 163
133 161 191
120 151 182
76 109 142
17 52 86
0 19 43
4 28 52
2 28 52
81 108 134
156 186 213
135 168 194
130 164 193
118 152 181
115 149 178
127 159 188
103 132 159
94 121 148
83 106 132
42 61 88
21 38 65
13 30 56
9 16 49
13 23 57
18 34 70
23 49 85
28 64 102
32 76 117
31 85 126
29 91 132
55 123 166
48 116 161
42 110 155
41 108 153
49 114 159
63 123 169
77 134 179
84 141 186
61 125 166
46 110 151
0 60 104
8 68 114
28 86 135
24 82 131
67 122 173
6 61 112
26 79 130
40 93 143
43 99 148
56 112 159
87 144 189
107 167 209
118 179 219
128 190 228
135 186 219
120 168 202
134 183 215
87 134 166
14 62 96
0 32 70
36 86 128
26 77 120
51 101 147
91 139 181
118 158 193
211 242 255
236 255 255
243 249 244
255 255 241
255 255 237
255 255 255
255 255 255
255 255 255
255 255 255
255 255 255
255 255 255
255 255 255
255 255 255
255 255 255
255 255 255
255 255 255
255 255 255
255 255 255
255 255 255
255 255 255
255 255 255
255 255 255
255 255 255
255 255 255
255 255 255
255 255 255
255 255 255
255 255 255
255 255 255
255 255 255
255 255 255
255 255 255
255 255 255
255 255 255
255 255 255
255 255 255
255 255 255
255 255 255
255 255 255
255 255 255
255 255 255
255 255 255
255 255 255
255 255 255
255 255 255
255 255 255
255 255 255
255 255 255
255 255 255
255 255 255
255 255 255
255 255 255
255 255 255
255 255 255
255 255 255
255 255 255
255 255 255
255 255 255
255 255 255
255 255 255
255 255 255
255 255 255
255 255 255
255 255 255
255 255 255
255 255 255
255 255 255
255 255 255
255 255 255
255 255 255
255 255 255
255 255 255
255 255 255
255 255 255
255 255 255
255 255 255
255 255 255
255 255 255
255 255 255
255 255 255
255 255 255
255 255 255
255 255 255
255 255 255
255 255 255
255 255 255
255 255 255
255 255 255
255 255 255
255 255 255
255 255 255
255 255 255
255 255 255
255 255 255
255 255 255
255 255 255
255 255 255
255 255 255
255 255 255
255 255 255
255 255 255
255 255 255
255 255 255
249 255 248
249 255 248
250 255 250
252 255 251
253 253 253
253 252 255
252 249 255
248 248 255
232 235 250
219 226 245
150 164 186
90 112 137
97 126 153
112 146 175
98 138 167
90 132 161
91 136 170
90 135 169
88 133 167
85 130 164
81 126 160
77 122 156
73 118 152
70 117 149
84 131 163
83 130 162
83 130 162
85 134 166
91 140 172
101 150 182
110 159 191
116 165 197
116 139 177
115 138 176
114 137 175
113 136 174
112 135 173
111 137 174
111 137 174
112 138 175
101 128 165
108 135 172
115 142 179
113 142 179
105 134 171
96 125 162
90 119 156
88 117 154
111 131 142
85 103 114
110 125 134
121 130 139
159 162 170
166 163 172
100 93 100
98 90 100
94 86 96
67 65 77
49 52 66
59 69 86
70 90 108
61 88 109
57 89 112
75 109 133
39 63 91
58 83 109
90 115 141
101 125 149
114 136 161
121 144 166
142 163 184
139 160 181
124 143 164
99 119 137
56 76 94
0 12 30
0 0 17
43 62 83
77 98 119
29 50 71
80 106 146
73 99 136
68 92 128
62 84 119
56 77 109
58 79 107
48 67 94
22 42 67
34 54 79
39 61 86
84 107 133
106 130 158
54 82 112
0 27 58
0 16 49
0 20 55
0 25 51
22 47 73
8 35 61
133 162 189
147 177 204
142 175 201
123 156 182
113 148 174
70 103 129
87 117 144
59 88 115
73 98 124
76 97 124
47 67 92
37 54 80
0 12 38
0 8 38
7 16 49
15 32 65
27 51 87
33 69 105
39 84 122
39 93 134
36 97 141
53 120 165
56 124 169
56 124 171
49 117 164
45 109 157
52 114 162
71 130 176
86 145 191
75 138 182
64 126 172
40 102 148
11 70 119
31 90 140
42 99 151
40 97 149
11 68 120
28 82 135
39 94 145
44 102 151
64 123 169
97 156 201
113 173 215
115 177 217
121 183 223
145 191 225
115 162 194
116 161 194
12 57 90
0 6 40
0 26 63
0 36 76
36 85 129
54 103 147
101 146 189
126 164 199
210 238 255
235 252 255
240 246 241
255 255 244
255 255 237
255 255 255
255 255 255
255 255 255
255 255 255
255 255 255
255 255 255
255 255 255
255 255 255
255 255 255
255 255 255
255 255 255
255 255 255
255 255 255
255 255 255
255 255 255
255 255 255
255 255 255
255 255 255
255 255 255
255 255 255
255 255 255
255 255 255
255 255 255
255 255 255
255 255 255
255 255 255
255 255 255
255 255 255
255 255 255
255 255 255
255 255 255
255 255 255
255 255 255
255 255 255
255 255 255
255 255 255
255 255 255
255 255 255
255 255 255
255 255 255
255 255 255
255 255 255
255 255 255
255 255 255
255 255 255
255 255 255
255 255 255
255 255 255
255 255 255
255 255 255
255 255 255
255 255 255
255 255 255
255 255 255
255 255 255
255 255 255
255 255 255
255 255 255
255 255 255
255 255 255
255 255 255
255 255 255
255 255 255
255 255 255
255 255 255
255 255 255
255 255 255
255 255 255
255 255 255
255 255 255
255 255 255
255 255 255
255 255 255
255 255 255
255 255 255
255 255 255
255 255 255
255 255 255
255 255 255
255 255 255
255 255 255
255 255 255
255 255 255
255 255 255
255 255 255
255 255 255
255 255 255
255 255 255
255 255 255
255 255 255
255 255 255
255 255 255
255 255 255
255 255 255
255 255 255
255 255 255
255 255 255
255 255 255
250 255 249
250 255 251
250 255 250
252 255 253
254 254 254
253 252 254
253 251 255
251 250 255
250 251 255
246 251 255
233 243 255
174 191 212
88 111 133
65 93 117
89 123 147
92 128 152
79 121 156
78 120 155
79 121 156
78 123 157
81 126 160
85 130 164
88 133 170
91 136 173
81 129 165
87 135 171
94 144 180
100 150 186
99 151 188
94 146 183
87 139 176
81 133 170
55 87 123
54 86 122
51 85 121
51 85 121
54 88 124
59 93 129
62 98 134
65 101 137
82 118 154
86 124 159
91 129 164
91 129 164
87 125 160
83 123 158
85 125 160
89 129 164
110 136 150
99 123 135
107 126 139
107 121 133
138 147 157
164 166 176
113 112 122
68 64 75
88 84 95
95 95 107
93 96 111
81 91 108
81 96 115
85 106 127
83 110 131
81 109 133
125 148 174
88 111 137
61 84 110
69 91 116
98 120 145
137 158 180
166 187 209
153 174 195
143 162 183
93 112 133
47 67 85
1 21 39
0 0 15
12 32 50
83 103 121
59 79 97
52 79 116
62 89 126
71 97 133
70 95 129
63 87 117
60 82 110
53 74 101
42 61 88
59 79 104
84 105 132
76 99 125
12 36 64
0 0 26
0 24 58
23 51 85
4 32 67
23 50 77
25 52 79
27 56 83
134 164 191
113 143 170
113 146 172
95 128 154
99 132 158
69 99 126
74 104 129
50 77 103
58 82 106
62 82 107
48 66 89
33 49 72
0 0 19
0 0 29
1 11 41
12 30 61
27 52 86
38 72 108
43 88 126
44 98 139
41 102 146
39 104 149
48 116 163
57 126 175
58 125 174
51 117 166
47 110 160
52 113 163
61 120 169
56 118 166
42 104 152
68 129 179
42 102 154
40 98 150
31 88 143
14 71 126
25 82 137
26 83 138
42 100 152
53 112 162
75 134 183
109 170 214
125 187 228
121 186 225
120 185 224
131 176 210
140 183 216
0 28 61
0 9 42
0 23 56
0 25 62
0 41 79
36 81 124
77 122 166
104 146 188
113 150 184
212 238 255
239 253 255
253 255 254
255 255 244
255 253 233
255 255 255
255 255 255
255 255 255
255 255 255
255 255 255
255 255 255
255 255 255
255 255 255
255 255 255
255 255 255
255 255 255
255 255 255
255 255 255
255 255 255
255 255 255
255 255 255
255 255 255
255 255 255
255 255 255
255 255 255
255 255 255
255 255 255
255 255 255
255 255 255
255 255 255
255 255 255
255 255 255
255 255 255
255 255 255
255 255 255
255 255 255
255 255 255
255 255 255
255 255 255
255 255 255
255 255 255
255 255 255
255 255 255
255 255 255
255 255 255
255 255 255
255 255 255
255 255 255
255 255 255
255 255 255
255 255 255
255 255 255
255 255 255
255 255 255
255 255 255
255 255 255
255 255 255
255 255 255
255 255 255
255 255 255
255 255 255
255 255 255
255 255 255
255 255 255
255 255 255
255 255 255
255 255 255
255 255 255
255 255 255
255 255 255
255 255 255
255 255 255
255 255 255
255 255 255
255 255 255
255 255 255
255 255 255
255 255 255
255 255 255
255 255 255
255 255 255
255 255 255
255 255 255
255 255 255
255 255 255
255 255 255
255 255 255
255 255 255
255 255 255
255 255 255
255 255 255
255 255 255
255 255 255
255 255 255
255 255 255
255 255 255
255 255 255
255 255 255
255 255 255
255 255 255
255 255 255
255 255 255
255 255 255
250 255 251
250 255 252
251 255 252
252 255 253
254 254 254
255 253 255
255 251 255
253 250 255
244 243 253
250 252 255
244 252 255
239 252 255
226 244 255
143 166 182
72 98 115
69 97 114
68 106 140
63 101 135
57 95 129
51 92 125
52 93 126
56 98 133
61 106 140
65 110 147
88 136 172
87 134 172
83 132 170
77 128 168
70 122 162
62 114 154
54 106 147
49 101 142
102 150 184
108 156 190
117 165 199
125 173 207
125 176 209
121 172 205
114 165 198
110 161 194
105 158 191
102 155 188
94 147 180
81 135 168
69 123 156
65 119 152
68 122 155
73 127 160
70 100 117
87 116 131
84 109 125
110 129 144
139 152 166
152 160 173
137 138 152
70 70 84
88 88 102
91 91 105
82 85 100
61 69 86
50 62 80
64 81 100
87 108 129
98 121 143
56 78 103
48 70 95
45 67 92
74 96 121
86 109 131
106 127 149
127 148 170
116 137 159
109 128 149
82 101 122
45 64 85
10 27 46
0 6 25
0 0 17
64 81 100
91 108 127
71 101 136
60 90 125
73 101 135
100 128 159
101 127 157
78 102 130
86 109 135
121 142 169
117 138 165
47 68 95
0 21 49
3 24 55
8 31 63
5 30 64
9 36 70
20 46 82
29 57 88
10 39 70
67 97 126
123 153 182
96 128 157
85 118 144
64 97 123
74 105 130
57 87 112
67 95 119
74 100 124
64 87 109
53 71 94
44 61 82
20 34 56
0 6 28
0 0 27
0 9 37
8 26 57
23 48 80
35 70 104
43 86 125
46 98 139
44 103 148
34 99 144
40 107 156
50 119 168
57 126 176
56 122 173
49 114 165
43 106 157
40 100 152
42 102 154
35 95 147
39 99 153
58 118 172
43 102 158
2 61 117
26 85 141
3 62 118
30 89 145
35 95 149
51 112 162
86 148 196
118 180 226
117 181 222
113 177 218
126 191 230
140 180 215
78 116 150
0 0 27
0 25 57
0 30 64
0 38 73
28 67 106
49 91 133
95 137 180
102 140 182
113 145 180
223 247 255
241 253 255
255 255 254
255 255 245
255 255 237
255 255 255
255 255 255
255 255 255
255 255 255
255 255 255
255 255 255
255 255 255
255 255 255
255 255 255
255 255 255
255 255 255
255 255 255
255 255 255
255 255 255
255 255 255
255 255 255
255 255 255
255 255 255
255 255 255
255 255 255
255 255 255
255 255 255
255 255 255
255 255 255
255 255 255
255 255 255
255 255 255
255 255 255
255 255 255
255 255 255
255 255 255
255 255 255
255 255 255
255 255 255
255 255 255
255 255 255
255 255 255
255 255 255
255 255 255
255 255 255
255 255 255
255 255 255
255 255 255
255 255 255
255 255 255
255 255 255
255 255 255
255 255 255
255 255 255
255 255 255
255 255 255
255 255 255
255 255 255
255 255 255
255 255 255
255 255 255
255 255 255
255 255 255
255 255 255
255 255 255
255 255 255
255 255 255
255 255 255
255 255 255
255 255 255
255 255 255
255 255 255
255 255 255
255 255 255
255 255 255
255 255 255
255 255 255
255 255 255
255 255 255
255 255 255
255 255 255
255 255 255
255 255 255
255 255 255
255 255 255
255 255 255
255 255 255
255 255 255
255 255 255
255 255 255
255 255 255
255 255 255
255 255 255
255 255 255
255 255 255
255 255 255
255 255 255
255 255 255
255 255 255
255 255 255
255 255 255
255 255 255
255 255 255
248 255 252
250 255 254
251 255 254
253 255 254
254 254 254
255 253 255
255 252 255
255 252 255
255 253 255
244 243 252
247 249 255
241 250 255
229 241 251
234 250 255
216 234 245
161 181 192
55 87 116
56 88 117
57 91 120
59 93 123
59 95 125
58 96 128
58 97 129
56 97 130
51 93 128
37 82 119
20 68 104
9 56 94
4 53 93
9 60 100
21 72 112
29 81 122
54 100 134
63 109 143
77 123 157
91 137 171
103 149 183
107 155 189
110 158 192
110 158 192
126 177 210
129 180 213
128 179 212
120 171 204
102 155 188
86 139 172
76 129 162
72 125 158
70 106 124
87 120 139
72 102 121
119 143 161
151 169 186
147 160 176
161 168 185
119 122 137
83 86 101
66 69 84
69 73 91
85 92 109
78 88 106
69 83 102
85 100 119
103 120 141
123 144 166
97 118 140
62 83 105
103 124 146
134 155 177
154 175 197
155 176 198
129 150 172
110 129 150
96 115 136
51 68 89
4 21 40
0 11 30
0 0 15
45 61 78
90 106 123
69 102 135
56 87 120
55 86 117
87 116 147
111 139 169
91 118 145
59 83 111
52 74 102
5 27 55
1 23 51
0 15 46
0 16 47
8 31 63
31 53 88
37 62 96
30 54 90
18 49 82
4 35 68
108 139 170
123 154 185
100 132 161
71 104 130
48 79 104
48 79 102
35 63 87
47 74 95
65 89 111
61 82 103
57 74 95
41 55 77
1 15 34
0 0 18
0 3 30
0 10 38
5 23 52
16 41 73
26 61 95
35 78 117
41 93 134
41 100 145
43 107 155
39 106 155
39 108 158
44 112 165
49 117 170
49 115 168
43 107 161
36 100 154
48 107 163
30 89 145
48 107 163
36 94 153
11 71 130
0 58 117
15 75 134
3 63 122
25 86 142
48 110 164
66 129 180
85 147 195
106 168 214
113 177 218
110 175 214
114 179 218
138 173 207
0 21 55
0 24 57
0 18 51
0 31 64
25 57 92
8 44 82
59 95 135
99 134 177
97 132 172
141 169 204
228 250 255
243 252 255
255 255 255
255 252 242
255 255 242
255 255 255
255 255 255
255 255 255
255 255 255
255 255 255
255 255 255
255 255 255
255 255 255
255 255 255
255 255 255
255 255 255
255 255 255
255 255 255
255 255 255
255 255 255
255 255 255
255 255 255
255 255 255
255 255 255
255 255 255
255 255 255
255 255 255
255 255 255
255 255 255
255 255 255
255 255 255
255 255 255
255 255 255
255 255 255
255 255 255
255 255 255
255 255 255
255 255 255
255 255 255
255 255 255
255 255 255
255 255 255
255 255 255
255 255 255
255 255 255
255 255 255
255 255 255
255 255 255
255 255 255
255 255 255
255 255 255
255 255 255
255 255 255
255 255 255
255 255 255
255 255 255
255 255 255
255 255 255
255 255 255
255 255 255
255 255 255
255 255 255
255 255 255
255 255 255
255 255 255
255 255 255
255 255 255
255 255 255
255 255 255
255 255 255
255 255 255
255 255 255
255 255 255
255 255 255
255 255 255
255 255 255
255 255 255
255 255 255
255 255 255
255 255 255
255 255 255
255 255 255
255 255 255
255 255 255
255 255 255
255 255 255
255 255 255
255 255 255
255 255 255
255 255 255
255 255 255
255 255 255
255 255 255
255 255 255
255 255 255
255 255 255
255 255 255
255 255 255
255 255 255
255 255 255
255 255 255
255 255 255
255 255 255
250 255 254
250 255 254
251 255 255
253 255 255
255 255 255
255 254 254
255 253 255
255 253 255
255 252 255
255 254 255
249 250 254
245 249 254
248 254 255
244 255 255
240 252 255
241 255 255
227 252 255
193 218 238
134 161 182
81 108 129
52 80 104
50 80 105
65 98 124
78 112 141
73 109 139
72 111 143
74 115 148
77 119 154
79 124 158
80 125 162
81 126 163
81 126 163
56 93 127
50 88 122
43 81 115
35 73 107
30 68 102
27 65 99
25 66 99
25 66 99
9 50 83
16 59 92
30 73 106
44 87 120
55 100 133
71 116 149
88 133 166
100 145 178
95 132 152
102 137 157
80 111 132
116 143 163
147 168 189
146 161 180
160 172 190
140 147 166
81 85 104
93 97 115
98 102 120
77 83 102
64 71 90
94 104 122
131 141 159
133 145 163
92 111 132
85 104 125
55 73 96
115 133 156
156 177 199
173 194 216
167 188 210
147 168 190
110 128 151
91 110 131
47 64 85
8 23 42
1 17 34
0 9 25
34 47 63
78 91 107
73 107 137
84 118 148
76 108 137
71 101 130
89 119 148
81 110 137
30 57 84
0 8 36
13 37 65
9 33 63
11 32 63
21 42 74
28 51 83
29 51 86
29 51 86
35 57 92
25 57 92
30 63 96
125 156 189
120 151 182
83 115 144
53 83 110
39 70 93
36 65 86
47 74 95
61 86 106
55 79 97
62 82 100
62 79 98
25 40 59
0 2 21
0 0 15
0 9 36
0 13 41
0 21 49
6 34 65
16 51 85
26 69 108
36 86 128
38 95 140
39 103 151
32 98 149
27 95 148
29 97 150
34 101 156
37 104 159
39 104 159
36 101 156
52 110 169
32 90 149
67 125 184
9 69 129
0 53 113
8 68 128
0 57 117
27 90 148
42 103 159
81 143 197
99 160 210
93 155 201
104 165 209
116 178 218
115 177 215
110 172 210
89 119 154
0 24 57
0 10 44
0 17 48
21 49 80
11 39 73
20 49 86
42 75 114
96 128 169
92 123 162
177 204 238
230 250 255
243 252 255
253 253 253
255 252 243
255 255 244
255 255 255
255 255 255
255 255 255
255 255 255
255 255 255
255 255 255
255 255 255
255 255 255
255 255 255
255 255 255
255 255 255
255 255 255
255 255 255
255 255 255
255 255 255
255 255 255
255 255 255
255 255 255
255 255 255
255 255 255
255 255 255
255 255 255
255 255 255
255 255 255
255 255 255
255 255 255
255 255 255
255 255 255
255 255 255
255 255 255
255 255 255
255 255 255
255 255 255
255 255 255
255 255 255
255 255 255
255 255 255
255 255 255
255 255 255
255 255 255
255 255 255
255 255 255
255 255 255
255 255 255
255 255 255
255 255 255
255 255 255
255 255 255
255 255 255
255 255 255
255 255 255
255 255 255
255 255 255
255 255 255
255 255 255
255 255 255
255 255 255
255 255 255
255 255 255
255 255 255
255 255 255
255 255 255
255 255 255
255 255 255
255 255 255
255 255 255
255 255 255
255 255 255
255 255 255
255 255 255
255 255 255
255 255 255
255 255 255
255 255 255
255 255 255
255 255 255
255 255 255
255 255 255
255 255 255
255 255 255
255 255 255
255 255 255
255 255 255
255 255 255
255 255 255
255 255 255
255 255 255
255 255 255
255 255 255
255 255 255
255 255 255
255 255 255
255 255 255
255 255 255
255 255 255
255 255 255
255 255 255
255 255 255
250 255 255
250 255 255
251 255 255
253 255 255
255 255 255
255 255 255
255 253 254
255 253 254
255 254 255
255 254 255
255 254 255
255 254 255
247 249 250
245 249 250
248 253 254
245 253 253
232 246 255
237 253 255
237 253 255
232 249 255
197 216 231
144 164 181
88 112 130
54 79 99
54 83 104
56 87 110
60 91 116
60 95 121
59 96 124
57 93 123
51 89 119
47 85 115
51 98 129
49 96 127
46 93 124
43 90 121
42 89 120
41 91 121
43 93 123
44 94 124
34 86 116
36 88 118
36 88 118
30 84 114
22 76 106
17 71 101
18 72 102
20 74 104
55 92 114
71 105 128
68 101 121
96 125 146
140 165 185
162 181 202
164 179 198
148 159 179
112 119 139
81 87 106
76 82 101
95 101 120
104 110 129
106 113 130
95 102 119
70 78 95
36 51 70
61 78 97
51 68 89
106 125 146
121 139 162
99 120 142
74 94 119
58 78 103
56 74 97
47 65 88
40 57 78
24 39 58
4 18 36
0 3 19
23 34 48
80 91 105
78 111 137
102 135 161
90 123 149
51 84 110
30 60 87
17 47 76
13 41 71
25 51 81
17 43 73
18 43 75
15 38 70
16 39 71
32 54 89
48 70 105
55 77 112
61 81 116
49 81 116
66 98 133
119 152 185
107 138 169
51 81 108
30 60 85
33 64 85
36 63 83
24 50 67
59 83 101
43 65 83
54 74 92
46 63 82
0 9 28
0 4 26
0 13 35
0 15 41
0 16 43
0 20 48
0 29 60
8 45 79
20 63 102
31 81 123
35 91 138
25 87 135
21 86 137
20 86 139
20 87 142
22 89 144
25 92 147
29 94 149
30 95 150
50 105 166
57 114 175
37 94 155
5 65 125
17 77 137
2 62 122
12 75 133
36 96 155
56 118 172
74 134 186
91 150 199
102 161 206
103 162 202
88 146 182
88 144 179
110 166 201
64 90 126
0 20 54
9 34 66
12 36 66
12 33 64
33 56 88
27 54 88
55 82 119
98 127 166
87 116 153
201 226 255
221 238 255
243 252 255
254 253 255
255 255 248
255 255 245
255 255 255
255 255 255
255 255 255
255 255 255
255 255 255
255 255 255
255 255 255
255 255 255
255 255 255
255 255 255
255 255 255
255 255 255
255 255 255
255 255 255
255 255 255
255 255 255
255 255 255
255 255 255
255 255 255
255 255 255
255 255 255
255 255 255
255 255 255
255 255 255
255 255 255
255 255 255
255 255 255
255 255 255
255 255 255
255 255 255
255 255 255
255 255 255
255 255 255
255 255 255
255 255 255
255 255 255
255 255 255
255 255 255
255 255 255
255 255 255
255 255 255
255 255 255
255 255 255
255 255 255
255 255 255
255 255 255
255 255 255
255 255 255
255 255 255
255 255 255
255 255 255
255 255 255
255 255 255
255 255 255
255 255 255
255 255 255
255 255 255
255 255 255
255 255 255
255 255 255
255 255 255
255 255 255
255 255 255
255 255 255
255 255 255
255 255 255
255 255 255
255 255 255
255 255 255
255 255 255
255 255 255
255 255 255
255 255 255
255 255 255
255 255 255
255 255 255
255 255 255
255 255 255
255 255 255
255 255 255
255 255 255
255 255 255
255 255 255
255 255 255
255 255 255
255 255 255
255 255 255
255 255 255
255 255 255
255 255 255
255 255 255
255 255 255
255 255 255
255 255 255
255 255 255
255 255 255
255 255 255
255 255 255
250 255 255
251 255 255
251 255 255
253 255 255
255 255 255
255 255 255
255 254 255
255 254 255
255 254 255
255 255 254
255 255 254
255 255 254
255 255 254
255 255 254
255 255 254
253 255 254
250 255 255
250 255 255
247 254 255
245 254 255
243 253 255
241 252 255
239 251 255
235 251 255
158 175 188
119 140 155
77 100 116
57 81 99
61 86 106
67 94 114
63 92 113
55 84 105
34 97 118
34 97 118
34 97 118
31 96 117
31 96 117
30 95 116
28 95 116
28 95 116
33 100 121
32 101 121
33 102 122
33 102 122
31 100 120
26 97 117
22 93 113
20 91 111
64 99 119
47 80 100
64 95 116
89 118 139
151 175 197
139 160 181
130 147 168
174 187 209
151 162 182
104 113 133
61 68 87
68 74 93
92 96 114
75 79 97
57 61 79
71 75 93
92 106 124
122 136 154
130 145 164
109 126 147
105 123 146
128 146 169
137 157 182
126 146 171
116 136 161
66 84 107
38 55 76
22 36 55
0 13 29
0 0 14
21 30 43
87 96 106
66 97 122
79 110 135
86 117 142
71 101 128
41 71 98
18 48 77
12 42 71
17 46 77
16 44 75
19 47 78
27 52 86
35 60 94
45 67 102
50 72 107
51 73 108
51 73 108
31 63 98
107 140 173
107 138 169
102 132 161
54 84 109
40 68 92
5 32 52
16 42 59
20 45 61
36 59 75
38 58 75
46 66 84
0 15 34
0 15 36
0 14 36
0 3 26
10 29 56
9 31 59
7 33 63
3 34 67
0 38 73
4 48 89
14 63 107
20 76 123
19 80 130
16 81 132
15 81 134
16 81 136
15 82 137
18 83 138
19 84 139
19 84 139
57 113 172
37 93 152
15 72 133
5 62 123
2 62 122
9 69 128
28 89 145
46 108 162
60 120 172
76 135 184
89 146 191
91 145 186
94 147 184
83 134 167
107 156 188
192 242 255
90 114 150
1 23 58
6 27 59
19 39 70
9 27 56
27 47 78
44 67 99
66 90 126
80 107 144
84 110 147
218 241 255
233 248 255
243 252 255
254 253 255
255 249 245
255 255 247
255 255 255
255 255 255
255 255 255
255 255 255
255 255 255
255 255 255
255 255 255
255 255 255
255 255 255
255 255 255
255 255 255
255 255 255
255 255 255
255 255 255
255 255 255
255 255 255
255 255 255
255 255 255
255 255 255
255 255 255
255 255 255
255 255 255
255 255 255
255 255 255
255 255 255
255 255 255
255 255 255
255 255 255
255 255 255
255 255 255
255 255 255
255 255 255
255 255 255
255 255 255
255 255 255
255 255 255
255 255 255
255 255 255
255 255 255
255 255 255
255 255 255
255 255 255
255 255 255
255 255 255
255 255 255
255 255 255
255 255 255
255 255 255
255 255 255
255 255 255
255 255 255
255 255 255
255 255 255
255 255 255
255 255 255
255 255 255
255 255 255
255 255 255
255 255 255
255 255 255
255 255 255
255 255 255
255 255 255
255 255 255
255 255 255
255 255 255
255 255 255
255 255 255
255 255 255
255 255 255
255 255 255
255 255 255
255 255 255
255 255 255
255 255 255
255 255 255
255 255 255
255 255 255
255 255 255
255 255 255
255 255 255
255 255 255
255 255 255
255 255 255
255 255 255
255 255 255
255 255 255
255 255 255
255 255 255
255 255 255
255 255 255
255 255 255
255 255 255
255 255 255
255 255 255
255 255 255
255 255 255
255 255 255
251 255 255
251 255 255
253 255 255
255 254 255
255 255 255
255 255 255
255 254 255
255 254 255
255 255 254
255 255 254
255 255 254
255 255 252
255 255 252
255 255 252
255 255 252
255 255 252
255 255 252
255 255 252
255 255 252
254 255 253
252 255 253
250 255 254
248 253 254
246 253 255
244 255 255
241 253 255
224 237 245
206 221 230
183 199 211
153 171 182
120 137 150
94 113 126
43 93 111
42 92 110
42 92 110
41 93 110
40 92 109
40 92 109
40 92 109
37 91 108
33 87 104
36 92 109
41 97 114
45 101 118
44 100 117
37 96 112
31 90 106
26 85 101
57 87 104
81 109 126
77 104 124
79 104 124
70 94 114
120 141 162
143 162 183
127 141 163
142 155 177
139 150 170
99 108 128
56 63 82
56 63 80
83 87 105
111 116 131
137 140 155
108 118 135
110 123 139
112 126 144
123 138 157
141 157 180
153 170 196
142 162 187
123 143 168
84 104 129
65 83 106
53 67 89
24 38 56
4 14 31
0 9 22
5 14 24
30 37 46
36 67 90
43 74 97
49 80 103
47 78 103
40 70 97
33 63 92
32 61 92
33 62 93
41 69 103
42 70 104
41 69 103
33 60 94
23 50 84
19 44 78
21 46 80
25 50 84
21 52 85
124 155 188
128 158 187
139 168 195
107 135 159
82 109 129
26 52 69
0 2 18
0 18 33
22 45 61
45 65 82
0 3 21
0 4 25
0 0 19
7 24 50
8 25 51
9 33 63
10 36 66
11 39 73
7 42 76
5 44 82
8 51 94
14 64 110
17 73 120
18 77 127
14 77 128
13 77 131
15 79 133
16 82 135
17 83 136
19 83 137
20 84 138
38 92 152
23 77 137
9 65 124
4 60 119
2 61 117
6 65 121
20 80 134
37 96 146
58 116 165
75 130 175
85 137 177
82 132 168
66 111 144
106 148 177
190 231 255
212 252 255
78 100 136
7 27 62
7 27 58
17 33 62
14 31 58
33 49 78
31 51 82
34 56 91
53 77 113
92 116 152
182 203 235
234 249 255
243 252 255
253 254 255
254 250 245
255 252 243
255 255 255
255 255 255
255 255 255
255 255 255
255 255 255
255 255 255
255 255 255
255 255 255
255 255 255
255 255 255
255 255 255
255 255 255
255 255 255
255 255 255
255 255 255
255 255 255
255 255 255
255 255 255
255 255 255
255 255 255
255 255 255
255 255 255
255 255 255
255 255 255
255 255 255
255 255 255
255 255 255
255 255 255
255 255 255
255 255 255
255 255 255
255 255 255
255 255 255
255 255 255
255 255 255
255 255 255
255 255 255
255 255 255
255 255 255
255 255 255
255 255 255
255 255 255
255 255 255
255 255 255
255 255 255
255 255 255
255 255 255
255 255 255
255 255 255
255 255 255
255 255 255
255 255 255
255 255 255
255 255 255
255 255 255
255 255 255
255 255 255
255 255 255
255 255 255
255 255 255
255 255 255
255 255 255
255 255 255
255 255 255
255 255 255
255 255 255
255 255 255
255 255 255
255 255 255
255 255 255
255 255 255
255 255 255
255 255 255
255 255 255
255 255 255
255 255 255
255 255 255
255 255 255
255 255 255
255 255 255
255 255 255
255 255 255
255 255 255
255 255 255
255 255 255
255 255 255
255 255 255
255 255 255
255 255 255
255 255 255
255 255 255
255 255 255
255 255 255
255 255 255
255 255 255
255 255 255
255 255 255
255 255 255
253 255 255
253 255 255
253 255 255
255 254 255
255 254 255
255 255 255
255 255 255
255 254 255
255 255 254
255 255 254
255 255 254
255 255 252
255 255 252
255 255 252
255 255 252
255 255 252
255 255 248
255 255 249
255 255 249
255 255 249
255 255 250
255 255 251
255 255 251
253 254 252
250 252 252
251 255 255
250 255 255
248 255 255
244 253 255
239 250 254
241 252 255
244 255 255
243 251 255
243 251 255
241 251 255
241 251 255
241 251 255
240 250 255
238 251 255
238 251 255
239 252 255
237 252 255
237 252 255
234 249 255
222 237 253
204 220 236
187 203 219
176 192 208
130 151 166
54 75 90
51 72 87
69 89 106
53 73 91
62 82 100
63 80 101
138 155 176
142 156 178
151 164 186
110 121 141
52 62 80
60 67 84
107 111 129
118 123 138
101 104 119
111 120 134
106 117 131
106 118 136
122 136 155
142 159 180
141 158 184
107 126 153
71 90 117
53 72 99
48 65 91
45 59 81
22 34 52
10 19 33
9 18 28
1 6 15
0 6 13
0 17 37
0 14 35
0 12 36
0 17 43
0 25 52
0 29 58
0 25 56
0 21 54
17 49 84
35 65 100
51 81 116
51 81 116
37 65 100
21 48 82
13 40 74
13 40 74
44 73 104
156 184 214
158 187 214
184 212 236
180 207 228
178 204 221
145 171 185
80 103 118
0 8 23
9 30 45
0 14 31
0 10 31
1 22 44
3 22 49
0 9 37
19 40 68
9 40 73
15 46 79
17 52 86
17 54 92
12 54 96
13 58 102
15 65 111
17 70 120
13 70 121
11 71 123
11 74 125
13 76 127
16 79 130
18 81 132
20 83 134
21 84 135
34 88 143
17 73 128
4 60 115
0 55 110
0 56 108
1 59 111
15 73 122
32 88 135
67 120 163
51 102 142
63 109 143
66 108 137
124 161 187
207 239 255
222 251 255
225 252 255
35 55 90
0 17 50
4 22 53
7 21 49
6 21 47
18 32 60
6 24 53
6 27 59
32 54 89
94 119 153
142 163 194
209 226 252
241 252 255
251 254 255
255 255 252
255 252 245
255 255 255
255 255 255
255 255 255
255 255 255
255 255 255
255 255 255
255 255 255
255 255 255
255 255 255
255 255 255
255 255 255
255 255 255
255 255 255
255 255 255
255 255 255
255 255 255
255 255 255
255 255 255
255 255 255
255 255 255
255 255 255
255 255 255
255 255 255
255 255 255
255 255 255
255 255 255
255 255 255
255 255 255
255 255 255
255 255 255
255 255 255
255 255 255
255 255 255
255 255 255
255 255 255
255 255 255
255 255 255
255 255 255
255 255 255
255 255 255
255 255 255
255 255 255
255 255 255
255 255 255
255 255 255
255 255 255
255 255 255
255 255 255
255 255 255
255 255 255
255 255 255
255 255 255
255 255 255
255 255 255
255 255 255
255 255 255
255 255 255
255 255 255
255 255 255
255 255 255
255 255 255
255 255 255
255 255 255
255 255 255
255 255 255
255 255 255
255 255 255
255 255 255
255 255 255
255 255 255
255 255 255
255 255 255
255 255 255
255 255 255
255 255 255
255 255 255
255 255 255
255 255 255
255 255 255
255 255 255
255 255 255
255 255 255
255 255 255
255 255 255
255 255 255
255 255 255
255 255 255
255 255 255
255 255 255
255 255 255
255 255 255
255 255 255
255 255 255
255 255 255
255 255 255
255 255 255
255 255 255
255 255 255
255 254 255
255 254 255
255 254 255
255 254 255
255 254 255
255 255 255
255 255 255
255 255 255
255 255 255
255 255 254
255 255 254
255 255 254
255 255 254
255 255 254
255 255 252
255 255 252
255 255 248
255 255 248
255 255 249
255 255 249
255 255 249
255 255 250
255 255 250
255 255 251
255 254 250
255 255 254
255 255 254
253 255 255
247 252 251
241 246 245
245 250 249
250 255 255
255 247 255
255 247 255
255 247 255
255 247 255
255 246 255
255 246 255
255 245 255
255 245 255
251 234 248
255 239 253
255 247 255
255 249 255
255 249 255
255 249 255
255 249 255
255 249 255
232 244 254
239 254 255
180 194 206
96 112 125
58 74 90
0 16 33
30 47 66
82 99 120
62 79 100
110 124 146
120 134 153
78 90 108
55 65 82
74 81 98
88 95 110
85 90 105
126 134 147
129 138 152
121 131 148
113 124 144
124 138 160
136 153 179
121 140 167
92 111 138
64 83 110
37 54 80
26 40 62
17 29 47
12 21 35
6 12 23
0 2 10
11 14 19
0 22 40
0 17 37
0 14 36
0 18 42
0 26 53
3 33 62
1 32 63
0 28 63
2 37 71
26 60 96
56 90 126
73 105 140
68 100 135
54 85 118
40 71 104
34 62 96
89 116 143
159 186 213
159 185 209
178 202 224
183 207 225
201 224 239
201 223 235
176 198 210
123 145 157
0 0 13
0 6 23
0 20 41
0 16 43
6 27 58
11 34 66
14 36 71
11 47 83
18 56 91
24 63 101
24 66 108
21 66 109
16 65 111
16 68 115
17 70 120
10 67 118
10 68 120
12 70 122
13 74 124
16 77 127
19 80 130
21 83 131
24 83 132
17 70 121
6 61 112
0 55 106
1 58 109
6 64 113
13 69 116
25 82 127
42 96 137
43 95 132
65 110 143
60 100 129
145 179 203
225 252 255
230 253 255
234 253 255
219 236 249
0 8 43
0 0 32
0 11 40
0 10 38
0 7 33
0 5 31
0 1 28
0 20 51
35 58 90
88 113 145
123 144 175
165 182 208
239 252 255
240 246 251
255 255 254
255 255 251
255 255 255
255 255 255
255 255 255
255 255 255
255 255 255
255 255 255
255 255 255
255 255 255
255 255 255
255 255 255
255 255 255
255 255 255
255 255 255
255 255 255
255 255 255
255 255 255
255 255 255
255 255 255
255 255 255
255 255 255
255 255 255
255 255 255
255 255 255
255 255 255
255 255 255
255 255 255
255 255 255
255 255 255
255 255 255
255 255 255
255 255 255
255 255 255
255 255 255
255 255 255
255 255 255
255 255 255
255 255 255
255 255 255
255 255 255
255 255 255
255 255 255
255 255 255
255 255 255
255 255 255
255 255 255
255 255 255
255 255 255
255 255 255
255 255 255
255 255 255
255 255 255
255 255 255
255 255 255
255 255 255
255 255 255
255 255 255
254 254 254
254 254 254
254 254 254
254 254 254
254 254 254
254 254 254
254 254 254
254 254 254
255 255 255
255 255 255
255 255 255
255 255 255
255 255 255
255 255 255
255 255 255
255 255 255
255 255 255
255 255 255
255 255 255
255 255 255
255 255 255
255 255 255
255 255 255
255 255 255
255 255 255
255 255 255
255 255 255
255 255 255
255 255 255
255 255 255
255 255 255
255 255 255
255 255 255
255 255 255
255 255 255
255 255 255
255 255 255
255 255 255
255 255 255
255 255 255
255 255 255
255 255 255
255 254 255
255 254 255
255 254 255
255 254 255
255 254 255
255 254 255
255 255 255
255 255 255
255 255 255
255 255 255
255 255 255
255 255 255
255 254 255
255 254 255
255 254 255
255 254 255
255 255 251
255 255 251
255 255 251
255 255 251
255 255 252
255 255 252
255 254 251
255 255 251
249 246 242
254 253 249
255 255 254
255 255 254
255 255 254
255 255 254
255 255 254
253 255 254
255 251 255
255 251 255
255 252 255
255 252 255
255 252 255
255 252 255
255 252 255
255 252 255
255 252 255
255 252 255
255 252 255
255 251 255
255 250 255
255 249 254
255 249 254
255 249 254
246 250 255
230 236 241
246 254 255
230 239 249
240 252 255
146 161 177
19 35 52
22 39 58
129 146 167
161 178 199
162 177 196
105 119 138
56 68 86
67 77 94
112 121 135
139 146 161
141 147 158
152 160 173
159 168 182
156 168 186
159 173 195
161 176 202
141 160 187
118 136 165
87 106 133
46 63 89
26 40 62
17 27 45
11 19 32
3 8 17
0 0 8
17 17 23
0 10 27
0 15 33
0 20 41
3 27 51
7 34 60
13 41 71
20 51 84
22 57 91
8 44 80
15 51 87
24 60 96
31 67 103
34 69 103
28 63 97
22 55 88
16 49 82
116 139 165
124 148 172
132 155 177
151 173 191
163 184 199
180 199 212
176 196 207
192 212 223
176 196 207
141 162 177
0 0 15
10 33 55
0 23 51
0 12 44
14 40 76
3 29 66
13 54 93
19 61 103
28 72 113
30 75 119
27 73 120
22 71 119
20 71 121
20 73 124
14 69 120
12 69 120
14 71 122
16 74 123
18 76 125
20 79 125
22 81 126
22 81 126
19 73 120
12 66 113
9 63 110
13 68 113
13 70 115
15 70 113
22 77 116
34 86 122
50 97 129
80 120 148
185 219 242
227 253 255
231 250 255
241 253 255
242 249 255
223 229 236
0 7 42
0 0 33
0 7 36
0 13 39
0 9 33
0 0 19
0 0 20
1 22 50
40 64 94
77 102 134
114 138 168
142 163 185
217 232 248
245 253 255
251 253 253
255 255 251
255 255 255
255 255 255
255 255 255
255 255 255
255 255 255
255 255 255
255 255 255
255 255 255
255 255 255
255 255 255
255 255 255
255 255 255
255 255 255
255 255 255
255 255 255
255 255 255
255 255 255
255 255 255
255 255 255
255 255 255
255 255 255
255 255 255
255 255 255
255 255 255
255 255 255
255 255 255
255 255 255
255 255 255
255 255 255
255 255 255
255 255 255
255 255 255
255 255 255
255 255 255
255 255 255
255 255 255
255 255 255
255 255 255
255 255 255
255 255 255
255 255 255
255 255 255
255 255 255
255 255 255
255 255 255
255 255 255
255 255 255
255 255 255
255 255 255
255 255 255
255 255 255
255 255 255
255 255 255
255 255 255
255 255 255
255 255 255
254 254 254
254 254 254
254 254 254
254 254 254
254 254 254
254 254 254
254 254 254
254 254 254
255 255 255
255 255 255
255 255 255
255 255 255
255 255 255
255 255 255
255 255 255
255 255 255
255 255 255
255 255 255
255 255 255
255 255 255
255 255 255
255 255 255
255 255 255
255 255 255
255 255 255
255 255 255
255 255 255
255 255 255
255 255 255
255 255 255
255 255 255
255 255 255
255 255 255
255 255 255
255 255 255
255 255 255
255 255 255
255 255 255
255 255 255
255 255 255
255 255 255
255 255 255
255 254 255
255 254 255
255 254 255
255 254 255
255 254 255
255 254 255
255 254 255
255 254 255
255 254 255
255 254 255
255 254 255
255 254 255
255 254 255
255 254 255
255 254 255
255 254 255
255 254 255
255 254 255
255 254 255
255 254 255
255 254 255
255 254 255
255 254 255
255 254 255
255 255 255
255 255 254
255 255 254
255 254 253
255 255 254
255 255 254
255 255 254
255 255 254
251 255 254
251 255 254
251 255 254
251 255 254
251 255 254
250 255 254
250 255 254
250 255 254
248 255 254
248 255 254
246 255 252
242 253 250
243 254 251
246 255 254
246 255 254
246 255 254
250 245 246
255 254 255
239 240 244
250 253 255
246 252 255
241 253 255
206 221 237
161 177 194
152 169 188
153 170 189
139 156 175
108 123 142
92 106 124
113 126 142
128 139 153
117 126 140
125 129 140
124 130 141
138 145 160
160 170 188
164 177 199
142 157 183
108 127 154
89 107 136
68 87 114
45 62 88
31 45 67
16 26 44
11 19 32
18 20 30
11 11 17
17 16 20
0 10 26
6 22 39
20 37 56
24 45 67
23 48 74
26 54 84
37 68 101
44 78 114
41 77 113
35 72 110
26 65 103
24 62 97
22 60 94
23 60 94
21 59 91
19 57 89
131 154 176
101 122 143
111 133 151
135 156 171
162 181 194
180 199 207
173 192 200
201 220 228
174 194 205
185 206 221
125 147 165
0 0 20
17 43 73
18 46 81
0 14 53
32 60 101
13 58 101
21 66 110
27 74 118
29 78 124
27 76 124
24 75 125
26 76 128
27 80 131
19 74 125
19 74 125
20 76 125
20 76 123
21 77 124
21 78 123
23 78 121
24 79 122
31 84 127
19 72 115
9 62 105
8 64 105
15 69 110
23 78 115
42 94 130
63 112 144
91 134 161
191 228 250
225 253 255
234 253 255
241 251 255
239 243 248
255 254 255
202 197 199
19 39 74
6 23 56
2 18 47
16 29 55
18 30 54
1 15 37
0 8 31
0 19 46
32 56 86
63 89 119
102 126 154
145 168 190
186 202 218
244 254 255
236 241 240
253 254 250
255 255 255
255 255 255
255 255 255
255 255 255
255 255 255
255 255 255
255 255 255
255 255 255
255 255 255
255 255 255
255 255 255
255 255 255
255 255 255
255 255 255
255 255 255
255 255 255
255 255 255
255 255 255
255 255 255
255 255 255
255 255 255
255 255 255
255 255 255
255 255 255
255 255 255
255 255 255
255 255 255
255 255 255
255 255 255
255 255 255
255 255 255
255 255 255
255 255 255
255 255 255
255 255 255
255 255 255
255 255 255
255 255 255
255 255 255
255 255 255
255 255 255
255 255 255
255 255 255
255 255 255
255 255 255
255 255 255
255 255 255
255 255 255
255 255 255
255 255 255
255 255 255
255 255 255
255 255 255
255 255 255
255 255 255
255 255 255
253 253 253
253 253 253
253 253 253
253 253 253
253 253 253
253 253 253
253 253 253
253 253 253
255 255 255
255 255 255
255 255 255
255 255 255
255 255 255
255 255 255
255 255 255
255 255 255
255 255 255
255 255 255
255 255 255
255 255 255
255 255 255
255 255 255
255 255 255
255 255 255
255 255 255
255 255 255
255 255 255
255 255 255
255 255 255
255 255 255
255 255 255
255 255 255
255 255 255
255 255 255
255 255 255
255 255 255
255 255 255
255 255 255
255 255 255
255 255 255
255 255 255
255 255 255
255 253 255
255 254 255
255 254 255
255 254 255
255 254 255
255 254 255
255 254 255
253 255 255
253 255 255
253 255 255
253 255 255
255 254 255
255 254 255
255 253 255
255 253 255
255 253 255
255 253 255
255 253 255
255 253 255
255 254 255
255 254 255
255 254 255
255 254 255
255 254 255
240 239 241
246 245 247
253 253 253
255 255 255
255 255 255
255 255 255
252 252 252
250 250 250
253 255 251
253 255 251
253 255 251
252 255 250
252 255 250
250 255 250
249 255 249
249 255 249
250 255 251
250 255 251
250 255 251
247 255 250
245 255 248
245 255 248
245 255 248
246 255 249
255 255 252
255 248 248
255 254 255
253 254 255
250 253 255
219 228 238
118 131 145
94 110 127
122 139 158
125 145 163
137 157 175
133 150 169
112 128 145
98 113 129
78 91 105
46 57 71
79 81 91
63 67 78
57 64 79
70 80 98
76 89 111
65 80 106
50 69 96
47 65 94
35 53 82
31 48 74
30 44 66
13 23 41
12 18 31
24 27 35
15 15 21
12 11 15
0 6 23
8 20 38
22 37 56
29 47 70
27 50 76
26 54 84
32 63 96
37 71 107
35 72 110
34 73 111
32 71 109
27 67 102
21 61 96
18 59 92
21 60 92
23 62 94
125 146 167
101 121 139
97 117 134
109 128 141
134 152 163
156 173 182
171 189 196
189 207 214
198 217 225
172 193 208
181 205 225
81 106 132
0 15 46
20 49 86
36 66 107
38 69 114
12 61 107
18 67 113
24 73 121
27 76 124
25 76 126
27 77 129
29 82 133
34 87 138
28 81 132
28 81 132
27 80 130
25 79 126
24 79 124
23 78 121
24 78 119
23 78 117
16 68 109
7 61 102
9 64 103
23 78 117
41 96 133
64 118 153
93 144 176
119 166 194
158 199 222
221 253 255
230 253 255
213 228 237
250 254 255
255 254 255
249 241 241
212 200 198
30 50 85
22 41 74
23 39 68
35 48 74
35 48 70
25 38 60
14 30 53
1 20 47
24 48 76
45 71 101
88 112 140
137 160 182
158 177 192
243 254 255
241 246 247
247 251 246
255 255 255
255 255 255
255 255 255
255 255 255
255 255 255
255 255 255
255 255 255
255 255 255
255 255 255
255 255 255
255 255 255
255 255 255
255 255 255
255 255 255
255 255 255
255 255 255
255 255 255
255 255 255
255 255 255
255 255 255
255 255 255
255 255 255
255 255 255
255 255 255
255 255 255
255 255 255
255 255 255
255 255 255
255 255 255
255 255 255
255 255 255
255 255 255
255 255 255
255 255 255
255 255 255
255 255 255
255 255 255
255 255 255
255 255 255
255 255 255
255 255 255
255 255 255
255 255 255
255 255 255
255 255 255
255 255 255
255 255 255
255 255 255
255 255 255
255 255 255
255 255 255
255 255 255
255 255 255
255 255 255
255 255 255
255 255 255
253 253 253
253 253 253
253 253 253
253 253 253
253 253 253
253 253 253
253 253 253
253 253 253
255 255 255
255 255 255
255 255 255
255 255 255
255 255 255
255 255 255
255 255 255
255 255 255
255 255 255
255 255 255
255 255 255
255 255 255
255 255 255
255 255 255
255 255 255
255 255 255
255 255 255
255 255 255
255 255 255
255 255 255
255 255 255
255 255 255
255 255 255
255 255 255
255 255 255
255 255 255
255 255 255
255 255 255
255 255 255
255 255 255
255 255 255
255 255 255
255 255 255
255 255 255
255 254 255
255 254 255
255 254 255
255 254 255
255 254 255
255 254 255
253 255 255
253 255 255
253 254 255
253 254 255
253 254 255
253 254 255
255 254 255
255 254 255
255 253 255
255 253 255
253 252 255
253 252 255
253 252 255
253 252 255
253 252 255
253 253 255
253 253 255
253 254 255
251 252 255
253 254 255
253 255 255
255 254 255
252 251 253
249 249 249
252 252 252
255 255 255
255 255 247
255 255 246
255 255 246
255 255 246
255 254 245
255 254 245
255 254 245
255 253 244
255 254 245
255 255 247
255 255 248
255 255 248
255 255 248
255 255 248
255 255 246
255 254 244
255 255 251
255 250 248
255 251 251
255 254 255
233 236 241
70 79 89
5 18 32
89 105 122
65 82 101
35 55 73
30 50 68
42 59 78
50 66 83
73 88 104
110 123 137
126 139 153
133 135 145
135 139 150
134 142 155
129 139 157
119 132 154
104 119 145
81 100 127
64 82 111
31 49 78
27 44 70
29 42 64
13 23 41
7 13 26
11 14 22
1 2 6
0 0 1
0 0 17
1 14 30
18 32 51
28 46 69
33 56 82
33 61 91
37 68 101
36 72 108
36 73 111
41 80 118
43 85 122
35 77 112
23 65 100
19 60 93
25 66 98
35 74 106
90 110 128
95 115 133
88 107 122
90 107 120
107 124 133
133 151 158
179 197 204
184 202 209
194 213 221
195 216 231
180 204 224
188 213 239
86 113 147
0 28 67
16 48 91
21 54 99
12 62 108
17 66 114
21 73 120
24 75 125
24 74 126
26 79 130
32 84 137
38 90 143
33 86 137
32 85 136
30 83 133
28 83 128
27 80 123
24 78 119
22 77 116
21 76 115
16 68 108
22 74 114
41 93 133
65 120 157
85 139 174
93 146 179
103 153 183
116 161 188
177 216 238
223 253 255
226 248 255
243 254 255
250 253 255
252 246 247
255 254 252
236 221 218
15 35 70
25 44 77
38 54 83
46 60 83
39 52 74
36 49 71
31 47 70
8 27 54
23 47 75
30 56 86
78 105 132
113 137 159
146 165 180
219 232 240
248 255 255
248 254 249
255 255 255
255 255 255
255 255 255
255 255 255
255 255 255
255 255 255
255 255 255
255 255 255
255 255 255
255 255 255
255 255 255
255 255 255
255 255 255
255 255 255
255 255 255
255 255 255
255 255 255
255 255 255
255 255 255
255 255 255
255 255 255
255 255 255
255 255 255
255 255 255
255 255 255
255 255 255
255 255 255
255 255 255
255 255 255
255 255 255
255 255 255
255 255 255
255 255 255
255 255 255
255 255 255
255 255 255
255 255 255
255 255 255
255 255 255
255 255 255
255 255 255
255 255 255
255 255 255
255 255 255
255 255 255
255 255 255
255 255 255
255 255 255
255 255 255
255 255 255
255 255 255
255 255 255
255 255 255
255 255 255
255 255 255
255 255 255
253 253 253
253 253 253
253 253 253
253 253 253
253 253 253
253 253 253
253 253 253
253 253 253
255 255 255
255 255 255
255 255 255
255 255 255
255 255 255
255 255 255
255 255 255
255 255 255
255 255 255
255 255 255
254 254 254
254 254 254
255 255 255
255 255 255
255 255 255
255 255 255
255 255 255
255 255 255
255 255 255
255 255 255
255 255 255
255 255 255
255 255 255
255 255 255
255 255 255
255 255 255
255 255 255
255 255 255
255 255 255
255 255 255
255 255 255
255 255 255
255 255 255
255 255 255
255 255 255
255 255 255
255 255 255
255 255 255
255 255 255
255 255 255
255 255 255
255 255 255
255 255 255
255 255 255
255 255 255
255 255 255
255 255 255
255 255 255
255 255 255
255 255 255
255 255 255
255 255 255
255 255 255
255 255 255
255 255 255
255 255 255
255 255 255
255 255 255
255 255 255
255 255 255
255 255 255
255 255 255
255 255 255
255 255 255
255 255 255
255 255 255
255 253 255
255 254 255
255 254 255
255 255 255
255 255 255
255 255 254
253 255 254
253 255 254
253 255 254
251 255 255
251 255 255
249 252 255
240 244 249
250 253 255
250 252 255
250 252 255
255 254 255
241 236 238
254 253 255
247 250 255
143 153 163
158 174 187
106 126 143
89 114 134
107 134 155
116 142 166
112 137 163
82 105 131
64 83 110
91 108 135
125 137 165
126 138 166
96 111 130
93 108 127
91 106 125
93 108 127
96 110 129
93 107 126
86 98 116
78 90 108
52 62 80
49 56 75
40 48 65
35 42 59
35 42 59
36 40 58
27 31 49
16 20 38
22 30 43
17 26 40
11 25 43
17 35 58
29 53 83
38 68 103
42 77 117
39 78 122
25 66 111
23 65 110
11 54 97
10 53 92
25 67 104
31 69 103
26 64 94
30 68 98
41 77 107
51 85 114
62 95 121
70 101 124
79 108 129
102 128 145
134 157 172
159 181 193
175 197 209
189 211 223
181 204 219
175 200 216
189 215 232
144 171 191
18 47 68
31 62 85
0 62 107
5 72 117
13 75 121
31 87 136
20 71 121
30 75 126
36 76 128
51 90 142
42 82 131
39 80 129
33 79 126
40 91 134
38 93 136
24 86 126
22 87 126
20 87 126
6 74 127
22 87 138
52 111 157
92 144 184
107 153 184
109 146 168
137 164 178
166 185 192
243 255 255
248 255 255
251 255 254
253 255 254
253 255 254
253 255 255
253 255 255
253 255 255
38 66 97
38 66 97
24 52 86
17 47 82
34 66 101
31 63 99
45 79 115
9 41 77
0 30 65
33 62 93
54 81 108
98 120 145
147 166 187
189 205 222
237 253 255
239 252 255
255 255 251
251 251 245
251 251 245
255 255 252
255 255 254
255 255 255
253 255 255
251 253 254
253 255 255
253 255 255
255 254 255
255 254 255
255 255 255
255 254 255
255 254 255
255 255 254
255 255 255
255 255 255
255 255 255
255 255 255
255 255 255
255 255 255
255 255 255
255 255 255
255 255 255
255 255 255
255 255 255
255 255 255
255 255 255
255 255 255
255 255 255
255 255 255
255 255 255
255 255 255
255 255 255
255 255 255
255 255 255
255 255 255
255 255 255
255 255 255
255 255 255
255 255 255
255 255 255
255 255 255
255 255 255
255 255 255
255 255 255
255 255 255
255 255 255
255 255 255
255 255 255
254 254 254
252 252 252
250 250 250
249 249 249
249 249 249
255 255 255
255 255 255
255 255 255
255 255 255
255 255 255
255 255 255
255 255 255
255 255 255
252 252 252
252 252 252
255 255 255
255 255 255
255 255 255
255 255 255
255 255 255
255 255 255
255 255 255
255 255 255
254 254 254
254 254 254
254 254 254
255 255 255
255 255 255
255 255 255
255 255 255
255 255 255
255 255 255
255 255 255
255 255 255
255 255 255
255 255 255
255 255 255
255 255 255
255 255 255
255 255 255
255 255 255
255 255 255
255 255 255
255 255 255
255 255 255
255 255 255
255 255 255
255 255 255
255 255 255
255 255 255
255 255 255
255 255 255
255 255 255
255 255 255
255 255 255
255 255 255
255 255 255
255 255 255
255 255 255
255 255 255
255 255 255
255 255 255
255 255 255
255 255 255
255 255 255
255 255 255
255 255 255
255 255 255
255 255 255
255 255 255
255 255 255
255 255 255
255 255 255
255 255 255
255 255 255
255 255 255
255 255 255
255 255 255
255 255 255
255 253 255
255 254 255
255 254 255
255 255 255
255 255 255
255 255 254
253 255 254
253 255 254
253 255 254
251 255 255
251 255 255
249 252 255
248 252 255
250 253 255
250 252 255
246 248 255
253 246 249
255 253 255
252 252 255
248 253 255
145 155 165
169 185 198
131 151 168
79 104 124
83 110 131
77 103 127
65 91 115
48 69 96
45 64 91
78 93 119
100 113 139
91 102 129
95 110 129
102 117 136
107 122 141
103 118 137
90 104 123
74 88 107
65 77 95
60 72 90
58 68 86
57 64 83
48 56 73
39 46 63
37 44 61
38 45 62
31 35 53
17 21 39
28 36 49
24 35 49
23 37 56
26 44 67
32 56 86
38 68 103
42 78 116
41 81 123
24 66 109
24 66 111
13 56 99
9 52 91
20 62 99
23 64 97
23 61 93
30 68 98
24 60 90
30 66 96
39 73 102
50 81 106
62 91 112
84 110 127
110 135 151
130 153 168
156 179 194
139 162 177
170 193 208
174 199 215
141 168 188
169 198 219
141 172 195
51 82 105
0 65 110
4 66 112
17 77 123
18 74 121
15 66 116
17 64 115
33 76 127
38 78 130
18 59 108
31 74 123
40 86 133
42 93 136
38 93 136
36 97 137
39 104 143
39 104 142
58 121 172
46 108 156
75 133 175
92 142 178
92 134 163
107 140 160
151 177 191
234 252 255
244 255 255
248 255 255
251 255 254
253 255 254
253 255 254
253 255 255
253 255 255
253 255 255
165 192 219
20 46 76
19 47 77
33 62 93
22 53 86
44 74 109
52 84 119
54 84 119
0 19 53
11 39 70
60 84 112
86 108 133
149 168 189
169 185 202
225 240 255
238 251 255
255 255 251
254 254 248
254 253 249
255 255 252
255 255 254
253 255 255
253 255 255
253 255 255
253 255 255
253 255 255
255 254 255
255 254 255
255 255 255
255 254 255
255 254 255
255 254 255
255 255 255
255 255 255
255 255 255
255 255 255
255 255 255
255 255 255
255 255 255
255 255 255
255 255 255
255 255 255
255 255 255
255 255 255
255 255 255
255 255 255
255 255 255
255 255 255
255 255 255
255 255 255
255 255 255
255 255 255
255 255 255
255 255 255
255 255 255
255 255 255
255 255 255
255 255 255
255 255 255
255 255 255
255 255 255
255 255 255
255 255 255
255 255 255
255 255 255
254 254 254
254 254 254
253 253 253
253 253 253
252 252 252
251 251 251
251 251 251
255 255 255
255 255 255
255 255 255
255 255 255
255 255 255
255 255 255
255 255 255
255 255 255
252 252 252
252 252 252
255 255 255
255 255 255
255 255 255
255 255 255
255 255 255
255 255 255
255 255 255
255 255 255
254 254 254
254 254 254
254 254 254
254 254 254
255 255 255
255 255 255
255 255 255
255 255 255
255 255 255
255 255 255
255 255 255
255 255 255
255 255 255
255 255 255
255 255 255
255 255 255
255 255 255
255 255 255
255 255 255
255 255 255
255 255 255
255 255 255
255 255 255
255 255 255
255 255 255
255 255 255
255 255 255
255 255 255
255 255 255
255 255 255
255 255 255
255 255 255
255 255 255
255 255 255
255 255 255
255 255 255
255 255 255
255 255 255
255 255 255
255 255 255
255 255 255
255 255 255
255 255 255
255 255 255
255 255 255
255 255 255
255 255 255
255 255 255
255 255 255
255 255 255
255 255 255
255 255 255
255 255 255
255 255 255
255 255 255
255 255 255
255 253 255
255 254 255
255 254 255
255 255 255
255 255 255
255 255 254
253 255 254
253 255 254
253 255 254
249 254 253
245 249 250
250 253 255
250 254 255
250 253 255
244 246 255
244 246 255
252 248 254
255 253 255
250 252 255
202 208 219
153 165 177
130 146 162
165 187 205
97 121 141
37 61 83
44 68 92
35 59 83
10 30 55
17 35 58
77 91 114
120 132 156
117 127 151
116 131 150
109 124 143
95 110 129
75 90 109
59 73 92
53 67 86
59 71 89
65 77 95
58 68 86
57 67 85
52 60 77
43 51 68
41 48 65
41 48 65
34 41 58
24 31 48
27 36 50
30 40 57
31 45 64
32 50 73
30 54 84
32 60 95
33 69 107
36 74 116
22 64 107
25 68 111
16 59 102
8 51 90
13 55 92
14 55 88
18 57 89
31 69 99
28 66 98
27 65 97
29 63 92
30 63 89
35 66 89
46 73 93
58 84 101
66 91 107
110 135 151
102 127 143
122 147 163
145 171 188
151 178 198
173 202 223
190 221 244
128 159 182
21 78 123
6 62 109
20 74 121
15 67 114
20 69 117
18 65 116
41 86 137
34 79 130
39 85 133
33 81 129
29 79 125
25 78 121
30 86 127
42 101 141
49 111 149
53 115 153
58 114 161
86 141 184
84 135 175
103 148 181
115 152 178
138 168 185
211 233 244
239 255 255
246 255 255
250 255 255
253 255 254
255 255 254
255 255 254
255 255 255
253 255 255
253 255 255
223 245 255
95 119 143
31 54 80
46 70 98
22 48 78
28 56 87
52 80 114
34 62 96
24 52 83
0 23 53
25 49 77
56 78 103
131 150 171
160 177 196
210 226 242
237 252 255
255 254 250
255 255 252
255 255 252
255 255 254
255 255 254
253 255 255
253 255 255
253 255 255
253 255 255
255 254 255
255 254 255
255 254 255
255 255 255
255 255 255
255 254 255
255 254 255
255 255 255
255 255 255
255 255 255
255 255 255
255 255 255
255 255 255
255 255 255
255 255 255
255 255 255
255 255 255
255 255 255
255 255 255
255 255 255
255 255 255
255 255 255
255 255 255
255 255 255
255 255 255
255 255 255
255 255 255
255 255 255
255 255 255
255 255 255
255 255 255
255 255 255
255 255 255
255 255 255
255 255 255
255 255 255
255 255 255
255 255 255
255 255 255
251 251 251
251 251 251
252 252 252
253 253 253
253 253 253
254 254 254
254 254 254
255 255 255
254 254 254
254 254 254
254 254 254
254 254 254
254 254 254
254 254 254
254 254 254
254 254 254
253 253 253
253 253 253
254 254 254
254 254 254
254 254 254
254 254 254
254 254 254
254 254 254
254 254 254
254 254 254
253 253 253
253 253 253
254 254 254
254 254 254
254 254 254
255 255 255
255 255 255
255 255 255
254 254 254
254 254 254
254 254 254
254 254 254
254 254 254
254 254 254
254 254 254
254 254 254
254 254 254
254 254 254
254 254 254
254 254 254
254 254 254
254 254 254
254 254 254
254 254 254
254 254 254
254 254 254
254 254 254
254 254 254
254 254 254
254 254 254
254 254 254
254 254 254
254 254 254
254 254 254
254 254 254
254 254 254
254 254 254
254 254 254
254 254 254
254 254 254
255 255 255
255 255 255
255 255 255
255 255 255
255 255 255
255 255 255
255 255 255
255 255 255
255 255 255
255 255 255
255 255 255
255 255 255
255 255 255
255 255 255
255 255 255
255 255 255
255 253 255
255 254 255
255 254 255
255 255 255
255 255 255
255 255 254
253 255 254
253 255 254
253 255 254
248 253 252
246 250 251
251 254 255
250 254 255
249 252 255
247 249 255
250 252 255
253 252 255
232 233 243
217 221 232
167 175 188
145 158 172
83 101 118
149 171 189
122 146 166
61 85 107
21 45 67
0 17 39
12 30 53
72 86 108
146 159 181
188 199 219
186 195 215
173 188 207
173 188 207
172 187 206
164 179 198
145 159 177
109 123 141
70 82 100
43 55 73
56 66 84
49 59 77
46 53 72
47 54 73
44 52 69
36 43 60
32 39 56
33 40 57
23 32 46
29 39 56
34 48 67
31 48 74
23 47 75
20 48 82
20 53 92
22 60 102
19 61 104
26 68 111
18 62 103
9 52 91
11 53 90
10 51 84
15 54 86
30 69 101
38 76 110
32 70 104
26 64 96
23 57 86
20 53 79
20 51 74
18 47 68
18 45 65
57 83 100
77 103 120
83 109 126
109 136 156
175 204 225
163 194 217
167 198 221
183 214 239
72 118 165
31 77 124
24 70 117
25 73 121
29 77 125
26 74 122
37 86 136
30 79 129
38 90 137
27 79 126
30 82 128
34 87 130
39 93 134
44 99 138
44 99 136
56 111 148
75 124 164
76 124 160
103 146 179
97 134 162
139 170 191
219 242 255
237 254 255
244 255 255
249 254 255
252 255 253
254 255 253
255 254 253
255 254 254
254 254 254
254 253 255
254 253 255
234 251 255
230 247 255
69 88 109
13 34 56
41 65 89
32 57 83
19 43 71
51 78 105
32 59 86
4 28 56
20 43 69
65 87 112
96 117 138
140 157 176
165 183 200
230 246 255
241 242 240
255 255 254
255 255 254
252 255 253
253 255 255
252 254 254
252 254 254
253 255 255
255 254 255
255 254 255
255 254 255
255 255 255
255 255 255
255 255 255
255 254 255
255 254 255
255 255 255
255 255 255
255 255 255
255 255 255
255 255 255
255 255 255
255 255 255
255 255 255
255 255 255
255 255 255
255 255 255
255 255 255
255 255 255
255 255 255
255 255 255
255 255 255
255 255 255
255 255 255
255 255 255
255 255 255
255 255 255
255 255 255
255 255 255
255 255 255
255 255 255
255 255 255
255 255 255
255 255 255
255 255 255
255 255 255
255 255 255
255 255 255
249 249 249
249 249 249
250 250 250
252 252 252
254 254 254
255 255 255
255 255 255
255 255 255
253 253 253
253 253 253
253 253 253
253 253 253
253 253 253
253 253 253
253 253 253
253 253 253
254 254 254
254 254 254
254 254 254
254 254 254
254 254 254
254 254 254
254 254 254
254 254 254
254 254 254
254 254 254
253 253 253
253 253 253
253 253 253
254 254 254
254 254 254
254 254 254
255 255 255
255 255 255
254 254 254
254 254 254
254 254 254
254 254 254
254 254 254
254 254 254
254 254 254
254 254 254
254 254 254
254 254 254
254 254 254
254 254 254
254 254 254
254 254 254
254 254 254
254 254 254
254 254 254
254 254 254
254 254 254
254 254 254
254 254 254
254 254 254
254 254 254
254 254 254
254 254 254
254 254 254
254 254 254
254 254 254
254 254 254
254 254 254
254 254 254
254 254 254
255 255 255
255 255 255
255 255 255
255 255 255
255 255 255
255 255 255
255 255 255
255 255 255
255 255 255
255 255 255
255 255 255
255 255 255
255 255 255
255 255 255
255 255 255
255 255 255
255 253 255
255 254 255
255 254 255
255 255 255
255 255 255
255 255 254
253 255 254
253 255 254
251 254 252
250 255 254
251 255 255
251 254 255
249 253 255
248 251 255
250 252 255
250 252 255
238 242 253
197 203 216
166 174 187
171 181 198
115 129 147
80 97 116
84 105 126
110 134 154
108 131 153
40 64 84
22 41 62
69 86 105
114 128 147
135 145 163
151 159 176
165 172 189
127 143 160
120 136 153
113 129 146
108 122 140
104 118 136
95 109 127
85 97 115
76 88 106
60 72 90
46 56 74
41 51 69
47 57 75
40 47 66
18 25 44
14 21 40
26 33 52
22 32 49
29 41 59
36 51 70
35 52 78
25 49 77
17 45 79
13 47 83
14 50 90
16 56 98
24 66 108
20 62 104
13 56 95
15 57 94
13 53 88
14 55 88
29 68 100
25 65 100
23 63 98
24 62 96
24 62 94
27 61 90
26 59 85
23 54 77
21 50 71
25 54 75
39 68 89
76 105 126
97 126 147
154 185 208
172 203 226
168 199 224
162 193 218
124 159 203
64 100 146
26 65 110
39 81 128
33 79 126
28 77 125
19 71 118
20 74 121
26 82 129
23 80 125
36 91 134
28 82 123
29 81 121
45 97 134
56 106 142
76 126 162
78 117 149
107 143 173
114 147 173
169 198 219
213 236 252
229 245 255
243 255 255
246 254 254
252 254 254
254 255 253
255 254 253
255 254 253
255 254 254
255 253 255
254 253 255
254 253 255
233 245 255
239 252 255
236 251 255
132 148 165
10 27 46
19 38 59
15 36 58
23 45 70
54 78 102
22 46 70
11 33 58
34 57 79
56 77 99
108 127 148
109 129 147
142 159 178
217 222 221
249 251 251
253 255 255
251 253 253
253 255 255
252 254 254
250 252 252
255 255 255
255 255 255
255 255 255
255 255 255
255 255 255
255 255 255
255 255 255
255 255 255
255 255 255
255 255 255
255 255 255
255 255 255
255 255 255
255 255 255
255 255 255
255 255 255
255 255 255
255 255 255
255 255 255
255 255 255
255 255 255
255 255 255
255 255 255
255 255 255
255 255 255
255 255 255
255 255 255
255 255 255
255 255 255
255 255 255
255 255 255
255 255 255
255 255 255
255 255 255
255 255 255
255 255 255
255 255 255
255 255 255
255 255 255
255 255 255
255 255 255
249 249 249
249 249 249
250 250 250
252 252 252
254 254 254
255 255 255
255 255 255
255 255 255
252 252 252
252 252 252
252 252 252
252 252 252
252 252 252
252 252 252
252 252 252
252 252 252
254 254 254
254 254 254
253 253 253
253 253 253
253 253 253
253 253 253
253 253 253
253 253 253
253 253 253
253 253 253
252 252 252
252 252 252
253 253 253
253 253 253
254 254 254
254 254 254
254 254 254
254 254 254
253 253 253
253 253 253
253 253 253
253 253 253
253 253 253
253 253 253
253 253 253
253 253 253
253 253 253
253 253 253
253 253 253
253 253 253
253 253 253
253 253 253
253 253 253
253 253 253
253 253 253
253 253 253
253 253 253
253 253 253
253 253 253
253 253 253
253 253 253
253 253 253
253 253 253
253 253 253
253 253 253
253 253 253
253 253 253
253 253 253
253 253 253
253 253 253
255 255 255
255 255 255
255 255 255
255 255 255
255 255 255
255 255 255
255 255 255
255 255 255
255 255 255
255 255 255
255 255 255
255 255 255
255 255 255
255 255 255
255 255 255
255 255 255
255 253 255
255 254 255
255 254 255
255 255 255
255 255 255
255 255 254
253 255 254
253 255 254
253 255 254
250 255 254
251 255 255
251 254 255
241 245 250
250 253 255
250 252 255
243 245 255
193 200 215
160 168 185
140 150 167
138 152 170
95 110 129
75 94 115
46 67 88
73 94 115
100 121 142
94 113 134
106 123 142
119 133 151
105 118 134
92 101 115
87 95 108
86 92 105
82 98 115
92 108 125
103 119 136
106 120 138
97 111 129
84 98 116
73 87 105
70 82 100
64 76 94
50 62 80
46 56 74
45 55 73
29 39 57
4 14 32
0 8 26
8 18 36
29 39 56
34 46 64
40 54 76
39 59 84
35 57 85
24 52 86
17 49 85
11 47 87
13 51 93
21 61 103
19 61 103
18 61 100
25 67 104
21 63 98
18 59 92
25 66 99
15 57 94
21 63 100
30 70 105
37 75 109
37 75 107
37 71 100
35 68 94
35 66 91
24 55 80
20 51 74
60 91 114
96 127 150
140 171 194
159 190 215
149 180 205
138 169 194
133 157 199
85 110 154
31 62 107
38 75 119
33 75 120
32 81 127
18 72 119
31 90 136
36 96 142
29 88 133
36 94 136
23 78 117
35 87 124
69 115 149
65 110 143
70 113 146
108 136 160
142 169 190
213 237 255
231 252 255
239 253 255
244 254 255
239 244 247
244 246 246
255 253 252
255 254 250
255 253 250
255 253 252
255 252 253
255 252 254
255 252 254
255 251 255
246 254 255
226 234 241
226 235 244
243 253 255
211 225 237
115 130 146
28 44 61
12 32 50
45 64 85
28 49 71
28 49 71
35 56 78
84 105 127
131 152 174
142 163 185
136 157 178
190 195 196
236 241 242
251 255 255
249 253 254
251 255 255
252 254 254
247 249 249
255 255 255
255 255 255
255 255 255
255 255 255
255 255 255
255 255 255
255 254 255
255 254 255
255 254 255
255 255 255
255 255 255
255 255 255
255 255 255
255 255 255
255 255 255
255 255 255
255 255 255
255 255 255
255 255 255
255 255 255
255 255 255
255 255 255
255 255 255
255 255 255
255 255 255
255 255 255
255 255 255
255 255 255
255 255 255
255 255 255
255 255 255
255 255 255
255 255 255
255 255 255
255 255 255
255 255 255
255 255 255
255 255 255
255 255 255
255 255 255
255 255 255
251 251 251
251 251 251
252 252 252
253 253 253
253 253 253
254 254 254
254 254 254
255 255 255
252 252 252
252 252 252
252 252 252
252 252 252
252 252 252
252 252 252
252 252 252
252 252 252
255 255 255
255 255 255
252 252 252
252 252 252
252 252 252
252 252 252
252 252 252
252 252 252
252 252 252
252 252 252
252 252 252
252 252 252
252 252 252
253 253 253
253 253 253
254 254 254
254 254 254
254 254 254
253 253 253
253 253 253
253 253 253
253 253 253
253 253 253
253 253 253
253 253 253
253 253 253
253 253 253
253 253 253
253 253 253
253 253 253
253 253 253
253 253 253
253 253 253
253 253 253
252 252 252
252 252 252
252 252 252
252 252 252
252 252 252
252 252 252
252 252 252
252 252 252
253 253 253
253 253 253
253 253 253
253 253 253
253 253 253
253 253 253
253 253 253
253 253 253
255 255 255
255 255 255
255 255 255
255 255 255
255 255 255
255 255 255
255 255 255
255 255 255
255 255 255
255 255 255
255 255 255
255 255 255
255 255 255
255 255 255
255 255 255
255 255 255
255 253 255
255 254 255
255 254 255
255 255 255
255 255 255
255 255 254
253 255 254
253 255 254
253 255 254
248 253 252
251 255 255
251 254 255
238 242 247
250 253 255
247 249 255
194 196 206
148 160 178
133 145 163
119 133 152
95 110 129
80 97 118
68 86 109
40 61 83
40 61 83
81 100 121
101 118 137
116 132 149
110 123 139
108 117 131
122 130 143
116 122 133
84 89 98
49 64 80
60 75 91
74 89 105
80 95 111
77 92 108
69 83 101
64 78 96
62 76 94
52 64 82
54 66 84
50 62 80
35 46 66
19 30 50
9 20 40
4 15 35
3 14 34
28 40 58
30 44 63
36 50 72
38 58 83
39 61 89
30 58 89
16 48 83
5 41 79
9 48 87
17 58 97
20 61 100
24 67 106
37 79 116
33 75 110
21 63 98
23 64 97
14 57 96
26 69 108
41 83 120
47 87 122
43 81 115
35 73 105
33 69 99
35 69 98
33 66 92
29 62 88
38 69 94
97 128 153
120 151 176
98 129 154
98 129 154
132 163 188
134 149 188
115 131 173
66 88 130
35 67 110
34 73 117
31 80 124
29 84 129
47 108 152
39 100 144
22 84 125
45 104 143
55 108 145
68 114 148
77 118 150
63 101 131
84 118 148
182 201 216
229 245 255
237 253 255
241 251 255
235 243 250
241 246 249
253 255 255
255 253 252
255 253 250
255 253 250
255 253 250
255 253 252
255 252 253
255 252 254
255 252 254
255 251 255
238 243 242
251 255 255
250 255 255
248 254 255
246 254 255
243 253 255
218 230 242
111 126 142
20 36 53
16 33 52
21 40 61
61 82 104
101 122 144
124 146 171
152 174 199
166 188 213
162 171 175
224 230 235
248 255 255
248 253 255
251 255 255
253 255 255
247 247 247
255 255 255
255 255 254
255 255 254
255 255 255
255 255 255
255 255 255
255 254 255
255 254 255
255 254 255
255 255 255
255 255 255
255 255 255
255 255 255
255 255 255
255 255 255
255 255 255
255 255 255
255 255 255
255 255 255
255 255 255
255 255 255
255 255 255
255 255 255
255 255 255
255 255 255
255 255 255
255 255 255
255 255 255
255 255 255
255 255 255
255 255 255
255 255 255
255 255 255
255 255 255
255 255 255
255 255 255
255 255 255
255 255 255
255 255 255
255 255 255
255 255 255
255 255 255
254 254 254
254 254 254
253 253 253
253 253 253
252 252 252
251 251 251
251 251 251
251 251 251
251 251 251
251 251 251
251 251 251
251 251 251
251 251 251
251 251 251
251 251 251
255 255 255
255 255 255
252 252 252
252 252 252
252 252 252
252 252 252
252 252 252
252 252 252
252 252 252
252 252 252
252 252 252
252 252 252
252 252 252
253 253 253
253 253 253
253 253 253
254 254 254
254 254 254
253 253 253
253 253 253
253 253 253
253 253 253
253 253 253
253 253 253
253 253 253
253 253 253
253 253 253
253 253 253
253 253 253
253 253 253
253 253 253
253 253 253
253 253 253
253 253 253
252 252 252
252 252 252
252 252 252
252 252 252
252 252 252
252 252 252
252 252 252
252 252 252
253 253 253
253 253 253
253 253 253
253 253 253
253 253 253
253 253 253
253 253 253
253 253 253
255 255 255
255 255 255
255 255 255
255 255 255
255 255 255
255 255 255
255 255 255
255 255 255
255 255 255
255 255 255
255 255 255
255 255 255
255 255 255
255 255 255
255 255 255
255 255 255
255 253 255
255 254 255
255 254 255
255 255 255
255 255 255
255 255 254
253 255 254
253 255 254
253 255 254
246 251 250
251 255 255
251 254 255
238 242 247
250 253 255
236 238 248
153 155 165
111 126 145
127 142 161
85 102 123
96 113 134
60 78 101
81 99 122
32 50 73
26 44 67
64 81 102
70 85 104
85 99 117
89 100 114
78 87 100
89 96 105
115 121 128
127 133 140
101 116 132
89 104 120
72 87 103
59 74 90
52 67 83
48 63 79
42 56 74
37 51 69
30 44 62
50 64 82
50 64 83
25 39 58
13 27 46
21 35 54
21 35 54
8 22 41
21 35 54
23 37 56
26 43 64
32 52 77
37 59 87
28 56 87
13 43 78
0 31 67
8 45 83
16 55 94
18 59 98
29 70 109
44 88 125
42 84 121
25 67 102
20 62 97
8 52 93
25 69 110
44 87 126
50 92 129
41 83 120
34 74 109
33 71 105
37 75 107
34 70 100
38 72 101
37 70 96
102 133 158
71 102 127
37 68 91
79 110 133
113 144 167
157 163 198
161 170 207
114 132 169
42 68 108
37 73 113
24 69 112
29 83 124
43 103 145
53 115 155
21 83 121
49 104 141
62 110 144
48 89 121
44 78 107
84 113 140
184 211 237
243 254 255
239 248 255
240 248 255
246 250 255
248 252 253
250 250 250
251 247 246
255 255 252
255 253 250
255 253 250
255 253 250
255 252 252
255 252 253
255 252 253
255 252 254
255 252 254
255 255 252
237 238 234
255 255 254
237 239 239
243 248 249
236 242 247
232 241 250
241 253 255
214 227 241
110 126 143
2 19 38
66 87 108
105 128 150
137 159 184
142 165 191
164 187 213
145 154 163
213 223 230
246 254 255
246 252 255
250 255 255
253 255 255
245 245 245
255 255 254
255 255 254
255 255 254
255 255 254
255 255 255
255 255 255
255 254 255
255 254 255
255 254 255
255 255 255
255 255 255
255 255 255
255 255 255
255 255 255
255 255 255
255 255 255
255 255 255
255 255 255
255 255 255
255 255 255
255 255 255
255 255 255
255 255 255
255 255 255
255 255 255
255 255 255
255 255 255
255 255 255
255 255 255
255 255 255
255 255 255
255 255 255
255 255 255
255 255 255
255 255 255
255 255 255
255 255 255
255 255 255
255 255 255
255 255 255
255 255 255
255 255 255
255 255 255
255 255 255
254 254 254
252 252 252
250 250 250
249 249 249
249 249 249
250 250 250
250 250 250
250 250 250
250 250 250
250 250 250
250 250 250
250 250 250
250 250 250
255 255 255
255 255 255
253 253 253
253 253 253
252 252 252
252 252 252
252 252 252
251 251 251
251 251 251
251 251 251
253 253 253
253 253 253
252 252 252
252 252 252
252 252 252
251 251 251
251 251 251
251 251 251
255 255 255
255 255 255
254 254 254
253 253 253
251 251 251
249 249 249
248 248 248
247 247 247
252 252 252
252 252 252
252 252 252
252 252 252
252 252 252
252 252 252
252 252 252
252 252 252
252 252 252
252 252 252
252 252 252
252 252 252
252 252 252
252 252 252
252 252 252
252 252 252
252 252 252
252 252 252
252 252 252
253 253 253
253 253 253
253 253 253
254 254 254
254 254 254
255 255 255
255 255 255
255 255 255
255 255 255
255 255 255
255 255 255
255 255 255
255 255 255
255 255 255
255 255 255
255 255 255
255 255 255
255 255 255
255 255 255
255 255 255
255 255 255
255 253 255
255 254 255
255 254 255
255 255 255
255 255 255
255 255 254
253 255 254
253 255 254
252 255 253
251 255 255
249 253 254
243 246 250
245 249 254
245 248 255
216 218 228
113 115 125
84 101 122
87 104 125
62 81 102
64 82 105
78 96 119
96 114 137
102 120 143
59 75 98
5 22 43
59 73 92
103 116 132
90 101 115
90 99 109
82 89 98
86 92 99
76 82 87
47 63 76
76 92 105
73 89 102
69 85 98
50 65 81
22 37 53
28 43 59
34 48 66
36 50 68
36 50 69
57 71 90
55 69 88
7 20 42
44 57 79
16 29 51
5 18 40
16 30 49
24 38 60
31 47 70
33 53 78
39 61 89
40 66 96
29 57 91
12 44 79
0 36 72
11 50 88
14 56 93
12 53 92
24 68 105
46 90 127
44 88 125
24 68 105
19 63 104
39 83 124
48 92 133
32 75 114
14 56 93
16 58 95
39 79 114
61 99 133
61 99 131
53 89 119
47 80 106
89 120 145
89 120 143
29 60 83
33 62 83
71 100 121
140 142 172
142 147 178
160 173 205
120 142 177
49 81 117
37 80 119
55 106 146
63 118 157
44 101 140
60 115 152
70 121 154
57 101 132
56 91 117
67 95 119
210 233 255
231 250 255
248 251 255
248 251 255
250 252 253
252 251 253
254 252 252
255 252 251
255 252 249
255 252 249
255 253 248
255 252 249
255 252 249
255 251 251
255 252 251
255 251 252
255 251 253
255 251 253
255 254 246
255 253 248
254 254 248
252 253 249
250 253 251
248 252 253
245 251 255
241 251 255
241 253 255
234 250 255
177 193 210
88 107 128
129 151 176
130 153 179
154 178 206
152 176 204
172 184 194
201 213 223
239 248 255
246 254 255
246 251 254
249 253 254
255 255 255
252 250 249
255 255 252
255 255 252
255 255 254
255 254 255
255 255 255
255 254 255
255 254 255
255 254 255
255 255 255
255 255 255
255 255 255
255 255 255
255 255 255
255 255 255
255 255 255
255 255 255
255 255 255
255 255 255
255 255 255
255 255 255
255 255 255
255 255 255
255 255 255
255 255 255
255 255 255
255 255 255
255 255 255
255 255 255
255 255 255
255 255 255
255 255 255
255 255 255
255 255 255
255 255 255
255 255 255
254 254 254
254 254 254
253 253 253
252 252 252
252 252 252
255 255 255
255 255 255
254 254 254
253 253 253
252 252 252
252 252 252
251 251 251
251 251 251
255 255 255
250 250 250
246 246 246
248 248 248
253 253 253
255 255 255
251 251 251
245 245 245
255 255 255
255 255 255
253 253 253
253 253 253
252 252 252
252 252 252
252 252 252
251 251 251
251 251 251
251 251 251
253 253 253
253 253 253
252 252 252
252 252 252
252 252 252
251 251 251
251 251 251
251 251 251
254 254 254
253 253 253
253 253 253
252 252 252
251 251 251
251 251 251
250 250 250
250 250 250
252 252 252
252 252 252
252 252 252
252 252 252
252 252 252
252 252 252
252 252 252
252 252 252
252 252 252
252 252 252
252 252 252
252 252 252
252 252 252
252 252 252
252 252 252
252 252 252
252 252 252
252 252 252
252 252 252
253 253 253
253 253 253
253 253 253
254 254 254
254 254 254
255 255 255
255 255 255
255 255 255
255 255 255
255 255 255
255 255 255
255 255 255
255 255 255
255 255 255
255 255 255
255 255 255
255 255 255
255 255 255
255 255 255
255 255 255
255 255 255
255 253 255
255 254 255
255 254 255
255 255 255
255 255 255
255 255 254
253 255 254
253 255 254
252 255 253
251 255 255
248 252 253
246 249 253
246 250 255
247 250 255
192 194 204
110 112 122
106 125 146
84 103 124
70 89 110
80 98 121
113 131 154
124 142 165
87 103 126
48 64 87
30 44 66
37 51 70
65 78 94
88 99 113
81 90 100
80 87 96
68 76 83
45 51 56
56 72 84
67 83 95
56 72 85
61 77 90
73 89 102
71 86 102
61 76 92
30 44 62
32 48 65
20 35 54
57 72 91
52 66 88
15 29 51
0 5 27
2 16 39
14 28 51
19 33 55
25 41 64
29 47 70
31 51 76
34 56 84
33 59 89
21 50 81
3 35 70
10 44 80
18 56 91
17 56 94
9 51 88
16 59 98
32 75 114
26 71 109
8 53 91
5 49 90
22 66 107
29 73 114
22 65 104
21 64 103
35 77 114
45 87 124
48 88 123
54 92 124
46 82 112
43 77 106
60 91 116
80 111 134
68 97 118
40 67 87
40 66 83
108 108 132
130 134 159
160 171 198
160 178 207
111 140 171
69 107 141
59 103 140
52 102 138
56 106 142
66 114 148
71 115 146
67 104 130
81 110 131
216 238 255
236 252 255
239 252 255
252 252 252
252 252 252
254 252 252
254 252 251
255 252 251
255 252 249
255 252 249
255 252 249
255 252 249
255 252 249
255 252 249
255 252 251
255 252 251
255 251 252
255 251 252
255 251 252
255 254 246
255 254 246
255 253 248
255 253 248
252 253 249
250 252 252
248 252 253
245 251 255
227 236 245
234 248 255
218 234 250
77 96 117
108 130 155
116 139 165
129 153 181
134 160 190
163 179 192
192 206 218
241 253 255
244 253 255
247 253 255
249 253 254
255 255 255
253 252 248
255 255 252
255 255 252
255 255 252
255 255 254
255 255 255
255 254 255
255 254 255
253 253 255
255 255 255
255 255 255
255 255 255
255 255 255
255 255 255
255 255 255
255 255 255
255 255 255
255 255 255
255 255 255
255 255 255
255 255 255
255 255 255
255 255 255
255 255 255
255 255 255
255 255 255
255 255 255
255 255 255
255 255 255
255 255 255
255 255 255
255 255 255
255 255 255
255 255 255
255 255 255
255 255 255
254 254 254
254 254 254
253 253 253
252 252 252
252 252 252
255 255 255
255 255 255
254 254 254
253 253 253
253 253 253
252 252 252
251 251 251
251 251 251
255 255 255
251 251 251
247 247 247
248 248 248
253 253 253
255 255 255
251 251 251
246 246 246
253 253 253
253 253 253
253 253 253
253 253 253
252 252 252
252 252 252
252 252 252
251 251 251
251 251 251
251 251 251
253 253 253
253 253 253
252 252 252
252 252 252
252 252 252
251 251 251
251 251 251
251 251 251
250 250 250
250 250 250
251 251 251
251 251 251
252 252 252
253 253 253
253 253 253
254 254 254
252 252 252
252 252 252
252 252 252
252 252 252
252 252 252
252 252 252
252 252 252
252 252 252
252 252 252
252 252 252
252 252 252
252 252 252
252 252 252
252 252 252
252 252 252
252 252 252
252 252 252
252 252 252
252 252 252
253 253 253
253 253 253
253 253 253
254 254 254
254 254 254
255 255 255
255 255 255
255 255 255
255 255 255
255 255 255
255 255 255
255 255 255
255 255 255
255 255 255
255 255 255
255 255 255
255 255 255
255 255 255
255 255 255
255 255 255
255 255 255
255 253 255
255 254 255
255 254 255
255 255 255
255 255 255
255 255 254
253 255 254
253 255 254
252 255 253
251 255 255
246 250 251
251 254 255
248 252 255
250 253 255
154 156 166
107 109 119
72 92 110
87 106 127
99 118 139
112 131 152
96 112 135
64 80 103
71 87 110
94 108 131
64 77 99
32 43 63
38 50 68
82 93 107
65 74 87
68 77 86
52 62 69
27 37 44
39 53 65
56 70 82
63 77 89
66 82 94
62 78 91
59 75 88
58 73 89
37 53 70
9 25 42
36 51 70
69 86 107
50 67 88
12 28 51
10 26 49
13 29 52
0 12 35
13 29 52
20 36 59
23 40 66
25 44 71
28 51 77
31 55 85
19 47 78
3 34 67
15 50 84
22 58 94
20 59 97
12 54 91
15 58 97
26 71 109
23 68 106
9 54 92
15 58 97
32 75 114
37 80 119
27 70 109
30 73 112
45 88 127
48 90 127
36 76 111
25 63 97
31 67 97
58 91 117
67 98 121
96 125 146
105 131 148
46 71 87
14 39 55
61 61 77
94 98 116
105 114 134
135 151 174
150 175 201
124 155 186
95 133 165
62 103 136
59 100 133
53 93 122
46 81 107
103 132 153
209 229 246
237 253 255
236 246 255
223 230 239
255 252 251
255 252 251
255 252 251
255 252 251
255 252 251
255 252 249
255 252 249
255 252 249
255 252 249
255 252 249
255 252 249
255 252 251
255 252 251
255 252 251
255 252 251
255 252 251
255 254 246
255 254 246
255 253 248
255 253 248
254 253 249
252 253 251
250 252 252
247 252 255
242 250 255
235 247 255
173 188 204
116 133 152
146 169 191
155 180 206
105 131 161
97 125 155
154 170 187
177 193 209
239 253 255
243 253 255
248 254 255
248 252 253
254 255 253
255 253 249
255 255 251
255 255 251
255 255 252
255 255 254
255 255 255
255 254 255
253 253 255
253 253 255
255 255 255
255 255 255
255 255 255
255 255 255
255 255 255
255 255 255
255 255 255
255 255 255
255 255 255
255 255 255
255 255 255
255 255 255
255 255 255
255 255 255
255 255 255
255 255 255
255 255 255
255 255 255
255 255 255
255 255 255
255 255 255
255 255 255
255 255 255
255 255 255
255 255 255
255 255 255
255 255 255
254 254 254
254 254 254
253 253 253
252 252 252
252 252 252
255 255 255
255 255 255
254 254 254
254 254 254
253 253 253
252 252 252
252 252 252
251 251 251
255 255 255
251 251 251
249 249 249
250 250 250
253 253 253
254 254 254
251 251 251
247 247 247
251 251 251
251 251 251
253 253 253
253 253 253
252 252 252
252 252 252
252 252 252
251 251 251
251 251 251
251 251 251
253 253 253
253 253 253
252 252 252
252 252 252
252 252 252
251 251 251
251 251 251
251 251 251
247 247 247
248 248 248
249 249 249
251 251 251
253 253 253
254 254 254
255 255 255
255 255 255
252 252 252
252 252 252
252 252 252
252 252 252
252 252 252
252 252 252
252 252 252
252 252 252
252 252 252
252 252 252
252 252 252
252 252 252
252 252 252
252 252 252
252 252 252
252 252 252
252 252 252
252 252 252
252 252 252
253 253 253
253 253 253
253 253 253
254 254 254
254 254 254
255 255 255
255 255 255
255 255 255
255 255 255
255 255 255
255 255 255
255 255 255
255 255 255
255 255 255
255 255 255
255 255 255
255 255 255
255 255 255
255 255 255
255 255 255
255 255 255
255 253 255
255 254 255
255 254 255
255 255 255
255 255 255
255 255 254
253 255 254
253 255 254
252 255 253
249 254 253
246 250 251
251 254 255
250 254 255
250 253 255
118 120 130
102 104 114
69 89 106
85 105 123
79 99 117
100 117 138
63 80 101
37 51 74
101 115 138
118 130 154
84 97 119
53 64 84
44 56 74
68 78 95
56 68 80
50 62 72
43 54 62
38 49 57
50 65 74
43 58 67
41 55 67
44 60 72
46 62 75
49 65 78
49 65 81
39 55 72
36 52 69
29 46 65
68 85 106
40 57 78
21 39 62
10 28 51
12 29 55
14 31 57
5 20 46
10 27 53
16 33 59
19 38 65
26 49 75
31 55 83
22 50 80
10 39 70
13 46 79
18 55 89
21 59 94
17 59 96
23 66 105
35 80 118
36 82 123
30 76 117
19 62 101
40 83 122
45 88 127
30 73 112
28 71 110
45 88 127
52 94 131
42 82 117
52 90 124
53 89 119
67 100 126
65 96 119
68 95 115
70 95 111
52 75 90
55 77 89
51 56 65
119 125 136
108 119 133
106 122 139
120 141 163
116 141 167
133 161 191
128 159 190
117 147 176
52 81 108
210 234 255
225 245 255
239 253 255
227 235 242
247 252 255
251 255 255
255 252 251
255 252 251
255 252 251
255 252 251
255 252 251
255 252 251
255 252 251
255 252 251
255 252 251
255 252 251
255 253 249
255 253 249
255 253 249
255 253 249
255 253 249
255 253 249
255 253 248
255 253 248
254 254 248
254 253 249
254 253 249
252 253 251
250 252 252
247 252 253
229 238 242
243 253 255
151 167 180
161 178 197
155 178 200
129 154 180
88 114 144
95 123 154
138 158 176
161 179 196
237 252 255
241 253 255
246 254 255
248 252 253
250 251 249
255 254 250
255 255 251
255 255 251
255 255 252
255 255 254
255 255 255
255 254 255
253 253 255
251 254 255
255 255 255
255 255 255
255 255 255
255 255 255
255 255 255
255 255 255
255 255 255
255 255 255
255 255 255
255 255 255
255 255 255
255 255 255
255 255 255
255 255 255
255 255 255
255 255 255
255 255 255
255 255 255
255 255 255
255 255 255
255 255 255
255 255 255
255 255 255
255 255 255
255 255 255
255 255 255
255 255 255
254 254 254
254 254 254
253 253 253
252 252 252
252 252 252
255 255 255
255 255 255
255 255 255
254 254 254
253 253 253
253 253 253
252 252 252
252 252 252
253 253 253
252 252 252
251 251 251
251 251 251
252 252 252
252 252 252
251 251 251
250 250 250
250 250 250
250 250 250
253 253 253
253 253 253
252 252 252
252 252 252
252 252 252
251 251 251
251 251 251
251 251 251
253 253 253
253 253 253
252 252 252
252 252 252
252 252 252
251 251 251
251 251 251
251 251 251
247 247 247
248 248 248
249 249 249
251 251 251
253 253 253
254 254 254
255 255 255
255 255 255
252 252 252
252 252 252
252 252 252
252 252 252
252 252 252
252 252 252
252 252 252
252 252 252
252 252 252
252 252 252
252 252 252
252 252 252
252 252 252
252 252 252
252 252 252
252 252 252
252 252 252
252 252 252
252 252 252
253 253 253
253 253 253
253 253 253
254 254 254
254 254 254
255 255 255
255 255 255
255 255 255
255 255 255
255 255 255
255 255 255
255 255 255
255 255 255
255 255 255
255 255 255
255 255 255
255 255 255
255 255 255
255 255 255
255 255 255
255 255 255
255 253 255
255 254 255
255 254 255
255 255 255
255 255 255
255 255 254
253 255 254
253 255 254
252 255 253
250 255 254
246 250 251
251 254 255
250 254 255
250 253 255
98 100 110
97 99 109
90 109 124
81 99 116
78 96 113
59 74 93
34 48 70
79 92 114
129 141 165
105 117 141
82 93 115
72 83 105
56 67 87
45 58 74
62 75 89
44 58 70
31 46 55
34 49 58
49 64 73
49 64 73
46 61 70
35 49 61
34 50 62
46 62 75
49 65 81
49 65 82
16 34 51
33 50 69
105 124 145
33 51 74
45 63 86
46 66 91
33 53 78
1 21 46
9 26 52
15 32 58
17 37 62
17 38 65
24 47 73
29 53 81
23 49 79
9 38 69
8 41 74
13 48 82
17 55 90
18 60 97
24 67 106
36 80 121
42 88 129
42 90 132
41 83 120
51 93 130
47 89 126
27 70 109
24 67 106
39 82 121
47 89 126
41 81 116
47 85 117
68 102 131
77 108 133
80 109 130
55 80 96
26 49 64
40 60 71
49 68 76
25 35 35
76 88 90
45 58 66
26 42 54
35 53 70
41 62 84
83 104 131
104 125 152
146 167 194
143 160 186
236 251 255
241 252 255
227 234 243
251 255 255
243 244 242
246 245 241
254 252 251
254 252 251
254 252 251
254 252 252
252 252 252
252 252 252
252 252 252
252 252 252
252 253 251
252 253 251
254 252 251
254 253 249
254 253 249
254 253 249
255 253 248
255 253 248
252 253 251
252 253 251
252 253 249
252 253 249
252 253 249
252 253 251
250 252 252
248 252 253
243 249 254
236 247 255
149 162 176
132 149 168
124 145 167
107 132 158
48 74 104
53 81 112
122 143 164
146 166 184
223 239 255
241 253 255
246 254 255
249 252 255
251 252 250
255 255 251
255 255 251
255 255 251
255 255 252
255 255 254
255 255 255
255 254 255
253 253 255
251 253 255
255 255 255
255 255 255
255 255 255
255 255 255
255 255 255
255 255 255
255 255 255
255 255 255
255 255 255
255 255 255
255 255 255
255 255 255
255 255 255
255 255 255
255 255 255
255 255 255
255 255 255
255 255 255
255 255 255
255 255 255
255 255 255
255 255 255
255 255 255
255 255 255
255 255 255
255 255 255
255 255 255
254 254 254
254 254 254
253 253 253
252 252 252
252 252 252
255 255 255
255 255 255
255 255 255
255 255 255
254 254 254
253 253 253
252 252 252
252 252 252
252 252 252
253 253 253
254 254 254
253 253 253
251 251 251
250 250 250
251 251 251
252 252 252
250 250 250
250 250 250
253 253 253
253 253 253
252 252 252
252 252 252
252 252 252
251 251 251
251 251 251
251 251 251
253 253 253
253 253 253
252 252 252
252 252 252
252 252 252
251 251 251
251 251 251
251 251 251
250 250 250
250 250 250
251 251 251
251 251 251
252 252 252
253 253 253
253 253 253
254 254 254
252 252 252
252 252 252
252 252 252
252 252 252
252 252 252
252 252 252
252 252 252
252 252 252
252 252 252
252 252 252
252 252 252
252 252 252
252 252 252
252 252 252
252 252 252
252 252 252
252 252 252
252 252 252
252 252 252
253 253 253
253 253 253
253 253 253
254 254 254
254 254 254
255 255 255
255 255 255
255 255 255
255 255 255
255 255 255
255 255 255
255 255 255
255 255 255
255 255 255
255 255 255
255 255 255
255 255 255
255 255 255
255 255 255
255 255 255
255 255 255
255 253 255
255 254 255
255 254 255
255 255 255
255 255 255
255 255 254
253 255 254
253 255 254
251 254 252
251 255 255
249 253 254
251 254 255
250 254 255
250 253 255
95 97 107
92 94 104
75 94 107
65 84 99
96 112 128
24 40 57
18 32 51
115 128 150
109 120 142
81 92 114
72 83 105
74 85 107
50 61 81
27 39 57
64 79 95
49 65 78
24 40 52
16 32 44
19 35 42
55 70 79
70 85 94
46 61 70
37 53 65
40 56 69
31 47 63
39 55 72
12 30 47
153 170 189
232 251 255
139 157 180
20 40 65
41 61 86
24 44 69
24 43 70
28 45 72
29 48 75
28 47 74
23 44 71
25 46 73
28 50 78
17 44 71
3 31 61
10 41 72
11 46 79
15 53 88
15 57 94
18 61 100
23 69 110
31 79 121
39 87 129
60 100 135
53 93 128
40 82 119
34 76 113
41 83 120
53 95 132
56 98 135
52 92 127
40 78 110
54 88 117
38 69 94
28 55 75
3 26 41
2 22 33
52 71 79
65 83 90
32 47 43
32 46 44
3 18 20
11 27 34
23 39 52
17 32 51
39 53 76
55 66 93
55 65 89
118 126 149
183 190 207
250 252 255
246 247 251
254 252 251
255 255 248
255 255 248
252 252 252
252 252 252
252 252 252
250 252 252
250 252 253
250 252 253
250 252 253
250 252 252
250 252 252
250 252 252
250 253 251
252 253 249
254 253 249
254 254 248
254 254 248
254 255 246
250 252 252
250 252 252
250 252 252
250 253 251
252 253 251
250 253 251
250 252 252
248 252 253
240 246 251
203 212 221
181 194 208
162 180 197
95 116 138
119 142 168
0 2 32
42 70 101
106 129 151
135 156 177
190 208 225
239 252 255
244 253 255
250 253 255
255 255 254
255 255 251
255 255 249
255 255 249
255 255 251
255 255 254
255 255 255
253 254 255
251 254 255
251 253 255
255 255 255
255 255 255
255 255 255
255 255 255
255 255 255
255 255 255
255 255 255
255 255 255
255 255 255
255 255 255
255 255 255
255 255 255
255 255 255
255 255 255
255 255 255
255 255 255
255 255 255
255 255 255
255 255 255
255 255 255
255 255 255
255 255 255
255 255 255
255 255 255
255 255 255
255 255 255
255 255 255
254 254 254
254 254 254
253 253 253
252 252 252
252 252 252
255 255 255
255 255 255
255 255 255
255 255 255
254 254 254
254 254 254
253 253 253
253 253 253
251 251 251
254 254 254
255 255 255
254 254 254
250 250 250
249 249 249
251 251 251
254 254 254
252 252 252
252 252 252
253 253 253
253 253 253
252 252 252
252 252 252
252 252 252
251 251 251
251 251 251
251 251 251
253 253 253
253 253 253
252 252 252
252 252 252
252 252 252
251 251 251
251 251 251
251 251 251
254 254 254
253 253 253
253 253 253
252 252 252
251 251 251
251 251 251
250 250 250
250 250 250
252 252 252
252 252 252
252 252 252
252 252 252
252 252 252
252 252 252
252 252 252
252 252 252
252 252 252
252 252 252
252 252 252
252 252 252
252 252 252
252 252 252
252 252 252
252 252 252
252 252 252
252 252 252
252 252 252
253 253 253
253 253 253
253 253 253
254 254 254
254 254 254
255 255 255
255 255 255
255 255 255
255 255 255
255 255 255
255 255 255
255 255 255
255 255 255
255 255 255
255 255 255
255 255 255
255 255 255
255 255 255
255 255 255
255 255 255
255 255 255
255 253 255
255 254 255
255 254 255
255 255 255
255 255 255
255 255 254
253 255 254
253 255 254
251 254 252
251 255 255
251 255 255
247 250 254
249 253 255
250 253 255
103 105 115
89 91 101
63 81 92
56 73 86
51 68 81
12 27 43
63 77 95
132 143 163
85 96 118
64 75 97
81 92 114
70 81 103
36 47 67
18 32 51
45 59 77
49 65 81
32 49 62
18 37 50
20 36 43
40 56 63
49 64 73
42 57 66
56 72 84
53 69 82
40 56 72
77 93 110
200 218 235
232 252 255
223 242 255
217 238 255
102 122 147
62 82 107
8 29 56
20 41 68
39 58 85
41 60 87
37 56 83
29 50 77
29 50 77
30 53 79
18 45 72
4 32 62
15 46 77
14 49 82
17 55 89
18 60 97
17 60 99
19 65 106
28 76 118
40 88 130
53 91 125
40 80 115
35 75 110
40 82 119
44 86 123
43 85 122
45 87 124
55 93 127
0 37 69
7 41 70
16 47 70
15 41 58
0 20 35
9 28 36
36 54 61
43 59 65
41 60 51
33 51 44
49 66 63
64 79 82
36 51 60
10 20 37
22 31 51
45 51 74
56 60 84
16 17 37
140 139 155
252 249 255
238 235 237
255 255 251
255 255 248
255 250 237
250 252 253
250 252 253
250 252 253
248 252 253
248 252 253
248 252 253
247 252 253
247 252 253
248 252 253
248 253 252
250 253 251
250 254 249
252 254 248
254 254 248
254 255 246
254 255 246
247 252 253
248 252 253
248 252 253
250 252 252
250 252 252
250 252 252
250 252 252
248 252 253
248 254 255
139 148 157
164 178 190
163 179 196
164 185 207
206 229 255
0 21 51
9 37 68
93 117 141
126 149 171
157 174 193
235 248 255
239 248 255
250 255 255
255 255 254
255 255 251
255 255 249
255 255 249
255 255 251
255 255 254
255 255 255
253 254 255
251 253 255
250 253 255
255 255 255
255 255 255
255 255 255
255 255 255
255 255 255
255 255 255
255 255 255
255 255 255
255 255 255
255 255 255
255 255 255
255 255 255
255 255 255
255 255 255
255 255 255
255 255 255
255 255 255
255 255 255
255 255 255
255 255 255
255 255 255
255 255 255
255 255 255
255 255 255
255 255 255
255 255 255
255 255 255
254 254 254
254 254 254
253 253 253
252 252 252
252 252 252
255 255 255
255 255 255
255 255 255
255 255 255
255 255 255
254 254 254
253 253 253
253 253 253
250 250 250
255 255 255
255 255 255
255 255 255
250 250 250
248 248 248
251 251 251
255 255 255
255 255 255
255 255 255
253 253 253
253 253 253
252 252 252
252 252 252
252 252 252
251 251 251
251 251 251
251 251 251
253 253 253
253 253 253
252 252 252
252 252 252
252 252 252
251 251 251
251 251 251
251 251 251
255 255 255
255 255 255
254 254 254
253 253 253
251 251 251
249 249 249
248 248 248
247 247 247
252 252 252
252 252 252
252 252 252
252 252 252
252 252 252
252 252 252
252 252 252
252 252 252
252 252 252
252 252 252
252 252 252
252 252 252
252 252 252
252 252 252
252 252 252
252 252 252
252 252 252
252 252 252
252 252 252
253 253 253
253 253 253
253 253 253
254 254 254
254 254 254
255 255 255
255 255 255
255 255 255
255 255 255
255 255 255
255 255 255
255 255 255
255 255 255
255 255 255
255 255 255
255 255 255
255 255 255
255 255 255
255 255 255
255 255 255
255 255 255
255 253 255
255 254 255
255 254 255
255 255 255
255 255 255
255 255 254
253 255 254
253 255 254
251 254 252
251 255 255
251 255 255
244 247 251
249 253 255
248 251 255
112 114 124
88 90 100
49 67 78
69 87 98
12 28 41
39 54 70
122 134 152
108 119 139
85 96 118
98 106 129
99 110 132
70 81 103
29 40 62
20 34 53
17 33 50
45 61 77
45 64 79
41 60 73
18 34 41
30 46 53
42 57 66
44 59 68
49 65 77
39 55 68
81 97 113
210 226 243
223 241 255
230 250 255
232 251 255
230 251 255
215 235 255
73 95 120
54 75 102
27 48 75
40 59 86
42 61 88
39 58 85
32 53 80
33 54 81
35 58 84
27 51 79
12 40 70
18 49 80
17 52 85
21 59 93
24 66 103
23 66 105
24 70 111
36 84 126
49 98 142
64 102 136
53 91 125
47 87 122
43 83 118
16 58 95
0 26 63
0 19 54
0 33 67
8 46 78
0 27 53
13 44 67
6 32 49
0 11 23
0 19 27
12 28 34
33 48 51
41 63 51
24 45 36
59 79 74
82 97 99
59 71 81
52 60 77
55 60 81
57 59 83
143 144 165
247 245 255
222 217 232
253 249 255
251 245 246
250 244 237
253 247 236
255 255 244
250 252 253
248 252 253
248 252 253
248 252 253
247 252 255
247 252 255
247 252 255
247 252 253
247 252 253
248 253 252
248 253 251
250 254 249
252 254 248
252 255 246
254 255 246
254 255 245
247 252 255
247 252 255
248 252 253
248 252 253
250 252 252
250 252 252
248 253 252
248 252 253
205 211 216
92 101 110
191 205 217
110 126 143
226 247 255
221 244 255
81 107 137
5 33 64
86 110 134
124 147 169
134 154 172
232 245 255
235 244 253
250 255 255
255 255 254
255 255 251
255 255 249
255 255 249
255 255 251
255 255 254
255 255 255
253 254 255
251 253 255
250 253 255
255 255 255
255 255 255
255 255 255
255 255 255
255 255 255
255 255 255
255 255 255
255 255 255
255 255 255
255 255 255
255 255 255
255 255 255
255 255 255
255 255 255
255 255 255
255 255 255
255 255 255
255 255 255
255 255 255
255 255 255
255 255 255
255 255 255
255 255 255
255 255 255
255 255 255
255 255 255
255 255 255
254 254 254
254 254 254
253 253 253
252 252 252
252 252 252
255 255 255
255 255 255
255 255 255
255 255 255
255 255 255
254 254 254
253 253 253
253 253 253
249 249 249
255 255 255
255 255 255
255 255 255
250 250 250
247 247 247
251 251 251
255 255 255
255 255 255
255 255 255
253 253 253
253 253 253
253 253 253
253 253 253
253 253 253
253 253 253
253 253 253
253 253 253
253 253 253
253 253 253
253 253 253
253 253 253
253 253 253
253 253 253
253 253 253
253 253 253
253 253 253
253 253 253
253 253 253
253 253 253
253 253 253
253 253 253
253 253 253
253 253 253
253 253 253
253 253 253
253 253 253
253 253 253
253 253 253
253 253 253
253 253 253
253 253 253
254 254 254
254 254 254
253 253 253
253 253 253
253 253 253
252 252 252
252 252 252
252 252 252
252 252 252
252 252 252
252 252 252
253 253 253
253 253 253
253 253 253
254 254 254
254 254 254
255 255 255
255 255 255
255 255 255
255 255 255
255 255 255
255 255 255
255 255 255
255 255 255
255 255 255
255 255 255
255 255 255
255 255 255
255 255 255
255 255 255
255 255 255
255 255 255
251 254 255
253 255 255
253 255 255
255 255 255
255 255 254
255 255 252
255 255 251
255 255 251
255 255 251
255 255 252
255 255 252
255 254 253
255 255 255
251 253 254
167 170 174
55 58 62
69 91 102
50 72 84
9 30 45
46 68 86
104 127 149
67 88 115
71 91 122
74 94 125
76 95 128
56 74 105
32 48 77
21 36 62
24 37 59
30 41 61
30 40 57
25 35 52
0 25 62
0 22 57
33 69 99
24 54 79
54 78 96
63 80 93
159 171 177
248 255 255
241 246 245
254 255 253
252 252 252
244 243 245
253 254 255
223 226 231
82 85 93
81 86 95
25 52 86
35 60 92
34 58 88
27 50 76
26 50 70
27 47 64
22 41 56
22 39 52
39 55 67
50 66 79
54 69 85
58 72 90
59 72 94
47 61 84
39 51 79
20 34 62
29 59 94
19 50 83
6 34 68
0 21 52
0 14 41
0 15 41
0 20 45
5 26 48
0 21 42
6 25 46
9 28 49
5 25 43
0 17 38
0 14 35
0 19 40
5 24 45
28 48 73
20 40 65
21 39 62
34 50 73
30 43 65
63 75 93
67 77 94
65 74 88
199 207 220
236 245 254
243 253 255
242 254 255
243 255 255
239 255 254
241 255 255
220 238 237
254 254 254
254 254 254
254 254 254
254 254 254
254 254 254
254 254 254
254 254 254
254 254 254
253 253 253
253 253 253
253 253 253
253 253 253
253 253 253
253 253 253
253 253 253
253 253 253
247 243 248
251 247 252
247 243 248
182 181 185
230 229 233
253 254 255
253 254 255
247 250 254
148 151 155
46 51 54
8 13 16
205 212 215
248 255 255
243 251 251
214 224 224
11 21 21
119 139 164
138 156 179
164 179 198
241 252 255
237 244 253
251 254 255
255 255 254
255 255 251
255 255 249
255 255 249
255 255 251
255 255 254
255 255 255
251 254 255
248 254 255
248 254 255
255 255 255
255 255 255
255 255 255
255 255 255
255 255 255
255 255 255
255 255 255
255 255 255
255 255 255
255 255 255
255 255 255
255 255 255
255 255 255
255 255 255
255 255 255
255 255 255
255 255 255
255 255 255
255 255 255
255 255 255
255 255 255
255 255 255
255 255 255
255 255 255
255 255 255
255 255 255
255 255 255
255 255 255
255 255 255
255 255 255
255 255 255
255 255 255
253 253 253
253 253 253
253 253 253
253 253 253
253 253 253
253 253 253
253 253 253
253 253 253
249 249 249
249 249 249
249 249 249
250 250 250
250 250 250
250 250 250
251 251 251
251 251 251
252 252 252
252 252 252
253 253 253
253 253 253
253 253 253
253 253 253
253 253 253
253 253 253
253 253 253
253 253 253
253 253 253
253 253 253
253 253 253
253 253 253
253 253 253
253 253 253
253 253 253
253 253 253
253 253 253
253 253 253
253 253 253
253 253 253
253 253 253
253 253 253
253 253 253
253 253 253
253 253 253
253 253 253
253 253 253
253 253 253
253 253 253
253 253 253
253 253 253
253 253 253
254 254 254
254 254 254
254 254 254
253 253 253
253 253 253
252 252 252
252 252 252
252 252 252
252 252 252
252 252 252
252 252 252
253 253 253
253 253 253
254 254 254
254 254 254
254 254 254
255 255 255
255 255 255
255 255 255
255 255 255
255 255 255
255 255 255
255 255 255
255 255 255
255 255 255
255 255 255
255 255 255
255 255 255
255 255 255
255 255 255
255 255 255
255 255 255
251 254 255
253 255 255
253 255 255
255 255 255
255 255 254
255 255 252
255 255 251
255 255 251
255 255 251
255 255 252
255 255 252
255 254 253
255 255 255
253 255 255
193 196 200
60 63 67
52 74 85
39 61 73
20 43 59
83 104 125
106 128 153
65 87 115
69 90 121
87 108 140
51 72 104
38 57 90
23 41 72
16 33 60
18 32 55
19 32 54
18 30 48
14 26 44
0 36 74
0 23 57
37 71 101
58 88 113
51 75 93
50 67 80
205 217 223
242 249 252
252 254 254
242 243 241
240 240 240
251 250 252
238 239 243
248 251 255
225 228 236
81 86 95
25 48 80
50 74 104
32 55 81
43 65 90
68 88 106
102 121 136
110 127 140
149 165 177
160 174 186
183 197 209
187 200 214
57 71 89
0 9 31
0 0 18
0 8 36
9 23 51
2 30 64
1 30 61
0 28 59
1 27 57
2 26 54
4 27 53
6 28 53
9 30 52
4 25 47
7 26 47
8 27 48
6 25 46
3 22 43
2 21 42
4 23 44
6 25 46
23 45 70
30 51 73
31 49 72
47 64 85
24 38 57
47 59 77
66 76 93
103 112 126
222 231 241
242 251 255
228 238 245
241 252 255
243 255 255
235 249 248
220 236 235
170 186 185
254 254 254
254 254 254
254 254 254
254 254 254
254 254 254
254 254 254
254 254 254
254 254 254
253 253 253
253 253 253
253 253 253
253 253 253
253 253 253
253 253 253
253 253 253
253 253 253
254 250 255
246 242 247
255 253 255
171 170 174
0 0 3
12 13 17
105 106 110
112 115 119
52 55 59
40 45 48
62 69 72
248 255 255
246 255 255
246 255 255
229 238 241
25 34 37
120 140 165
127 145 168
200 215 234
238 249 255
245 252 255
238 241 245
255 253 252
255 255 251
255 255 249
255 255 249
255 255 251
255 255 254
255 255 255
251 254 255
248 254 255
248 254 255
255 255 255
255 255 255
255 255 255
255 255 255
255 255 255
255 255 255
255 255 255
255 255 255
255 255 255
255 255 255
255 255 255
255 255 255
255 255 255
255 255 255
255 255 255
255 255 255
255 255 255
255 255 255
255 255 255
255 255 255
255 255 255
255 255 255
255 255 255
255 255 255
255 255 255
255 255 255
255 255 255
255 255 255
255 255 255
255 255 255
255 255 255
255 255 255
253 253 253
253 253 253
253 253 253
253 253 253
253 253 253
253 253 253
253 253 253
253 253 253
251 251 251
251 251 251
251 251 251
251 251 251
252 252 252
252 252 252
252 252 252
253 253 253
255 255 255
255 255 255
253 253 253
253 253 253
253 253 253
253 253 253
253 253 253
253 253 253
253 253 253
253 253 253
253 253 253
253 253 253
253 253 253
253 253 253
253 253 253
253 253 253
253 253 253
253 253 253
253 253 253
253 253 253
253 253 253
253 253 253
253 253 253
253 253 253
253 253 253
253 253 253
253 253 253
253 253 253
253 253 253
253 253 253
253 253 253
253 253 253
253 253 253
253 253 253
254 254 254
254 254 254
254 254 254
254 254 254
253 253 253
253 253 253
252 252 252
252 252 252
252 252 252
252 252 252
253 253 253
253 253 253
254 254 254
254 254 254
254 254 254
254 254 254
255 255 255
255 255 255
255 255 255
255 255 255
255 255 255
255 255 255
255 255 255
255 255 255
255 255 255
255 255 255
255 255 255
255 255 255
255 255 255
255 255 255
255 255 255
255 255 255
253 255 255
253 255 255
255 255 255
255 255 255
255 255 254
255 255 252
255 255 251
255 255 251
255 255 250
255 252 248
255 255 254
254 254 254
253 255 255
251 254 255
228 231 235
66 70 75
44 66 78
24 47 62
30 53 69
103 127 147
86 109 135
42 66 96
37 60 92
54 76 111
28 50 86
25 45 80
18 39 71
14 34 65
14 31 58
14 29 55
12 29 50
12 26 48
0 34 69
25 62 96
24 58 87
64 92 116
54 76 94
70 86 98
223 235 241
248 255 255
248 250 250
253 253 253
243 243 243
252 251 253
250 251 255
246 249 254
250 253 255
175 177 187
11 32 59
36 57 84
44 65 87
35 54 75
176 194 211
234 250 255
239 253 255
236 251 255
241 253 255
231 245 255
216 229 243
31 45 63
2 15 37
8 21 47
4 18 46
1 15 44
0 24 54
0 26 56
3 29 59
7 31 59
7 32 58
7 30 56
5 27 52
5 26 48
10 31 53
8 29 51
6 27 48
7 28 49
10 31 53
10 31 53
8 29 51
5 26 48
20 43 65
26 49 71
9 30 52
21 38 59
7 22 41
28 40 58
37 47 64
69 76 91
88 97 107
154 161 170
222 230 237
211 220 224
194 206 208
140 152 152
0 11 11
208 222 220
254 254 254
254 254 254
254 254 254
254 254 254
254 254 254
254 254 254
254 254 254
254 254 254
253 253 253
253 253 253
253 253 253
253 253 253
253 253 253
253 253 253
253 253 253
253 253 253
252 249 251
255 254 255
255 253 255
251 247 252
209 208 212
113 114 118
6 7 11
31 34 39
47 51 56
136 142 147
241 250 254
235 243 250
244 254 255
231 241 248
207 219 225
48 60 66
93 111 134
125 142 163
132 146 164
239 250 255
233 240 249
251 254 255
255 255 254
255 252 247
255 255 249
255 255 249
255 255 251
255 255 254
255 255 255
251 254 255
250 254 255
248 254 255
255 255 255
255 255 255
255 255 255
255 255 255
255 255 255
255 255 255
255 255 255
255 255 255
255 255 255
255 255 255
255 255 255
255 255 255
255 255 255
255 255 255
255 255 255
255 255 255
255 255 255
255 255 255
255 255 255
255 255 255
255 255 255
255 255 255
255 255 255
255 255 255
255 255 255
255 255 255
255 255 255
255 255 255
255 255 255
255 255 255
255 255 255
255 255 255
253 253 253
253 253 253
253 253 253
253 253 253
253 253 253
253 253 253
253 253 253
253 253 253
253 253 253
253 253 253
254 254 254
254 254 254
254 254 254
255 255 255
255 255 255
255 255 255
255 255 255
255 255 255
254 254 254
254 254 254
254 254 254
254 254 254
254 254 254
254 254 254
254 254 254
254 254 254
254 254 254
254 254 254
254 254 254
254 254 254
254 254 254
254 254 254
254 254 254
254 254 254
254 254 254
254 254 254
254 254 254
254 254 254
254 254 254
254 254 254
254 254 254
254 254 254
254 254 254
254 254 254
254 254 254
254 254 254
254 254 254
254 254 254
254 254 254
254 254 254
255 255 255
255 255 255
254 254 254
254 254 254
254 254 254
253 253 253
253 253 253
253 253 253
253 253 253
253 253 253
253 253 253
254 254 254
254 254 254
254 254 254
255 255 255
255 255 255
255 255 255
255 255 255
255 255 255
255 255 255
255 255 255
255 255 255
255 255 255
255 255 255
255 255 255
255 255 255
255 255 255
255 255 255
255 255 255
255 255 255
255 255 255
255 255 255
253 255 255
253 255 255
255 255 255
255 255 255
255 255 254
255 255 252
255 255 252
255 255 251
255 253 249
251 248 244
255 255 254
254 254 254
253 255 255
251 254 255
250 254 255
71 75 80
38 61 76
15 40 56
44 68 88
102 126 150
80 104 132
51 76 108
46 72 108
45 71 108
21 46 86
19 45 82
18 42 78
16 38 73
14 35 66
15 36 64
20 39 66
23 43 68
10 47 81
34 67 100
40 70 97
14 40 64
59 79 96
101 117 129
244 254 255
250 255 255
250 252 252
255 255 255
255 255 255
245 245 245
253 254 255
246 249 254
231 234 242
250 253 255
130 147 168
0 3 25
0 0 14
61 76 92
239 253 255
233 245 255
240 251 255
243 255 255
243 254 255
230 242 252
197 208 222
33 45 63
17 30 52
14 27 53
6 20 48
13 27 56
10 35 61
11 34 60
10 33 59
9 32 58
7 31 55
7 29 54
6 28 53
6 29 51
14 35 57
10 31 53
7 28 50
11 32 54
16 39 61
17 39 64
12 34 59
5 27 52
5 30 50
34 58 78
27 48 69
24 41 60
23 39 56
24 37 53
21 30 44
19 27 40
55 61 72
80 85 94
100 106 113
84 90 95
64 71 74
47 57 57
220 230 230
246 255 255
255 255 255
255 255 255
255 255 255
255 255 255
255 255 255
255 255 255
255 255 255
255 255 255
254 254 254
254 254 254
254 254 254
254 254 254
254 254 254
254 254 254
254 254 254
254 254 254
255 254 255
245 240 242
255 252 254
255 254 255
250 249 253
252 253 255
248 251 255
228 232 237
237 243 250
241 249 255
244 253 255
200 211 219
159 170 178
195 207 217
105 117 127
57 72 81
94 111 132
79 94 113
131 144 160
232 241 254
243 249 255
251 254 255
245 243 242
255 255 252
255 255 251
255 255 251
255 255 252
255 255 254
255 255 255
251 254 255
250 254 255
248 254 255
255 255 255
255 255 255
255 255 255
255 255 255
255 255 255
255 255 255
255 255 255
255 255 255
255 255 255
255 255 255
255 255 255
255 255 255
255 255 255
255 255 255
255 255 255
255 255 255
255 255 255
255 255 255
255 255 255
255 255 255
255 255 255
255 255 255
255 255 255
255 255 255
255 255 255
255 255 255
255 255 255
255 255 255
255 255 255
255 255 255
255 255 255
255 255 255
253 253 253
253 253 253
253 253 253
253 253 253
253 253 253
253 253 253
253 253 253
253 253 253
255 255 255
255 255 255
255 255 255
255 255 255
255 255 255
255 255 255
255 255 255
255 255 255
255 255 255
255 255 255
254 254 254
254 254 254
254 254 254
254 254 254
254 254 254
254 254 254
254 254 254
254 254 254
254 254 254
254 254 254
254 254 254
254 254 254
254 254 254
254 254 254
254 254 254
254 254 254
254 254 254
254 254 254
254 254 254
254 254 254
254 254 254
254 254 254
254 254 254
254 254 254
254 254 254
254 254 254
254 254 254
254 254 254
254 254 254
254 254 254
254 254 254
254 254 254
255 255 255
255 255 255
255 255 255
254 254 254
254 254 254
254 254 254
253 253 253
253 253 253
253 253 253
253 253 253
254 254 254
254 254 254
254 254 254
255 255 255
255 255 255
255 255 255
255 255 255
255 255 255
255 255 255
255 255 255
255 255 255
255 255 255
255 255 255
255 255 255
255 255 255
255 255 255
255 255 255
255 255 255
255 255 255
255 255 255
255 255 255
255 255 255
253 255 255
253 255 255
255 255 255
255 255 254
255 255 254
255 255 252
255 255 252
255 255 252
255 253 249
251 248 244
255 255 254
252 254 255
250 253 255
250 254 255
248 254 255
69 75 82
29 54 70
24 48 66
67 91 113
75 100 126
56 82 112
43 69 105
49 75 115
33 61 102
21 48 92
18 46 87
15 40 82
10 37 74
9 35 71
16 41 73
26 50 80
33 57 87
35 66 97
22 52 81
26 53 79
16 39 61
16 34 51
181 195 207
244 254 255
243 248 251
253 255 255
254 254 254
255 255 255
246 246 246
244 246 247
251 254 255
232 235 240
250 253 255
241 251 255
212 223 237
202 211 224
224 234 244
235 245 252
239 248 252
242 251 255
246 255 255
244 254 255
244 253 255
160 172 184
34 46 64
10 23 45
0 11 37
2 16 45
15 30 62
13 34 56
14 35 57
15 36 58
16 37 59
16 37 59
15 36 58
12 35 57
11 33 58
11 33 58
8 30 55
8 30 55
14 36 61
21 43 68
21 45 69
14 38 62
7 31 55
8 33 53
30 54 72
28 50 68
16 36 53
22 38 55
0 12 28
11 20 34
15 21 34
1 6 15
29 32 40
12 16 21
33 38 41
89 94 97
207 212 213
250 255 255
234 240 239
255 255 255
255 255 255
255 255 255
255 255 255
255 255 255
255 255 255
255 255 255
255 255 255
254 254 254
254 254 254
254 254 254
254 254 254
254 254 254
254 254 254
254 254 254
254 254 254
255 254 255
255 254 255
255 254 255
244 241 243
242 241 243
253 254 255
251 254 255
250 253 255
246 253 255
234 243 252
243 253 255
167 179 191
0 0 10
0 5 18
18 34 47
46 62 75
20 35 54
40 54 72
17 30 46
233 242 252
248 254 255
253 255 255
255 253 252
255 255 252
255 255 251
255 255 251
255 255 252
255 255 254
255 255 255
251 254 255
250 254 255
250 254 255
255 255 255
255 255 255
255 255 255
255 255 255
255 255 255
255 255 255
255 255 255
255 255 255
255 255 255
255 255 255
255 255 255
255 255 255
255 255 255
255 255 255
255 255 255
255 255 255
255 255 255
255 255 255
255 255 255
255 255 255
255 255 255
255 255 255
255 255 255
255 255 255
255 255 255
255 255 255
255 255 255
255 255 255
255 255 255
255 255 255
255 255 255
255 255 255
253 253 253
253 253 253
253 253 253
253 253 253
253 253 253
253 253 253
253 253 253
253 253 253
255 255 255
255 255 255
255 255 255
255 255 255
255 255 255
255 255 255
255 255 255
255 255 255
252 252 252
252 252 252
255 255 255
255 255 255
255 255 255
255 255 255
255 255 255
255 255 255
255 255 255
255 255 255
255 255 255
255 255 255
255 255 255
255 255 255
255 255 255
255 255 255
255 255 255
255 255 255
255 255 255
255 255 255
255 255 255
255 255 255
255 255 255
255 255 255
255 255 255
255 255 255
255 255 255
255 255 255
255 255 255
255 255 255
255 255 255
255 255 255
255 255 255
255 255 255
255 255 255
255 255 255
255 255 255
255 255 255
254 254 254
254 254 254
254 254 254
254 254 254
254 254 254
254 254 254
254 254 254
254 254 254
255 255 255
255 255 255
255 255 255
255 255 255
255 255 255
255 255 255
255 255 255
255 255 255
255 255 255
255 255 255
255 255 255
255 255 255
255 255 255
255 255 255
255 255 255
255 255 255
255 255 255
255 255 255
255 255 255
255 255 255
253 255 255
253 255 255
255 255 255
255 255 254
255 255 254
255 255 252
255 255 252
255 255 252
255 254 250
251 249 248
255 255 255
251 253 254
250 253 255
248 254 255
224 230 237
61 68 77
16 41 61
42 66 88
87 113 137
45 71 101
22 49 83
23 52 89
28 58 99
19 48 93
17 48 93
11 42 87
3 34 79
1 31 72
6 35 74
14 43 80
23 51 86
27 55 89
34 62 92
25 52 79
9 33 57
20 41 62
60 76 92
241 253 255
241 249 255
248 253 255
250 252 252
253 253 253
246 246 246
255 255 255
242 244 245
253 254 255
246 249 253
245 248 253
236 241 250
231 236 245
248 254 255
250 254 255
250 255 255
250 255 255
250 255 255
248 253 254
240 247 250
246 254 255
116 125 138
26 36 53
19 32 54
21 33 61
20 34 63
7 22 54
18 35 54
22 39 58
26 43 62
25 44 65
22 41 62
12 33 55
3 24 46
0 17 42
6 28 53
7 31 55
11 34 60
16 39 65
21 44 70
20 43 69
15 38 64
11 34 60
24 50 66
43 68 84
48 71 87
44 63 78
18 33 49
5 16 30
114 122 135
218 224 235
219 221 231
202 204 212
209 209 215
222 223 227
253 255 255
253 255 255
250 252 253
253 255 255
255 255 255
255 255 255
255 255 255
255 255 255
255 255 255
255 255 255
255 255 255
255 255 255
255 255 255
255 255 255
255 255 255
255 255 255
255 255 255
255 255 255
255 255 255
255 255 255
245 240 239
255 255 254
254 249 250
255 255 255
255 254 255
253 254 255
237 241 246
248 254 255
237 244 253
243 253 255
240 252 255
239 252 255
53 68 84
0 5 22
15 33 50
24 42 59
19 33 51
115 128 144
210 219 232
241 250 255
250 254 255
237 239 240
248 246 245
255 255 252
255 255 251
255 255 251
255 255 252
255 255 254
255 255 255
251 254 255
250 254 255
250 254 255
255 255 255
255 255 255
255 255 255
255 255 255
255 255 255
255 255 255
255 255 255
255 255 255
255 255 255
255 255 255
255 255 255
255 255 255
255 255 255
255 255 255
255 255 255
255 255 255
255 255 255
255 255 255
255 255 255
255 255 255
255 255 255
255 255 255
255 255 255
255 255 255
255 255 255
255 255 255
255 255 255
255 255 255
255 255 255
255 255 255
255 255 255
255 255 255
253 253 253
253 253 253
253 253 253
253 253 253
253 253 253
253 253 253
253 253 253
253 253 253
253 253 253
253 253 253
254 254 254
254 254 254
254 254 254
255 255 255
255 255 255
255 255 255
250 250 250
250 250 250
255 255 255
255 255 255
255 255 255
255 255 255
255 255 255
255 255 255
255 255 255
255 255 255
255 255 255
255 255 255
255 255 255
255 255 255
255 255 255
255 255 255
255 255 255
255 255 255
255 255 255
255 255 255
255 255 255
255 255 255
255 255 255
255 255 255
255 255 255
255 255 255
255 255 255
255 255 255
255 255 255
255 255 255
255 255 255
255 255 255
255 255 255
255 255 255
255 255 255
255 255 255
255 255 255
255 255 255
255 255 255
254 254 254
254 254 254
254 254 254
254 254 254
254 254 254
254 254 254
255 255 255
255 255 255
255 255 255
255 255 255
255 255 255
255 255 255
255 255 255
255 255 255
255 255 255
255 255 255
255 255 255
255 255 255
255 255 255
255 255 255
255 255 255
255 255 255
255 255 255
255 255 255
255 255 255
255 255 255
255 255 255
253 255 255
255 255 255
255 255 255
255 255 254
255 255 254
255 255 252
255 255 252
255 255 252
255 254 253
255 253 252
252 254 255
248 251 255
250 254 255
246 252 255
186 193 202
51 60 70
6 33 54
55 81 105
89 116 143
35 63 94
19 49 84
43 73 114
31 62 107
33 66 112
13 45 94
6 38 87
0 32 78
1 34 79
11 43 84
19 50 89
18 50 86
15 47 82
29 52 78
17 39 64
23 44 65
23 41 58
200 213 227
234 244 254
246 252 255
251 254 255
240 242 243
255 255 255
246 246 246
255 255 255
255 254 255
233 235 236
244 245 249
251 254 255
253 254 255
241 242 246
253 255 255
238 238 238
253 254 252
238 239 237
253 255 254
253 255 255
236 241 242
248 254 255
117 126 136
31 41 58
21 34 56
17 29 57
16 29 61
12 27 60
24 40 53
25 40 56
25 41 57
22 38 55
15 32 51
4 23 44
0 14 36
0 8 33
0 21 47
5 28 54
12 37 63
17 42 68
17 42 68
16 39 65
15 38 64
14 37 63
24 50 64
26 52 66
58 81 96
184 203 216
228 244 255
227 239 251
245 251 255
248 253 255
251 253 255
253 253 255
241 239 245
255 254 255
241 240 242
255 254 255
243 242 244
255 255 255
255 255 255
255 255 255
255 255 255
255 255 255
255 255 255
255 255 255
255 255 255
255 255 255
255 255 255
255 255 255
255 255 255
255 255 255
255 255 255
255 255 255
255 255 255
255 255 255
251 246 243
255 255 254
248 244 243
250 248 248
255 254 255
253 254 255
243 247 252
247 253 255
244 253 255
229 238 251
236 249 255
237 252 255
186 202 219
20 37 56
34 53 74
45 64 85
69 80 94
228 237 250
243 252 255
246 253 255
241 245 250
246 248 249
255 255 255
250 247 243
255 255 252
255 255 252
255 255 252
255 255 254
255 255 255
253 255 255
251 254 255
250 254 255
255 255 255
255 255 255
255 255 255
255 255 255
255 255 255
255 255 255
255 255 255
255 255 255
255 255 255
255 255 255
255 255 255
255 255 255
255 255 255
255 255 255
255 255 255
255 255 255
255 255 255
255 255 255
255 255 255
255 255 255
255 255 255
255 255 255
255 255 255
255 255 255
255 255 255
255 255 255
255 255 255
255 255 255
255 255 255
255 255 255
255 255 255
255 255 255
253 253 253
253 253 253
253 253 253
253 253 253
253 253 253
253 253 253
253 253 253
253 253 253
251 251 251
251 251 251
251 251 251
251 251 251
252 252 252
252 252 252
252 252 252
253 253 253
252 252 252
252 252 252
255 255 255
255 255 255
255 255 255
255 255 255
255 255 255
255 255 255
255 255 255
255 255 255
255 255 255
255 255 255
255 255 255
255 255 255
255 255 255
255 255 255
255 255 255
255 255 255
255 255 255
255 255 255
255 255 255
255 255 255
255 255 255
255 255 255
255 255 255
255 255 255
255 255 255
255 255 255
255 255 255
255 255 255
255 255 255
255 255 255
255 255 255
255 255 255
255 255 255
255 255 255
255 255 255
255 255 255
255 255 255
255 255 255
254 254 254
254 254 254
254 254 254
254 254 254
255 255 255
255 255 255
255 255 255
255 255 255
255 255 255
255 255 255
255 255 255
255 255 255
255 255 255
255 255 255
255 255 255
255 255 255
255 255 255
255 255 255
255 255 255
255 255 255
255 255 255
255 255 255
255 255 255
255 255 255
255 255 255
255 255 255
255 255 255
255 255 255
255 255 255
255 255 254
255 255 254
255 255 252
255 255 252
255 255 252
255 255 254
255 255 255
251 253 254
247 251 255
248 254 255
241 248 255
158 167 177
44 53 66
10 35 61
61 88 115
73 101 131
22 50 84
13 42 81
46 78 121
5 38 84
11 44 93
13 46 95
6 39 88
2 36 82
10 43 88
21 55 98
27 60 99
18 52 88
10 42 77
28 47 68
19 36 57
0 13 32
116 129 145
240 249 255
246 253 255
248 254 255
248 251 255
251 253 254
247 247 247
255 255 255
253 253 253
248 248 248
244 246 247
253 255 255
248 250 251
254 249 250
255 254 255
255 253 252
249 246 242
255 255 252
255 255 251
255 255 250
248 249 245
253 255 255
250 254 255
105 111 122
21 29 46
27 38 60
19 31 59
12 25 57
17 32 65
21 33 45
18 30 42
11 24 38
6 21 37
2 19 38
1 20 41
0 23 45
1 25 49
0 17 43
2 26 54
14 38 66
19 43 71
15 40 66
13 36 62
14 37 63
16 39 65
37 61 73
50 74 86
78 100 111
227 245 255
239 253 255
243 253 255
246 251 255
247 250 255
253 252 255
247 245 251
255 253 255
248 244 249
255 254 255
255 253 255
255 255 255
253 251 251
255 255 255
255 255 255
255 255 255
255 255 255
255 255 255
255 255 255
255 255 255
255 255 255
255 255 255
255 255 255
255 255 255
255 255 255
255 255 255
255 255 255
255 255 255
255 255 255
255 255 252
249 246 242
255 255 254
255 255 254
247 247 247
161 162 166
200 204 209
248 254 255
230 239 249
243 252 255
237 250 255
175 189 207
51 66 85
73 90 111
76 95 116
80 98 121
179 188 198
244 253 255
232 239 248
248 254 255
251 254 255
253 255 255
246 246 246
255 255 254
255 255 252
255 255 252
255 255 254
255 255 255
255 255 255
253 255 255
251 254 255
251 254 255
255 255 255
255 255 255
255 255 255
255 255 255
255 255 255
255 255 255
255 255 255
255 255 255
255 255 255
255 255 255
255 255 255
255 255 255
255 255 255
255 255 255
255 255 255
255 255 255
255 255 255
255 255 255
255 255 255
255 255 255
255 255 255
255 255 255
255 255 255
255 255 255
255 255 255
255 255 255
255 255 255
255 255 255
255 255 255
255 255 255
255 255 255
255 255 255
253 253 253
253 253 253
253 253 253
253 253 253
253 253 253
253 253 253
253 253 253
253 253 253
249 249 249
249 249 249
249 249 249
250 250 250
250 250 250
250 250 250
251 251 251
251 251 251
255 255 255
255 255 255
255 255 255
255 255 255
255 255 255
255 255 255
255 255 255
255 255 255
255 255 255
255 255 255
255 255 255
255 255 255
255 255 255
255 255 255
255 255 255
255 255 255
255 255 255
255 255 255
255 255 255
255 255 255
255 255 255
255 255 255
255 255 255
255 255 255
255 255 255
255 255 255
255 255 255
255 255 255
255 255 255
255 255 255
255 255 255
255 255 255
255 255 255
255 255 255
255 255 255
255 255 255
255 255 255
255 255 255
255 255 255
255 255 255
255 255 255
255 255 255
255 255 255
255 255 255
255 255 255
255 255 255
255 255 255
255 255 255
255 255 255
255 255 255
255 255 255
255 255 255
255 255 255
255 255 255
255 255 255
255 255 255
255 255 255
255 255 255
255 255 255
255 255 255
255 255 255
255 255 255
255 255 255
255 255 255
255 255 255
255 255 255
255 255 255
255 255 255
255 255 254
255 255 254
255 255 254
255 255 252
255 255 252
255 255 254
254 252 251
249 249 249
251 254 255
250 254 255
242 249 255
244 253 255
92 101 114
48 59 73
15 42 69
88 116 146
58 86 117
25 53 88
40 71 110
41 73 116
27 60 106
0 29 78
8 41 90
13 46 95
6 40 86
10 44 87
12 44 85
8 42 78
23 55 90
14 47 80
29 43 61
14 26 44
104 117 133
233 242 255
244 253 255
238 243 252
240 244 249
246 249 253
253 255 255
255 255 255
255 255 255
255 255 255
255 255 255
255 255 255
255 255 255
253 255 255
255 255 254
255 255 252
252 247 244
255 255 251
255 255 249
255 255 249
242 239 234
255 254 250
255 255 255
241 244 248
82 87 96
28 36 53
36 47 69
20 31 59
7 20 52
14 26 60
24 34 44
19 29 39
9 21 33
0 14 30
0 11 28
0 12 33
0 15 40
0 19 45
29 53 81
20 44 72
13 37 65
28 53 79
23 46 72
19 41 66
23 45 70
27 50 72
45 67 78
25 46 54
185 204 212
233 248 255
243 254 255
246 253 255
250 253 255
252 251 255
255 253 255
255 253 255
255 253 255
255 254 255
255 254 255
255 254 255
255 254 255
255 255 255
255 255 255
255 255 255
255 255 255
255 255 255
255 255 255
255 255 255
255 255 255
255 255 255
255 255 255
255 255 255
255 255 255
255 255 255
255 255 255
255 255 255
255 255 255
255 255 255
255 255 251
253 250 246
255 255 252
255 255 254
254 254 254
229 231 232
80 84 89
0 0 6
42 49 58
28 37 50
38 49 63
11 24 40
3 17 36
31 46 65
47 64 85
90 107 128
246 253 255
248 254 255
248 254 255
250 254 255
251 254 255
253 255 255
255 255 255
255 255 254
255 255 254
255 255 254
255 255 254
255 255 255
255 255 255
253 255 255
253 255 255
251 254 255
255 255 255
255 255 255
255 255 255
255 255 255
255 255 255
255 255 255
255 255 255
255 255 255
255 255 255
255 255 255
255 255 255
255 255 255
255 255 255
255 255 255
255 255 255
255 255 255
255 255 255
255 255 255
255 255 255
255 255 255
255 255 255
255 255 255
255 255 255
255 255 255
255 255 255
255 255 255
255 255 255
255 255 255
255 255 255
255 255 255
255 255 255
255 255 255
255 255 255
255 255 255
255 255 255
255 255 255
255 255 255
255 255 255
255 255 255
255 255 255
255 255 255
255 255 255
255 255 255
255 255 255
255 255 255
255 255 255
255 255 255
255 255 255
255 255 255
255 255 255
255 255 255
255 255 255
255 255 255
255 255 255
255 255 255
255 255 255
255 255 255
255 255 255
255 255 255
255 255 255
255 255 255
255 255 255
255 255 255
255 255 255
255 255 255
255 255 255
255 255 255
255 255 255
255 255 255
255 255 255
255 255 255
255 255 255
255 255 255
255 255 255
255 255 255
255 255 255
255 255 255
255 255 255
255 255 255
255 255 255
255 255 255
255 255 255
255 255 255
255 255 255
255 255 255
255 255 255
255 255 255
255 255 255
255 255 255
255 255 255
255 255 255
255 255 255
255 255 255
255 255 255
255 255 255
255 255 255
255 255 255
255 255 255
255 255 255
255 255 255
255 255 255
255 255 255
255 255 255
255 255 255
255 255 255
255 255 255
255 255 255
255 255 255
255 255 255
255 255 255
255 255 255
255 255 255
255 255 255
255 255 255
255 255 255
255 255 255
255 255 254
255 255 254
255 255 252
255 255 252
255 255 252
255 255 254
255 255 255
253 255 255
245 248 252
243 249 255
237 246 255
242 251 255
83 94 108
42 55 71
47 75 105
78 106 137
35 63 97
19 48 85
37 67 108
29 60 105
20 53 99
3 35 84
12 45 91
0 32 78
0 31 74
14 47 86
9 41 76
23 54 87
28 58 87
8 38 65
6 15 29
122 131 145
232 240 253
246 252 255
248 253 255
250 253 255
251 254 255
253 254 255
253 255 255
255 255 255
255 255 255
255 255 255
255 255 255
255 255 255
255 255 255
255 255 255
255 255 252
255 255 252
249 243 238
255 255 250
255 255 249
253 247 240
255 255 249
255 255 251
216 217 215
140 143 147
102 107 116
37 44 59
4 12 35
14 25 52
33 44 74
0 9 43
14 23 32
10 20 30
5 17 29
0 14 30
0 15 34
0 20 41
4 26 51
8 31 57
20 44 72
8 32 60
38 62 90
17 40 66
1 23 48
6 27 49
25 44 65
35 54 75
20 39 46
124 142 149
226 242 249
242 253 255
246 254 255
248 254 255
241 244 249
255 253 255
255 253 255
255 253 255
255 254 255
255 254 255
255 254 255
255 254 255
255 255 255
255 255 255
255 255 255
255 255 255
255 255 255
255 255 255
255 255 255
255 255 255
255 255 255
255 255 255
255 255 255
255 255 255
255 255 255
255 255 255
255 255 255
255 255 255
255 255 255
255 255 255
250 247 242
252 249 244
255 255 252
252 250 249
255 255 255
253 255 255
225 228 232
183 187 192
27 34 43
11 20 30
18 27 40
2 13 27
25 38 54
101 113 131
171 185 204
237 251 255
250 254 255
250 254 255
251 254 255
251 254 255
253 255 255
255 255 255
255 255 255
255 255 255
255 255 254
255 255 254
255 255 255
255 255 255
255 255 255
253 255 255
253 255 255
253 255 255
255 255 255
255 255 255
255 255 255
255 255 255
255 255 255
255 255 255
255 255 255
255 255 255
255 255 255
255 255 255
255 255 255
255 255 255
255 255 255
255 255 255
255 255 255
255 255 255
255 255 255
255 255 255
255 255 255
255 255 255
255 255 255
255 255 255
255 255 255
255 255 255
255 255 255
255 255 255
255 255 255
255 255 255
255 255 255
255 255 255
255 255 255
255 255 255
255 255 255
255 255 255
255 255 255
255 255 255
255 255 255
255 255 255
255 255 255
255 255 255
255 255 255
255 255 255
255 255 255
255 255 255
255 255 255
255 255 255
255 255 255
255 255 255
255 255 255
255 255 255
255 255 255
255 255 255
255 255 255
255 255 255
255 255 255
255 255 255
255 255 255
255 255 255
255 255 255
255 255 255
255 255 255
255 255 255
255 255 255
255 255 255
255 255 255
255 255 255
255 255 255
255 255 255
255 255 255
255 255 255
255 255 255
255 255 255
255 255 255
255 255 255
255 255 255
255 255 255
255 255 255
255 255 255
255 255 255
255 255 255
255 255 255
255 255 255
255 255 255
255 255 255
255 255 255
255 255 255
255 255 255
255 255 255
255 255 255
255 255 255
255 255 255
255 255 255
255 255 255
255 255 255
255 255 255
255 255 255
255 255 255
255 255 255
255 255 255
255 255 255
255 255 255
255 255 255
255 255 255
255 255 255
255 255 255
255 255 255
255 255 255
255 255 255
255 255 255
255 255 255
255 255 255
255 255 255
255 255 255
255 255 255
255 255 254
255 255 254
255 255 254
255 255 254
255 255 252
255 255 252
255 255 254
255 255 254
255 255 255
251 254 255
250 254 255
243 250 255
242 251 255
170 181 195
58 71 87
41 55 73
77 105 136
58 85 119
12 40 75
19 48 85
37 65 106
16 45 89
12 43 88
10 41 86
0 29 74
5 34 78
16 45 84
23 51 86
7 35 65
26 53 79
14 40 64
0 25 46
163 167 178
244 248 255
248 252 255
239 241 251
245 248 255
251 253 255
250 250 255
247 248 252
255 254 255
255 254 255
255 255 255
255 255 255
255 255 254
255 255 254
255 255 254
255 255 254
255 254 254
250 242 242
255 255 252
245 239 234
255 253 248
255 255 249
253 250 242
236 233 228
138 136 135
108 109 113
90 92 102
26 31 46
10 17 37
13 22 49
14 24 54
0 11 43
3 12 21
2 12 22
0 12 24
0 15 31
4 21 40
9 30 52
16 39 65
19 43 71
23 47 75
29 53 81
3 26 52
18 40 65
23 44 66
17 34 53
30 46 63
15 31 48
82 96 102
229 241 247
244 254 255
242 250 255
242 246 251
251 254 255
252 250 255
255 253 255
255 253 255
255 253 255
255 254 255
255 254 255
255 254 255
255 255 255
255 255 255
255 255 255
255 255 255
255 255 255
255 255 255
255 255 255
255 255 255
255 255 255
255 255 255
255 255 255
255 255 255
255 255 255
255 255 255
255 255 255
255 255 255
255 255 255
255 255 255
255 255 255
247 247 241
255 255 252
255 255 252
242 243 241
253 254 252
247 249 249
251 255 255
245 250 253
250 253 255
218 223 232
206 212 223
195 203 216
216 224 237
243 252 255
242 250 255
243 251 255
253 255 255
253 255 255
253 255 255
253 255 255
255 255 255
255 255 255
255 255 255
255 255 255
255 255 255
255 255 255
255 255 255
255 255 255
255 255 255
253 255 255
253 255 255
253 255 255
255 255 255
255 255 255
255 255 255
255 255 255
255 255 255
255 255 255
255 255 255
255 255 255
255 255 255
255 255 255
255 255 255
255 255 255
255 255 255
255 255 255
255 255 255
255 255 255
255 255 255
255 255 255
255 255 255
255 255 255
255 255 255
255 255 255
255 255 255
255 255 255
255 255 255
255 255 255
255 255 255
255 255 255
255 255 255
255 255 255
255 255 255
255 255 255
255 255 255
255 255 255
255 255 255
255 255 255
255 255 255
255 255 255
255 255 255
255 255 255
255 255 255
255 255 255
255 255 255
255 255 255
255 255 255
255 255 255
255 255 255
255 255 255
255 255 255
255 255 255
255 255 255
255 255 255
255 255 255
255 255 255
255 255 255
255 255 255
255 255 255
255 255 255
255 255 255
255 255 255
255 255 255
255 255 255
255 255 255
255 255 255
255 255 255
255 255 255
255 255 255
255 255 255
255 255 255
255 255 255
255 255 255
255 255 255
255 255 255
255 255 255
255 255 255
255 255 255
255 255 255
255 255 255
255 255 255
255 255 255
255 255 255
255 255 255
255 255 255
255 255 255
255 255 255
255 255 255
255 255 255
255 255 255
255 255 255
255 255 255
255 255 255
255 255 255
255 255 255
255 255 255
255 255 255
255 255 255
255 255 255
255 255 255
255 255 255
255 255 255
255 255 255
255 255 255
255 255 255
255 255 255
255 255 255
255 255 255
255 255 255
255 255 255
255 255 255
255 255 255
255 255 255
255 255 255
255 255 255
255 255 255
255 255 254
255 255 254
255 255 254
255 255 254
255 255 252
255 255 252
255 255 254
255 255 254
255 255 255
245 248 252
248 254 255
246 253 255
194 203 216
89 102 118
40 54 72
70 84 102
71 98 132
36 63 97
5 33 68
30 57 94
36 64 105
11 38 82
10 37 81
13 40 84
0 26 67
31 58 95
23 48 82
16 40 68
36 60 84
24 46 64
61 82 97
205 226 241
250 251 255
253 252 255
253 252 255
250 249 255
253 252 255
249 249 255
235 236 240
253 254 255
255 254 255
255 254 255
255 255 255
255 255 254
255 255 254
255 255 254
255 255 252
255 255 252
255 254 255
243 237 238
250 245 244
255 255 252
255 252 247
255 253 248
244 240 235
92 89 85
100 98 97
126 127 131
44 46 56
18 23 38
25 32 52
10 17 42
0 0 28
2 12 42
0 9 19
0 10 20
0 12 26
2 18 35
7 26 47
14 36 61
20 45 71
25 49 77
15 42 69
11 35 63
10 33 59
4 25 47
4 21 40
24 40 56
13 26 40
81 95 107
206 215 219
246 255 255
240 246 251
250 254 255
232 233 237
252 251 255
255 253 255
255 249 254
255 254 255
255 254 255
255 254 255
255 254 255
255 255 255
255 255 255
255 255 255
253 255 255
255 255 255
255 255 255
255 255 255
255 255 255
255 255 255
255 255 255
255 255 255
255 255 255
255 255 255
255 255 255
255 255 255
255 255 255
255 255 255
255 255 255
255 255 255
255 255 255
252 253 249
255 255 252
255 255 252
253 254 252
255 255 254
247 249 249
253 255 255
234 238 239
251 254 255
243 247 252
250 253 255
250 252 255
248 253 255
248 252 255
241 245 255
239 243 254
255 255 255
255 255 255
255 255 255
255 255 255
255 255 255
255 255 255
255 255 255
255 255 255
255 255 255
255 255 255
255 255 255
255 255 255
255 255 255
255 255 255
255 255 255
255 255 255
255 255 255
255 255 255
255 255 255
255 255 255
255 255 255
255 255 255
255 255 255
255 255 255
255 255 255
255 255 255
255 255 255
255 255 255
255 255 255
255 255 255
255 255 255
255 255 255
255 255 255
255 255 255
255 255 255
255 255 255
255 255 255
255 255 255
255 255 255
255 255 255
255 255 255
255 255 255
255 255 255
255 255 255
255 255 255
255 255 255
255 255 255
255 255 255
255 255 255
255 255 255
255 255 255
255 255 255
255 255 255
255 255 255
255 255 255
255 255 255
255 255 255
255 255 255
255 255 255
255 255 255
255 255 255
255 255 255
255 255 255
255 255 255
255 255 255
255 255 255
255 255 255
255 255 255
255 255 255
255 255 255
255 255 255
255 255 255
255 255 255
255 255 255
255 255 255
255 255 255
255 255 255
255 255 255
255 255 255
255 255 255
255 255 255
255 255 255
255 255 255
255 255 255
255 255 255
255 255 255
255 255 255
255 255 255
255 255 255
255 255 255
255 255 255
255 255 255
255 255 255
255 255 255
255 255 255
255 255 255
255 255 255
255 255 255
255 255 255
255 255 255
255 255 255
255 255 255
255 255 255
255 255 255
255 255 255
255 255 255
255 255 255
255 255 255
255 255 255
255 255 255
255 255 255
255 255 255
255 255 255
255 255 255
255 255 255
255 255 255
255 255 255
255 255 255
255 255 255
255 255 255
255 255 255
255 255 255
255 255 255
255 255 255
255 255 255
255 255 255
255 255 255
255 255 255
255 255 255
255 255 255
255 255 254
255 255 254
255 255 254
255 255 252
255 255 252
255 255 252
255 255 254
255 255 255
253 255 255
251 254 255
232 238 245
215 224 234
114 125 139
86 99 115
76 90 108
94 109 128
37 64 98
18 44 80
14 42 77
38 65 102
35 61 101
13 38 80
9 34 76
10 35 75
2 25 63
0 23 55
25 47 75
11 32 54
31 49 66
135 153 164
233 251 255
238 254 255
248 244 250
251 247 253
255 253 255
255 253 255
255 253 255
255 253 255
254 253 255
255 254 255
255 254 255
255 254 255
255 255 255
255 255 254
255 255 254
255 255 252
255 255 252
255 255 252
250 246 251
255 254 255
255 252 254
244 239 240
255 255 254
226 223 219
82 79 75
50 47 43
117 115 115
81 82 86
19 20 30
23 26 40
7 13 32
6 11 36
5 11 40
0 0 29
3 15 25
3 17 29
4 19 35
6 23 42
9 30 52
14 37 63
19 43 71
21 47 77
10 36 66
19 43 71
15 37 62
10 29 50
39 55 71
0 6 18
120 130 140
238 247 255
251 254 255
249 252 255
246 247 251
255 254 255
251 247 252
255 250 255
255 254 255
249 242 245
255 253 255
255 254 255
255 254 255
255 255 255
255 255 255
253 255 255
251 255 255
251 255 255
255 255 255
255 255 255
255 255 255
255 255 255
255 255 255
255 255 255
255 255 255
255 255 255
255 255 255
255 255 255
255 255 255
255 255 255
255 255 255
255 255 255
255 255 255
255 255 255
255 255 252
255 255 252
255 255 252
254 255 253
248 251 249
253 255 254
251 253 253
252 254 254
253 255 255
251 253 254
253 254 255
249 250 254
249 249 255
253 253 255
250 250 255
253 253 255
255 255 254
255 255 254
255 255 254
255 255 254
255 255 255
255 255 255
255 255 255
255 255 255
253 255 255
253 255 255
253 255 255
255 255 255
255 255 255
255 255 255
255 255 255
255 255 255
255 255 255
255 255 255
255 255 255
255 255 255
255 255 255
255 255 255
255 255 255
255 255 255
255 255 255
255 255 255
255 255 255
255 255 255
255 255 255
255 255 255
255 255 255
255 255 255
255 255 255
255 255 255
255 255 255
255 255 255
255 255 255
255 255 255
255 255 255
255 255 255
255 255 255
255 255 255
255 255 255
255 255 255
255 255 255
255 255 255
255 255 255
255 255 255
255 255 255
255 255 255
255 255 255
255 255 255
255 255 255
255 255 255
255 255 255
255 255 255
255 255 255
255 255 255
255 255 255
255 255 255
255 255 255
255 255 255
255 255 255
255 255 255
255 255 255
255 255 255
255 255 255
255 255 255
255 255 255
255 255 255
255 255 255
255 255 255
255 255 255
255 255 255
255 255 255
255 255 255
255 255 255
255 255 255
255 255 255
255 255 255
255 255 255
255 255 255
255 255 255
255 255 255
255 255 255
255 255 255
255 255 255
255 255 255
255 255 255
255 255 255
255 255 255
255 255 255
255 255 255
255 255 255
255 255 255
255 255 255
255 255 255
255 255 255
255 255 255
255 255 255
255 255 255
255 255 255
255 255 255
255 255 255
255 255 255
255 255 255
255 255 255
255 255 255
255 255 255
255 255 255
255 255 255
255 255 255
255 255 255
255 255 255
255 255 255
255 255 255
255 255 255
255 255 255
255 255 255
255 255 255
255 255 255
255 255 255
255 255 255
255 255 255
255 255 255
255 255 255
255 255 255
255 255 255
255 255 255
255 255 255
255 255 254
255 255 254
255 255 254
255 255 252
255 255 252
255 255 252
255 255 254
255 255 255
253 255 255
248 252 255
237 243 250
136 145 155
106 117 131
116 130 148
132 147 166
64 81 102
11 37 73
14 40 76
25 51 88
33 60 97
26 52 92
13 38 78
8 33 73
8 31 69
29 51 86
14 35 63
9 27 50
102 118 135
214 229 238
243 255 255
238 250 250
241 254 252
255 253 255
254 248 253
255 253 255
255 253 255
252 248 253
255 253 255
255 254 255
249 248 252
255 254 255
255 254 255
255 255 255
255 255 254
255 255 254
255 255 252
255 255 251
255 255 251
251 249 255
255 253 255
253 249 254
255 254 255
160 158 158
78 74 73
72 68 67
78 76 75
108 108 108
16 17 21
20 21 31
2 5 19
0 4 23
10 15 40
7 14 41
0 4 33
10 22 34
10 23 37
10 26 43
10 30 48
11 33 58
13 38 64
15 41 71
17 43 73
10 36 66
12 37 63
24 45 67
35 52 71
17 30 44
203 213 223
246 254 255
248 254 255
253 252 254
250 249 251
255 254 255
255 254 255
255 254 255
254 247 250
255 249 252
255 253 255
255 253 255
255 254 255
255 254 255
255 255 255
253 255 255
251 255 255
250 255 255
250 255 255
255 255 255
255 255 255
255 255 255
255 255 255
255 255 255
255 255 255
255 255 255
255 255 255
255 255 255
255 255 255
255 255 255
255 255 255
255 255 255
255 255 255
255 255 255
255 255 255
253 255 252
253 255 252
252 255 251
251 254 252
236 239 237
255 255 254
243 244 242
255 255 254
255 255 255
254 252 252
248 246 246
251 249 249
255 254 255
255 254 255
255 252 254
248 243 245
255 255 252
255 255 252
255 255 252
255 255 254
255 255 254
255 255 255
255 255 255
253 255 255
253 255 255
253 255 255
253 255 255
253 255 255
255 255 255
255 255 255
255 255 255
255 255 255
255 255 255
255 255 255
255 255 255
255 255 255
255 255 255
255 255 255
255 255 255
255 255 255
255 255 255
255 255 255
255 255 255
255 255 255
255 255 255
255 255 255
255 255 255
255 255 255
255 255 255
255 255 255
255 255 255
255 255 255
255 255 255
255 255 255
255 255 255
255 255 255
255 255 255
255 255 255
255 255 255
255 255 255
255 255 255
255 255 255
255 255 255
255 255 255
255 255 255
255 255 255
255 255 255
255 255 255
255 255 255
255 255 255
255 255 255
255 255 255
255 255 255
255 255 255
255 255 255
255 255 255
255 255 255
255 255 255
255 255 255
255 255 255
255 255 255
255 255 255
255 255 255
255 255 255
255 255 255
255 255 255
255 255 255
255 255 255
255 255 255
255 255 255
255 255 255
255 255 255
255 255 255
255 255 255
255 255 255
255 255 255
255 255 255
255 255 255
255 255 255
255 255 255
255 255 255
255 255 255
255 255 255
255 255 255
255 255 255
255 255 255
255 255 255
255 255 255
255 255 255
255 255 255
255 255 255
255 255 255
255 255 255
255 255 255
255 255 255
255 255 255
255 255 255
255 255 255
255 255 255
255 255 255
255 255 255
255 255 255
255 255 255
255 255 255
255 255 255
255 255 255
255 255 255
255 255 255
255 255 255
255 255 255
255 255 255
255 255 255
255 255 255
255 255 255
255 255 255
255 255 255
255 255 255
255 255 255
255 255 255
255 255 255
255 255 255
255 255 255
255 255 255
255 255 255
255 255 255
255 255 255
255 255 254
255 255 254
255 255 252
255 255 252
255 255 252
255 255 252
255 255 254
255 255 255
253 255 255
239 243 248
235 242 251
96 105 118
125 138 154
116 130 148
115 130 149
29 46 67
13 39 75
21 47 83
24 50 87
17 43 80
11 36 76
7 33 70
6 29 67
11 33 68
0 18 49
26 43 69
45 60 79
189 203 215
243 255 255
246 255 255
245 252 247
250 255 251
253 244 247
250 243 246
255 253 255
255 253 255
255 253 255
252 248 253
255 254 255
255 254 255
255 254 255
255 254 255
255 255 255
255 255 254
255 255 252
255 255 252
255 255 251
255 255 251
253 252 255
253 252 255
255 253 255
172 171 175
60 57 59
54 52 52
94 92 91
127 125 125
58 57 59
6 7 11
22 23 33
0 2 16
11 15 34
16 20 44
2 6 34
14 20 49
11 24 38
11 26 42
14 30 47
14 33 54
14 36 61
15 39 67
15 41 71
15 43 73
5 31 61
16 39 65
8 29 51
59 75 92
239 251 255
231 241 248
236 243 246
250 255 255
255 250 252
255 254 255
255 253 255
255 248 251
255 253 255
255 246 249
255 251 254
255 254 255
255 254 255
255 254 255
255 255 255
255 255 255
253 255 255
250 255 255
248 255 255
248 255 255
255 255 255
255 255 255
255 255 255
255 255 255
255 255 255
255 255 255
255 255 255
255 255 255
255 255 255
255 255 255
255 255 255
255 255 255
255 255 255
255 255 255
255 255 255
255 255 255
251 255 254
251 255 254
252 255 253
253 255 254
253 255 254
255 255 254
255 255 254
255 255 254
255 255 254
255 255 254
255 255 254
255 255 254
255 250 250
254 246 246
255 254 254
255 254 254
255 255 251
255 255 251
255 255 252
255 255 252
255 255 254
255 255 255
255 255 255
253 255 255
253 255 255
253 255 255
253 255 255
253 255 255
255 255 255
255 255 255
255 255 255
255 255 255
255 255 255
255 255 255
255 255 255
255 255 255
255 255 255
255 255 255
255 255 255
255 255 255
255 255 255
255 255 255
255 255 255
255 255 255
255 255 255
255 255 255
255 255 255
255 255 255
255 255 255
255 255 255
255 255 255
255 255 255
255 255 255
255 255 255
255 255 255
255 255 255
255 255 255
255 255 255
255 255 255
255 255 255
255 255 255
255 255 255
255 255 255
255 255 255
255 255 255
255 255 255
255 255 255
255 255 255
255 255 255
255 255 255
255 255 255
255 255 255
255 255 255
255 255 255
255 255 255
255 255 255
255 255 255
255 255 255
255 255 255
255 255 255
255 255 255
255 255 255
255 255 255
255 255 255
255 255 255
255 255 255
255 255 255
255 255 255
255 255 255
255 255 255
255 255 255
255 255 255
255 255 255
255 255 255
255 255 255
255 255 255
255 255 255
255 255 255
255 255 255
255 255 255
255 255 255
255 255 255
255 255 255
255 255 255
255 255 255
255 255 255
255 255 255
255 255 255
255 255 255
255 255 255
255 255 255
255 255 255
255 255 255
255 255 255
255 255 255
255 255 255
255 255 255
255 255 255
255 255 255
255 255 255
255 255 255
255 255 255
255 255 255
255 255 255
255 255 255
255 255 255
255 255 255
255 255 255
255 255 255
255 255 255
255 255 255
255 255 255
255 255 255
255 255 255
255 255 255
255 255 255
255 255 255
255 255 255
255 255 255
255 255 255
255 255 255
255 255 255
255 255 255
255 255 255
255 255 255
255 255 255
255 255 254
255 255 254
255 255 252
255 255 252
255 255 252
255 255 252
255 255 254
255 255 255
253 255 255
248 252 255
204 211 220
117 126 139
105 118 134
97 111 129
42 59 80
31 48 69
28 54 90
29 55 91
19 45 82
0 26 63
0 25 62
4 27 65
4 26 62
17 37 72
12 30 59
34 50 73
57 71 89
243 253 255
246 255 255
250 255 254
250 255 250
251 255 247
255 253 255
255 253 255
249 242 245
249 242 247
255 253 255
255 253 255
255 252 255
255 254 255
255 254 255
255 254 255
255 255 255
255 255 254
255 255 252
255 255 252
255 255 251
255 255 251
249 250 255
251 252 255
216 215 224
89 87 93
43 42 44
116 114 114
166 164 164
87 85 85
18 17 19
22 23 27
18 19 29
34 35 49
10 14 33
13 17 41
16 20 48
18 22 51
9 25 38
11 26 42
12 29 48
14 35 57
15 38 64
17 41 69
15 43 73
16 44 74
0 25 55
21 44 70
128 149 170
236 252 255
228 240 250
246 254 255
250 255 255
247 251 252
255 253 255
255 251 254
249 243 244
255 254 255
255 254 255
255 250 252
255 253 255
245 237 238
255 254 255
255 254 255
255 255 255
255 255 255
251 255 255
250 255 255
248 255 255
246 255 255
255 255 255
255 255 255
255 255 255
255 255 255
255 255 255
255 255 255
255 255 255
255 255 255
255 255 255
255 255 255
255 255 255
255 255 255
255 255 255
255 255 255
255 255 255
255 255 255
246 251 249
251 255 254
235 240 238
253 255 254
253 255 254
244 245 241
255 255 252
242 241 237
255 254 250
255 250 247
249 244 241
255 254 251
255 255 252
255 255 252
255 255 252
254 245 242
255 255 251
255 255 251
255 255 251
255 255 252
255 255 254
255 255 255
255 255 255
253 255 255
253 255 255
253 255 255
253 255 255
253 255 255
255 255 255
255 255 255
255 255 255
255 255 254
255 255 255
255 255 255
255 255 255
255 255 255
255 255 255
255 255 255
255 255 255
255 255 255
255 255 255
255 255 255
255 255 255
255 255 255
255 255 255
255 255 255
255 255 255
255 255 255
255 255 255
255 255 255
255 255 255
255 255 255
255 255 255
255 255 255
255 255 255
255 255 255
255 255 255
255 255 255
255 255 255
255 255 255
255 255 255
255 255 255
255 255 255
255 255 255
255 255 255
255 255 255
255 255 255
255 255 255
255 255 255
255 255 255
255 255 255
255 255 255
255 255 255
255 255 255
255 255 255
255 255 255
255 255 255
255 255 255
255 255 255
255 255 255
255 255 255
255 255 255
255 255 255
255 255 255
255 255 255
255 255 255
255 255 255
255 255 255
255 255 255
255 255 255
255 255 255
255 255 255
255 255 255
255 255 255
255 255 255
255 255 255
255 255 255
255 255 255
255 255 255
255 255 255
255 255 255
255 255 255
255 255 255
255 255 255
255 255 255
255 255 255
255 255 255
255 255 255
255 255 255
255 255 255
255 255 255
255 255 255
255 255 255
255 255 255
255 255 255
255 255 255
255 255 255
255 255 255
255 255 255
255 255 255
255 255 255
255 255 255
255 255 255
255 255 255
255 255 255
255 255 255
255 255 255
255 255 255
255 255 255
255 255 255
255 255 255
255 255 255
255 255 255
255 255 255
255 255 255
255 255 255
255 255 255
255 255 255
255 255 255
255 255 255
255 255 255
255 255 255
255 255 255
255 255 255
255 255 255
255 255 255
255 255 251
255 255 251
255 255 252
255 255 254
255 254 255
255 254 255
253 253 255
250 252 255
246 252 255
242 249 255
120 130 148
88 99 119
78 91 113
74 88 111
36 51 77
76 91 117
35 70 110
21 56 96
10 43 82
3 37 73
0 32 65
0 29 58
7 34 60
20 45 65
29 49 66
47 63 75
114 125 133
248 254 255
253 255 255
255 254 255
255 254 253
255 254 254
255 255 255
255 255 255
255 255 255
255 255 255
255 255 255
255 255 255
255 255 255
255 255 255
255 255 255
255 255 255
255 255 255
255 255 255
255 255 255
255 255 255
255 255 255
255 255 255
255 254 255
255 254 255
154 153 157
69 70 74
75 78 83
173 177 182
86 89 97
14 19 28
22 31 40
20 30 40
19 28 41
17 29 41
15 28 42
13 29 42
14 30 43
15 30 46
14 41 67
0 19 45
8 32 56
42 62 87
13 29 52
16 29 51
38 48 66
0 5 22
107 112 127
217 221 232
248 253 255
241 247 254
245 251 255
248 255 255
248 255 255
248 255 255
255 255 255
255 255 255
255 255 255
255 255 255
255 255 255
255 255 255
255 255 255
255 255 255
255 255 255
255 255 255
255 255 255
255 255 255
255 255 255
255 255 255
255 255 255
255 255 255
255 255 255
255 255 255
255 255 255
255 255 255
255 255 255
255 255 255
255 255 255
255 255 255
255 255 255
255 255 255
255 255 255
255 255 255
255 255 255
255 255 255
255 255 255
255 255 255
255 255 255
255 255 255
255 255 255
255 255 255
255 255 255
255 255 255
255 255 255
255 255 255
255 255 255
255 255 255
255 255 255
255 255 255
255 255 255
255 255 255
255 255 255
255 255 255
255 255 255
255 255 255
255 255 255
255 255 255
255 255 255
255 255 255
255 255 255
255 255 255
255 255 255
255 255 255
255 255 255
255 255 255
255 255 255
255 255 255
255 255 255
255 255 255
255 255 255
255 255 255
255 255 255
255 255 255
255 255 255
255 255 255
255 255 255
255 255 255
255 255 255
255 255 255
255 255 255
255 255 255
255 255 255
255 255 255
255 255 255
255 255 255
255 255 255
255 255 255
255 255 255
255 255 255
255 255 255
255 255 255
255 255 255
255 255 255
255 255 255
255 255 255
255 255 255
255 255 255
255 255 255
255 255 255
255 255 255
255 255 255
255 255 255
255 255 255
255 255 255
255 255 255
255 255 255
255 255 255
255 255 255
255 255 255
255 255 255
255 255 255
255 255 255
255 255 255
255 255 255
255 255 255
255 255 255
255 255 255
255 255 255
255 255 255
255 255 255
255 255 255
255 255 255
255 255 255
255 255 255
255 255 255
255 255 255
255 255 255
255 255 255
255 255 255
255 255 255
255 255 255
255 255 255
255 255 255
255 255 255
255 255 255
255 255 255
255 255 255
255 255 255
255 255 255
255 255 255
255 255 255
255 255 255
255 255 255
255 255 255
255 255 255
255 255 255
255 255 255
255 255 255
255 255 255
255 255 255
255 255 255
255 255 255
255 255 255
255 255 255
255 255 255
255 255 255
255 255 255
255 255 255
255 255 255
255 255 255
255 255 255
255 255 255
255 255 255
255 255 255
255 255 255
255 255 255
255 255 255
255 255 255
255 255 255
255 255 255
255 255 255
255 255 255
255 255 255
255 255 255
255 255 255
255 255 255
255 255 255
255 255 255
255 255 255
255 255 255
255 255 255
255 255 255
255 255 255
255 255 251
255 255 251
255 255 252
255 255 254
255 254 255
255 254 255
253 253 255
250 252 255
246 252 255
227 234 249
91 101 118
78 89 109
100 113 135
124 138 161
102 118 141
88 103 129
62 95 134
44 77 116
25 57 93
13 45 80
7 38 69
7 36 63
18 46 70
35 59 79
33 54 69
42 58 70
140 151 159
248 254 255
253 255 255
255 254 255
255 252 251
255 252 252
255 255 255
255 255 255
255 255 255
255 255 255
255 255 255
255 255 255
255 255 255
255 255 255
255 255 255
255 255 255
255 255 255
255 255 255
255 255 255
255 255 255
255 255 255
255 255 255
248 247 249
251 250 254
112 111 115
55 56 60
110 113 118
102 106 111
24 27 35
29 34 43
30 39 48
28 38 48
26 35 48
21 33 45
16 29 43
11 27 40
8 24 37
7 22 38
0 12 38
24 48 72
12 34 59
0 18 40
23 40 61
3 17 36
82 92 110
199 206 223
236 242 255
248 252 255
250 252 255
242 245 253
250 254 255
250 255 255
244 251 254
242 250 250
255 255 255
255 255 255
255 255 255
255 255 255
255 255 255
255 255 255
255 255 255
255 255 255
255 255 255
255 255 255
255 255 255
255 255 255
255 255 255
255 255 255
255 255 255
255 255 255
255 255 255
255 255 255
255 255 255
255 255 255
255 255 255
255 255 255
255 255 255
255 255 255
255 255 255
255 255 255
255 255 255
255 255 255
255 255 255
255 255 255
255 255 255
255 255 255
255 255 255
255 255 255
255 255 255
255 255 255
255 255 255
255 255 255
255 255 255
255 255 255
255 255 255
255 255 255
255 255 255
255 255 255
255 255 255
255 255 255
255 255 255
255 255 255
255 255 255
255 255 255
255 255 255
255 255 255
255 255 255
255 255 255
255 255 255
255 255 255
255 255 255
255 255 255
255 255 255
255 255 255
255 255 255
255 255 255
255 255 255
255 255 255
255 255 255
255 255 255
255 255 255
255 255 255
255 255 255
255 255 255
255 255 255
255 255 255
255 255 255
255 255 255
255 255 255
255 255 255
255 255 255
255 255 255
255 255 255
255 255 255
255 255 255
255 255 255
255 255 255
255 255 255
255 255 255
255 255 255
255 255 255
255 255 255
255 255 255
255 255 255
255 255 255
255 255 255
255 255 255
255 255 255
255 255 255
255 255 255
255 255 255
255 255 255
255 255 255
255 255 255
255 255 255
255 255 255
255 255 255
255 255 255
255 255 255
255 255 255
255 255 255
255 255 255
255 255 255
255 255 255
255 255 255
255 255 255
255 255 255
255 255 255
255 255 255
255 255 255
255 255 255
255 255 255
255 255 255
255 255 255
255 255 255
255 255 255
255 255 255
255 255 255
255 255 255
255 255 255
255 255 255
255 255 255
255 255 255
255 255 255
255 255 255
255 255 255
255 255 255
255 255 255
255 255 255
255 255 255
255 255 255
255 255 255
255 255 255
255 255 255
255 255 255
255 255 255
255 255 255
255 255 255
255 255 255
255 255 255
255 255 255
255 255 255
255 255 255
255 255 255
255 255 255
255 255 255
255 255 255
255 255 255
255 255 255
255 255 255
255 255 255
255 255 255
255 255 255
255 255 255
255 255 255
255 255 255
255 255 255
255 255 255
255 255 255
255 255 255
255 255 255
255 255 255
255 255 255
255 255 255
255 255 255
255 255 255
255 255 255
255 255 255
255 255 255
255 255 255
255 255 255
255 255 255
255 255 251
255 255 251
255 255 252
255 255 254
255 255 255
255 254 255
253 253 255
250 252 255
245 251 255
183 190 205
66 76 93
92 104 122
109 122 144
107 121 144
104 120 143
83 99 122
44 72 107
35 63 97
30 58 92
30 59 90
27 56 83
23 51 75
27 51 73
35 57 75
39 58 71
41 56 65
180 189 198
246 252 255
250 252 253
255 254 254
255 252 253
255 250 250
255 255 255
255 255 255
255 255 255
255 255 255
255 255 255
255 255 255
255 255 255
255 255 255
255 255 255
255 255 255
255 255 255
255 255 255
255 255 255
255 255 255
255 255 255
255 255 255
250 249 251
241 240 244
84 83 87
75 76 80
139 142 147
47 51 56
11 14 22
51 56 65
36 45 54
32 42 52
26 35 48
19 31 43
15 28 42
13 29 42
15 31 44
16 31 47
12 36 58
17 40 62
1 22 44
20 37 58
35 50 69
157 169 187
238 246 255
241 246 255
248 252 255
250 252 255
242 245 253
249 252 255
250 255 255
249 254 255
248 253 254
250 255 255
255 255 255
255 255 255
255 255 255
255 255 255
255 255 255
255 255 255
255 255 255
255 255 255
255 255 255
255 255 255
255 255 255
255 255 255
255 255 255
255 255 255
255 255 255
255 255 255
255 255 255
255 255 255
255 255 255
255 255 255
255 255 255
255 255 255
255 255 255
255 255 255
255 255 255
255 255 255
255 255 255
255 255 255
255 255 255
255 255 255
255 255 255
255 255 255
255 255 255
255 255 255
255 255 255
255 255 255
255 255 255
255 255 255
255 255 255
255 255 255
255 255 255
255 255 255
255 255 255
255 255 255
255 255 255
255 255 255
255 255 255
255 255 255
255 255 255
255 255 255
255 255 255
255 255 255
255 255 255
255 255 255
255 255 255
255 255 255
255 255 255
255 255 255
255 255 255
255 255 255
255 255 255
255 255 255
255 255 255
255 255 255
255 255 255
255 255 255
255 255 255
255 255 255
255 255 255
255 255 255
255 255 255
255 255 255
255 255 255
255 255 255
255 255 255
255 255 255
255 255 255
255 255 255
255 255 255
255 255 255
255 255 255
255 255 255
255 255 255
255 255 255
255 255 255
255 255 255
255 255 255
255 255 255
255 255 255
255 255 255
255 255 255
255 255 255
255 255 255
255 255 255
255 255 255
255 255 255
255 255 255
255 255 255
255 255 255
255 255 255
255 255 255
255 255 255
255 255 255
255 255 255
255 255 255
255 255 255
255 255 255
255 255 255
255 255 255
255 255 255
255 255 255
255 255 255
255 255 255
255 255 255
255 255 255
255 255 255
255 255 255
255 255 255
255 255 255
255 255 255
255 255 255
255 255 255
255 255 255
255 255 255
255 255 255
255 255 255
255 255 255
255 255 255
255 255 255
255 255 255
255 255 255
255 255 255
255 255 255
255 255 255
255 255 255
255 255 255
255 255 255
255 255 255
255 255 255
255 255 255
255 255 255
255 255 255
255 255 255
255 255 255
255 255 255
255 255 255
255 255 255
255 255 255
255 255 255
255 255 255
255 255 255
255 255 255
255 255 255
255 255 255
255 255 255
255 255 255
255 255 255
255 255 255
255 255 255
255 255 255
255 255 255
255 255 255
255 255 255
255 255 255
255 255 255
255 255 255
255 255 255
255 255 255
255 255 255
255 255 255
255 255 255
255 255 255
255 255 255
255 255 255
255 255 255
255 255 255
255 255 255
255 255 255
255 255 251
255 255 252
255 255 252
255 255 254
255 255 255
255 254 255
253 253 255
250 253 255
235 241 252
147 155 168
85 93 110
117 129 147
110 124 143
78 92 114
67 81 104
45 61 84
63 87 117
45 69 97
26 50 78
16 41 67
11 37 61
15 40 60
28 52 70
47 68 83
41 59 70
51 66 75
216 226 233
244 248 253
248 249 253
255 254 255
255 254 255
255 254 255
255 255 255
255 255 255
255 255 255
255 255 255
255 255 255
255 255 255
255 255 255
255 255 255
255 255 255
255 255 255
255 255 255
255 255 255
255 255 255
255 255 255
255 255 255
255 255 255
255 254 255
229 228 232
82 81 85
114 115 119
118 121 126
37 41 46
47 50 58
49 54 63
24 33 42
22 32 42
21 30 43
17 29 41
13 26 40
10 26 39
8 24 37
8 23 39
10 31 52
9 30 51
5 22 41
59 75 92
234 246 255
243 251 255
246 252 255
248 252 255
244 246 255
244 246 254
253 253 255
253 254 255
240 244 245
239 244 243
248 253 252
248 253 252
255 255 255
255 255 255
255 255 255
255 255 255
255 255 255
255 255 255
255 255 255
255 255 255
255 255 255
255 255 255
255 255 255
255 255 255
255 255 255
255 255 255
255 255 255
255 255 255
255 255 255
255 255 255
255 255 255
255 255 255
255 255 255
255 255 255
255 255 255
255 255 255
255 255 255
255 255 255
255 255 255
255 255 255
255 255 255
255 255 255
255 255 255
255 255 255
255 255 255
255 255 255
255 255 255
255 255 255
255 255 255
255 255 255
255 255 255
255 255 255
255 255 255
255 255 255
255 255 255
255 255 255
255 255 255
255 255 255
255 255 255
255 255 255
255 255 255
255 255 255
255 255 255
255 255 255
255 255 255
255 255 255
255 255 255
255 255 255
255 255 255
255 255 255
255 255 255
255 255 255
255 255 255
255 255 255
255 255 255
255 255 255
255 255 255
255 255 255
255 255 255
255 255 255
255 255 255
255 255 255
255 255 255
255 255 255
255 255 255
255 255 255
255 255 255
255 255 255
255 255 255
255 255 255
255 255 255
255 255 255
255 255 255
255 255 255
255 255 255
255 255 255
255 255 255
255 255 255
255 255 255
255 255 255
255 255 255
255 255 255
255 255 255
255 255 255
255 255 255
255 255 255
255 255 255
255 255 255
255 255 255
255 255 255
255 255 255
255 255 255
255 255 255
255 255 255
255 255 255
255 255 255
255 255 255
255 255 255
255 255 255
255 255 255
255 255 255
255 255 255
255 255 255
255 255 255
255 255 255
255 255 255
255 255 255
255 255 255
255 255 255
255 255 255
255 255 255
255 255 255
255 255 255
255 255 255
255 255 255
255 255 255
255 255 255
255 255 255
255 255 255
255 255 255
255 255 255
255 255 255
255 255 255
255 255 255
255 255 255
255 255 255
255 255 255
255 255 255
255 255 255
255 255 255
255 255 255
255 255 255
255 255 255
255 255 255
255 255 255
255 255 255
255 255 255
255 255 255
255 255 255
255 255 255
255 255 255
255 255 255
255 255 255
255 255 255
255 255 255
255 255 255
255 255 255
255 255 255
255 255 255
255 255 255
255 255 255
255 255 255
255 255 255
255 255 255
255 255 255
255 255 255
255 255 255
255 255 255
255 255 255
255 255 255
255 255 255
255 255 255
255 255 255
255 255 255
255 255 255
255 255 255
255 255 255
255 255 255
255 255 255
255 255 255
255 255 252
255 255 252
255 255 252
255 255 254
255 255 255
255 254 255
251 254 255
250 253 255
237 241 252
125 133 146
86 95 109
67 77 95
61 72 92
73 87 106
73 87 109
63 77 99
19 40 62
16 37 59
22 43 65
33 54 75
39 61 79
41 61 78
46 65 80
55 73 84
43 60 69
86 99 107
239 247 254
243 247 252
248 249 253
255 254 255
255 254 255
255 254 255
255 255 255
255 255 255
255 255 255
255 255 255
255 255 255
255 255 255
255 255 255
255 255 255
255 255 255
255 255 255
255 255 255
255 255 255
255 255 255
255 255 255
255 255 255
255 255 255
251 250 252
231 230 234
95 94 98
126 127 131
74 77 82
37 41 46
49 52 60
25 30 39
11 20 29
13 23 33
18 27 40
19 31 43
17 30 44
13 29 42
9 25 38
6 21 37
6 24 41
1 19 36
78 94 110
227 240 255
243 252 255
244 252 255
242 246 255
251 252 255
253 252 255
253 253 255
255 254 255
254 253 255
243 243 243
253 255 254
253 255 254
249 252 250
255 255 255
255 255 255
255 255 255
255 255 255
255 255 255
255 255 255
255 255 255
255 255 255
255 255 255
255 255 255
255 255 255
255 255 255
255 255 255
255 255 255
255 255 255
255 255 255
255 255 255
255 255 255
255 255 255
255 255 255
255 255 255
255 255 255
255 255 255
255 255 255
255 255 255
255 255 255
255 255 255
255 255 255
255 255 255
255 255 255
255 255 255
255 255 255
255 255 255
255 255 255
255 255 255
255 255 255
255 255 255
255 255 255
255 255 255
255 255 255
255 255 255
255 255 255
255 255 255
255 255 255
255 255 255
255 255 255
255 255 255
255 255 255
255 255 255
255 255 255
255 255 255
255 255 255
255 255 255
255 255 255
255 255 255
255 255 255
255 255 255
255 255 255
255 255 255
255 255 255
255 255 255
255 255 255
255 255 255
255 255 255
255 255 255
255 255 255
255 255 255
255 255 255
255 255 255
255 255 255
255 255 255
255 255 255
255 255 255
255 255 255
255 255 255
255 255 255
255 255 255
255 255 255
255 255 255
255 255 255
255 255 255
255 255 255
255 255 255
255 255 255
255 255 255
255 255 255
255 255 255
255 255 255
255 255 255
255 255 255
255 255 255
255 255 255
255 255 255
255 255 255
255 255 255
255 255 255
255 255 255
255 255 255
255 255 255
255 255 255
255 255 255
255 255 255
255 255 255
255 255 255
255 255 255
255 255 255
255 255 255
255 255 255
255 255 255
255 255 255
255 255 255
255 255 255
255 255 255
255 255 255
255 255 255
255 255 255
255 255 255
255 255 255
255 255 255
255 255 255
255 255 255
255 255 255
255 255 255
255 255 255
255 255 255
255 255 255
255 255 255
255 255 255
255 255 255
255 255 255
255 255 255
255 255 255
255 255 255
255 255 255
255 255 255
255 255 255
255 255 255
255 255 255
255 255 255
255 255 255
255 255 255
255 255 255
255 255 255
255 255 255
255 255 255
255 255 255
255 255 255
255 255 255
255 255 255
255 255 255
255 255 255
255 255 255
255 255 255
255 255 255
255 255 255
255 255 255
255 255 255
255 255 255
255 255 255
255 255 255
255 255 255
255 255 255
255 255 255
255 255 255
255 255 255
255 255 255
255 255 255
255 255 255
255 255 255
255 255 255
255 255 255
255 255 255
255 255 255
255 255 255
255 255 255
255 255 255
255 255 255
255 255 255
255 255 252
255 255 252
255 255 254
255 255 254
255 255 255
253 255 255
251 254 255
250 253 255
235 240 249
113 121 134
90 99 113
37 47 64
17 29 47
13 27 46
17 31 50
37 52 71
39 53 71
24 40 57
13 29 45
11 27 43
12 29 42
16 34 45
30 46 58
44 61 70
55 68 76
145 157 163
246 255 255
245 250 253
249 250 254
255 254 255
255 254 255
255 254 255
255 255 255
255 255 255
255 255 255
255 255 255
255 255 255
255 255 255
255 255 255
255 255 255
255 255 255
255 255 255
255 255 255
255 255 255
255 255 255
255 255 255
255 255 255
255 255 255
254 253 255
255 254 255
140 139 143
116 117 121
58 61 66
35 39 44
16 19 27
18 23 32
17 26 35
13 23 33
11 20 33
13 25 37
22 35 49
37 53 66
54 70 83
65 80 96
61 77 90
74 90 103
189 203 215
239 248 255
243 252 255
238 243 252
251 253 255
246 246 252
255 254 255
248 245 247
252 250 250
255 255 255
253 251 250
255 255 252
255 255 252
255 255 252
255 255 255
255 255 255
255 255 255
255 255 255
255 255 255
255 255 255
255 255 255
255 255 255
255 255 255
255 255 255
255 255 255
255 255 255
255 255 255
255 255 255
255 255 255
255 255 255
255 255 255
255 255 255
255 255 255
255 255 255
255 255 255
255 255 255
255 255 255
255 255 255
255 255 255
255 255 255
255 255 255
255 255 255
255 255 255
255 255 255
255 255 255
255 255 255
255 255 255
255 255 255
255 255 255
255 255 255
255 255 255
255 255 255
255 255 255
255 255 255
255 255 255
255 255 255
255 255 255
255 255 255
255 255 255
255 255 255
255 255 255
255 255 255
255 255 255
255 255 255
255 255 255
255 255 255
255 255 255
255 255 255
255 255 255
255 255 255
255 255 255
255 255 255
255 255 255
255 255 255
255 255 255
255 255 255
255 255 255
255 255 255
255 255 255
255 255 255
255 255 255
255 255 255
255 255 255
255 255 255
255 255 255
255 255 255
255 255 255
255 255 255
255 255 255
255 255 255
255 255 255
255 255 255
255 255 255
255 255 255
255 255 255
255 255 255
255 255 255
255 255 255
255 255 255
255 255 255
255 255 255
255 255 255
255 255 255
255 255 255
255 255 255
255 255 255
255 255 255
255 255 255
255 255 255
255 255 255
255 255 255
255 255 255
255 255 255
255 255 255
255 255 255
255 255 255
255 255 255
255 255 255
255 255 255
255 255 255
255 255 255
255 255 255
255 255 255
255 255 255
255 255 255
255 255 255
255 255 255
255 255 255
255 255 255
255 255 255
255 255 255
255 255 255
255 255 255
255 255 255
255 255 255
255 255 255
255 255 255
255 255 255
255 255 255
255 255 255
255 255 255
255 255 255
255 255 255
255 255 255
255 255 255
255 255 255
255 255 255
255 255 255
255 255 255
255 255 255
255 255 255
255 255 255
255 255 255
255 255 255
255 255 255
255 255 255
255 255 255
255 255 255
255 255 255
255 255 255
255 255 255
255 255 255
255 255 255
255 255 255
255 255 255
255 255 255
255 255 255
255 255 255
255 255 255
255 255 255
255 255 255
255 255 255
255 255 255
255 255 255
255 255 255
255 255 255
255 255 255
255 255 255
255 255 255
255 255 255
255 255 255
255 255 255
255 255 255
255 255 255
255 255 255
255 255 255
255 255 255
255 255 255
255 255 255
255 255 255
255 255 255
255 255 255
255 255 252
255 255 252
255 255 254
255 255 254
255 255 255
253 255 255
251 254 255
250 253 255
218 223 232
123 132 142
123 132 145
86 97 111
66 79 95
5 17 35
0 0 14
0 0 14
0 6 19
0 5 17
0 11 23
12 24 34
19 34 43
22 38 45
28 44 51
39 53 59
73 85 91
211 222 226
248 254 255
249 254 255
250 251 255
255 254 255
255 254 255
255 254 255
255 255 255
255 255 255
255 255 255
255 255 255
255 255 255
255 255 255
255 255 255
255 255 255
255 255 255
255 255 255
255 255 255
255 255 255
255 255 255
255 255 255
255 255 255
255 255 255
255 254 255
255 254 255
211 210 214
101 102 106
53 56 61
30 34 39
3 6 14
23 28 37
16 25 34
8 18 28
0 9 22
1 13 25
16 29 43
44 60 73
76 92 105
96 111 127
122 134 144
121 133 143
173 184 192
243 250 255
248 254 255
251 253 255
246 246 252
255 253 255
253 250 252
254 249 250
255 255 254
255 255 254
254 253 249
249 248 244
254 254 248
255 255 251
255 255 255
255 255 255
255 255 255
255 255 255
255 255 255
255 255 255
255 255 255
255 255 255
255 255 255
255 255 255
255 255 255
255 255 255
255 255 255
255 255 255
255 255 255
255 255 255
255 255 255
255 255 255
255 255 255
255 255 255
255 255 255
255 255 255
255 255 255
255 255 255
255 255 255
255 255 255
255 255 255
255 255 255
255 255 255
255 255 255
255 255 255
255 255 255
255 255 255
255 255 255
255 255 255
255 255 255
255 255 255
255 255 255
255 255 255
255 255 255
255 255 255
255 255 255
255 255 255
255 255 255
255 255 255
255 255 255
255 255 255
255 255 255
255 255 255
255 255 255
255 255 255
255 255 255
255 255 255
255 255 255
255 255 255
255 255 255
255 255 255
255 255 255
255 255 255
255 255 255
255 255 255
255 255 255
255 255 255
255 255 255
255 255 255
255 255 255
255 255 255
255 255 255
255 255 255
255 255 255
255 255 255
255 255 255
255 255 255
255 255 255
255 255 255
255 255 255
255 255 255
255 255 255
255 255 255
255 255 255
255 255 255
255 255 255
255 255 255
255 255 255
255 255 255
255 255 255
255 255 255
255 255 255
255 255 255
255 255 255
255 255 255
255 255 255
255 255 255
255 255 255
255 255 255
255 255 255
255 255 255
255 255 255
255 255 255
255 255 255
255 255 255
255 255 255
255 255 255
255 255 255
255 255 255
255 255 255
255 255 255
255 255 255
255 255 255
255 255 255
255 255 255
255 255 255
255 255 255
255 255 255
255 255 255
255 255 255
255 255 255
255 255 255
255 255 255
255 255 255
255 255 255
255 255 255
255 255 255
255 255 255
255 255 255
255 255 255
255 255 255
255 255 255
255 255 255
255 255 255
255 255 255
255 255 255
255 255 255
255 255 255
255 255 255
255 255 255
255 255 255
255 255 255
255 255 255
255 255 255
255 255 255
255 255 255
255 255 255
255 255 255
255 255 255
255 255 255
255 255 255
255 255 255
255 255 255
255 255 255
255 255 255
255 255 255
255 255 255
255 255 255
255 255 255
255 255 255
255 255 255
255 255 255
255 255 255
255 255 255
255 255 255
255 255 255
255 255 255
255 255 255
255 255 255
255 255 255
255 255 255
255 255 255
255 255 255
255 255 255
255 255 255
255 255 255
255 255 255
255 255 255
255 255 255
255 255 255
255 255 255
255 255 255
255 255 252
255 255 254
255 255 254
255 255 255
255 255 255
253 255 255
251 254 255
250 254 255
209 215 222
140 146 157
122 130 143
92 101 114
126 137 151
98 111 127
80 93 109
50 62 80
56 63 72
43 50 59
28 38 45
21 31 38
10 22 28
0 11 17
0 10 14
3 15 19
86 97 101
246 255 255
248 255 255
251 254 255
250 251 255
255 254 255
249 246 248
255 250 252
255 255 255
255 255 255
255 255 255
255 255 255
255 255 255
255 255 255
255 255 255
255 255 255
255 255 255
255 255 255
255 255 255
255 255 255
255 255 255
255 255 255
255 255 255
255 255 255
249 248 250
245 244 248
255 254 255
86 87 91
37 40 45
19 23 28
13 16 24
20 25 34
0 6 15
0 3 13
0 1 14
0 7 19
5 18 32
21 37 50
39 55 68
51 66 82
84 96 102
85 95 102
174 182 189
239 245 250
249 252 255
247 248 252
255 253 255
255 254 255
255 254 255
255 255 254
255 255 254
255 255 252
255 255 251
255 255 251
255 255 251
253 253 247
255 255 255
255 255 255
255 255 255
255 255 255
255 255 255
255 255 255
255 255 255
255 255 255
255 255 255
255 255 255
255 255 255
255 255 255
255 255 255
255 255 255
255 255 255
255 255 255
255 255 255
255 255 255
255 255 255
255 255 255
255 255 255
255 255 255
255 255 255
255 255 255
255 255 255
255 255 255
255 255 255
255 255 255
255 255 255
255 255 255
255 255 255
255 255 255
255 255 255
255 255 255
255 255 255
255 255 255
255 255 255
255 255 255
255 255 255
255 255 255
255 255 255
255 255 255
255 255 255
255 255 255
255 255 255
255 255 255
255 255 255
255 255 255
255 255 255
255 255 255
255 255 255
255 255 255
255 255 255
255 255 255
255 255 255
255 255 255
255 255 255
255 255 255
255 255 255
255 255 255
255 255 255
255 255 255
255 255 255
255 255 255
255 255 255
255 255 255
255 255 255
255 255 255
255 255 255
255 255 255
255 255 255
255 255 255
255 255 255
255 255 255
255 255 255
255 255 255
255 255 255
255 255 255
255 255 255
255 255 255
255 255 255
255 255 255
255 255 255
255 255 255
255 255 255
255 255 255
255 255 255
255 255 255
255 255 255
255 255 255
255 255 255
255 255 255
255 255 255
255 255 255
255 255 255
255 255 255
255 255 255
255 255 255
255 255 255
255 255 255
255 255 255
255 255 255
255 255 255
255 255 255
255 255 255
255 255 255
255 255 255
255 255 255
255 255 255
255 255 255
255 255 255
255 255 255
255 255 255
255 255 255
255 255 255
255 255 255
255 255 255
255 255 255
255 255 255
255 255 255
255 255 255
255 255 255
255 255 255
255 255 255
255 255 255
255 255 255
255 255 255
255 255 255
255 255 255
255 255 255
255 255 255
255 255 255
255 255 255
255 255 255
255 255 255
255 255 255
255 255 255
255 255 255
255 255 255
255 255 255
255 255 255
255 255 255
255 255 255
255 255 255
255 255 255
255 255 255
255 255 255
255 255 255
255 255 255
255 255 255
255 255 255
255 255 255
255 255 255
255 255 255
255 255 255
255 255 255
255 255 255
255 255 255
255 255 255
255 255 255
255 255 255
255 255 255
255 255 255
255 255 255
255 255 255
255 255 255
255 255 255
255 255 255
255 255 255
255 255 255
255 255 255
255 255 255
255 255 255
255 255 255
255 255 255
255 255 255
255 255 255
255 255 255
255 255 254
254 252 251
253 251 250
255 255 255
253 255 255
253 255 255
244 247 251
241 245 250
195 201 208
137 144 153
124 133 143
104 113 126
108 120 132
121 132 146
97 110 124
34 47 63
22 28 33
17 23 28
9 18 22
20 29 33
25 36 40
28 39 43
24 35 39
32 44 46
136 148 150
246 255 255
243 250 253
245 248 252
253 255 255
255 254 255
255 252 254
255 253 255
255 255 255
255 255 255
255 255 255
255 255 255
255 255 255
255 255 255
255 255 255
255 255 255
255 255 255
255 255 255
255 255 255
255 255 255
255 255 255
255 255 255
255 255 255
255 255 255
252 251 253
255 254 255
254 253 255
142 143 147
21 24 29
32 36 41
39 42 50
30 35 44
12 21 30
12 22 32
8 17 30
5 17 29
0 0 11
0 0 12
15 31 44
6 21 37
45 54 58
48 57 61
226 232 237
242 247 250
236 237 241
255 254 255
255 254 255
255 254 255
255 255 254
255 255 254
255 255 252
255 255 252
255 255 251
255 255 251
255 255 251
255 255 251
255 255 255
255 255 255
255 255 255
255 255 255
255 255 255
255 255 255
255 255 255
255 255 255
255 255 255
255 255 255
255 255 255
255 255 255
255 255 255
255 255 255
255 255 255
255 255 255
255 255 255
255 255 255
255 255 255
255 255 255
255 255 255
255 255 255
255 255 255
255 255 255
255 255 255
255 255 255
255 255 255
255 255 255
255 255 255
255 255 255
255 255 255
255 255 255
255 255 255
255 255 255
255 255 255
255 255 255
255 255 255
255 255 255
255 255 255
255 255 255
255 255 255
255 255 255
255 255 255
255 255 255
255 255 255
255 255 255
255 255 255
255 255 255
255 255 255
255 255 255
255 255 255
255 255 255
255 255 255
255 255 255
255 255 255
255 255 255
255 255 255
255 255 255
255 255 255
255 255 255
255 255 255
255 255 255
255 255 255
255 255 255
255 255 255
255 255 255
255 255 255
255 255 255
255 255 255
255 255 255
255 255 255
255 255 255
255 255 255
255 255 255
255 255 255
255 255 255
255 255 255
255 255 255
255 255 255
255 255 255
255 255 255
255 255 255
255 255 255
255 255 255
255 255 255
255 255 255
255 255 255
255 255 255
255 255 255
255 255 255
255 255 255
255 255 255
255 255 255
255 255 255
255 255 255
255 255 255
255 255 255
255 255 255
255 255 255
255 255 255
255 255 255
255 255 255
255 255 255
255 255 255
255 255 255
255 255 255
255 255 255
255 255 255
255 255 255
255 255 255
255 255 255
255 255 255
255 255 255
255 255 255
255 255 255
255 255 255
255 255 255
255 255 255
255 255 255
255 255 255
255 255 255
255 255 255
255 255 255
255 255 255
255 255 255
255 255 255
255 255 255
255 255 255
255 255 255
255 255 255
255 255 255
255 255 255
255 255 255
255 255 255
255 255 255
255 255 255
255 255 255
255 255 255
255 255 255
255 255 255
255 255 255
255 255 255
255 255 255
255 255 255
255 255 255
255 255 255
255 255 255
255 255 255
255 255 255
255 255 255
255 255 255
255 255 255
255 255 255
255 255 255
255 255 255
255 255 255
255 255 255
255 255 255
255 255 255
255 255 255
255 255 255
255 255 255
255 255 255
255 255 255
255 255 255
255 255 255
255 255 255
255 255 255
255 255 255
255 255 255
255 255 255
255 255 255
255 255 255
255 255 255
255 255 255
255 255 255
255 255 255
255 255 255
255 255 254
254 255 253
254 255 253
255 255 255
253 255 255
251 255 255
248 251 255
248 252 255
190 196 203
130 137 146
124 133 142
109 119 129
90 99 112
77 89 101
94 106 118
101 112 126
87 91 96
71 77 82
52 58 63
45 54 58
41 50 54
37 49 51
39 51 53
49 61 63
139 148 151
245 252 255
249 254 255
247 251 252
253 255 255
255 254 255
255 254 255
255 251 253
255 255 255
255 255 255
255 255 255
255 255 255
255 255 255
255 255 255
255 255 255
255 255 255
255 255 255
255 255 255
255 255 255
255 255 255
255 255 255
255 255 255
255 255 255
255 255 255
250 249 251
255 254 255
255 254 255
193 194 198
37 40 45
50 54 59
52 55 63
26 31 40
32 41 50
41 51 61
47 56 69
52 64 76
25 38 52
2 18 31
27 43 56
40 55 71
64 71 74
89 96 99
237 242 245
251 255 255
252 254 255
255 254 255
254 249 250
254 248 249
255 255 254
255 255 254
255 255 252
255 255 252
255 255 251
255 255 251
255 255 251
255 255 251
255 255 255
255 255 255
255 255 255
255 255 255
255 255 255
255 255 255
255 255 255
255 255 255
255 255 255
255 255 255
255 255 255
255 255 255
255 255 255
255 255 255
255 255 255
255 255 255
255 255 255
255 255 255
255 255 255
255 255 255
255 255 255
255 255 255
255 255 255
255 255 255
255 255 255
255 255 255
255 255 255
255 255 255
255 255 255
255 255 255
255 255 255
255 255 255
255 255 255
255 255 255
255 255 255
255 255 255
255 255 255
255 255 255
255 255 255
255 255 255
255 255 255
255 255 255
255 255 255
255 255 255
255 255 255
255 255 255
255 255 255
255 255 255
255 255 255
255 255 255
255 255 255
255 255 255
255 255 255
255 255 255
255 255 255
255 255 255
255 255 255
255 255 255
255 255 255
255 255 255
255 255 255
255 255 255
255 255 255
255 255 255
255 255 255
255 255 255
255 255 255
255 255 255
255 255 255
255 255 255
255 255 255
255 255 255
255 255 255
255 255 255
255 255 255
255 255 255
255 255 255
255 255 255
255 255 255
255 255 255
255 255 255
255 255 255
255 255 255
255 255 255
255 255 255
255 255 255
255 255 255
255 255 255
255 255 255
255 255 255
255 255 255
255 255 255
255 255 255
255 255 255
255 255 255
255 255 255
255 255 255
255 255 255
255 255 255
255 255 255
255 255 255
255 255 255
255 255 255
255 255 255
255 255 255
255 255 255
255 255 255
255 255 255
255 255 255
255 255 255
255 255 255
255 255 255
255 255 255
255 255 255
255 255 255
255 255 255
255 255 255
255 255 255
255 255 255
255 255 255
255 255 255
255 255 255
255 255 255
255 255 255
255 255 255
255 255 255
255 255 255
255 255 255
255 255 255
255 255 255
255 255 255
255 255 255
255 255 255
255 255 255
255 255 255
255 255 255
255 255 255
255 255 255
255 255 255
255 255 255
255 255 255
255 255 255
255 255 255
255 255 255
255 255 255
255 255 255
255 255 255
255 255 255
255 255 255
255 255 255
255 255 255
255 255 255
255 255 255
255 255 255
255 255 255
255 255 255
255 255 255
255 255 255
255 255 255
255 255 255
255 255 255
255 255 255
255 255 255
255 255 255
255 255 255
255 255 255
255 255 255
255 255 255
255 255 255
255 255 255
255 255 255
255 255 255
255 255 255
255 255 255
255 255 255
255 255 255
255 255 255
255 255 255
255 255 254
255 255 254
255 255 255
253 255 255
253 255 255
251 255 255
250 255 255
250 254 255
192 198 203
134 142 149
123 132 141
117 126 135
123 133 143
104 114 124
66 75 88
20 29 42
39 45 52
38 44 49
47 56 60
57 66 70
56 67 71
47 58 62
46 58 60
47 59 61
158 167 170
244 251 254
250 255 255
249 253 254
248 247 249
255 254 255
255 254 255
255 251 252
255 255 255
255 255 255
255 255 255
255 255 255
255 255 255
255 255 255
255 255 255
255 255 255
255 255 255
255 255 255
255 255 255
255 255 255
255 255 255
255 255 255
255 255 255
255 255 255
255 254 255
255 254 255
253 252 255
237 238 242
64 67 72
63 67 72
72 75 83
41 46 55
25 34 43
32 42 52
47 56 69
79 91 103
77 90 104
50 66 79
72 88 101
116 131 147
134 142 142
153 158 159
247 252 253
253 255 255
254 253 255
255 255 255
255 254 255
255 254 255
255 255 254
255 255 254
255 255 254
255 255 252
255 255 252
255 255 252
255 255 252
255 255 251
255 255 255
255 255 255
255 255 255
255 255 255
255 255 255
255 255 255
255 255 255
255 255 255
255 255 255
255 255 255
255 255 255
255 255 255
255 255 255
255 255 255
255 255 255
255 255 255
255 255 255
255 255 255
255 255 255
255 255 255
255 255 255
255 255 255
255 255 255
255 255 255
255 255 255
255 255 255
255 255 255
255 255 255
255 255 255
255 255 255
255 255 255
255 255 255
255 255 255
255 255 255
255 255 255
255 255 255
255 255 255
255 255 255
255 255 255
255 255 255
255 255 255
255 255 255
255 255 255
255 255 255
255 255 255
255 255 255
255 255 255
255 255 255
255 255 255
255 255 255
255 255 255
255 255 255
255 255 255
255 255 255
255 255 255
255 255 255
255 255 255
255 255 255
255 255 255
255 255 255
255 255 255
255 255 255
255 255 255
255 255 255
255 255 255
255 255 255
255 255 255
255 255 255
255 255 255
255 255 255
255 255 255
255 255 255
255 255 255
255 255 255
255 255 255
255 255 255
255 255 255
255 255 255
255 255 255
255 255 255
255 255 255
255 255 255
255 255 255
255 255 255
255 255 255
255 255 255
255 255 255
255 255 255
255 255 255
255 255 255
255 255 255
255 255 255
255 255 255
255 255 255
255 255 255
255 255 255
255 255 255
255 255 255
255 255 255
255 255 255
255 255 255
255 255 255
255 255 255
255 255 255
255 255 255
255 255 255
255 255 255
255 255 255
255 255 255
255 255 255
255 255 255
255 255 255
255 255 255
255 255 255
255 255 255
255 255 255
255 255 255
255 255 255
255 255 255
255 255 255
255 255 255
255 255 255
255 255 255
255 255 255
255 255 255
255 255 255
255 255 255
255 255 255
255 255 255
255 255 255
255 255 255
255 255 255
255 255 255
255 255 255
255 255 255
255 255 255
255 255 255
255 255 255
255 255 255
255 255 255
255 255 255
255 255 255
255 255 255
255 255 255
255 255 255
255 255 255
255 255 255
255 255 255
255 255 255
255 255 255
255 255 255
255 255 255
255 255 255
255 255 255
255 255 255
255 255 255
255 255 255
255 255 255
255 255 255
255 255 255
255 255 255
255 255 255
255 255 255
255 255 255
255 255 255
255 255 255
255 255 255
255 255 255
255 255 255
255 255 255
255 255 255
255 255 255
255 255 255
255 255 255
255 255 255
255 255 255
255 255 255
255 255 255
252 255 253
253 255 255
253 255 255
253 255 255
248 252 253
251 255 255
250 255 255
250 255 255
162 168 173
133 141 148
131 139 146
118 127 136
148 157 166
163 174 182
145 155 165
110 120 130
84 91 100
61 70 79
55 65 72
40 50 57
34 46 52
35 47 51
65 77 81
83 94 98
198 210 212
248 255 255
247 252 253
253 255 255
246 246 246
255 252 253
255 254 255
255 253 254
255 255 255
255 255 255
255 255 255
255 255 255
255 255 255
255 255 255
255 255 255
255 255 255
255 255 255
255 255 255
255 255 255
255 255 255
255 255 255
255 255 255
255 255 255
255 255 255
255 254 255
255 254 255
252 251 255
253 254 255
124 127 132
66 70 75
78 81 89
56 61 70
41 50 59
37 47 57
45 54 67
81 93 105
81 94 108
15 31 44
0 2 15
19 34 50
32 40 40
59 64 65
198 202 203
240 242 243
255 254 255
255 255 255
251 246 247
248 242 243
255 254 255
255 255 254
255 255 254
255 255 254
255 255 254
255 255 252
255 255 252
253 255 252
255 255 255
255 255 255
255 255 255
255 255 255
255 255 255
255 255 255
255 255 255
255 255 255
255 255 255
255 255 255
255 255 255
255 255 255
255 255 255
255 255 255
255 255 255
255 255 255
255 255 255
255 255 255
255 255 255
255 255 255
255 255 255
255 255 255
255 255 255
255 255 255
255 255 255
255 255 255
255 255 255
255 255 255
255 255 255
255 255 255
255 255 255
255 255 255
255 255 255
255 255 255
255 255 255
255 255 255
255 255 255
255 255 255
255 255 255
255 255 255
255 255 255
255 255 255
255 255 255
255 255 255
255 255 255
255 255 255
255 255 255
255 255 255
255 255 255
255 255 255
255 255 255
255 255 255
255 255 255
255 255 255
255 255 255
255 255 255
255 255 255
255 255 255
255 255 255
255 255 255
255 255 255
255 255 255
255 255 255
255 255 255
255 255 255
255 255 255
255 255 255
255 255 255
255 255 255
255 255 255
255 255 255
255 255 255
255 255 255
255 255 255
255 255 255
255 255 255
255 255 255
255 255 255
255 255 255
255 255 255
255 255 255
255 255 255
255 255 255
255 255 255
255 255 255
255 255 255
255 255 255
255 255 255
255 255 255
255 255 255
255 255 255
255 255 255
255 255 255
255 255 255
255 255 255
255 255 255
255 255 255
255 255 255
255 255 255
255 255 255
255 255 255
255 255 255
255 255 255
255 255 255
255 255 255
255 255 255
255 255 255
255 255 255
255 255 255
255 255 255
255 255 255
255 255 255
255 255 255
255 255 255
255 255 255
255 255 255
255 255 255
255 255 255
255 255 255
255 255 255
255 255 255
255 255 255
255 255 255
255 255 255
255 255 255
255 255 255
255 255 255
255 255 255
255 255 255
255 255 255
255 255 255
255 255 255
255 255 255
255 255 255
255 255 255
255 255 255
255 255 255
255 255 255
255 255 255
255 255 255
255 255 255
255 255 255
255 255 255
255 255 255
255 255 255
255 255 255
255 255 255
255 255 255
255 255 255
255 255 255
255 255 255
255 255 255
255 255 255
255 255 255
255 255 255
255 255 255
255 255 255
255 255 255
255 255 255
255 255 255
255 255 255
255 255 255
255 255 255
255 255 255
255 255 255
255 255 255
255 255 255
255 255 255
255 255 255
255 255 255
255 255 255
255 255 255
255 255 255
255 255 255
255 255 255
255 255 255
255 255 255
255 255 255
251 253 253
253 255 255
253 255 255
249 254 253
248 252 253
251 255 255
250 255 255
249 254 255
140 146 151
127 136 140
127 135 142
102 112 119
111 120 129
101 110 119
89 98 107
83 94 102
52 62 72
50 60 70
81 91 101
81 93 103
77 90 98
59 73 79
77 91 97
78 90 94
239 251 253
246 255 255
241 246 247
253 255 255
251 249 249
255 252 253
255 253 252
255 254 254
255 255 255
255 255 255
255 255 255
255 255 255
255 255 255
255 255 255
255 255 255
255 255 255
255 255 255
255 255 255
255 255 255
255 255 255
255 255 255
255 255 255
255 255 255
255 255 255
255 254 255
247 246 250
255 254 255
253 254 255
205 208 213
73 77 82
70 73 81
56 61 70
26 35 44
21 31 41
38 47 60
90 102 114
123 136 150
83 99 112
59 75 88
102 117 133
132 140 140
125 130 131
250 255 255
251 255 255
251 250 252
246 243 245
255 254 255
255 254 255
255 254 255
255 254 255
255 254 255
255 255 255
255 255 254
253 255 254
253 255 254
251 255 254
255 255 255
255 255 255
255 255 255
255 255 255
255 255 255
255 255 255
255 255 255
255 255 255
255 255 255
255 255 255
255 255 255
255 255 255
255 255 255
255 255 255
255 255 255
255 255 255
255 255 255
255 255 255
255 255 255
255 255 255
255 255 255
255 255 255
255 255 255
255 255 255
255 255 255
255 255 255
255 255 255
255 255 255
255 255 255
255 255 255
255 255 255
255 255 255
255 255 255
255 255 255
255 255 255
255 255 255
255 255 255
255 255 255
255 255 255
255 255 255
255 255 255
255 255 255
255 255 255
255 255 255
255 255 255
255 255 255
255 255 255
255 255 255
255 255 255
255 255 255
255 255 255
255 255 255
255 255 255
255 255 255
255 255 255
255 255 255
255 255 255
255 255 255
255 255 255
255 255 255
255 255 255
255 255 255
255 255 255
255 255 255
255 255 255
255 255 255
255 255 255
255 255 255
255 255 255
255 255 255
255 255 255
255 255 255
255 255 255
255 255 255
255 255 255
255 255 255
255 255 255
255 255 255
255 255 255
255 255 255
255 255 255
255 255 255
255 255 255
255 255 255
255 255 255
255 255 255
255 255 255
255 255 255
255 255 255
255 255 255
255 255 255
255 255 255
255 255 255
255 255 255
255 255 255
255 255 255
255 255 255
255 255 255
255 255 255
255 255 255
255 255 255
255 255 255
255 255 255
255 255 255
255 255 255
255 255 255
255 255 255
255 255 255
255 255 255
255 255 255
255 255 255
255 255 255
255 255 255
255 255 255
255 255 255
255 255 255
255 255 255
255 255 255
255 255 255
255 255 255
255 255 255
255 255 255
255 255 255
255 255 255
255 255 255
255 255 255
255 255 255
255 255 255
255 255 255
255 255 255
255 255 255
255 255 255
255 255 255
255 255 255
255 255 255
255 255 255
255 255 255
255 255 255
255 255 255
255 255 255
255 255 255
255 255 255
255 255 255
255 255 255
255 255 255
255 255 255
255 255 255
255 255 255
255 255 255
255 255 255
255 255 255
255 255 255
255 255 255
255 255 255
255 255 255
255 255 255
255 255 255
255 255 255
255 255 255
255 255 255
255 255 255
255 255 255
255 255 255
255 255 255
255 255 255
255 255 255
255 255 255
255 255 255
255 255 255
255 255 255
255 255 255
255 255 255
255 255 255
255 255 255
255 255 255
255 255 255
255 255 255
255 255 255
251 253 253
253 255 255
251 255 255
246 251 250
250 254 255
250 255 255
250 255 255
230 237 240
160 167 170
151 157 162
123 132 136
78 86 93
105 115 122
125 135 142
118 127 136
109 118 127
91 102 116
80 93 107
109 123 135
95 109 121
78 93 102
50 66 73
77 90 98
76 90 96
243 254 255
246 255 255
243 248 249
253 255 255
253 251 251
255 255 254
255 249 249
255 254 254
255 255 255
255 255 255
255 255 255
255 255 255
255 255 255
255 255 255
255 255 255
255 255 255
255 255 255
255 255 255
255 255 255
255 255 255
255 255 255
255 255 255
255 255 255
255 255 255
255 254 255
247 246 250
255 254 255
248 249 253
247 250 255
93 97 102
69 72 80
59 64 73
45 54 63
38 48 58
46 55 68
72 84 96
95 108 122
64 80 93
36 52 65
69 84 100
132 140 140
141 146 147
247 252 253
251 255 255
253 255 255
235 234 236
251 248 250
255 254 255
255 254 255
255 254 255
255 255 255
255 255 255
253 255 255
251 255 255
251 255 255
250 255 255
255 255 255
255 255 255
255 255 255
255 255 255
255 255 255
255 255 255
255 255 255
255 255 255
255 255 255
255 255 255
255 255 255
255 255 255
255 255 255
255 255 255
255 255 255
255 255 255
255 255 255
255 255 255
255 255 255
255 255 255
255 255 255
255 255 255
255 255 255
255 255 255
255 255 255
255 255 255
255 255 255
255 255 255
255 255 255
255 255 255
255 255 255
255 255 255
255 255 255
255 255 255
255 255 255
255 255 255
255 255 255
255 255 255
255 255 255
255 255 255
255 255 255
255 255 255
255 255 255
255 255 255
255 255 255
255 255 255
255 255 255
255 255 255
255 255 255
255 255 255
255 255 255
255 255 255
255 255 255
255 255 255
255 255 255
255 255 255
255 255 255
255 255 255
255 255 255
255 255 255
255 255 255
255 255 255
255 255 255
255 255 255
255 255 255
255 255 255
255 255 255
255 255 255
255 255 255
255 255 255
255 255 255
255 255 255
255 255 255
255 255 255
255 255 255
255 255 255
255 255 255
255 255 255
255 255 255
255 255 255
255 255 255
255 255 255
255 255 255
255 255 255
255 255 255
255 255 255
255 255 255
255 255 255
255 255 255
255 255 255
255 255 255
255 255 255
255 255 255
255 255 255
255 255 255
255 255 255
255 255 255
255 255 255
255 255 255
255 255 255
255 255 255
255 255 255
255 255 255
255 255 255
255 255 255
255 255 255
255 255 255
255 255 255
255 255 255
255 255 255
255 255 255
255 255 255
255 255 255
255 255 255
255 255 255
255 255 255
255 255 255
255 255 255
255 255 255
255 255 255
255 255 255
255 255 255
255 255 255
255 255 255
255 255 255
255 255 255
255 255 255
255 255 255
255 255 255
255 255 255
255 255 255
255 255 255
255 255 255
255 255 255
255 255 255
255 255 255
255 255 255
255 255 255
255 255 255
255 255 255
255 255 255
255 255 255
255 255 255
255 255 255
255 255 255
255 255 255
255 255 255
255 255 255
255 255 255
255 255 255
255 255 255
255 255 255
255 255 255
255 255 255
255 255 255
255 255 255
255 255 255
255 255 255
255 255 255
255 255 255
255 255 255
255 255 255
255 255 255
255 255 255
255 255 255
255 255 255
255 255 255
255 255 255
255 255 255
255 255 255
255 255 255
255 255 255
255 255 255
255 255 255
255 255 255
255 255 255
255 255 255
255 255 255
250 255 254
251 255 255
251 255 255
244 249 248
251 255 255
250 255 255
243 248 249
211 218 221
102 109 112
119 125 130
106 115 119
65 74 78
109 117 124
133 143 150
115 125 132
95 105 112
50 65 81
43 58 74
85 100 116
75 91 104
64 80 92
40 57 66
80 96 103
83 97 103
207 219 223
244 253 255
250 255 255
253 255 255
252 250 249
255 255 254
255 251 248
255 255 252
255 255 255
255 255 255
255 255 255
255 255 255
255 255 255
255 255 255
255 255 255
255 255 255
255 255 255
255 255 255
255 255 255
255 255 255
255 255 255
255 255 255
255 255 255
255 255 255
255 254 255
255 254 255
255 254 255
242 243 247
248 251 255
129 133 138
80 83 91
57 62 71
25 34 43
29 39 49
51 60 73
78 90 102
110 123 137
98 114 127
53 69 82
50 65 81
123 130 133
155 162 165
180 185 188
245 248 252
253 255 255
250 249 251
255 252 254
255 253 255
255 254 255
255 254 255
255 254 255
255 254 255
253 255 255
251 255 255
250 255 255
250 255 255
255 255 255
255 255 255
255 255 255
255 255 255
255 255 255
255 255 255
255 255 255
255 255 255
255 255 255
255 255 255
255 255 255
255 255 255
255 255 255
255 255 255
255 255 255
255 255 255
255 255 255
255 255 255
255 255 255
255 255 255
255 255 255
255 255 255
255 255 255
255 255 255
255 255 255
255 255 255
255 255 255
255 255 255
255 255 255
255 255 255
255 255 255
255 255 255
255 255 255
255 255 255
255 255 255
255 255 255
255 255 255
255 255 255
255 255 255
255 255 255
255 255 255
255 255 255
255 255 255
255 255 255
255 255 255
255 255 255
255 255 255
255 255 255
255 255 255
255 255 255
255 255 255
255 255 255
255 255 255
255 255 255
255 255 255
255 255 255
255 255 255
255 255 255
255 255 255
255 255 255
255 255 255
255 255 255
255 255 255
255 255 255
255 255 255
255 255 255
255 255 255
255 255 255
255 255 255
255 255 255
255 255 255
255 255 255
255 255 255
255 255 255
255 255 255
255 255 255
255 255 255
255 255 255
255 255 255
255 255 255
255 255 255
255 255 255
255 255 255
255 255 255
255 255 255
255 255 255
255 255 255
255 255 255
255 255 255
255 255 255
255 255 255
255 255 255
255 255 255
255 255 255
255 255 255
255 255 255
255 255 255
255 255 255
255 255 255
255 255 255
255 255 255
255 255 255
255 255 255
255 255 255
255 255 255
255 255 255
255 255 255
255 255 255
255 255 255
255 255 255
255 255 255
255 255 255
255 255 255
255 255 255
255 255 255
255 255 255
255 255 255
255 255 255
255 255 255
255 255 255
255 255 255
255 255 255
255 255 255
255 255 255
255 255 255
255 255 255
255 255 255
255 255 255
255 255 255
255 255 255
255 255 255
255 255 255
255 255 255
255 255 255
255 255 255
255 255 255
255 255 255
255 255 255
255 255 255
255 255 255
255 255 255
255 255 255
255 255 255
255 255 255
255 255 255
255 255 255
255 255 255
255 255 255
255 255 255
255 255 255
255 255 255
255 255 255
255 255 255
255 255 255
255 255 255
255 255 255
255 255 255
255 255 255
255 255 255
255 255 255
255 255 255
255 255 255
255 255 255
255 255 255
255 255 255
255 255 255
255 255 255
255 255 255
255 255 255
255 255 255
255 255 255
255 255 255
255 255 255
255 255 255
255 255 255
255 255 255
255 255 255
255 255 255
250 255 254
251 255 255
249 254 253
243 248 247
251 255 255
250 255 255
239 244 245
199 206 209
166 173 176
123 129 134
67 76 80
41 50 54
105 113 120
127 137 144
114 124 131
119 129 136
56 70 88
55 71 88
109 125 141
102 118 134
86 103 116
50 66 78
80 95 104
73 87 93
169 181 185
237 246 249
250 255 255
252 254 254
250 248 247
255 255 254
255 252 249
255 255 252
255 255 255
255 255 255
255 255 255
255 255 255
255 255 255
255 255 255
255 255 255
255 255 255
255 255 255
255 255 255
255 255 255
255 255 255
255 255 255
255 255 255
255 255 255
255 255 255
246 245 247
255 254 255
255 254 255
253 254 255
246 249 254
164 168 173
87 90 98
42 47 56
40 49 58
23 33 43
19 28 41
26 38 50
67 80 94
84 100 113
43 59 72
24 39 55
112 119 122
153 160 163
85 90 93
189 192 196
253 254 255
255 254 255
255 254 255
255 254 255
255 254 255
255 254 255
255 254 255
253 255 255
251 255 255
250 255 255
250 255 255
248 255 255
255 255 255
255 255 255
255 255 255
255 255 255
255 255 255
255 255 255
255 255 255
255 255 255
255 255 255
255 255 255
255 255 255
255 255 255
255 255 255
255 255 255
255 255 255
255 255 255
255 255 255
255 255 255
255 255 255
255 255 255
255 255 255
255 255 255
255 255 255
255 255 255
255 255 255
255 255 255
255 255 255
255 255 255
255 255 255
255 255 255
255 255 255
255 255 255
255 255 255
255 255 255
255 255 255
255 255 255
255 255 255
255 255 255
255 255 255
255 255 255
255 255 255
255 255 255
255 255 255
255 255 255
255 255 255
255 255 255
255 255 255
255 255 255
255 255 255
255 255 255
255 255 255
255 255 255
255 255 255
255 255 255
255 255 255
255 255 255
255 255 255
255 255 255
255 255 255
255 255 255
255 255 255
255 255 255
255 255 255
255 255 255
255 255 255
255 255 255
255 255 255
255 255 255
255 255 255
255 255 255
255 255 255
255 255 255
255 255 255
255 255 255
255 255 255
255 255 255
255 255 255
255 255 255
255 255 255
255 255 255
255 255 255
255 255 255
255 255 255
255 255 255
255 255 255
255 255 255
255 255 255
255 255 255
255 255 255
255 255 255
255 255 255
255 255 255
255 255 255
255 255 255
255 255 255
255 255 255
255 255 255
255 255 255
255 255 255
255 255 255
255 255 255
255 255 255
255 255 255
255 255 255
255 255 255
255 255 255
255 255 255
255 255 255
255 255 255
255 255 255
255 255 255
255 255 255
255 255 255
255 255 255
255 255 255
255 255 255
255 255 255
255 255 255
255 255 255
255 255 255
255 255 255
255 255 255
255 255 255
255 255 255
255 255 255
255 255 255
255 255 255
255 255 255
255 255 255
255 255 255
255 255 255
255 255 255
255 255 255
255 255 255
255 255 255
255 255 255
255 255 255
255 255 255
255 255 255
255 255 255
255 255 255
255 255 255
255 255 255
255 255 255
255 255 255
255 255 255
255 255 255
255 255 255
255 255 255
255 255 255
255 255 255
255 255 255
255 255 255
255 255 255
255 255 255
255 255 255
255 255 255
255 255 255
255 255 255
255 255 255
255 255 255
255 255 255
255 255 255
255 255 255
255 255 255
255 255 255
255 255 255
255 255 255
255 255 255
255 255 255
255 255 255
255 255 255
255 255 255
255 255 255
255 255 255
255 255 255
255 255 255
255 255 255
255 254 250
250 249 245
255 255 254
255 255 254
242 244 244
251 255 255
232 237 240
90 94 99
97 103 110
84 91 100
48 57 67
48 58 68
110 122 134
82 93 107
84 97 111
59 72 86
50 52 63
67 73 84
116 130 142
87 109 120
56 84 95
55 87 98
71 103 114
73 99 111
121 141 152
228 240 250
244 251 255
250 254 255
250 255 255
249 254 255
241 249 248
246 255 254
255 255 255
255 255 255
255 255 255
255 255 255
255 255 255
255 255 255
255 255 255
255 255 255
255 255 255
255 255 255
255 255 255
255 255 255
255 255 255
255 255 255
255 255 255
255 255 255
251 250 252
252 251 253
253 255 255
251 253 254
243 247 248
187 190 194
64 69 72
59 64 67
17 23 28
32 41 45
38 47 51
54 64 71
117 127 134
66 78 84
3 15 21
23 35 41
68 76 76
158 166 166
127 135 135
211 219 218
242 250 249
250 255 255
250 255 254
240 247 244
251 255 254
251 255 252
251 255 252
244 250 245
247 251 246
253 255 251
253 255 251
250 254 248
248 254 255
248 254 255
248 254 255
250 253 255
250 254 255
250 254 255
251 254 255
251 254 255
253 254 255
253 255 255
255 254 255
255 255 255
255 255 255
255 255 255
255 255 255
255 255 254
255 255 255
255 255 255
255 255 255
255 255 255
255 255 255
255 255 255
255 255 255
255 255 255
255 255 255
255 255 255
255 255 255
255 255 255
255 255 255
255 255 255
255 255 255
255 255 255
255 255 255
255 255 255
255 255 255
255 255 255
255 255 255
255 255 255
255 255 255
255 255 255
255 255 255
255 255 255
255 255 255
255 255 255
255 255 255
255 255 255
255 255 255
255 255 255
255 255 255
255 255 255
255 255 255
255 255 255
255 255 255
255 255 255
255 255 255
255 255 255
255 255 255
255 255 255
255 255 255
255 255 255
255 255 255
255 255 255
255 255 255
255 255 255
255 255 255
255 255 255
255 255 255
255 255 255
255 255 255
255 255 255
255 255 255
255 255 255
255 255 255
255 255 255
255 255 255
255 255 255
255 255 255
255 255 255
255 255 255
255 255 255
255 255 255
255 255 255
255 255 255
255 255 255
255 255 255
255 255 255
255 255 255
255 255 255
255 255 255
255 255 255
255 255 255
255 255 255
255 255 255
255 255 255
255 255 255
255 255 255
255 255 255
255 255 255
255 255 255
255 255 255
255 255 255
255 255 255
255 255 255
255 255 255
255 255 255
255 255 255
255 255 255
255 255 255
255 255 255
255 255 255
255 255 255
255 255 255
255 255 255
255 255 255
255 255 255
255 255 255
255 255 255
255 255 255
255 255 255
255 255 255
255 255 255
255 255 255
255 255 255
255 255 255
255 255 255
255 255 255
255 255 255
255 255 255
255 255 255
255 255 255
255 255 255
255 255 255
255 255 255
255 255 255
255 255 255
255 255 255
255 255 255
255 255 255
255 255 255
255 255 255
255 255 255
255 255 255
255 255 255
255 255 255
255 255 255
255 255 255
255 255 255
255 255 255
255 255 255
255 255 255
255 255 255
255 255 255
255 255 255
255 255 255
255 255 255
255 255 255
255 255 255
255 255 255
255 255 255
255 255 255
255 255 255
255 255 255
255 255 255
255 255 255
255 255 255
255 255 255
255 255 255
255 255 255
255 255 255
255 255 255
255 255 255
255 255 255
255 255 255
255 255 255
255 255 255
255 255 255
255 255 255
255 255 255
255 255 252
248 246 245
255 255 254
236 236 236
253 255 255
250 254 255
228 233 236
150 156 161
125 133 140
75 84 93
15 24 34
61 71 81
139 151 163
144 155 169
131 144 158
107 120 134
69 69 81
64 70 81
114 126 138
111 131 142
89 117 128
70 100 111
69 99 110
64 90 102
71 89 100
217 229 239
246 253 255
248 252 255
247 250 254
250 255 255
244 252 251
239 250 247
255 255 255
255 255 255
255 255 255
255 255 255
255 255 255
255 255 255
255 255 255
255 255 255
255 255 255
255 255 255
255 255 255
255 255 255
255 255 255
255 255 255
255 255 255
255 255 255
255 254 255
255 254 255
253 255 255
253 255 255
247 251 252
200 203 207
78 83 86
51 56 59
15 21 26
14 23 27
43 52 56
48 58 65
96 106 113
126 138 144
51 63 69
16 28 34
78 86 86
130 138 138
130 138 138
113 121 120
240 248 247
250 255 255
250 255 255
247 254 251
247 252 250
239 244 242
244 250 245
253 255 252
253 255 252
242 246 241
244 248 242
253 255 251
250 253 255
250 253 255
250 254 255
250 254 255
251 254 255
251 254 255
251 254 255
253 254 255
253 255 255
253 255 255
255 254 255
255 255 255
255 255 255
255 255 255
255 255 255
255 255 255
255 255 255
255 255 255
255 255 255
255 255 255
255 255 255
255 255 255
255 255 255
255 255 255
255 255 255
255 255 255
255 255 255
255 255 255
255 255 255
255 255 255
255 255 255
255 255 255
255 255 255
255 255 255
255 255 255
255 255 255
255 255 255
255 255 255
255 255 255
255 255 255
255 255 255
255 255 255
255 255 255
255 255 255
255 255 255
255 255 255
255 255 255
255 255 255
255 255 255
255 255 255
255 255 255
255 255 255
255 255 255
255 255 255
255 255 255
255 255 255
255 255 255
255 255 255
255 255 255
255 255 255
255 255 255
255 255 255
255 255 255
255 255 255
255 255 255
255 255 255
255 255 255
255 255 255
255 255 255
255 255 255
255 255 255
255 255 255
255 255 255
255 255 255
255 255 255
255 255 255
255 255 255
255 255 255
255 255 255
255 255 255
255 255 255
255 255 255
255 255 255
255 255 255
255 255 255
255 255 255
255 255 255
255 255 255
255 255 255
255 255 255
255 255 255
255 255 255
255 255 255
255 255 255
255 255 255
255 255 255
255 255 255
255 255 255
255 255 255
255 255 255
255 255 255
255 255 255
255 255 255
255 255 255
255 255 255
255 255 255
255 255 255
255 255 255
255 255 255
255 255 255
255 255 255
255 255 255
255 255 255
255 255 255
255 255 255
255 255 255
255 255 255
255 255 255
255 255 255
255 255 255
255 255 255
255 255 255
255 255 255
255 255 255
255 255 255
255 255 255
255 255 255
255 255 255
255 255 255
255 255 255
255 255 255
255 255 255
255 255 255
255 255 255
255 255 255
255 255 255
255 255 255
255 255 255
255 255 255
255 255 255
255 255 255
255 255 255
255 255 255
255 255 255
255 255 255
255 255 255
255 255 255
255 255 255
255 255 255
255 255 255
255 255 255
255 255 255
255 255 255
255 255 255
255 255 255
255 255 255
255 255 255
255 255 255
255 255 255
255 255 255
255 255 255
255 255 255
255 255 255
255 255 255
255 255 255
255 255 255
255 255 255
255 255 255
255 255 255
255 255 255
255 255 255
255 255 255
255 255 255
255 255 255
255 255 255
255 255 255
255 255 255
255 255 255
255 255 254
255 255 254
253 254 252
245 247 247
253 255 255
251 255 255
155 160 163
113 119 124
105 113 120
65 74 83
10 20 30
65 75 85
88 100 112
83 94 108
49 62 76
29 42 56
33 33 45
74 78 89
118 130 142
70 90 101
38 64 76
53 83 94
68 96 107
36 60 72
49 67 78
195 205 215
239 244 253
250 253 255
251 254 255
251 255 255
245 251 250
242 251 248
255 255 255
255 255 255
255 255 255
255 255 255
255 255 255
255 255 255
255 255 255
255 255 255
255 255 255
255 255 255
255 255 255
255 255 255
255 255 255
255 255 255
255 255 255
255 255 255
255 254 255
245 244 246
252 254 255
253 255 255
250 254 255
211 214 218
90 95 98
53 58 61
10 16 21
0 2 6
17 26 30
23 33 40
78 88 95
135 147 153
34 46 52
7 19 25
21 29 29
84 92 92
123 131 131
53 58 59
167 173 172
237 243 242
244 250 249
251 255 255
251 255 254
253 255 254
253 255 254
252 255 251
253 255 252
255 255 252
255 255 252
255 255 252
251 254 255
251 254 255
251 254 255
251 254 255
253 254 255
253 254 255
253 255 255
253 255 255
253 255 255
255 254 255
255 254 255
255 255 255
255 255 255
255 255 255
255 255 255
255 255 255
255 255 255
255 255 255
255 255 255
255 255 255
255 255 255
255 255 255
255 255 255
255 255 255
255 255 255
255 255 255
255 255 255
255 255 255
255 255 255
255 255 255
255 255 255
255 255 255
255 255 255
255 255 255
255 255 255
255 255 255
255 255 255
255 255 255
255 255 255
255 255 255
255 255 255
255 255 255
255 255 255
255 255 255
255 255 255
255 255 255
255 255 255
255 255 255
255 255 255
255 255 255
255 255 255
255 255 255
255 255 255
255 255 255
255 255 255
255 255 255
255 255 255
255 255 255
255 255 255
255 255 255
255 255 255
255 255 255
255 255 255
255 255 255
255 255 255
255 255 255
255 255 255
255 255 255
255 255 255
255 255 255
255 255 255
255 255 255
255 255 255
255 255 255
255 255 255
255 255 255
255 255 255
255 255 255
255 255 255
255 255 255
255 255 255
255 255 255
255 255 255
255 255 255
255 255 255
255 255 255
255 255 255
255 255 255
255 255 255
255 255 255
255 255 255
255 255 255
255 255 255
255 255 255
255 255 255
255 255 255
255 255 255
255 255 255
255 255 255
255 255 255
255 255 255
255 255 255
255 255 255
255 255 255
255 255 255
255 255 255
255 255 255
255 255 255
255 255 255
255 255 255
255 255 255
255 255 255
255 255 255
255 255 255
255 255 255
255 255 255
255 255 255
255 255 255
255 255 255
255 255 255
255 255 255
255 255 255
255 255 255
255 255 255
255 255 255
255 255 255
255 255 255
255 255 255
255 255 255
255 255 255
255 255 255
255 255 255
255 255 255
255 255 255
255 255 255
255 255 255
255 255 255
255 255 255
255 255 255
255 255 255
255 255 255
255 255 255
255 255 255
255 255 255
255 255 255
255 255 255
255 255 255
255 255 255
255 255 255
255 255 255
255 255 255
255 255 255
255 255 255
255 255 255
255 255 255
255 255 255
255 255 255
255 255 255
255 255 255
255 255 255
255 255 255
255 255 255
255 255 255
255 255 255
255 255 255
255 255 255
255 255 255
255 255 255
255 255 255
255 255 255
255 255 255
255 255 255
255 255 255
255 255 255
255 255 255
255 255 255
255 255 255
255 255 255
245 248 246
253 255 255
240 242 242
253 255 255
251 255 255
242 247 250
124 131 134
92 98 103
36 44 51
8 17 26
0 7 17
91 103 113
142 154 166
176 190 202
157 170 184
126 139 153
24 22 34
70 72 83
132 141 154
113 131 142
75 99 111
56 84 95
57 85 96
31 53 65
12 28 40
171 180 190
233 235 245
253 253 255
253 254 255
253 255 255
249 254 253
250 255 254
255 255 255
255 255 255
255 255 255
255 255 255
255 255 255
255 255 255
255 255 255
255 255 255
255 255 255
255 255 255
255 255 255
255 255 255
255 255 255
255 255 255
255 255 255
255 255 255
255 254 255
254 253 255
251 253 254
253 255 255
248 252 253
193 196 200
62 67 70
42 47 50
60 66 71
0 0 4
34 43 47
64 74 81
68 78 85
134 146 152
94 106 112
18 30 36
40 45 48
92 97 98
158 163 164
98 103 104
142 147 148
244 248 249
244 249 248
235 240 239
227 229 229
253 255 254
253 255 254
255 255 254
255 255 252
249 250 246
251 252 248
255 255 252
255 255 255
255 255 255
255 255 255
255 255 255
255 255 255
255 255 255
255 255 255
255 255 255
255 255 255
255 255 255
255 255 255
255 255 255
255 255 255
255 255 255
255 255 255
255 255 255
255 255 255
255 255 255
255 255 255
255 255 255
255 255 255
255 255 255
255 255 255
255 255 255
255 255 255
255 255 255
255 255 255
255 255 255
255 255 255
255 255 255
255 255 255
255 255 255
255 255 255
255 255 255
255 255 255
255 255 255
255 255 255
255 255 255
255 255 255
255 255 255
255 255 255
255 255 255
255 255 255
255 255 255
255 255 255
255 255 255
255 255 255
255 255 255
255 255 255
255 255 255
255 255 255
255 255 255
255 255 255
255 255 255
255 255 255
255 255 255
255 255 255
255 255 255
255 255 255
255 255 255
255 255 255
255 255 255
255 255 255
255 255 255
255 255 255
255 255 255
255 255 255
255 255 255
255 255 255
255 255 255
255 255 255
255 255 255
255 255 255
255 255 255
255 255 255
255 255 255
255 255 255
255 255 255
255 255 255
255 255 255
255 255 255
255 255 255
255 255 255
255 255 255
255 255 255
255 255 255
255 255 255
255 255 255
255 255 255
255 255 255
255 255 255
255 255 255
255 255 255
255 255 255
255 255 255
255 255 255
255 255 255
255 255 255
255 255 255
255 255 255
255 255 255
255 255 255
255 255 255
255 255 255
255 255 255
255 255 255
255 255 255
255 255 255
255 255 255
255 255 255
255 255 255
255 255 255
255 255 255
255 255 255
255 255 255
255 255 255
255 255 255
255 255 255
255 255 255
255 255 255
255 255 255
255 255 255
255 255 255
255 255 255
255 255 255
255 255 255
255 255 255
255 255 255
255 255 255
255 255 255
255 255 255
255 255 255
255 255 255
255 255 255
255 255 255
255 255 255
255 255 255
255 255 255
255 255 255
255 255 255
255 255 255
255 255 255
255 255 255
255 255 255
255 255 255
255 255 255
255 255 255
255 255 255
255 255 255
255 255 255
255 255 255
255 255 255
255 255 255
255 255 255
255 255 255
255 255 255
255 255 255
255 255 255
255 255 255
255 255 255
255 255 255
255 255 255
255 255 255
255 255 255
255 255 255
255 255 255
255 255 255
255 255 255
255 255 255
255 255 255
255 255 255
255 255 255
255 255 255
255 255 255
255 255 255
255 255 255
255 255 255
255 255 255
253 255 255
250 255 254
238 243 242
249 253 254
250 255 255
198 203 206
154 160 165
113 122 126
84 94 101
13 22 31
29 39 49
134 146 156
153 165 177
108 122 134
71 84 98
48 61 75
29 25 37
56 56 68
93 101 114
75 91 103
52 74 86
45 71 83
54 80 92
23 42 55
0 9 21
184 190 201
251 252 255
249 247 253
241 240 244
255 254 255
253 255 255
251 255 254
255 255 255
255 255 255
255 255 255
255 255 255
255 255 255
255 255 255
255 255 255
255 255 255
255 255 255
255 255 255
255 255 255
255 255 255
255 255 255
255 255 255
255 255 255
255 255 255
253 252 254
255 254 255
248 250 251
247 249 250
251 255 255
189 192 196
55 60 63
67 72 75
40 46 51
5 14 18
0 9 13
12 22 29
57 67 74
103 115 121
96 108 114
16 28 34
42 47 50
74 79 82
157 162 165
82 85 89
15 19 20
102 106 107
229 233 234
253 255 255
253 255 255
253 255 255
247 248 246
254 255 253
255 255 254
249 247 246
242 240 239
255 255 252
255 255 254
255 255 254
255 255 254
255 255 254
255 255 254
255 255 254
255 255 254
255 255 255
255 255 255
255 255 255
255 255 255
255 255 255
253 255 255
253 255 255
253 255 255
253 255 255
255 255 255
255 255 255
255 255 255
255 255 255
255 255 255
255 255 255
255 255 255
255 255 255
255 255 255
255 255 255
255 255 255
255 255 255
255 255 255
255 255 255
255 255 255
255 255 255
255 255 255
255 255 255
255 255 255
255 255 255
255 255 255
255 255 255
255 255 255
255 255 255
255 255 255
255 255 255
255 255 255
255 255 255
255 255 255
255 255 255
255 255 255
255 255 255
255 255 255
255 255 255
255 255 255
255 255 255
255 255 255
255 255 255
255 255 255
255 255 255
255 255 255
255 255 255
255 255 255
255 255 255
255 255 255
255 255 255
255 255 255
255 255 255
255 255 255
255 255 255
255 255 255
255 255 255
255 255 255
255 255 255
255 255 255
255 255 255
255 255 255
255 255 255
255 255 255
255 255 255
255 255 255
255 255 255
255 255 255
255 255 255
255 255 255
255 255 255
255 255 255
255 255 255
255 255 255
255 255 255
255 255 255
255 255 255
255 255 255
255 255 255
255 255 255
255 255 255
255 255 255
255 255 255
255 255 255
255 255 255
255 255 255
255 255 255
255 255 255
255 255 255
255 255 255
255 255 255
255 255 255
255 255 255
255 255 255
255 255 255
255 255 255
255 255 255
255 255 255
255 255 255
255 255 255
255 255 255
255 255 255
255 255 255
255 255 255
255 255 255
255 255 255
255 255 255
255 255 255
255 255 255
255 255 255
255 255 255
255 255 255
255 255 255
255 255 255
255 255 255
255 255 255
255 255 255
255 255 255
255 255 255
255 255 255
255 255 255
255 255 255
255 255 255
255 255 255
255 255 255
255 255 255
255 255 255
255 255 255
255 255 255
255 255 255
255 255 255
255 255 255
255 255 255
255 255 255
255 255 255
255 255 255
255 255 255
255 255 255
255 255 255
255 255 255
255 255 255
255 255 255
255 255 255
255 255 255
255 255 255
255 255 255
255 255 255
255 255 255
255 255 255
255 255 255
255 255 255
255 255 255
255 255 255
255 255 255
255 255 255
255 255 255
255 255 255
255 255 255
255 255 255
255 255 255
255 255 255
255 255 255
255 255 255
255 255 255
255 255 255
255 255 255
255 255 255
241 246 247
250 255 255
250 255 255
250 255 255
147 154 157
54 60 65
52 61 65
48 58 65
21 31 38
0 9 17
33 43 53
55 67 77
62 74 86
84 98 110
92 106 118
28 42 54
2 0 8
57 55 67
110 116 129
90 104 116
66 85 98
62 86 98
67 91 103
13 30 43
102 114 126
235 239 250
253 252 255
248 244 250
249 245 250
255 254 255
255 255 255
252 255 253
255 255 255
255 255 255
255 255 255
255 255 255
255 255 255
255 255 255
255 255 255
255 255 255
255 255 255
255 255 255
255 255 255
255 255 255
255 255 255
255 255 255
255 255 255
255 255 255
238 237 239
254 253 255
247 249 250
246 248 249
251 255 255
214 217 221
94 99 102
111 116 119
114 120 125
28 37 41
3 12 16
44 54 61
60 70 77
89 101 107
146 158 164
36 48 54
32 35 40
55 58 63
121 124 128
149 152 156
39 42 46
91 94 98
196 198 199
220 222 223
245 247 248
255 255 255
249 249 249
244 244 244
255 255 254
255 255 254
254 252 251
255 255 254
255 255 251
255 255 251
255 255 251
255 255 251
255 255 252
255 255 252
255 255 252
255 255 254
255 255 254
255 255 255
255 255 255
253 255 255
253 255 255
253 255 255
253 255 255
253 255 255
255 255 255
255 255 255
255 255 255
255 255 255
255 255 255
255 255 255
255 255 255
255 255 255
255 255 255
255 255 255
255 255 255
255 255 255
255 255 255
255 255 255
255 255 255
255 255 255
255 255 255
255 255 255
255 255 255
255 255 255
255 255 255
255 255 255
255 255 255
255 255 255
255 255 255
255 255 255
255 255 255
255 255 255
255 255 255
255 255 255
255 255 255
255 255 255
255 255 255
255 255 255
255 255 255
255 255 255
255 255 255
255 255 255
255 255 255
255 255 255
255 255 255
255 255 255
255 255 255
255 255 255
255 255 255
255 255 255
255 255 255
255 255 255
255 255 255
255 255 255
255 255 255
255 255 255
255 255 255
255 255 255
255 255 255
255 255 255
255 255 255
255 255 255
255 255 255
255 255 255
255 255 255
255 255 255
255 255 255
255 255 255
255 255 255
255 255 255
255 255 255
255 255 255
255 255 255
255 255 255
255 255 255
255 255 255
255 255 255
255 255 255
255 255 255
255 255 255
255 255 255
255 255 255
255 255 255
255 255 255
255 255 255
255 255 255
255 255 255
255 255 255
255 255 255
255 255 255
255 255 255
255 255 255
255 255 255
255 255 255
255 255 255
255 255 255
255 255 255
255 255 255
255 255 255
255 255 255
255 255 255
255 255 255
255 255 255
255 255 255
255 255 255
255 255 255
255 255 255
255 255 255
255 255 255
255 255 255
255 255 255
255 255 255
255 255 255
255 255 255
255 255 255
255 255 255
255 255 255
255 255 255
255 255 255
255 255 255
255 255 255
255 255 255
255 255 255
255 255 255
255 255 255
255 255 255
255 255 255
255 255 255
255 255 255
255 255 255
255 255 255
255 255 255
255 255 255
255 255 255
255 255 255
255 255 255
255 255 255
255 255 255
255 255 255
255 255 255
255 255 255
255 255 255
255 255 255
255 255 255
255 255 255
255 255 255
255 255 255
255 255 255
255 255 255
255 255 255
255 255 255
255 255 255
255 255 255
255 255 255
255 255 255
255 255 255
255 255 255
255 255 255
255 255 255
255 255 255
255 255 255
255 255 255
255 255 255
255 255 255
255 255 255
255 255 255
248 255 255
248 255 255
237 244 247
232 239 242
161 170 174
140 149 153
108 118 125
74 84 91
24 35 43
0 0 7
50 62 72
158 170 180
169 183 195
138 152 164
120 134 146
74 88 100
19 10 23
47 43 55
95 98 112
106 118 130
74 93 106
41 63 75
70 92 104
69 86 99
182 191 204
248 252 255
247 246 255
252 248 254
255 253 255
255 254 255
248 248 248
255 255 254
255 255 255
255 255 255
255 255 255
255 255 255
255 255 255
255 255 255
255 255 255
255 255 255
255 255 255
255 255 255
255 255 255
255 255 255
255 255 255
255 255 255
255 255 255
255 255 255
255 254 255
255 254 255
253 255 255
249 251 252
251 255 255
234 237 241
129 134 137
111 116 119
122 128 133
54 63 67
0 0 4
19 29 36
47 57 64
56 68 74
110 122 128
61 73 79
0 0 4
34 37 42
78 81 86
167 170 175
56 59 64
36 37 41
77 78 82
149 150 154
109 108 110
215 214 216
255 254 255
255 255 255
255 255 255
255 255 255
255 254 254
255 255 255
255 255 249
255 255 249
255 255 249
255 255 251
255 255 251
255 255 252
255 255 252
255 255 252
255 255 254
255 255 254
253 255 255
253 255 255
253 255 255
251 255 255
251 255 255
251 255 255
255 255 255
255 255 255
255 255 255
255 255 255
255 255 255
255 255 255
255 255 255
255 255 255
255 255 255
255 255 255
255 255 255
255 255 255
255 255 255
255 255 255
255 255 255
255 255 255
255 255 255
255 255 255
255 255 255
255 255 255
255 255 255
255 255 255
255 255 255
255 255 255
255 255 255
255 255 255
255 255 255
255 255 255
255 255 255
255 255 255
255 255 255
255 255 255
255 255 255
255 255 255
255 255 255
255 255 255
255 255 255
255 255 255
255 255 255
255 255 255
255 255 255
255 255 255
255 255 255
255 255 255
255 255 255
255 255 255
255 255 255
255 255 255
255 255 255
255 255 255
255 255 255
255 255 255
255 255 255
255 255 255
255 255 255
255 255 255
255 255 255
255 255 255
255 255 255
255 255 255
255 255 255
255 255 255
255 255 255
255 255 255
255 255 255
255 255 255
255 255 255
255 255 255
255 255 255
255 255 255
255 255 255
255 255 255
255 255 255
255 255 255
255 255 255
255 255 255
255 255 255
255 255 255
255 255 255
255 255 255
255 255 255
255 255 255
255 255 255
255 255 255
255 255 255
255 255 255
255 255 255
255 255 255
255 255 255
255 255 255
255 255 255
255 255 255
255 255 255
255 255 255
255 255 255
255 255 255
255 255 255
255 255 255
255 255 255
255 255 255
255 255 255
255 255 255
255 255 255
255 255 255
255 255 255
255 255 255
255 255 255
255 255 255
255 255 255
255 255 255
255 255 255
255 255 255
255 255 255
255 255 255
255 255 255
255 255 255
255 255 255
255 255 255
255 255 255
255 255 255
255 255 255
255 255 255
255 255 255
255 255 255
255 255 255
255 255 255
255 255 255
255 255 255
255 255 255
255 255 255
255 255 255
255 255 255
255 255 255
255 255 255
255 255 255
255 255 255
255 255 255
255 255 255
255 255 255
255 255 255
255 255 255
255 255 255
255 255 255
255 255 255
255 255 255
255 255 255
255 255 255
255 255 255
255 255 255
255 255 255
255 255 255
255 255 255
255 255 255
255 255 255
255 255 255
255 255 255
255 255 255
255 255 255
255 255 255
255 255 255
255 255 255
255 255 255
239 248 252
243 252 255
246 255 255
123 134 138
54 65 69
33 43 50
42 54 60
16 27 35
1 12 20
0 10 18
80 92 102
115 127 137
65 80 89
60 74 86
60 74 86
3 17 29
11 2 15
49 45 57
93 96 110
100 112 124
85 102 115
68 90 102
87 109 121
57 73 86
130 139 152
245 247 255
255 251 255
255 249 255
255 253 255
255 254 255
255 253 253
255 255 254
255 255 255
255 255 255
255 255 255
255 255 255
255 255 255
255 255 255
255 255 255
255 255 255
255 255 255
255 255 255
255 255 255
255 255 255
255 255 255
255 255 255
255 255 255
255 255 255
255 254 255
254 253 255
253 255 255
246 248 249
238 242 243
251 254 255
162 167 170
106 111 114
115 121 126
72 81 85
3 12 16
23 33 40
20 30 37
71 83 89
141 153 159
92 104 110
0 0 8
14 17 25
64 67 75
151 153 161
150 153 158
35 38 43
34 34 40
104 105 109
125 126 130
207 206 210
251 250 252
253 252 254
255 254 255
255 254 255
250 248 248
255 255 255
255 255 249
255 255 249
255 255 249
255 255 251
255 255 251
255 255 251
255 255 252
255 255 252
255 255 254
255 255 254
253 255 255
253 255 255
251 255 255
251 255 255
251 255 255
251 255 255
255 255 255
255 255 255
255 255 255
255 255 255
255 255 255
255 255 255
255 255 255
255 255 255
255 255 255
255 255 255
255 255 255
255 255 255
255 255 255
255 255 255
255 255 255
255 255 255
255 255 255
255 255 255
255 255 255
255 255 255
255 255 255
255 255 255
255 255 255
255 255 255
255 255 255
255 255 255
255 255 255
255 255 255
255 255 255
255 255 255
255 255 255
255 255 255
255 255 255
255 255 255
255 255 255
255 255 255
255 255 255
255 255 255
255 255 255
255 255 255
255 255 255
255 255 255
255 255 255
255 255 255
255 255 255
255 255 255
255 255 255
255 255 255
255 255 255
255 255 255
255 255 255
255 255 255
255 255 255
255 255 255
255 255 255
255 255 255
255 255 255
255 255 255
255 255 255
255 255 255
255 255 255
255 255 255
255 255 255
255 255 255
255 255 255
255 255 255
255 255 255
255 255 255
255 255 255
255 255 255
255 255 255
255 255 255
255 255 255
255 255 255
255 255 255
255 255 255
255 255 255
255 255 255
255 255 255
255 255 255
255 255 255
255 255 255
255 255 255
255 255 255
255 255 255
255 255 255
255 255 255
255 255 255
255 255 255
255 255 255
255 255 255
255 255 255
255 255 255
255 255 255
255 255 255
255 255 255
255 255 255
255 255 255
255 255 255
255 255 255
255 255 255
255 255 255
255 255 255
255 255 255
255 255 255
255 255 255
255 255 255
255 255 255
255 255 255
255 255 255
255 255 255
255 255 255
255 255 255
255 255 255
255 255 255
255 255 255
255 255 255
255 255 255
255 255 255
255 255 255
255 255 255
255 255 255
255 255 255
255 255 255
255 255 255
255 255 255
255 255 255
255 255 255
255 255 255
255 255 255
255 255 255
255 255 255
255 255 255
255 255 255
255 255 255
255 255 255
255 255 255
255 255 255
254 254 254
254 254 254
255 255 255
255 255 255
255 255 255
255 255 255
255 255 255
255 255 255
255 255 255
255 255 255
255 255 255
255 255 255
255 255 255
255 255 255
255 255 255
255 255 255
248 248 248
255 255 255
255 255 255
255 255 255
245 245 245
241 241 241
252 252 252
255 255 255
244 254 255
241 251 255
182 194 200
158 170 176
148 160 166
91 102 110
26 37 45
0 0 7
0 0 7
17 29 39
73 88 97
108 123 132
129 144 153
120 135 144
104 118 130
51 65 77
8 0 12
0 0 8
93 96 110
99 111 123
57 74 87
43 65 77
72 94 106
49 65 78
68 77 90
222 224 235
251 247 255
255 252 255
254 248 253
242 237 239
255 255 255
255 255 254
255 255 255
255 255 255
255 255 255
255 255 255
255 255 255
255 255 255
255 255 255
255 255 255
255 255 255
255 255 255
255 255 255
255 255 255
255 255 255
255 255 255
255 255 255
255 255 255
255 254 255
245 244 246
248 250 251
253 255 255
251 255 255
238 241 245
135 140 143
113 118 121
158 164 169
70 79 83
14 23 27
5 15 22
35 45 52
46 58 64
86 98 104
131 143 149
1 3 13
16 18 28
11 14 22
46 49 57
126 129 137
28 30 38
23 26 31
32 35 40
77 77 83
143 144 148
246 247 251
235 236 240
255 254 255
251 250 252
245 244 246
253 252 254
250 250 244
254 254 248
252 252 246
255 255 251
255 255 252
254 255 251
247 248 244
255 255 254
253 255 254
250 252 252
248 250 250
251 255 255
251 255 255
251 255 255
248 252 253
242 246 247
255 255 255
255 255 255
255 255 255
255 255 255
255 255 255
255 255 255
255 255 255
255 255 255
255 255 255
255 255 255
255 255 255
255 255 255
255 255 255
255 255 255
254 254 254
254 254 254
252 252 252
252 252 252
252 252 252
252 252 252
252 252 252
252 252 252
252 252 252
252 252 252
254 254 254
254 254 254
255 255 255
255 255 255
255 255 255
255 255 255
255 255 255
255 255 255
255 255 255
255 255 255
255 255 255
255 255 255
255 255 255
255 255 255
255 255 255
255 255 255
255 255 255
255 255 255
255 255 255
255 255 255
255 255 255
255 255 255
255 255 255
255 255 255
255 255 255
255 255 255
255 255 255
255 255 255
255 255 255
255 255 255
255 255 255
255 255 255
255 255 255
255 255 255
255 255 255
255 255 255
255 255 255
255 255 255
255 255 255
255 255 255
255 255 255
255 255 255
255 255 255
255 255 255
255 255 255
255 255 255
255 255 255
255 255 255
255 255 255
255 255 255
255 255 255
255 255 255
255 255 255
255 255 255
255 255 255
255 255 255
255 255 255
255 255 255
255 255 255
255 255 255
255 255 255
255 255 255
255 255 255
255 255 255
255 255 255
255 255 255
255 255 255
255 255 255
255 255 255
255 255 255
255 255 255
255 255 255
255 255 255
255 255 255
255 255 255
255 255 255
255 255 255
255 255 255
255 255 255
255 255 255
255 255 255
255 255 255
255 255 255
255 255 255
255 255 255
255 255 255
255 255 255
255 255 255
255 255 255
255 255 255
255 255 255
255 255 255
255 255 255
255 255 255
255 255 255
255 255 255
255 255 255
255 255 255
255 255 255
255 255 255
255 255 255
255 255 255
255 255 255
255 255 255
255 255 255
255 255 255
255 255 255
255 255 255
255 255 255
255 255 255
255 255 255
255 255 255
255 255 255
255 255 255
254 254 254
254 254 254
254 254 254
255 255 255
255 255 255
255 255 255
255 255 255
255 255 255
255 255 255
255 255 255
255 255 255
255 255 255
255 255 255
255 255 255
255 255 255
255 255 255
255 255 255
247 247 247
249 249 249
255 255 255
255 255 255
255 255 255
255 255 255
255 255 255
241 254 255
217 230 238
157 170 178
125 138 146
110 123 131
77 90 98
41 54 62
12 25 33
14 29 38
50 65 74
104 119 128
118 133 142
127 142 151
115 130 139
86 101 110
22 37 46
6 0 10
26 22 34
71 74 88
72 84 96
125 144 157
95 117 129
67 89 101
39 56 69
0 2 15
184 188 199
253 252 255
255 253 255
255 253 255
255 254 255
255 255 255
252 253 251
255 255 255
255 255 255
255 255 255
255 255 255
255 255 255
255 255 255
255 255 255
255 255 255
255 255 255
255 255 255
255 255 255
255 255 255
255 255 255
255 255 255
255 255 255
255 255 255
255 254 255
255 254 255
253 255 255
253 255 255
233 237 238
203 206 210
19 24 27
82 87 90
127 133 138
65 74 78
0 4 8
34 44 51
31 41 48
41 53 59
44 56 62
97 109 115
72 77 86
1 6 15
38 43 52
45 50 59
144 149 158
132 138 145
20 23 31
37 40 48
101 105 110
164 167 172
225 228 233
251 254 255
251 252 255
253 254 255
253 254 255
245 246 250
253 255 254
253 255 254
245 248 246
247 250 248
253 255 254
253 255 254
252 254 254
253 255 255
251 255 255
251 255 255
250 255 254
251 255 255
251 255 255
251 255 255
250 255 254
250 255 254
255 255 255
255 255 255
255 255 255
255 255 255
255 255 255
255 255 255
255 255 255
255 255 255
255 255 255
255 255 255
255 255 255
255 255 255
255 255 255
254 254 254
254 254 254
254 254 254
255 255 255
255 255 255
255 255 255
255 255 255
255 255 255
255 255 255
255 255 255
255 255 255
254 254 254
254 254 254
254 254 254
255 255 255
255 255 255
255 255 255
255 255 255
255 255 255
255 255 255
255 255 255
255 255 255
255 255 255
255 255 255
255 255 255
255 255 255
255 255 255
255 255 255
255 255 255
255 255 255
255 255 255
255 255 255
255 255 255
255 255 255
255 255 255
255 255 255
255 255 255
255 255 255
255 255 255
255 255 255
255 255 255
255 255 255
255 255 255
255 255 255
255 255 255
255 255 255
255 255 255
255 255 255
255 255 255
255 255 255
255 255 255
255 255 255
255 255 255
255 255 255
255 255 255
255 255 255
255 255 255
255 255 255
255 255 255
255 255 255
255 255 255
255 255 255
255 255 255
255 255 255
255 255 255
255 255 255
255 255 255
255 255 255
255 255 255
255 255 255
255 255 255
255 255 255
255 255 255
255 255 255
255 255 255
255 255 255
255 255 255
255 255 255
255 255 255
255 255 255
255 255 255
255 255 255
255 255 255
255 255 255
255 255 255
255 255 255
255 255 255
255 255 255
255 255 255
255 255 255
255 255 255
255 255 255
255 255 255
255 255 255
255 255 255
255 255 255
255 255 255
255 255 255
255 255 255
255 255 255
255 255 255
255 255 255
255 255 255
255 255 255
255 255 255
255 255 255
255 255 255
255 255 255
255 255 255
255 255 255
255 255 255
255 255 255
255 255 255
255 255 255
255 255 255
255 255 255
255 255 255
255 255 255
255 255 255
255 255 255
255 255 255
255 255 255
255 255 255
255 255 255
255 255 255
254 254 254
254 254 254
254 254 254
254 254 254
255 255 255
255 255 255
255 255 255
255 255 255
255 255 255
255 255 255
255 255 255
255 255 255
255 255 255
255 255 255
255 255 255
255 255 255
255 255 255
254 254 254
249 249 249
250 250 250
254 254 254
255 255 255
255 255 255
255 255 255
227 242 251
180 195 204
147 162 171
119 134 143
84 99 108
48 63 72
9 24 33
0 6 15
48 63 72
71 86 95
131 146 155
147 162 171
144 159 168
125 140 149
93 108 117
27 42 51
2 0 8
0 0 8
41 47 60
108 122 134
89 108 121
101 125 137
93 117 129
56 73 86
0 0 10
206 210 221
249 248 255
255 252 255
254 250 255
245 242 244
255 255 255
253 255 254
255 255 255
255 255 255
255 255 255
255 255 255
255 255 255
255 255 255
255 255 255
255 255 255
255 255 255
255 255 255
255 255 255
255 255 255
255 255 255
255 255 255
255 255 255
255 255 255
246 245 247
255 254 255
250 252 253
248 250 251
251 255 255
149 152 156
56 61 64
82 87 90
78 84 89
43 52 56
0 0 4
51 61 68
46 56 63
33 45 51
17 29 35
62 74 80
109 118 128
4 13 23
26 35 45
24 30 41
20 27 36
114 121 130
129 136 145
26 32 39
70 76 83
127 133 140
146 150 155
250 254 255
250 254 255
241 244 249
251 254 255
249 252 255
248 255 255
248 255 255
248 255 255
248 255 255
250 255 255
250 255 255
244 249 250
245 250 251
248 253 254
250 255 254
250 255 254
250 255 254
249 254 253
249 254 253
250 255 254
251 255 255
255 255 255
255 255 255
255 255 255
255 255 255
255 255 255
255 255 255
255 255 255
255 255 255
255 255 255
255 255 255
255 255 255
255 255 255
254 254 254
254 254 254
254 254 254
254 254 254
255 255 255
255 255 255
255 255 255
255 255 255
255 255 255
255 255 255
255 255 255
255 255 255
254 254 254
254 254 254
254 254 254
254 254 254
255 255 255
255 255 255
255 255 255
255 255 255
255 255 255
255 255 255
255 255 255
255 255 255
255 255 255
255 255 255
255 255 255
255 255 255
255 255 255
255 255 255
255 255 255
255 255 255
255 255 255
255 255 255
255 255 255
255 255 255
255 255 255
255 255 255
255 255 255
255 255 255
255 255 255
255 255 255
255 255 255
255 255 255
255 255 255
255 255 255
255 255 255
255 255 255
255 255 255
255 255 255
255 255 255
255 255 255
255 255 255
255 255 255
255 255 255
255 255 255
255 255 255
255 255 255
255 255 255
255 255 255
255 255 255
255 255 255
255 255 255
255 255 255
255 255 255
255 255 255
255 255 255
255 255 255
255 255 255
255 255 255
255 255 255
255 255 255
255 255 255
255 255 255
255 255 255
255 255 255
255 255 255
255 255 255
255 255 255
255 255 255
255 255 255
255 255 255
255 255 255
255 255 255
255 255 255
255 255 255
255 255 255
255 255 255
255 255 255
255 255 255
255 255 255
255 255 255
255 255 255
255 255 255
255 255 255
255 255 255
255 255 255
255 255 255
255 255 255
255 255 255
255 255 255
255 255 255
255 255 255
255 255 255
255 255 255
255 255 255
255 255 255
255 255 255
255 255 255
255 255 255
255 255 255
255 255 255
255 255 255
255 255 255
255 255 255
255 255 255
254 254 254
254 254 254
254 254 254
254 254 254
254 254 254
254 254 254
254 254 254
254 254 254
254 254 254
254 254 254
253 253 253
253 253 253
254 254 254
254 254 254
254 254 254
255 255 255
255 255 255
255 255 255
255 255 255
255 255 255
255 255 255
255 255 255
255 255 255
255 255 255
255 255 255
255 255 255
247 247 247
255 255 255
255 255 255
247 247 247
254 254 254
255 255 255
255 255 255
250 250 250
181 198 207
116 133 142
98 115 124
72 89 98
35 52 61
23 40 49
14 31 40
22 39 48
97 114 123
65 82 91
123 140 149
178 195 204
201 218 227
187 202 211
131 146 155
36 51 60
5 1 13
0 0 8
14 22 35
44 60 72
101 123 135
83 109 121
98 124 136
93 112 125
176 190 202
246 252 255
251 252 255
255 253 255
255 254 255
255 254 255
235 237 237
242 247 245
255 255 255
255 255 255
255 255 255
255 255 255
255 255 255
255 255 255
255 255 255
255 255 255
255 255 255
255 255 255
255 255 255
255 255 255
255 255 255
255 255 255
255 255 255
255 255 255
255 254 255
246 245 247
245 247 248
253 255 255
220 224 225
0 0 3
59 64 67
86 91 94
32 38 43
10 19 23
0 0 4
35 45 52
67 77 84
25 37 43
24 36 42
43 55 61
68 77 90
89 99 109
0 0 9
0 6 16
67 77 87
77 86 96
136 145 154
128 137 146
89 96 105
91 99 106
133 141 148
134 140 147
167 173 178
239 245 250
241 247 252
237 243 248
238 249 255
243 254 255
243 254 255
234 246 252
240 250 255
243 254 255
244 253 255
246 255 255
236 243 246
244 249 250
248 254 253
249 254 253
251 255 255
251 255 254
251 254 252
245 248 246
255 255 255
255 255 255
255 255 255
255 255 255
255 255 255
255 255 255
255 255 255
255 255 255
255 255 255
255 255 255
255 255 255
254 254 254
254 254 254
254 254 254
253 253 253
253 253 253
255 255 255
255 255 255
255 255 255
255 255 255
255 255 255
255 255 255
255 255 255
255 255 255
253 253 253
253 253 253
254 254 254
254 254 254
254 254 254
255 255 255
255 255 255
255 255 255
255 255 255
255 255 255
255 255 255
255 255 255
255 255 255
255 255 255
255 255 255
255 255 255
255 255 255
255 255 255
255 255 255
255 255 255
255 255 255
255 255 255
255 255 255
255 255 255
255 255 255
255 255 255
255 255 255
255 255 255
255 255 255
255 255 255
255 255 255
255 255 255
255 255 255
255 255 255
255 255 255
255 255 255
255 255 255
255 255 255
255 255 255
255 255 255
255 255 255
255 255 255
255 255 255
255 255 255
255 255 255
255 255 255
255 255 255
255 255 255
255 255 255
255 255 255
255 255 255
255 255 255
255 255 255
255 255 255
255 255 255
255 255 255
255 255 255
255 255 255
255 255 255
255 255 255
255 255 255
255 255 255
255 255 255
255 255 255
255 255 255
255 255 255
255 255 255
255 255 255
255 255 255
255 255 255
255 255 255
255 255 255
255 255 255
255 255 255
255 255 255
255 255 255
255 255 255
255 255 255
255 255 255
255 255 255
255 255 255
255 255 255
255 255 255
255 255 255
255 255 255
255 255 255
255 255 255
255 255 255
255 255 255
255 255 255
255 255 255
255 255 255
255 255 255
255 255 255
255 255 255
255 255 255
255 255 255
255 255 255
255 255 255
255 255 255
255 255 255
255 255 255
255 255 255
254 254 254
254 254 254
254 254 254
254 254 254
254 254 254
254 254 254
254 254 254
254 254 254
254 254 254
254 254 254
254 254 254
253 253 253
253 253 253
253 253 253
254 254 254
254 254 254
254 254 254
255 255 255
255 255 255
255 255 255
255 255 255
255 255 255
255 255 255
255 255 255
255 255 255
255 255 255
255 255 255
248 248 248
255 255 255
250 250 250
246 246 246
255 255 255
243 243 243
194 194 194
156 156 156
127 145 156
63 81 92
52 70 81
34 52 63
6 24 35
18 36 47
40 56 68
64 81 90
74 91 100
97 114 123
199 216 225
213 230 239
161 178 187
126 143 152
119 134 143
87 102 111
0 0 8
2 4 15
0 0 10
36 54 65
57 81 93
113 141 152
124 152 163
145 167 179
168 184 196
236 245 255
237 239 249
253 253 255
245 246 250
246 248 249
251 255 255
250 255 254
255 255 255
255 255 255
255 255 255
255 255 255
255 255 255
255 255 255
255 255 255
255 255 255
255 255 255
255 255 255
255 255 255
255 255 255
255 255 255
255 255 255
255 255 255
255 255 255
254 253 255
244 243 245
253 255 255
253 255 255
203 207 208
23 26 30
66 71 74
21 26 29
15 21 26
0 0 4
0 0 4
9 19 26
59 69 76
21 33 39
31 43 49
28 40 46
54 68 80
64 78 90
35 49 61
48 60 72
101 113 123
104 116 126
125 135 145
68 79 87
19 30 38
59 68 77
106 116 123
86 96 103
21 31 38
42 50 57
125 133 140
162 171 175
173 190 203
197 214 227
203 219 232
196 212 224
206 221 230
221 234 242
237 248 255
244 254 255
243 252 255
248 255 255
250 255 255
249 254 253
251 255 254
253 255 254
253 255 252
242 246 241
255 255 255
255 255 255
255 255 255
255 255 255
255 255 255
255 255 255
255 255 255
255 255 255
255 255 255
255 255 255
254 254 254
254 254 254
254 254 254
253 253 253
253 253 253
253 253 253
252 252 252
252 252 252
252 252 252
252 252 252
252 252 252
252 252 252
252 252 252
252 252 252
253 253 253
253 253 253
253 253 253
254 254 254
254 254 254
254 254 254
255 255 255
255 255 255
255 255 255
255 255 255
255 255 255
255 255 255
255 255 255
255 255 255
255 255 255
255 255 255
255 255 255
255 255 255
255 255 255
255 255 255
255 255 255
255 255 255
255 255 255
255 255 255
255 255 255
255 255 255
255 255 255
255 255 255
255 255 255
255 255 255
255 255 255
255 255 255
255 255 255
255 255 255
255 255 255
255 255 255
255 255 255
255 255 255
255 255 255
255 255 255
255 255 255
255 255 255
255 255 255
255 255 255
255 255 255
255 255 255
255 255 255
255 255 255
255 255 255
255 255 255
255 255 255
255 255 255
255 255 255
255 255 255
255 255 255
255 255 255
255 255 255
255 255 255
255 255 255
255 255 255
255 255 255
255 255 255
255 255 255
255 255 255
255 255 255
255 255 255
255 255 255
255 255 255
255 255 255
255 255 255
255 255 255
255 255 255
255 255 255
255 255 255
255 255 255
255 255 255
255 255 255
255 255 255
255 255 255
255 255 255
255 255 255
255 255 255
255 255 255
255 255 255
255 255 255
255 255 255
255 255 255
255 255 255
255 255 255
255 255 255
255 255 255
255 255 255
255 255 255
255 255 255
255 255 255
255 255 255
255 255 255
255 255 255
255 255 255
255 255 255
255 255 255
255 255 255
254 254 254
254 254 254
254 254 254
253 253 253
253 253 253
253 253 253
253 253 253
253 253 253
253 253 253
253 253 253
253 253 253
253 253 253
252 252 252
252 252 252
253 253 253
253 253 253
254 254 254
254 254 254
254 254 254
254 254 254
255 255 255
255 255 255
255 255 255
255 255 255
255 255 255
255 255 255
255 255 255
255 255 255
255 255 255
255 255 255
247 247 247
254 254 254
250 250 250
189 189 189
122 122 122
103 103 103
86 105 118
47 66 79
44 63 76
41 59 70
17 35 46
22 40 51
40 58 69
48 66 77
63 82 90
137 154 163
205 222 231
137 154 163
68 85 94
44 61 70
57 74 83
81 99 106
0 0 8
5 9 20
15 27 39
0 6 17
65 91 103
96 126 137
122 150 161
142 166 178
108 126 137
134 144 154
228 233 242
225 228 233
234 237 241
251 255 255
250 255 255
244 253 250
255 255 255
255 255 255
255 255 255
255 255 255
255 255 255
255 255 255
255 255 255
255 255 255
255 255 255
255 255 255
255 255 255
255 255 255
255 255 255
255 255 255
255 255 255
255 255 255
254 253 255
247 246 248
245 247 248
253 255 255
231 235 236
0 0 3
118 123 126
221 226 229
35 41 46
0 3 7
0 0 4
0 9 16
30 40 47
25 37 43
23 35 41
15 27 33
23 39 51
41 57 69
42 58 70
25 41 53
59 73 85
90 105 114
84 99 108
0 0 8
2 15 23
31 44 52
20 31 39
84 95 103
93 105 111
47 59 65
31 43 49
90 100 107
96 118 136
90 112 130
52 72 89
13 32 47
24 40 56
75 91 103
135 150 159
181 194 202
235 245 252
246 255 255
248 255 255
250 255 255
248 253 251
253 255 252
255 255 252
250 252 246
255 255 255
255 255 255
255 255 255
255 255 255
255 255 255
255 255 255
255 255 255
255 255 255
254 254 254
254 254 254
254 254 254
254 254 254
253 253 253
253 253 253
252 252 252
252 252 252
250 250 250
250 250 250
250 250 250
250 250 250
250 250 250
250 250 250
250 250 250
250 250 250
252 252 252
252 252 252
253 253 253
253 253 253
254 254 254
254 254 254
254 254 254
254 254 254
255 255 255
255 255 255
255 255 255
255 255 255
255 255 255
255 255 255
255 255 255
255 255 255
255 255 255
255 255 255
255 255 255
255 255 255
255 255 255
255 255 255
255 255 255
255 255 255
255 255 255
255 255 255
255 255 255
255 255 255
255 255 255
255 255 255
255 255 255
255 255 255
255 255 255
255 255 255
255 255 255
255 255 255
255 255 255
255 255 255
255 255 255
255 255 255
255 255 255
255 255 255
255 255 255
255 255 255
255 255 255
255 255 255
255 255 255
255 255 255
255 255 255
255 255 255
255 255 255
255 255 255
255 255 255
255 255 255
255 255 255
255 255 255
255 255 255
255 255 255
255 255 255
255 255 255
255 255 255
255 255 255
255 255 255
255 255 255
255 255 255
255 255 255
255 255 255
255 255 255
255 255 255
255 255 255
255 255 255
255 255 255
255 255 255
255 255 255
255 255 255
255 255 255
255 255 255
255 255 255
255 255 255
255 255 255
255 255 255
255 255 255
255 255 255
255 255 255
255 255 255
255 255 255
255 255 255
255 255 255
255 255 255
255 255 255
255 255 255
255 255 255
255 255 255
255 255 255
255 255 255
255 255 255
255 255 255
255 255 255
255 255 255
255 255 255
255 255 255
254 254 254
254 254 254
254 254 254
253 253 253
253 253 253
253 253 253
253 253 253
253 253 253
253 253 253
253 253 253
253 253 253
253 253 253
253 253 253
252 252 252
252 252 252
252 252 252
253 253 253
253 253 253
254 254 254
254 254 254
254 254 254
255 255 255
255 255 255
255 255 255
255 255 255
255 255 255
255 255 255
255 255 255
255 255 255
255 255 255
255 255 255
255 255 255
255 255 255
248 248 248
168 168 168
105 105 105
110 110 110
69 88 101
48 67 80
33 52 65
27 46 59
12 31 44
20 38 49
46 64 75
42 60 71
45 63 74
155 172 181
165 182 191
54 71 80
44 61 70
26 43 52
7 25 32
73 91 98
65 65 77
0 4 15
21 33 45
23 43 54
33 61 72
97 127 138
98 128 139
63 89 101
149 167 178
167 179 189
159 166 175
100 104 109
65 68 72
107 112 113
203 211 210
246 255 254
255 255 255
255 255 255
255 255 255
255 255 255
255 255 255
255 255 255
255 255 255
255 255 255
255 255 255
255 255 255
255 255 255
255 255 255
255 255 255
255 255 255
255 255 255
255 255 255
252 251 253
255 254 255
240 242 243
243 245 246
251 255 255
5 8 12
145 150 153
250 255 255
80 86 91
4 13 17
0 5 9
6 16 23
24 34 41
37 49 55
25 37 43
21 33 39
20 37 50
21 38 51
0 14 25
24 42 53
45 61 73
42 58 70
49 66 75
3 18 27
0 9 18
1 17 24
36 49 57
21 34 42
95 108 116
152 166 172
60 72 78
100 112 118
66 90 112
68 92 114
42 66 86
16 38 56
31 51 68
66 85 100
91 107 119
105 120 129
170 182 188
213 224 228
248 255 255
250 255 255
247 252 250
253 255 252
255 255 251
255 255 251
255 255 255
255 255 255
255 255 255
255 255 255
255 255 255
255 255 255
255 255 255
255 255 255
254 254 254
254 254 254
254 254 254
253 253 253
253 253 253
252 252 252
252 252 252
252 252 252
252 252 252
252 252 252
252 252 252
252 252 252
252 252 252
252 252 252
252 252 252
252 252 252
252 252 252
252 252 252
252 252 252
253 253 253
253 253 253
254 254 254
254 254 254
254 254 254
255 255 255
255 255 255
255 255 255
255 255 255
255 255 255
255 255 255
255 255 255
255 255 255
255 255 255
255 255 255
255 255 255
255 255 255
255 255 255
255 255 255
255 255 255
255 255 255
255 255 255
255 255 255
255 255 255
255 255 255
255 255 255
255 255 255
255 255 255
255 255 255
255 255 255
255 255 255
255 255 255
255 255 255
255 255 255
255 255 255
255 255 255
255 255 255
255 255 255
255 255 255
255 255 255
255 255 255
255 255 255
255 255 255
255 255 255
255 255 255
255 255 255
255 255 255
255 255 255
255 255 255
255 255 255
255 255 255
255 255 255
255 255 255
255 255 255
255 255 255
255 255 255
255 255 255
255 255 255
255 255 255
255 255 255
255 255 255
255 255 255
255 255 255
255 255 255
255 255 255
255 255 255
255 255 255
255 255 255
255 255 255
255 255 255
255 255 255
255 255 255
255 255 255
255 255 255
255 255 255
255 255 255
255 255 255
255 255 255
255 255 255
255 255 255
255 255 255
255 255 255
255 255 255
255 255 255
255 255 255
255 255 255
255 255 255
255 255 255
255 255 255
255 255 255
255 255 255
255 255 255
255 255 255
255 255 255
255 255 255
255 255 255
255 255 255
254 254 254
254 254 254
254 254 254
253 253 253
253 253 253
253 253 253
253 253 253
253 253 253
253 253 253
253 253 253
253 253 253
253 253 253
253 253 253
253 253 253
252 252 252
252 252 252
252 252 252
253 253 253
253 253 253
253 253 253
254 254 254
254 254 254
255 255 255
255 255 255
255 255 255
255 255 255
255 255 255
255 255 255
255 255 255
255 255 255
255 255 255
255 255 255
251 251 251
252 252 252
234 234 234
147 147 147
61 61 61
42 42 42
55 74 87
51 70 83
29 48 61
25 44 57
13 32 45
12 32 43
35 53 64
16 34 45
64 82 93
143 162 170
88 105 114
15 32 41
137 154 163
126 144 151
10 28 35
40 58 65
69 71 82
19 25 36
49 63 75
22 44 55
75 103 114
75 107 118
63 95 106
100 126 138
119 139 150
135 147 157
111 118 127
83 87 92
44 49 52
120 125 126
146 154 153
225 236 233
255 255 255
255 255 255
255 255 255
255 255 255
255 255 255
255 255 255
255 255 255
255 255 255
255 255 255
255 255 255
255 255 255
255 255 255
255 255 255
255 255 255
255 255 255
255 255 255
254 253 255
254 253 255
253 255 255
253 255 255
247 251 252
98 101 105
119 124 127
243 248 251
115 121 126
8 17 21
14 23 27
14 24 31
40 50 57
48 60 66
39 51 57
38 50 56
33 50 63
26 43 56
28 45 58
47 65 76
42 60 71
57 75 86
14 30 42
0 4 13
0 10 19
0 5 14
0 11 18
21 37 44
62 75 83
96 110 116
175 189 195
63 77 83
60 86 110
58 84 108
31 55 77
9 33 53
33 55 73
67 87 104
79 96 109
78 93 102
91 104 112
165 176 180
236 244 244
250 255 255
249 254 252
252 255 251
255 255 251
254 255 250
255 255 255
255 255 255
255 255 255
255 255 255
255 255 255
255 255 255
255 255 255
255 255 255
254 254 254
254 254 254
253 253 253
253 253 253
253 253 253
252 252 252
252 252 252
252 252 252
255 255 255
255 255 255
255 255 255
255 255 255
255 255 255
255 255 255
255 255 255
255 255 255
252 252 252
252 252 252
252 252 252
253 253 253
253 253 253
253 253 253
254 254 254
254 254 254
255 255 255
255 255 255
255 255 255
255 255 255
255 255 255
255 255 255
255 255 255
255 255 255
255 255 255
255 255 255
255 255 255
255 255 255
255 255 255
255 255 255
255 255 255
255 255 255
255 255 255
255 255 255
255 255 255
255 255 255
255 255 255
255 255 255
255 255 255
255 255 255
255 255 255
255 255 255
255 255 255
255 255 255
255 255 255
255 255 255
255 255 255
255 255 255
255 255 255
255 255 255
255 255 255
255 255 255
255 255 255
255 255 255
255 255 255
255 255 255
255 255 255
255 255 255
255 255 255
255 255 255
255 255 255
255 255 255
255 255 255
255 255 255
255 255 255
255 255 255
255 255 255
255 255 255
255 255 255
255 255 255
255 255 255
255 255 255
255 255 255
255 255 255
255 255 255
255 255 255
255 255 255
255 255 255
255 255 255
255 255 255
255 255 255
255 255 255
255 255 255
255 255 255
255 255 255
255 255 255
255 255 255
255 255 255
255 255 255
255 255 255
255 255 255
255 255 255
255 255 255
255 255 255
255 255 255
255 255 255
255 255 255
255 255 255
255 255 255
255 255 255
255 255 255
255 255 255
255 255 255
255 255 255
255 255 255
255 255 255
255 255 255
255 255 255
251 251 251
249 249 249
249 249 249
251 251 251
255 255 255
255 255 255
255 255 255
255 255 255
255 255 255
254 254 254
254 254 254
254 254 254
253 253 253
253 253 253
250 250 250
252 252 252
254 254 254
255 255 255
255 255 255
254 254 254
252 252 252
250 250 250
255 255 255
255 255 255
255 255 255
254 254 254
254 254 254
254 254 254
253 253 253
253 253 253
251 251 251
255 255 255
255 255 255
254 254 254
169 169 169
64 64 64
35 35 35
40 40 40
52 64 76
52 64 76
29 41 53
12 24 36
14 26 38
0 0 10
0 2 14
63 75 87
100 112 124
141 153 165
48 60 72
29 41 53
165 177 189
153 165 177
49 61 73
59 71 83
68 73 82
38 45 54
39 49 59
34 47 61
41 57 73
54 76 94
62 87 107
95 122 142
87 114 134
101 126 146
89 111 129
37 53 69
32 45 59
71 81 91
102 109 118
156 161 170
255 255 255
252 252 252
245 245 245
255 255 255
255 255 255
252 252 252
255 255 255
253 253 253
255 255 255
255 255 255
255 255 255
255 255 255
255 255 255
255 255 255
255 255 255
255 255 255
252 246 251
255 253 255
253 249 254
255 252 255
255 254 255
201 202 206
94 97 101
248 253 255
161 166 169
28 35 38
24 33 36
45 57 59
31 44 46
60 73 75
62 77 79
32 47 49
26 48 59
20 42 53
34 56 67
44 64 75
41 61 72
57 75 86
42 58 70
0 2 14
2 14 26
0 7 20
11 19 32
28 34 47
32 38 51
51 54 68
171 174 188
115 116 130
54 78 102
47 71 95
36 59 81
30 51 72
31 51 69
37 53 70
39 55 68
43 55 65
44 53 62
89 98 102
180 185 186
249 254 253
241 242 240
255 255 252
255 255 251
255 255 251
255 255 255
255 255 255
255 255 255
255 255 255
255 255 255
255 255 255
254 254 254
254 254 254
253 253 253
253 253 253
253 253 253
253 253 253
253 253 253
253 253 253
253 253 253
253 253 253
255 255 255
255 255 255
255 255 255
254 254 254
254 254 254
254 254 254
253 253 253
253 253 253
255 255 255
255 255 255
255 255 255
254 254 254
254 254 254
253 253 253
253 253 253
253 253 253
255 255 255
255 255 255
255 255 255
254 254 254
254 254 254
254 254 254
253 253 253
253 253 253
255 255 255
255 255 255
255 255 255
255 255 255
255 255 255
255 255 255
255 255 255
255 255 255
255 255 255
255 255 255
255 255 255
255 255 255
255 255 255
255 255 255
255 255 255
255 255 255
255 255 255
255 255 255
255 255 255
255 255 255
255 255 255
255 255 255
255 255 255
255 255 255
254 254 254
254 254 254
255 255 255
255 255 255
255 255 255
255 255 255
255 255 255
255 255 255
255 255 255
255 255 255
255 255 255
255 255 255
255 255 255
255 255 255
255 255 255
255 255 255
255 255 255
255 255 255
255 255 255
255 255 255
255 255 255
255 255 255
255 255 255
255 255 255
255 255 255
255 255 255
255 255 255
255 255 255
255 255 255
255 255 255
255 255 255
255 255 255
255 255 255
255 255 255
255 255 255
255 255 255
255 255 255
255 255 255
255 255 255
255 255 255
255 255 255
255 255 255
255 255 255
255 255 255
255 255 255
255 255 255
255 255 255
255 255 255
255 255 255
255 255 255
255 255 255
255 255 255
255 255 255
255 255 255
255 255 255
255 255 255
255 255 255
255 255 255
255 255 255
254 254 254
251 251 251
249 249 249
249 249 249
251 251 251
254 254 254
255 255 255
255 255 255
255 255 255
254 254 254
254 254 254
254 254 254
253 253 253
253 253 253
253 253 253
250 250 250
252 252 252
254 254 254
255 255 255
255 255 255
254 254 254
252 252 252
250 250 250
255 255 255
255 255 255
254 254 254
254 254 254
254 254 254
253 253 253
253 253 253
253 253 253
255 255 255
247 247 247
250 250 250
242 242 242
94 94 94
40 40 40
21 21 21
74 74 74
55 67 79
41 53 65
21 33 45
0 4 16
0 0 10
90 102 114
234 246 255
241 253 255
193 205 217
91 103 115
64 76 88
30 42 54
128 140 152
136 148 160
93 105 117
41 53 65
62 65 73
46 51 60
34 43 53
19 31 43
16 32 48
27 47 64
33 57 75
47 72 92
52 77 97
75 99 117
69 89 106
17 33 49
6 18 30
50 59 69
87 92 101
104 107 115
237 237 237
255 255 255
254 254 254
255 255 255
254 254 254
246 246 246
255 255 255
255 255 255
255 255 255
255 255 255
255 255 255
255 255 255
255 255 255
255 255 255
255 255 255
255 255 255
253 247 252
255 253 255
255 253 255
255 253 255
255 254 255
244 245 249
170 173 177
251 254 255
250 255 255
177 184 187
106 115 118
50 62 64
46 59 61
57 70 72
41 56 58
64 79 81
39 61 72
36 58 69
52 72 83
58 78 89
56 74 85
72 88 100
64 78 90
19 31 43
18 27 40
0 2 15
0 0 11
0 0 12
13 16 30
32 35 49
124 125 139
150 151 165
42 65 87
68 91 113
64 85 106
26 46 64
24 42 59
84 100 116
159 173 185
202 212 222
157 167 174
74 80 85
95 100 101
249 251 251
247 248 246
246 245 241
255 255 251
255 255 251
255 255 255
255 255 255
255 255 255
255 255 255
255 255 255
255 255 255
254 254 254
254 254 254
253 253 253
253 253 253
253 253 253
253 253 253
253 253 253
253 253 253
253 253 253
253 253 253
255 255 255
255 255 255
254 254 254
254 254 254
254 254 254
253 253 253
253 253 253
253 253 253
255 255 255
255 255 255
255 255 255
254 254 254
254 254 254
253 253 253
253 253 253
253 253 253
255 255 255
255 255 255
254 254 254
254 254 254
254 254 254
253 253 253
253 253 253
253 253 253
255 255 255
255 255 255
255 255 255
255 255 255
255 255 255
255 255 255
255 255 255
255 255 255
255 255 255
255 255 255
255 255 255
255 255 255
255 255 255
255 255 255
255 255 255
255 255 255
255 255 255
255 255 255
255 255 255
255 255 255
255 255 255
255 255 255
255 255 255
255 255 255
254 254 254
254 254 254
254 254 254
255 255 255
255 255 255
255 255 255
255 255 255
255 255 255
255 255 255
255 255 255
255 255 255
255 255 255
255 255 255
255 255 255
255 255 255
255 255 255
255 255 255
255 255 255
255 255 255
255 255 255
255 255 255
255 255 255
255 255 255
255 255 255
255 255 255
255 255 255
255 255 255
255 255 255
255 255 255
255 255 255
255 255 255
255 255 255
255 255 255
255 255 255
255 255 255
255 255 255
255 255 255
255 255 255
255 255 255
255 255 255
255 255 255
255 255 255
255 255 255
255 255 255
255 255 255
255 255 255
255 255 255
255 255 255
255 255 255
255 255 255
255 255 255
255 255 255
255 255 255
255 255 255
255 255 255
255 255 255
255 255 255
255 255 255
255 255 255
254 254 254
252 252 252
251 251 251
251 251 251
252 252 252
254 254 254
255 255 255
254 254 254
254 254 254
254 254 254
253 253 253
253 253 253
253 253 253
252 252 252
252 252 252
250 250 250
252 252 252
254 254 254
255 255 255
255 255 255
254 254 254
252 252 252
250 250 250
255 255 255
254 254 254
254 254 254
254 254 254
253 253 253
253 253 253
253 253 253
253 253 253
245 245 245
250 250 250
255 255 255
186 186 186
74 74 74
86 86 86
36 36 36
63 63 63
29 39 49
20 30 40
95 105 115
164 174 184
211 221 231
243 253 255
234 244 254
239 249 255
199 209 219
79 89 99
73 83 93
1 11 21
95 105 115
150 160 170
110 120 130
40 50 60
46 49 57
14 20 27
0 0 7
0 2 12
0 1 14
0 0 13
0 16 32
23 46 62
45 68 84
37 60 76
42 61 76
60 76 89
49 59 69
20 27 36
42 48 55
83 86 94
199 199 199
249 249 249
255 255 255
255 255 255
255 255 255
250 250 250
254 254 254
255 255 255
254 254 254
254 254 254
254 254 254
254 254 254
254 254 254
254 254 254
254 254 254
254 254 254
255 253 255
255 253 255
255 253 255
255 253 255
252 251 255
253 254 255
239 240 244
251 254 255
250 255 255
248 255 255
152 161 164
10 22 24
0 8 10
33 46 48
20 33 35
29 42 44
25 46 54
26 45 53
37 56 64
38 57 65
31 48 57
44 59 68
43 55 65
13 23 33
0 0 8
0 0 8
4 10 21
0 0 8
5 7 18
17 19 30
51 53 64
143 143 155
3 23 41
0 6 25
0 0 14
0 16 32
107 122 138
224 238 250
241 253 255
232 241 250
238 246 253
229 236 239
158 163 164
229 231 231
255 255 254
255 255 252
250 249 245
253 253 247
255 255 255
255 255 255
255 255 255
255 255 255
255 255 255
255 255 255
254 254 254
254 254 254
253 253 253
253 253 253
253 253 253
253 253 253
253 253 253
253 253 253
253 253 253
253 253 253
254 254 254
254 254 254
254 254 254
253 253 253
253 253 253
253 253 253
252 252 252
252 252 252
255 255 255
255 255 255
255 255 255
254 254 254
254 254 254
253 253 253
253 253 253
253 253 253
255 255 255
254 254 254
254 254 254
254 254 254
253 253 253
253 253 253
253 253 253
253 253 253
254 254 254
254 254 254
254 254 254
254 254 254
254 254 254
254 254 254
254 254 254
254 254 254
254 254 254
254 254 254
254 254 254
254 254 254
254 254 254
254 254 254
254 254 254
254 254 254
254 254 254
254 254 254
254 254 254
254 254 254
254 254 254
254 254 254
254 254 254
254 254 254
253 253 253
253 253 253
254 254 254
254 254 254
254 254 254
255 255 255
255 255 255
255 255 255
254 254 254
254 254 254
254 254 254
254 254 254
254 254 254
254 254 254
254 254 254
254 254 254
254 254 254
254 254 254
254 254 254
254 254 254
254 254 254
254 254 254
254 254 254
254 254 254
254 254 254
254 254 254
254 254 254
254 254 254
254 254 254
254 254 254
254 254 254
254 254 254
255 255 255
255 255 255
255 255 255
255 255 255
255 255 255
255 255 255
255 255 255
255 255 255
255 255 255
255 255 255
255 255 255
255 255 255
255 255 255
255 255 255
255 255 255
255 255 255
255 255 255
255 255 255
255 255 255
255 255 255
255 255 255
255 255 255
255 255 255
255 255 255
255 255 255
255 255 255
254 254 254
253 253 253
253 253 253
252 252 252
252 252 252
253 253 253
253 253 253
254 254 254
253 253 253
253 253 253
253 253 253
252 252 252
252 252 252
252 252 252
251 251 251
251 251 251
250 250 250
252 252 252
254 254 254
255 255 255
255 255 255
254 254 254
252 252 252
250 250 250
254 254 254
254 254 254
254 254 254
253 253 253
253 253 253
253 253 253
252 252 252
252 252 252
252 252 252
255 255 255
255 255 255
147 147 147
193 193 193
215 215 215
96 96 96
31 31 31
90 100 107
234 244 251
244 254 255
233 243 250
243 253 255
244 254 255
244 254 255
244 254 255
244 254 255
18 28 35
24 34 41
46 56 63
33 43 50
103 113 120
104 114 121
21 31 38
70 73 78
184 187 192
206 212 219
154 163 172
132 144 154
142 158 170
89 108 121
0 0 13
0 13 28
0 13 26
27 43 55
19 31 41
0 0 7
96 102 109
183 186 191
67 70 75
174 174 174
241 241 241
255 255 255
255 255 255
255 255 255
255 255 255
255 255 255
255 255 255
253 253 253
253 253 253
253 253 253
253 253 253
253 253 253
253 253 253
253 253 253
253 253 253
255 254 255
253 250 252
245 242 244
255 254 255
249 248 250
253 255 255
252 254 255
248 252 253
250 255 255
248 255 255
246 255 255
224 234 234
198 210 210
184 196 196
156 170 169
149 163 162
93 112 117
86 105 110
82 98 104
60 76 82
31 45 51
19 33 39
10 22 28
0 0 6
0 2 9
0 0 7
0 2 9
35 38 46
130 132 140
194 196 204
153 155 163
173 172 181
197 213 226
216 229 243
230 243 255
236 248 255
238 250 255
243 254 255
243 252 255
240 248 255
248 254 255
250 255 255
230 234 235
253 255 255
242 245 243
248 249 247
255 255 252
255 255 252
255 255 255
255 255 255
255 255 255
255 255 255
255 255 255
255 255 255
254 254 254
254 254 254
253 253 253
253 253 253
253 253 253
253 253 253
253 253 253
253 253 253
253 253 253
253 253 253
253 253 253
253 253 253
253 253 253
252 252 252
252 252 252
252 252 252
251 251 251
251 251 251
255 255 255
255 255 255
255 255 255
254 254 254
254 254 254
253 253 253
253 253 253
253 253 253
254 254 254
254 254 254
254 254 254
253 253 253
253 253 253
253 253 253
252 252 252
252 252 252
253 253 253
253 253 253
253 253 253
253 253 253
253 253 253
253 253 253
253 253 253
253 253 253
253 253 253
253 253 253
253 253 253
253 253 253
253 253 253
253 253 253
253 253 253
253 253 253
253 253 253
253 253 253
253 253 253
253 253 253
253 253 253
253 253 253
253 253 253
253 253 253
252 252 252
252 252 252
253 253 253
253 253 253
254 254 254
254 254 254
254 254 254
254 254 254
253 253 253
253 253 253
253 253 253
253 253 253
253 253 253
253 253 253
253 253 253
253 253 253
253 253 253
253 253 253
253 253 253
253 253 253
253 253 253
253 253 253
253 253 253
253 253 253
253 253 253
253 253 253
253 253 253
253 253 253
253 253 253
253 253 253
253 253 253
253 253 253
254 254 254
254 254 254
255 255 255
255 255 255
255 255 255
255 255 255
255 255 255
255 255 255
255 255 255
255 255 255
255 255 255
255 255 255
255 255 255
255 255 255
255 255 255
255 255 255
255 255 255
255 255 255
255 255 255
255 255 255
255 255 255
255 255 255
255 255 255
255 255 255
255 255 255
255 255 255
252 252 252
253 253 253
253 253 253
254 254 254
254 254 254
253 253 253
253 253 253
252 252 252
252 252 252
252 252 252
252 252 252
251 251 251
251 251 251
251 251 251
250 250 250
250 250 250
250 250 250
252 252 252
254 254 254
255 255 255
255 255 255
254 254 254
252 252 252
250 250 250
254 254 254
254 254 254
253 253 253
253 253 253
252 252 252
252 252 252
252 252 252
252 252 252
247 247 247
255 255 255
246 246 246
155 155 155
227 227 227
246 246 246
243 243 243
253 253 253
248 254 255
239 245 250
248 254 255
248 254 255
248 254 255
248 254 255
241 247 252
248 254 255
245 251 255
197 203 208
101 107 112
39 45 50
55 61 66
89 95 100
76 82 87
138 144 149
246 245 249
253 254 255
250 254 255
247 253 255
240 249 255
234 246 255
237 254 255
215 231 243
145 161 173
110 127 136
72 84 94
100 109 118
170 176 183
238 242 247
253 254 255
181 180 184
195 195 195
249 249 249
255 255 255
250 250 250
255 255 255
255 255 255
252 252 252
250 250 250
252 252 252
252 252 252
252 252 252
252 252 252
252 252 252
252 252 252
252 252 252
252 252 252
255 253 255
255 254 255
240 237 239
255 254 255
250 249 251
238 240 241
245 247 248
249 253 254
250 255 255
232 237 238
242 250 250
246 255 255
240 250 250
237 249 249
244 255 255
244 255 255
241 255 255
241 255 255
241 255 255
243 255 255
236 248 252
238 249 253
244 253 255
238 247 251
224 230 235
250 254 255
245 248 253
243 246 251
246 246 252
253 253 255
236 236 242
241 239 245
238 247 255
235 244 253
241 250 255
246 254 255
246 254 255
248 254 255
246 252 255
250 255 255
250 255 255
241 245 246
247 252 251
253 255 255
253 255 255
250 251 249
253 254 252
255 255 254
255 255 255
255 255 255
255 255 255
255 255 255
255 255 255
255 255 255
254 254 254
254 254 254
253 253 253
253 253 253
253 253 253
253 253 253
253 253 253
253 253 253
253 253 253
253 253 253
252 252 252
252 252 252
252 252 252
251 251 251
251 251 251
251 251 251
250 250 250
250 250 250
255 255 255
255 255 255
255 255 255
254 254 254
254 254 254
253 253 253
253 253 253
253 253 253
254 254 254
254 254 254
253 253 253
253 253 253
252 252 252
252 252 252
252 252 252
252 252 252
252 252 252
252 252 252
252 252 252
252 252 252
252 252 252
252 252 252
252 252 252
252 252 252
252 252 252
252 252 252
252 252 252
252 252 252
252 252 252
252 252 252
252 252 252
252 252 252
252 252 252
252 252 252
252 252 252
252 252 252
252 252 252
252 252 252
252 252 252
252 252 252
251 251 251
252 252 252
252 252 252
252 252 252
253 253 253
253 253 253
253 253 253
253 253 253
252 252 252
252 252 252
252 252 252
252 252 252
252 252 252
252 252 252
252 252 252
252 252 252
252 252 252
252 252 252
252 252 252
252 252 252
252 252 252
252 252 252
252 252 252
252 252 252
252 252 252
252 252 252
252 252 252
252 252 252
252 252 252
252 252 252
252 252 252
252 252 252
252 252 252
252 252 252
255 255 255
255 255 255
255 255 255
255 255 255
255 255 255
255 255 255
255 255 255
255 255 255
255 255 255
255 255 255
255 255 255
255 255 255
255 255 255
255 255 255
255 255 255
255 255 255
255 255 255
255 255 255
255 255 255
255 255 255
255 255 255
255 255 255
255 255 255
255 255 255
251 251 251
252 252 252
254 254 254
255 255 255
255 255 255
254 254 254
252 252 252
251 251 251
251 251 251
251 251 251
251 251 251
251 251 251
250 250 250
250 250 250
249 249 249
249 249 249
250 250 250
252 252 252
254 254 254
255 255 255
255 255 255
254 254 254
252 252 252
250 250 250
253 253 253
253 253 253
253 253 253
252 252 252
252 252 252
252 252 252
251 251 251
251 251 251
255 255 255
249 249 249
255 255 255
243 243 243
253 253 253
255 255 255
255 255 255
253 253 253
243 248 251
240 245 248
236 241 244
250 255 255
239 244 247
233 238 241
250 255 255
230 235 238
238 243 246
250 255 255
249 254 255
247 252 255
250 255 255
172 177 180
158 163 166
250 255 255
255 253 255
248 247 249
243 244 248
250 255 255
248 254 255
233 243 250
236 248 254
239 252 255
237 250 255
243 255 255
244 254 255
248 254 255
249 254 255
240 241 245
249 248 250
255 252 254
239 239 239
255 255 255
251 251 251
240 240 240
245 245 245
244 244 244
248 248 248
248 248 248
252 252 252
252 252 252
252 252 252
252 252 252
252 252 252
252 252 252
252 252 252
252 252 252
240 237 239
255 254 255
248 245 247
248 247 249
253 252 254
244 246 247
251 253 254
251 255 255
246 250 251
250 255 255
245 253 253
231 239 239
241 251 251
246 255 255
245 255 255
245 255 255
242 254 255
243 255 255
244 255 255
246 255 255
243 252 255
246 253 255
248 255 255
250 255 255
251 254 255
251 254 255
253 254 255
253 254 255
246 245 249
255 254 255
255 254 255
255 253 255
250 255 255
250 255 255
240 243 247
242 245 249
251 255 255
251 255 255
251 255 255
247 251 252
248 250 251
253 255 255
253 255 255
231 233 233
253 255 255
253 255 255
243 245 245
253 253 253
255 255 255
255 255 255
255 255 255
255 255 255
255 255 255
255 255 255
254 254 254
254 254 254
253 253 253
253 253 253
253 253 253
253 253 253
253 253 253
253 253 253
253 253 253
253 253 253
251 251 251
251 251 251
251 251 251
251 251 251
250 250 250
250 250 250
249 249 249
249 249 249
255 255 255
255 255 255
255 255 255
254 254 254
254 254 254
253 253 253
253 253 253
253 253 253
253 253 253
253 253 253
253 253 253
252 252 252
252 252 252
252 252 252
251 251 251
251 251 251
252 252 252
252 252 252
252 252 252
252 252 252
252 252 252
252 252 252
252 252 252
252 252 252
252 252 252
252 252 252
252 252 252
252 252 252
252 252 252
252 252 252
252 252 252
252 252 252
252 252 252
252 252 252
252 252 252
252 252 252
252 252 252
252 252 252
252 252 252
252 252 252
250 250 250
251 251 251
251 251 251
251 251 251
252 252 252
252 252 252
252 252 252
253 253 253
252 252 252
252 252 252
252 252 252
252 252 252
252 252 252
252 252 252
252 252 252
252 252 252
252 252 252
252 252 252
252 252 252
252 252 252
252 252 252
252 252 252
252 252 252
252 252 252
252 252 252
252 252 252
252 252 252
252 252 252
252 252 252
252 252 252
252 252 252
252 252 252
251 251 251
251 251 251
255 255 255
255 255 255
255 255 255
255 255 255
255 255 255
255 255 255
255 255 255
255 255 255
255 255 255
255 255 255
255 255 255
255 255 255
255 255 255
255 255 255
255 255 255
255 255 255
255 255 255
255 255 255
255 255 255
255 255 255
255 255 255
255 255 255
255 255 255
255 255 255
249 249 249
251 251 251
254 254 254
255 255 255
255 255 255
254 254 254
251 251 251
249 249 249
251 251 251
251 251 251
250 250 250
250 250 250
249 249 249
249 249 249
249 249 249
249 249 249
250 250 250
252 252 252
254 254 254
255 255 255
255 255 255
254 254 254
252 252 252
250 250 250
253 253 253
253 253 253
252 252 252
252 252 252
252 252 252
251 251 251
251 251 251
251 251 251
242 242 242
238 238 238
255 255 255
255 255 255
235 235 235
246 246 246
255 255 255
247 247 247
242 244 244
250 252 252
253 255 255
245 247 247
241 243 243
251 253 253
244 246 246
253 255 255
245 247 247
236 238 238
250 252 252
253 255 255
253 255 255
250 252 252
253 255 255
247 249 249
255 254 255
253 250 252
251 250 252
241 243 244
239 244 247
244 251 254
243 252 255
244 255 255
244 255 255
246 255 255
236 243 246
230 235 238
253 255 255
255 254 255
236 233 235
255 254 255
255 255 255
255 255 255
251 251 251
246 246 246
242 242 242
237 237 237
249 249 249
252 252 252
251 251 251
251 251 251
251 251 251
251 251 251
251 251 251
251 251 251
251 251 251
251 251 251
240 237 239
255 254 255
254 251 253
248 247 249
255 254 255
254 253 255
253 255 255
253 255 255
251 255 255
250 255 255
243 248 249
250 255 255
248 255 255
248 255 255
237 245 245
248 255 255
247 255 254
245 253 252
243 251 250
246 254 253
250 255 255
247 253 252
245 250 249
247 252 251
253 255 255
252 254 254
245 245 245
253 253 253
250 248 248
254 252 252
249 247 247
252 250 250
247 248 246
251 252 250
253 254 252
252 253 251
254 255 253
255 255 254
253 253 253
249 249 249
255 255 255
237 237 237
253 255 255
253 255 255
239 241 241
237 239 239
253 255 255
247 249 249
255 255 255
255 255 255
255 255 255
255 255 255
255 255 255
255 255 255
254 254 254
254 254 254
253 253 253
253 253 253
253 253 253
253 253 253
253 253 253
253 253 253
253 253 253
253 253 253
251 251 251
251 251 251
250 250 250
250 250 250
249 249 249
249 249 249
249 249 249
249 249 249
255 255 255
255 255 255
255 255 255
254 254 254
254 254 254
253 253 253
253 253 253
253 253 253
253 253 253
253 253 253
252 252 252
252 252 252
252 252 252
251 251 251
251 251 251
251 251 251
251 251 251
251 251 251
251 251 251
251 251 251
251 251 251
251 251 251
251 251 251
251 251 251
251 251 251
251 251 251
251 251 251
251 251 251
251 251 251
251 251 251
251 251 251
251 251 251
251 251 251
251 251 251
251 251 251
251 251 251
251 251 251
251 251 251
251 251 251
251 251 251
250 250 250
250 250 250
250 250 250
251 251 251
251 251 251
251 251 251
252 252 252
252 252 252
251 251 251
251 251 251
251 251 251
251 251 251
251 251 251
251 251 251
251 251 251
251 251 251
251 251 251
251 251 251
251 251 251
251 251 251
251 251 251
251 251 251
251 251 251
251 251 251
251 251 251
251 251 251
251 251 251
251 251 251
251 251 251
251 251 251
251 251 251
251 251 251
250 250 250
250 250 250
255 255 255
255 255 255
255 255 255
255 255 255
255 255 255
255 255 255
255 255 255
255 255 255
255 255 255
255 255 255
255 255 255
255 255 255
255 255 255
255 255 255
255 255 255
255 255 255
255 255 255
255 255 255
255 255 255
255 255 255
255 255 255
255 255 255
255 255 255
255 255 255
249 249 249
251 251 251
255 255 255
255 255 255
255 255 255
255 255 255
251 251 251
249 249 249
250 250 250
250 250 250
250 250 250
250 250 250
249 249 249
249 249 249
248 248 248
248 248 248
250 250 250
252 252 252
254 254 254
255 255 255
255 255 255
254 254 254
252 252 252
250 250 250
253 253 253
253 253 253
252 252 252
252 252 252
251 251 251
251 251 251
251 251 251
251 251 251
255 255 255
235 235 235
251 251 251
250 250 250
255 255 255
255 255 255
245 245 245
253 253 253
246 247 245
252 253 251
245 246 244
246 247 245
251 252 250
250 251 249
255 255 254
255 255 254
255 255 254
255 255 254
253 254 252
255 255 254
253 254 252
255 255 254
248 249 247
253 254 252
255 252 253
246 241 242
255 255 255
251 251 251
249 251 251
251 255 255
237 242 243
248 253 254
247 252 253
225 230 231
251 255 255
253 255 255
235 235 235
255 254 254
255 254 255
253 248 249
244 244 244
251 251 251
253 253 253
255 255 255
252 252 252
240 240 240
253 253 253
255 255 255
250 250 250
250 250 250
250 250 250
250 250 250
250 250 250
250 250 250
250 250 250
250 250 250
253 251 251
250 248 248
252 252 252
253 253 253
255 255 255
251 251 251
249 251 251
244 246 246
251 255 255
251 255 255
251 255 255
247 253 252
246 252 251
248 254 253
250 255 255
239 247 246
251 255 254
248 253 251
246 251 249
251 255 254
251 255 254
253 255 254
253 255 254
253 255 254
255 255 254
255 255 254
255 255 254
250 248 247
255 254 253
255 255 254
252 248 247
255 255 254
252 248 243
252 248 243
255 253 248
255 255 252
255 255 252
255 255 252
255 255 252
255 255 254
245 243 242
255 255 255
248 248 248
255 255 255
252 254 254
247 249 250
253 255 255
246 248 249
255 255 255
255 255 255
255 255 255
255 255 255
255 255 255
255 255 255
254 254 254
254 254 254
253 253 253
253 253 253
253 253 253
253 253 253
253 253 253
253 253 253
253 253 253
253 253 253
250 250 250
250 250 250
250 250 250
250 250 250
249 249 249
249 249 249
248 248 248
248 248 248
255 255 255
255 255 255
255 255 255
254 254 254
254 254 254
253 253 253
253 253 253
253 253 253
253 253 253
253 253 253
252 252 252
252 252 252
251 251 251
251 251 251
251 251 251
251 251 251
250 250 250
250 250 250
250 250 250
250 250 250
250 250 250
250 250 250
250 250 250
250 250 250
250 250 250
250 250 250
250 250 250
250 250 250
250 250 250
250 250 250
250 250 250
250 250 250
250 250 250
250 250 250
250 250 250
250 250 250
250 250 250
250 250 250
250 250 250
250 250 250
249 249 249
250 250 250
250 250 250
250 250 250
251 251 251
251 251 251
251 251 251
251 251 251
250 250 250
250 250 250
250 250 250
250 250 250
250 250 250
250 250 250
250 250 250
250 250 250
250 250 250
250 250 250
250 250 250
250 250 250
250 250 250
250 250 250
250 250 250
250 250 250
250 250 250
250 250 250
250 250 250
250 250 250
250 250 250
250 250 250
250 250 250
250 250 250
249 249 249
249 249 249
255 255 255
255 255 255
255 255 255
255 255 255
255 255 255
255 255 255
255 255 255
255 255 255
255 255 255
255 255 255
255 255 255
255 255 255
255 255 255
255 255 255
255 255 255
255 255 255
255 255 255
255 255 255
255 255 255
255 255 255
255 255 255
255 255 255
255 255 255
255 255 255
252 252 252
252 252 252
253 253 253
254 254 254
254 254 254
255 255 255
255 255 255
255 255 255
252 252 252
252 252 252
252 252 252
252 252 252
252 252 252
252 252 252
252 252 252
252 252 252
252 252 252
252 252 252
252 252 252
252 252 252
252 252 252
252 252 252
252 252 252
252 252 252
255 255 255
255 255 255
255 255 255
254 254 254
254 254 254
253 253 253
253 253 253
253 253 253
251 251 251
251 251 251
251 251 251
251 251 251
252 252 252
252 252 252
253 253 253
253 253 253
248 249 245
248 249 245
249 250 246
249 250 246
250 251 247
250 251 247
250 251 247
250 251 247
251 252 248
251 252 248
251 252 248
251 252 248
251 252 248
251 252 248
251 252 248
251 252 248
255 250 251
255 250 251
255 250 251
253 251 251
251 251 251
249 252 250
249 252 250
247 252 250
245 250 248
248 251 249
248 251 249
250 250 250
253 251 251
255 250 251
255 250 251
255 251 252
247 247 247
247 247 247
247 247 247
247 247 247
248 248 248
248 248 248
248 248 248
249 249 249
252 252 252
252 252 252
252 252 252
252 252 252
252 252 252
252 252 252
252 252 252
252 252 252
251 251 251
251 251 251
251 251 251
251 251 251
252 252 252
252 252 252
251 253 253
251 253 253
253 255 255
253 255 255
251 255 255
251 255 255
251 255 255
251 255 255
251 255 255
250 255 255
253 255 252
253 255 252
253 255 252
253 255 252
253 255 252
255 255 252
255 255 252
255 255 252
255 255 252
255 255 252
255 255 252
255 255 252
255 255 252
255 255 252
255 255 252
255 255 252
255 255 249
255 255 249
255 255 249
255 255 251
255 255 251
255 255 251
255 255 252
255 255 252
255 255 254
255 255 254
255 255 255
255 255 255
255 254 255
253 255 255
253 255 255
253 255 255
255 255 255
255 255 255
255 255 255
254 254 254
254 254 254
253 253 253
253 253 253
253 253 253
251 251 251
253 253 253
255 255 255
255 255 255
255 255 255
255 255 255
253 253 253
251 251 251
253 253 253
253 253 253
253 253 253
253 253 253
253 253 253
253 253 253
253 253 253
253 253 253
252 252 252
252 252 252
252 252 252
252 252 252
252 252 252
252 252 252
252 252 252
252 252 252
254 254 254
253 253 253
253 253 253
252 252 252
251 251 251
250 250 250
250 250 250
250 250 250
252 252 252
251 251 251
251 251 251
251 251 251
250 250 250
250 250 250
250 250 250
249 249 249
249 249 249
250 250 250
250 250 250
250 250 250
251 251 251
251 251 251
251 251 251
252 252 252
249 249 249
250 250 250
250 250 250
250 250 250
251 251 251
251 251 251
251 251 251
252 252 252
251 251 251
251 251 251
251 251 251
251 251 251
251 251 251
251 251 251
251 251 251
251 251 251
249 249 249
249 249 249
249 249 249
249 249 249
249 249 249
249 249 249
249 249 249
249 249 249
249 249 249
250 250 250
250 250 250
250 250 250
251 251 251
251 251 251
251 251 251
252 252 252
252 252 252
252 252 252
252 252 252
252 252 252
252 252 252
252 252 252
252 252 252
252 252 252
250 250 250
250 250 250
255 255 255
255 255 255
255 255 255
255 255 255
255 255 255
255 255 255
255 255 255
255 255 255
255 255 255
255 255 255
255 255 255
255 255 255
255 255 255
255 255 255
255 255 255
255 255 255
255 255 255
255 255 255
255 255 255
255 255 255
255 255 255
255 255 255
255 255 255
255 255 255
252 252 252
252 252 252
253 253 253
254 254 254
254 254 254
255 255 255
255 255 255
255 255 255
252 252 252
252 252 252
252 252 252
252 252 252
252 252 252
252 252 252
252 252 252
252 252 252
252 252 252
252 252 252
252 252 252
252 252 252
252 252 252
252 252 252
252 252 252
252 252 252
255 255 255
255 255 255
255 255 255
254 254 254
254 254 254
253 253 253
253 253 253
253 253 253
251 251 251
251 251 251
251 251 251
252 252 252
252 252 252
252 252 252
253 253 253
253 253 253
251 250 246
251 250 246
251 250 246
251 250 246
252 251 247
252 251 247
253 252 248
253 252 248
253 252 248
253 252 248
253 252 248
253 252 248
253 252 248
253 252 248
253 252 248
253 252 248
255 250 252
255 250 251
255 250 251
253 251 251
253 251 250
251 252 250
251 252 248
251 252 248
250 251 247
250 251 247
250 251 249
253 251 250
253 251 251
255 250 251
255 251 252
255 251 253
253 253 253
253 253 253
253 253 253
254 254 254
254 254 254
255 255 255
255 255 255
255 255 255
252 252 252
252 252 252
252 252 252
252 252 252
252 252 252
252 252 252
252 252 252
252 252 252
251 251 251
251 251 251
251 251 251
252 252 252
252 252 252
252 252 252
251 253 253
251 253 253
253 255 255
253 255 255
253 255 255
253 255 255
253 255 255
253 255 255
251 255 255
251 255 255
255 255 252
255 255 252
255 255 252
255 255 252
255 255 252
255 255 252
255 255 252
255 255 252
255 255 252
255 255 252
255 255 252
255 255 252
255 255 252
255 255 252
255 255 252
255 255 252
255 255 249
255 255 249
255 255 249
255 255 251
255 255 251
255 255 252
255 255 252
255 255 252
255 255 254
255 255 254
255 255 255
255 255 255
255 254 255
255 254 255
253 255 255
253 255 255
255 255 255
255 255 255
255 255 255
254 254 254
254 254 254
253 253 253
253 253 253
253 253 253
251 251 251
253 253 253
255 255 255
255 255 255
255 255 255
255 255 255
253 253 253
251 251 251
253 253 253
253 253 253
253 253 253
253 253 253
253 253 253
253 253 253
253 253 253
253 253 253
252 252 252
252 252 252
252 252 252
252 252 252
252 252 252
252 252 252
252 252 252
252 252 252
254 254 254
254 254 254
253 253 253
252 252 252
251 251 251
251 251 251
250 250 250
250 250 250
252 252 252
252 252 252
251 251 251
251 251 251
251 251 251
250 250 250
250 250 250
250 250 250
250 250 250
250 250 250
250 250 250
251 251 251
251 251 251
251 251 251
252 252 252
252 252 252
250 250 250
250 250 250
250 250 250
251 251 251
251 251 251
251 251 251
252 252 252
252 252 252
251 251 251
251 251 251
251 251 251
251 251 251
251 251 251
251 251 251
251 251 251
251 251 251
250 250 250
250 250 250
250 250 250
250 250 250
250 250 250
250 250 250
250 250 250
250 250 250
250 250 250
250 250 250
250 250 250
251 251 251
251 251 251
251 251 251
252 252 252
252 252 252
252 252 252
252 252 252
252 252 252
252 252 252
252 252 252
252 252 252
252 252 252
252 252 252
252 252 252
252 252 252
255 255 255
255 255 255
255 255 255
255 255 255
255 255 255
255 255 255
255 255 255
255 255 255
255 255 255
255 255 255
255 255 255
255 255 255
255 255 255
255 255 255
255 255 255
255 255 255
255 255 255
255 255 255
255 255 255
255 255 255
255 255 255
255 255 255
255 255 255
255 255 255
252 252 252
252 252 252
253 253 253
254 254 254
254 254 254
255 255 255
255 255 255
255 255 255
251 251 251
251 251 251
251 251 251
251 251 251
251 251 251
251 251 251
251 251 251
251 251 251
252 252 252
252 252 252
252 252 252
252 252 252
252 252 252
252 252 252
252 252 252
252 252 252
255 255 255
255 255 255
255 255 255
254 254 254
254 254 254
253 253 253
253 253 253
253 253 253
251 251 251
251 251 251
252 252 252
252 252 252
252 252 252
253 253 253
253 253 253
253 253 253
251 250 246
251 250 246
252 251 247
252 251 247
253 252 248
253 252 248
253 252 248
253 252 248
253 252 248
253 252 248
253 252 248
253 252 248
253 252 248
253 252 248
253 252 248
253 252 248
255 250 252
255 250 252
255 250 252
253 251 251
253 251 250
253 252 248
253 252 248
253 252 248
252 251 247
252 251 247
252 251 247
253 251 250
253 251 251
255 251 253
255 251 253
255 251 253
245 245 245
245 245 245
246 246 246
246 246 246
246 246 246
247 247 247
247 247 247
247 247 247
252 252 252
252 252 252
252 252 252
252 252 252
252 252 252
252 252 252
252 252 252
252 252 252
251 252 250
251 252 250
252 253 251
252 253 251
252 253 251
253 254 252
253 254 252
253 254 252
255 255 254
255 255 254
253 255 254
253 255 254
253 255 254
253 255 254
253 255 254
253 255 254
255 255 252
255 255 252
255 255 252
255 255 252
255 255 252
255 255 252
255 255 252
255 255 252
255 255 252
255 255 252
255 255 252
255 255 252
255 255 252
255 255 252
255 255 252
255 255 252
255 255 251
255 255 251
255 255 251
255 255 251
255 255 252
255 255 252
255 255 252
255 255 254
255 255 254
255 255 255
255 255 255
255 255 255
255 254 255
255 254 255
255 254 255
255 254 255
255 255 255
255 255 255
255 255 255
254 254 254
254 254 254
253 253 253
253 253 253
253 253 253
251 251 251
253 253 253
255 255 255
255 255 255
255 255 255
255 255 255
253 253 253
251 251 251
252 252 252
252 252 252
252 252 252
252 252 252
252 252 252
252 252 252
252 252 252
252 252 252
252 252 252
252 252 252
252 252 252
252 252 252
252 252 252
252 252 252
252 252 252
252 252 252
254 254 254
254 254 254
253 253 253
253 253 253
252 252 252
251 251 251
250 250 250
250 250 250
252 252 252
252 252 252
252 252 252
251 251 251
251 251 251
250 250 250
250 250 250
250 250 250
250 250 250
250 250 250
250 250 250
251 251 251
251 251 251
252 252 252
252 252 252
252 252 252
250 250 250
250 250 250
250 250 250
251 251 251
251 251 251
252 252 252
252 252 252
252 252 252
251 251 251
251 251 251
251 251 251
251 251 251
251 251 251
251 251 251
251 251 251
251 251 251
250 250 250
250 250 250
250 250 250
250 250 250
250 250 250
250 250 250
250 250 250
250 250 250
250 250 250
250 250 250
250 250 250
251 251 251
251 251 251
252 252 252
252 252 252
252 252 252
252 252 252
252 252 252
252 252 252
252 252 252
252 252 252
252 252 252
252 252 252
252 252 252
254 254 254
254 254 254
255 255 255
255 255 255
255 255 255
255 255 255
255 255 255
255 255 255
255 255 255
255 255 255
255 255 255
255 255 255
255 255 255
255 255 255
255 255 255
255 255 255
255 255 255
255 255 255
255 255 255
255 255 255
255 255 255
255 255 255
255 255 255
255 255 255
255 255 255
255 255 255
252 252 252
252 252 252
253 253 253
254 254 254
254 254 254
255 255 255
255 255 255
255 255 255
251 251 251
251 251 251
251 251 251
251 251 251
251 251 251
251 251 251
251 251 251
251 251 251
253 253 253
253 253 253
253 253 253
253 253 253
253 253 253
253 253 253
253 253 253
253 253 253
255 255 255
255 255 255
255 255 255
254 254 254
254 254 254
253 253 253
253 253 253
253 253 253
252 252 252
252 252 252
252 252 252
252 252 252
253 253 253
253 253 253
254 254 254
254 254 254
250 251 249
250 251 249
251 252 250
251 252 250
251 252 250
252 253 251
252 253 251
252 253 251
252 253 251
252 253 251
252 253 251
252 253 251
252 253 251
252 253 251
252 253 251
252 253 251
254 250 255
254 250 255
254 251 253
254 252 252
254 252 251
254 253 249
254 253 249
254 254 248
252 252 246
253 252 248
253 252 248
253 251 250
254 252 252
254 251 253
254 250 255
255 251 255
252 252 252
252 252 252
252 252 252
253 253 253
253 253 253
254 254 254
254 254 254
254 254 254
252 252 252
252 252 252
252 252 252
252 252 252
252 252 252
252 252 252
252 252 252
252 252 252
252 253 251
252 253 251
252 253 251
252 253 251
253 254 252
253 254 252
254 255 253
254 255 253
255 255 254
255 255 254
255 255 254
255 255 254
255 255 254
255 255 254
255 255 254
255 255 254
255 255 254
255 255 254
255 255 254
255 255 254
255 255 254
255 255 254
255 255 254
255 255 254
255 255 254
255 255 254
255 255 254
255 255 254
255 255 254
255 255 254
255 255 254
255 255 254
255 255 254
255 255 254
255 255 254
255 255 254
255 255 254
255 255 254
255 255 254
255 254 255
255 255 255
255 255 255
255 255 255
255 255 255
255 255 255
255 254 255
255 254 255
255 254 255
255 255 255
255 255 255
255 255 255
254 254 254
254 254 254
253 253 253
253 253 253
253 253 253
251 251 251
253 253 253
255 255 255
255 255 255
255 255 255
255 255 255
253 253 253
251 251 251
252 252 252
252 252 252
252 252 252
252 252 252
252 252 252
252 252 252
252 252 252
252 252 252
253 253 253
253 253 253
253 253 253
253 253 253
253 253 253
253 253 253
253 253 253
253 253 253
255 255 255
254 254 254
254 254 254
253 253 253
252 252 252
251 251 251
251 251 251
251 251 251
253 253 253
252 252 252
252 252 252
252 252 252
251 251 251
251 251 251
251 251 251
250 250 250
250 250 250
251 251 251
251 251 251
251 251 251
252 252 252
252 252 252
252 252 252
253 253 253
250 250 250
251 251 251
251 251 251
251 251 251
252 252 252
252 252 252
252 252 252
253 253 253
252 252 252
252 252 252
252 252 252
252 252 252
252 252 252
252 252 252
252 252 252
252 252 252
251 251 251
251 251 251
251 251 251
251 251 251
251 251 251
251 251 251
251 251 251
251 251 251
250 250 250
251 251 251
251 251 251
251 251 251
252 252 252
252 252 252
252 252 252
253 253 253
252 252 252
252 252 252
252 252 252
252 252 252
252 252 252
252 252 252
252 252 252
252 252 252
255 255 255
255 255 255
255 255 255
255 255 255
255 255 255
255 255 255
255 255 255
255 255 255
255 255 255
255 255 255
255 255 255
255 255 255
255 255 255
255 255 255
255 255 255
255 255 255
255 255 255
255 255 255
255 255 255
255 255 255
255 255 255
255 255 255
255 255 255
255 255 255
255 255 255
255 255 255
252 252 252
252 252 252
253 253 253
254 254 254
254 254 254
255 255 255
255 255 255
255 255 255
250 250 250
250 250 250
250 250 250
250 250 250
250 250 250
250 250 250
250 250 250
250 250 250
253 253 253
253 253 253
253 253 253
253 253 253
253 253 253
253 253 253
253 253 253
253 253 253
255 255 255
255 255 255
255 255 255
254 254 254
254 254 254
253 253 253
253 253 253
253 253 253
252 252 252
252 252 252
253 253 253
253 253 253
253 253 253
254 254 254
254 254 254
254 254 254
251 252 250
251 252 250
252 253 251
252 253 251
252 253 251
253 254 252
253 254 252
253 254 252
252 253 251
252 253 251
252 253 251
252 253 251
252 253 251
252 253 251
252 253 251
252 253 251
254 250 255
254 250 255
254 250 255
254 251 253
254 252 252
254 252 251
255 253 249
255 253 248
255 252 247
255 252 248
253 251 250
254 252 252
254 251 253
255 251 255
255 251 255
255 251 255
253 253 253
253 253 253
253 253 253
254 254 254
254 254 254
255 255 255
255 255 255
255 255 255
252 252 252
252 252 252
252 252 252
252 252 252
252 252 252
252 252 252
252 252 252
252 252 252
250 253 251
250 253 251
251 254 252
253 254 252
253 254 252
254 255 253
254 255 253
254 255 253
255 255 254
255 255 254
255 255 254
255 255 254
255 255 254
255 255 254
255 255 254
255 255 254
255 255 254
255 255 254
255 255 254
255 255 254
255 255 254
255 255 254
255 255 254
255 255 254
255 255 254
255 255 254
253 255 254
253 255 254
253 255 254
253 255 254
253 255 254
253 255 254
255 255 255
255 255 255
255 255 255
255 255 255
255 255 255
255 255 255
255 255 255
255 255 255
255 255 255
255 255 255
255 255 255
255 255 255
255 255 255
255 255 255
255 255 255
255 255 255
255 255 255
255 255 255
255 255 255
254 254 254
254 254 254
253 253 253
253 253 253
253 253 253
251 251 251
253 253 253
255 255 255
255 255 255
255 255 255
255 255 255
253 253 253
251 251 251
252 252 252
252 252 252
252 252 252
252 252 252
252 252 252
252 252 252
252 252 252
252 252 252
253 253 253
253 253 253
253 253 253
253 253 253
253 253 253
253 253 253
253 253 253
253 253 253
255 255 255
255 255 255
254 254 254
254 254 254
253 253 253
252 252 252
251 251 251
251 251 251
253 253 253
253 253 253
253 253 253
252 252 252
252 252 252
251 251 251
251 251 251
251 251 251
251 251 251
251 251 251
251 251 251
252 252 252
252 252 252
253 253 253
253 253 253
253 253 253
251 251 251
251 251 251
251 251 251
252 252 252
252 252 252
253 253 253
253 253 253
253 253 253
252 252 252
252 252 252
252 252 252
252 252 252
252 252 252
252 252 252
252 252 252
252 252 252
252 252 252
252 252 252
252 252 252
252 252 252
252 252 252
252 252 252
252 252 252
252 252 252
251 251 251
251 251 251
251 251 251
252 252 252
252 252 252
253 253 253
253 253 253
253 253 253
252 252 252
252 252 252
252 252 252
252 252 252
252 252 252
252 252 252
252 252 252
252 252 252
255 255 255
255 255 255
255 255 255
255 255 255
255 255 255
255 255 255
255 255 255
255 255 255
255 255 255
255 255 255
255 255 255
255 255 255
255 255 255
255 255 255
255 255 255
255 255 255
255 255 255
255 255 255
255 255 255
255 255 255
255 255 255
255 255 255
255 255 255
255 255 255
255 255 255
255 255 255
252 252 252
252 252 252
253 253 253
254 254 254
254 254 254
255 255 255
255 255 255
255 255 255
250 250 250
250 250 250
250 250 250
250 250 250
250 250 250
250 250 250
250 250 250
250 250 250
254 254 254
254 254 254
254 254 254
254 254 254
254 254 254
254 254 254
254 254 254
254 254 254
255 255 255
255 255 255
255 255 255
254 254 254
254 254 254
253 253 253
253 253 253
253 253 253
253 253 253
253 253 253
253 253 253
253 253 253
254 254 254
254 254 254
254 254 254
255 255 255
250 252 252
250 252 252
251 253 253
251 253 253
251 253 253
252 254 254
252 254 254
252 254 254
250 252 252
250 252 252
250 252 252
250 252 252
250 252 252
250 252 252
250 252 252
250 252 252
252 249 255
252 249 255
252 250 255
254 251 253
254 252 252
254 252 251
255 253 249
255 253 248
255 252 247
255 253 249
254 252 251
254 252 252
255 252 254
253 251 255
253 250 255
253 250 255
248 248 248
248 248 248
248 248 248
249 249 249
249 249 249
249 249 249
250 250 250
250 250 250
252 252 252
252 252 252
252 252 252
252 252 252
252 252 252
252 252 252
252 252 252
252 252 252
251 255 250
251 255 250
251 255 250
251 255 250
254 255 251
254 255 251
254 255 251
255 255 252
255 255 252
255 255 252
255 255 252
255 255 252
255 255 252
255 255 252
255 255 252
255 255 252
255 255 255
255 255 255
255 255 255
255 255 255
255 255 255
255 255 255
255 255 255
253 255 255
253 255 255
253 255 255
253 255 255
253 255 255
251 255 255
251 255 255
251 255 255
251 255 255
253 254 255
253 254 255
255 254 255
255 254 255
255 254 255
255 254 255
255 254 255
255 254 255
255 254 255
255 254 255
255 254 255
255 255 255
255 255 255
255 255 255
255 254 255
255 254 255
255 255 255
255 255 255
255 255 255
254 254 254
254 254 254
253 253 253
253 253 253
253 253 253
251 251 251
253 253 253
255 255 255
255 255 255
255 255 255
255 255 255
253 253 253
251 251 251
251 251 251
251 251 251
251 251 251
251 251 251
251 251 251
251 251 251
251 251 251
251 251 251
254 254 254
254 254 254
254 254 254
254 254 254
254 254 254
254 254 254
254 254 254
254 254 254
255 255 255
255 255 255
255 255 255
254 254 254
253 253 253
252 252 252
252 252 252
251 251 251
253 253 253
253 253 253
253 253 253
253 253 253
252 252 252
252 252 252
252 252 252
251 251 251
251 251 251
252 252 252
252 252 252
252 252 252
253 253 253
253 253 253
253 253 253
253 253 253
251 251 251
252 252 252
252 252 252
252 252 252
253 253 253
253 253 253
253 253 253
253 253 253
252 252 252
252 252 252
252 252 252
252 252 252
252 252 252
252 252 252
252 252 252
252 252 252
253 253 253
253 253 253
253 253 253
253 253 253
253 253 253
253 253 253
253 253 253
253 253 253
251 251 251
252 252 252
252 252 252
252 252 252
253 253 253
253 253 253
253 253 253
253 253 253
252 252 252
252 252 252
252 252 252
252 252 252
252 252 252
252 252 252
252 252 252
252 252 252
252 252 252
252 252 252
255 255 255
255 255 255
255 255 255
255 255 255
255 255 255
255 255 255
255 255 255
255 255 255
255 255 255
255 255 255
255 255 255
255 255 255
255 255 255
255 255 255
255 255 255
255 255 255
255 255 255
255 255 255
255 255 255
255 255 255
255 255 255
255 255 255
255 255 255
255 255 255
252 252 252
252 252 252
253 253 253
254 254 254
254 254 254
255 255 255
255 255 255
255 255 255
250 250 250
250 250 250
250 250 250
250 250 250
250 250 250
250 250 250
250 250 250
250 250 250
254 254 254
254 254 254
254 254 254
254 254 254
254 254 254
254 254 254
254 254 254
254 254 254
255 255 255
255 255 255
255 255 255
254 254 254
254 254 254
253 253 253
253 253 253
253 253 253
253 253 253
253 253 253
253 253 253
254 254 254
254 254 254
254 254 254
255 255 255
255 255 255
251 253 253
251 253 253
251 253 253
252 254 254
252 254 254
252 254 254
253 255 255
253 255 255
251 253 253
251 253 253
251 253 253
251 253 253
251 253 253
251 253 253
251 253 253
251 253 253
251 250 255
251 250 255
253 251 255
253 252 255
255 253 253
255 253 252
255 254 250
255 254 249
255 253 248
255 253 249
254 252 251
255 253 253
253 252 255
253 251 255
252 251 255
252 251 255
255 255 255
255 255 255
255 255 255
255 255 255
255 255 255
255 255 255
255 255 255
255 255 255
252 252 252
252 252 252
252 252 252
252 252 252
252 252 252
252 252 252
252 252 252
252 252 252
251 255 250
251 255 250
251 255 250
252 255 251
254 255 251
254 255 251
255 255 252
255 255 252
255 255 252
255 255 252
255 255 252
255 255 252
255 255 252
255 255 252
255 255 252
255 255 252
255 255 255
255 255 255
255 255 255
255 255 255
255 255 255
253 255 255
253 255 255
253 255 255
253 255 255
251 255 255
251 255 255
251 255 255
251 255 255
251 255 255
251 255 255
250 255 255
251 253 255
251 253 255
251 254 255
253 253 255
253 253 255
253 253 255
253 254 255
255 254 255
255 254 255
255 254 255
255 254 255
255 255 255
255 254 255
255 254 255
255 254 255
255 254 255
255 255 255
255 255 255
255 255 255
254 254 254
254 254 254
253 253 253
253 253 253
253 253 253
251 251 251
253 253 253
255 255 255
255 255 255
255 255 255
255 255 255
253 253 253
251 251 251
251 251 251
251 251 251
251 251 251
251 251 251
251 251 251
251 251 251
251 251 251
251 251 251
254 254 254
254 254 254
254 254 254
254 254 254
254 254 254
254 254 254
254 254 254
254 254 254
255 255 255
255 255 255
255 255 255
254 254 254
253 253 253
253 253 253
252 252 252
252 252 252
254 254 254
254 254 254
253 253 253
253 253 253
253 253 253
252 252 252
252 252 252
252 252 252
252 252 252
252 252 252
252 252 252
253 253 253
253 253 253
253 253 253
254 254 254
254 254 254
252 252 252
252 252 252
252 252 252
253 253 253
253 253 253
253 253 253
254 254 254
254 254 254
253 253 253
253 253 253
253 253 253
253 253 253
253 253 253
253 253 253
253 253 253
253 253 253
254 254 254
254 254 254
254 254 254
254 254 254
254 254 254
254 254 254
254 254 254
254 254 254
252 252 252
252 252 252
252 252 252
253 253 253
253 253 253
253 253 253
254 254 254
254 254 254
252 252 252
252 252 252
252 252 252
252 252 252
252 252 252
252 252 252
252 252 252
252 252 252
249 249 249
249 249 249
255 255 255
255 255 255
255 255 255
255 255 255
255 255 255
255 255 255
255 255 255
255 255 255
255 255 255
255 255 255
255 255 255
255 255 255
255 255 255
255 255 255
255 255 255
255 255 255
255 255 255
255 255 255
255 255 255
255 255 255
255 255 255
255 255 255
255 255 255
255 255 255
252 252 252
252 252 252
253 253 253
254 254 254
254 254 254
255 255 255
255 255 255
255 255 255
249 249 249
249 249 249
249 249 249
249 249 249
249 249 249
249 249 249
249 249 249
249 249 249
254 254 254
254 254 254
254 254 254
254 254 254
254 254 254
254 254 254
254 254 254
254 254 254
255 255 255
255 255 255
255 255 255
254 254 254
254 254 254
253 253 253
253 253 253
253 253 253
253 253 253
253 253 253
254 254 254
254 254 254
254 254 254
255 255 255
255 255 255
255 255 255
251 253 253
251 253 253
252 254 254
252 254 254
252 254 254
253 255 255
253 255 255
253 255 255
251 253 253
251 253 253
251 253 253
251 253 253
251 253 253
251 253 253
251 253 253
251 253 253
251 250 255
251 250 255
253 250 255
253 252 255
255 252 254
255 253 252
255 254 250
255 254 250
255 253 249
255 253 249
254 252 251
255 252 254
253 252 255
254 251 255
252 251 255
252 251 255
251 251 251
252 252 252
252 252 252
252 252 252
253 253 253
253 253 253
253 253 253
253 253 253
252 252 252
252 252 252
252 252 252
252 252 252
252 252 252
252 252 252
252 252 252
252 252 252
251 255 250
251 255 250
252 255 251
252 255 251
254 255 251
255 255 252
255 255 252
255 255 252
255 255 252
255 255 252
255 255 252
255 255 252
255 255 252
255 255 252
255 255 252
255 255 252
255 255 255
255 255 255
255 255 255
255 255 255
255 255 255
253 255 255
253 255 255
253 255 255
251 255 255
251 255 255
251 255 255
251 255 255
250 255 255
250 255 255
250 255 255
250 255 255
250 253 255
250 253 255
251 253 255
251 253 255
251 254 255
253 253 255
253 253 255
255 254 255
255 254 255
255 254 255
255 254 255
255 255 255
255 254 255
255 254 255
255 254 255
255 255 254
255 255 255
255 255 255
255 255 255
254 254 254
254 254 254
253 253 253
253 253 253
253 253 253
251 251 251
253 253 253
255 255 255
255 255 255
255 255 255
255 255 255
253 253 253
251 251 251
251 251 251
251 251 251
251 251 251
251 251 251
251 251 251
251 251 251
251 251 251
251 251 251
254 254 254
254 254 254
254 254 254
254 254 254
254 254 254
254 254 254
254 254 254
254 254 254
255 255 255
255 255 255
255 255 255
255 255 255
254 254 254
253 253 253
252 252 252
252 252 252
254 254 254
254 254 254
254 254 254
253 253 253
253 253 253
252 252 252
252 252 252
252 252 252
252 252 252
252 252 252
252 252 252
253 253 253
253 253 253
254 254 254
254 254 254
254 254 254
252 252 252
252 252 252
252 252 252
253 253 253
253 253 253
254 254 254
254 254 254
254 254 254
253 253 253
253 253 253
253 253 253
253 253 253
253 253 253
253 253 253
253 253 253
253 253 253
254 254 254
254 254 254
254 254 254
254 254 254
254 254 254
254 254 254
254 254 254
254 254 254
252 252 252
252 252 252
252 252 252
253 253 253
253 253 253
254 254 254
254 254 254
254 254 254
252 252 252
252 252 252
252 252 252
252 252 252
252 252 252
252 252 252
252 252 252
252 252 252
247 247 247
247 247 247
255 255 255
255 255 255
255 255 255
255 255 255
255 255 255
255 255 255
255 255 255
255 255 255
255 255 255
255 255 255
255 255 255
255 255 255
255 255 255
255 255 255
255 255 255
255 255 255
255 255 255
255 255 255
255 255 255
255 255 255
255 255 255
255 255 255
255 255 255
255 255 255
255 255 255
255 255 255
254 254 254
253 253 253
252 252 252
252 252 252
251 251 251
251 251 251
254 254 254
254 254 254
254 254 254
254 254 254
254 254 254
254 254 254
254 254 254
254 254 254
251 251 251
251 251 251
252 252 252
252 252 252
253 253 253
254 254 254
255 255 255
255 255 255
255 255 255
255 255 255
255 255 255
255 255 255
255 255 255
255 255 255
255 255 255
255 255 255
255 255 255
255 255 255
255 255 255
255 255 255
255 255 255
255 255 255
255 255 255
255 255 255
255 255 255
255 255 255
255 255 255
255 255 255
255 255 255
255 255 255
255 255 255
255 255 255
255 255 255
255 255 255
255 255 255
255 255 255
255 255 255
255 255 255
255 255 255
255 255 255
255 255 255
255 255 255
255 255 255
255 255 255
255 255 255
255 255 255
255 255 255
255 255 255
255 255 255
255 255 255
255 255 255
255 255 255
255 255 255
255 255 255
255 255 255
255 255 255
255 255 255
255 255 255
255 255 255
255 255 255
255 255 255
255 255 255
255 255 255
255 255 255
255 255 255
255 255 255
254 254 254
254 254 254
254 254 254
253 253 253
253 253 253
253 253 253
254 254 254
254 254 254
255 255 255
255 255 255
255 255 255
255 255 255
255 255 255
255 255 255
255 255 255
255 255 255
255 255 255
255 255 255
255 255 255
255 255 255
255 255 255
255 255 255
255 255 255
255 255 255
255 255 255
255 255 255
255 255 255
255 255 255
255 255 255
255 255 255
255 255 255
255 255 255
255 255 255
255 255 255
255 255 255
255 255 255
255 255 255
255 255 255
255 255 255
255 255 255
255 255 255
255 255 255
255 255 255
255 255 255
255 255 255
255 255 255
255 255 255
255 255 255
255 255 255
255 255 255
255 255 255
255 255 255
255 255 255
255 255 255
255 255 255
255 255 255
255 255 255
255 255 255
255 255 255
255 255 255
255 255 255
255 255 255
250 250 250
251 251 251
251 251 251
252 252 252
253 253 253
254 254 254
255 255 255
255 255 255
255 255 255
255 255 255
255 255 255
254 254 254
254 254 254
254 254 254
253 253 253
253 253 253
252 252 252
252 252 252
253 253 253
254 254 254
254 254 254
255 255 255
255 255 255
255 255 255
255 255 255
255 255 255
255 255 255
255 255 255
255 255 255
255 255 255
255 255 255
255 255 255
255 255 255
255 255 255
255 255 255
255 255 255
255 255 255
255 255 255
255 255 255
255 255 255
255 255 255
255 255 255
255 255 255
255 255 255
255 255 255
255 255 255
255 255 255
255 255 255
255 255 255
255 255 255
255 255 255
255 255 255
255 255 255
255 255 255
255 255 255
255 255 255
255 255 255
255 255 255
255 255 255
255 255 255
255 255 255
255 255 255
255 255 255
255 255 255
255 255 255
255 255 255
255 255 255
255 255 255
255 255 255
255 255 255
255 255 255
255 255 255
255 255 255
255 255 255
255 255 255
255 255 255
255 255 255
255 255 255
255 255 255
255 255 255
254 254 254
254 254 254
253 253 253
253 253 253
253 253 253
252 252 252
252 252 252
252 252 252
255 255 255
255 255 255
255 255 255
255 255 255
255 255 255
255 255 255
255 255 255
255 255 255
255 255 255
255 255 255
255 255 255
255 255 255
255 255 255
255 255 255
255 255 255
255 255 255
255 255 255
255 255 255
255 255 255
255 255 255
255 255 255
255 255 255
255 255 255
255 255 255
255 255 255
255 255 255
255 255 255
255 255 255
254 254 254
253 253 253
252 252 252
252 252 252
251 251 251
251 251 251
254 254 254
254 254 254
254 254 254
254 254 254
254 254 254
254 254 254
254 254 254
254 254 254
251 251 251
251 251 251
252 252 252
252 252 252
253 253 253
254 254 254
255 255 255
255 255 255
255 255 255
255 255 255
255 255 255
255 255 255
255 255 255
255 255 255
255 255 255
255 255 255
255 255 255
255 255 255
255 255 255
255 255 255
255 255 255
255 255 255
255 255 255
255 255 255
255 255 255
255 255 255
255 255 255
255 255 255
255 255 255
255 255 255
255 255 255
255 255 255
255 255 255
255 255 255
255 255 255
255 255 255
255 255 255
255 255 255
255 255 255
255 255 255
255 255 255
255 255 255
255 255 255
255 255 255
255 255 255
255 255 255
255 255 255
255 255 255
255 255 255
255 255 255
255 255 255
255 255 255
255 255 255
255 255 255
255 255 255
255 255 255
255 255 255
255 255 255
255 255 255
255 255 255
255 255 255
255 255 255
255 255 255
255 255 255
255 255 255
255 255 255
255 255 255
254 254 254
254 254 254
254 254 254
253 253 253
253 253 253
254 254 254
254 254 254
255 255 255
255 255 255
255 255 255
255 255 255
255 255 255
255 255 255
255 255 255
255 255 255
255 255 255
255 255 255
255 255 255
255 255 255
255 255 255
255 255 255
255 255 255
255 255 255
255 255 255
255 255 255
255 255 255
255 255 255
255 255 255
255 255 255
255 255 255
255 255 255
255 255 255
255 255 255
255 255 255
255 255 255
255 255 255
255 255 255
255 255 255
255 255 255
255 255 255
255 255 255
255 255 255
255 255 255
255 255 255
255 255 255
255 255 255
255 255 255
255 255 255
255 255 255
255 255 255
255 255 255
255 255 255
255 255 255
255 255 255
255 255 255
255 255 255
255 255 255
255 255 255
255 255 255
255 255 255
255 255 255
251 251 251
251 251 251
252 252 252
253 253 253
253 253 253
254 254 254
254 254 254
255 255 255
255 255 255
255 255 255
254 254 254
254 254 254
254 254 254
253 253 253
253 253 253
253 253 253
252 252 252
252 252 252
253 253 253
254 254 254
254 254 254
255 255 255
255 255 255
255 255 255
255 255 255
255 255 255
255 255 255
255 255 255
255 255 255
255 255 255
255 255 255
255 255 255
255 255 255
255 255 255
255 255 255
255 255 255
255 255 255
255 255 255
255 255 255
255 255 255
255 255 255
255 255 255
255 255 255
255 255 255
255 255 255
255 255 255
255 255 255
255 255 255
255 255 255
255 255 255
255 255 255
255 255 255
255 255 255
255 255 255
255 255 255
255 255 255
255 255 255
255 255 255
255 255 255
255 255 255
255 255 255
255 255 255
255 255 255
255 255 255
255 255 255
255 255 255
255 255 255
255 255 255
255 255 255
255 255 255
255 255 255
255 255 255
255 255 255
255 255 255
255 255 255
255 255 255
255 255 255
255 255 255
255 255 255
255 255 255
254 254 254
254 254 254
254 254 254
253 253 253
253 253 253
252 252 252
252 252 252
252 252 252
255 255 255
255 255 255
255 255 255
255 255 255
255 255 255
255 255 255
255 255 255
255 255 255
255 255 255
255 255 255
255 255 255
255 255 255
255 255 255
255 255 255
255 255 255
255 255 255
255 255 255
255 255 255
255 255 255
255 255 255
255 255 255
255 255 255
255 255 255
255 255 255
255 255 255
255 255 255
255 255 255
255 255 255
254 254 254
253 253 253
252 252 252
252 252 252
251 251 251
251 251 251
254 254 254
254 254 254
254 254 254
254 254 254
254 254 254
254 254 254
254 254 254
254 254 254
251 251 251
251 251 251
252 252 252
252 252 252
253 253 253
254 254 254
255 255 255
255 255 255
255 255 255
255 255 255
255 255 255
255 255 255
255 255 255
255 255 255
255 255 255
255 255 255
255 255 255
255 255 255
255 255 255
255 255 255
255 255 255
255 255 255
255 255 255
255 255 255
255 255 255
255 255 255
255 255 255
255 255 255
255 255 255
255 255 255
255 255 255
255 255 255
255 255 255
255 255 255
255 255 255
255 255 255
255 255 255
255 255 255
255 255 255
255 255 255
255 255 255
255 255 255
255 255 255
255 255 255
255 255 255
255 255 255
255 255 255
255 255 255
255 255 255
255 255 255
255 255 255
255 255 255
255 255 255
255 255 255
255 255 255
255 255 255
255 255 255
255 255 255
255 255 255
255 255 255
255 255 255
255 255 255
255 255 255
255 255 255
255 255 255
255 255 255
255 255 255
255 255 255
254 254 254
254 254 254
254 254 254
253 253 253
254 254 254
254 254 254
255 255 255
255 255 255
255 255 255
255 255 255
255 255 255
255 255 255
255 255 255
255 255 255
255 255 255
255 255 255
255 255 255
255 255 255
255 255 255
255 255 255
255 255 255
255 255 255
255 255 255
255 255 255
255 255 255
255 255 255
255 255 255
255 255 255
255 255 255
255 255 255
255 255 255
255 255 255
255 255 255
255 255 255
255 255 255
255 255 255
255 255 255
255 255 255
255 255 255
255 255 255
255 255 255
255 255 255
255 255 255
255 255 255
255 255 255
255 255 255
255 255 255
255 255 255
255 255 255
255 255 255
255 255 255
255 255 255
255 255 255
255 255 255
255 255 255
255 255 255
255 255 255
255 255 255
255 255 255
255 255 255
252 252 252
252 252 252
253 253 253
253 253 253
253 253 253
253 253 253
253 253 253
253 253 253
255 255 255
254 254 254
254 254 254
254 254 254
253 253 253
253 253 253
253 253 253
253 253 253
252 252 252
252 252 252
253 253 253
254 254 254
254 254 254
255 255 255
255 255 255
255 255 255
255 255 255
255 255 255
255 255 255
255 255 255
255 255 255
255 255 255
255 255 255
255 255 255
255 255 255
255 255 255
255 255 255
255 255 255
255 255 255
255 255 255
255 255 255
255 255 255
255 255 255
255 255 255
255 255 255
255 255 255
255 255 255
255 255 255
255 255 255
255 255 255
255 255 255
255 255 255
255 255 255
255 255 255
255 255 255
255 255 255
255 255 255
255 255 255
255 255 255
255 255 255
255 255 255
255 255 255
255 255 255
255 255 255
255 255 255
255 255 255
255 255 255
255 255 255
255 255 255
255 255 255
255 255 255
255 255 255
255 255 255
255 255 255
255 255 255
255 255 255
255 255 255
255 255 255
255 255 255
255 255 255
255 255 255
255 255 255
254 254 254
254 254 254
254 254 254
254 254 254
253 253 253
253 253 253
252 252 252
252 252 252
255 255 255
255 255 255
255 255 255
255 255 255
255 255 255
255 255 255
255 255 255
255 255 255
255 255 255
255 255 255
255 255 255
255 255 255
255 255 255
255 255 255
255 255 255
255 255 255
255 255 255
255 255 255
255 255 255
255 255 255
255 255 255
255 255 255
255 255 255
255 255 255
255 255 255
255 255 255
255 255 255
255 255 255
254 254 254
253 253 253
252 252 252
252 252 252
251 251 251
251 251 251
253 253 253
253 253 253
253 253 253
253 253 253
253 253 253
253 253 253
253 253 253
253 253 253
251 251 251
251 251 251
252 252 252
252 252 252
253 253 253
254 254 254
255 255 255
255 255 255
255 255 255
255 255 255
255 255 255
255 255 255
255 255 255
255 255 255
255 255 255
255 255 255
255 255 255
255 255 255
255 255 255
255 255 255
255 255 255
255 255 255
255 255 255
255 255 255
255 255 255
255 255 255
255 255 255
255 255 255
255 255 255
255 255 255
255 255 255
255 255 255
255 255 255
255 255 255
255 255 255
255 255 255
255 255 255
255 255 255
255 255 255
255 255 255
255 255 255
255 255 255
255 255 255
255 255 255
255 255 255
255 255 255
255 255 255
255 255 255
255 255 255
255 255 255
255 255 255
255 255 255
255 255 255
255 255 255
255 255 255
255 255 255
255 255 255
255 255 255
255 255 255
255 255 255
255 255 255
255 255 255
255 255 255
255 255 255
255 255 255
255 255 255
255 255 255
255 255 255
255 255 255
254 254 254
254 254 254
254 254 254
254 254 254
254 254 254
255 255 255
255 255 255
255 255 255
255 255 255
255 255 255
255 255 255
255 255 255
255 255 255
255 255 255
255 255 255
255 255 255
255 255 255
255 255 255
255 255 255
255 255 255
255 255 255
255 255 255
255 255 255
255 255 255
255 255 255
255 255 255
255 255 255
255 255 255
255 255 255
255 255 255
255 255 255
255 255 255
255 255 255
255 255 255
255 255 255
255 255 255
255 255 255
255 255 255
255 255 255
255 255 255
255 255 255
255 255 255
255 255 255
255 255 255
255 255 255
255 255 255
255 255 255
255 255 255
255 255 255
255 255 255
255 255 255
255 255 255
255 255 255
255 255 255
255 255 255
255 255 255
255 255 255
255 255 255
255 255 255
254 254 254
254 254 254
254 254 254
253 253 253
253 253 253
252 252 252
252 252 252
252 252 252
254 254 254
254 254 254
254 254 254
253 253 253
253 253 253
253 253 253
252 252 252
252 252 252
252 252 252
252 252 252
253 253 253
254 254 254
254 254 254
255 255 255
255 255 255
255 255 255
255 255 255
255 255 255
255 255 255
255 255 255
255 255 255
255 255 255
255 255 255
255 255 255
255 255 255
255 255 255
255 255 255
255 255 255
255 255 255
255 255 255
255 255 255
255 255 255
255 255 255
255 255 255
255 255 255
255 255 255
255 255 255
255 255 255
255 255 255
255 255 255
255 255 255
255 255 255
255 255 255
255 255 255
255 255 255
255 255 255
255 255 255
255 255 255
255 255 255
255 255 255
255 255 255
255 255 255
255 255 255
255 255 255
255 255 255
255 255 255
255 255 255
255 255 255
255 255 255
255 255 255
255 255 255
255 255 255
255 255 255
255 255 255
255 255 255
255 255 255
255 255 255
255 255 255
255 255 255
255 255 255
255 255 255
255 255 255
255 255 255
255 255 255
254 254 254
254 254 254
254 254 254
253 253 253
253 253 253
253 253 253
255 255 255
255 255 255
