152 152 152
152 152 152
152 152 152
152 152 152
152 152 152
152 152 152
152 152 152
152 152 152
152 152 152
152 152 152
152 152 152
152 152 152
152 152 152
152 152 152
152 152 152
152 152 152
148 148 148
148 148 148
149 149 149
149 149 149
150 150 150
150 150 150
150 150 150
150 150 150
149 149 149
149 149 149
149 149 149
149 149 149
149 149 149
149 149 149
149 149 149
149 149 149
151 151 151
151 151 151
151 151 151
151 151 151
151 151 151
151 151 151
151 151 151
151 151 151
152 152 152
152 152 152
152 152 152
153 153 153
153 153 153
153 153 153
154 154 154
154 154 154
155 155 155
155 155 155
155 155 155
155 155 155
155 155 155
155 155 155
155 155 155
155 155 155
155 155 155
155 155 155
155 155 155
155 155 155
155 155 155
155 155 155
155 155 155
155 155 155
155 155 155
155 155 155
155 155 155
155 155 155
155 155 155
155 155 155
155 155 155
155 155 155
155 155 155
155 155 155
155 155 155
155 155 155
155 155 155
155 155 155
155 155 155
155 155 155
155 155 155
155 155 155
155 155 155
155 155 155
155 155 155
155 155 155
155 155 155
155 155 155
155 155 155
155 155 155
155 155 155
155 155 155
155 155 155
155 155 155
155 155 155
155 155 155
153 153 153
153 153 153
153 153 153
154 154 154
154 154 154
155 155 155
155 155 155
155 155 155
151 151 151
151 151 151
151 151 151
151 151 151
152 152 152
152 152 152
153 153 153
153 153 153
153 153 153
153 153 153
152 152 152
152 152 152
151 151 151
151 151 151
151 151 151
151 151 151
155 155 155
155 155 155
155 155 155
154 154 154
154 154 154
153 153 153
153 153 153
153 153 153
152 152 152
152 152 152
152 152 152
152 152 152
152 152 152
152 152 152
152 152 152
152 152 152
149 149 149
150 150 150
150 150 150
150 150 150
151 151 151
151 151 151
151 151 151
152 152 152
152 152 152
152 152 152
152 152 152
152 152 152
152 152 152
152 152 152
152 152 152
152 152 152
151 151 151
151 151 151
151 151 151
151 151 151
151 151 151
151 151 151
151 151 151
151 151 151
149 149 149
150 150 150
150 150 150
150 150 150
151 151 151
151 151 151
151 151 151
152 152 152
151 151 151
151 151 151
151 151 151
151 151 151
151 151 151
151 151 151
151 151 151
151 151 151
152 152 152
152 152 152
152 152 152
152 152 152
152 152 152
152 152 152
152 152 152
152 152 152
151 151 151
151 151 151
152 152 152
152 152 152
153 153 153
154 154 154
155 155 155
155 155 155
155 155 155
155 155 155
155 155 155
155 155 155
155 155 155
155 155 155
155 155 155
155 155 155
155 155 155
155 155 155
155 155 155
155 155 155
155 155 155
155 155 155
155 155 155
155 155 155
155 155 155
155 155 155
155 155 155
155 155 155
155 155 155
155 155 155
155 155 155
155 155 155
155 155 155
155 155 155
155 155 155
155 155 155
155 155 155
155 155 155
155 155 155
155 155 155
155 155 155
155 155 155
155 155 155
155 155 155
155 155 155
155 155 155
155 155 155
155 155 155
155 155 155
155 155 155
155 155 155
154 154 154
154 154 154
153 153 153
153 153 153
153 153 153
152 152 152
154 154 154
155 155 155
155 155 155
155 155 155
155 155 155
152 152 152
150 150 150
148 148 148
152 152 152
155 155 155
154 154 154
150 150 150
149 149 149
152 152 152
155 155 155
146 146 146
146 146 146
152 152 152
152 152 152
152 152 152
152 152 152
152 152 152
152 152 152
152 152 152
152 152 152
152 152 152
152 152 152
152 152 152
152 152 152
152 152 152
152 152 152
152 152 152
152 152 152
149 149 149
149 149 149
149 149 149
149 149 149
150 150 150
150 150 150
151 151 151
151 151 151
150 150 150
150 150 150
150 150 150
150 150 150
150 150 150
150 150 150
150 150 150
150 150 150
151 151 151
151 151 151
151 151 151
151 151 151
151 151 151
151 151 151
151 151 151
151 151 151
152 152 152
152 152 152
152 152 152
153 153 153
153 153 153
153 153 153
154 154 154
154 154 154
155 155 155
155 155 155
155 155 155
155 155 155
155 155 155
155 155 155
155 155 155
155 155 155
155 155 155
155 155 155
155 155 155
155 155 155
155 155 155
155 155 155
155 155 155
155 155 155
155 155 155
155 155 155
155 155 155
155 155 155
155 155 155
155 155 155
155 155 155
155 155 155
155 155 155
155 155 155
155 155 155
155 155 155
155 155 155
155 155 155
155 155 155
155 155 155
155 155 155
155 155 155
155 155 155
155 155 155
155 155 155
155 155 155
155 155 155
155 155 155
155 155 155
155 155 155
155 155 155
155 155 155
155 155 155
155 155 155
155 155 155
155 155 155
153 153 153
153 153 153
153 153 153
154 154 154
154 154 154
155 155 155
155 155 155
155 155 155
149 149 149
150 150 150
152 152 152
153 153 153
153 153 153
153 153 153
152 152 152
151 151 151
153 153 153
153 153 153
152 152 152
152 152 152
152 152 152
151 151 151
151 151 151
151 151 151
155 155 155
155 155 155
155 155 155
154 154 154
154 154 154
153 153 153
153 153 153
153 153 153
152 152 152
152 152 152
152 152 152
152 152 152
152 152 152
152 152 152
152 152 152
152 152 152
150 150 150
150 150 150
150 150 150
151 151 151
151 151 151
151 151 151
152 152 152
152 152 152
152 152 152
152 152 152
152 152 152
152 152 152
152 152 152
152 152 152
152 152 152
152 152 152
151 151 151
151 151 151
151 151 151
151 151 151
151 151 151
151 151 151
151 151 151
151 151 151
150 150 150
150 150 150
150 150 150
151 151 151
151 151 151
151 151 151
152 152 152
152 152 152
151 151 151
151 151 151
151 151 151
151 151 151
151 151 151
151 151 151
151 151 151
151 151 151
152 152 152
152 152 152
152 152 152
152 152 152
152 152 152
152 152 152
152 152 152
152 152 152
151 151 151
151 151 151
152 152 152
152 152 152
153 153 153
154 154 154
155 155 155
155 155 155
155 155 155
155 155 155
155 155 155
155 155 155
155 155 155
155 155 155
155 155 155
155 155 155
155 155 155
155 155 155
155 155 155
155 155 155
155 155 155
155 155 155
155 155 155
155 155 155
155 155 155
155 155 155
155 155 155
155 155 155
155 155 155
155 155 155
155 155 155
155 155 155
155 155 155
155 155 155
155 155 155
155 155 155
155 155 155
155 155 155
155 155 155
155 155 155
155 155 155
155 155 155
155 155 155
155 155 155
155 155 155
155 155 155
155 155 155
155 155 155
155 155 155
155 155 155
155 155 155
154 154 154
154 154 154
153 153 153
153 153 153
153 153 153
152 152 152
154 154 154
155 155 155
155 155 155
155 155 155
155 155 155
152 152 152
150 150 150
148 148 148
152 152 152
155 155 155
154 154 154
150 150 150
149 149 149
152 152 152
155 155 155
149 149 149
149 149 149
152 152 152
152 152 152
152 152 152
152 152 152
152 152 152
152 152 152
152 152 152
152 152 152
152 152 152
152 152 152
152 152 152
152 152 152
152 152 152
152 152 152
152 152 152
152 152 152
149 149 149
149 149 149
150 150 150
150 150 150
151 151 151
151 151 151
151 151 151
151 151 151
150 150 150
150 150 150
150 150 150
150 150 150
150 150 150
150 150 150
150 150 150
150 150 150
151 151 151
151 151 151
151 151 151
151 151 151
151 151 151
151 151 151
151 151 151
151 151 151
152 152 152
152 152 152
152 152 152
153 153 153
153 153 153
153 153 153
154 154 154
154 154 154
155 155 155
155 155 155
155 155 155
155 155 155
155 155 155
155 155 155
155 155 155
155 155 155
155 155 155
155 155 155
155 155 155
155 155 155
155 155 155
155 155 155
155 155 155
155 155 155
155 155 155
155 155 155
155 155 155
155 155 155
155 155 155
155 155 155
155 155 155
155 155 155
155 155 155
155 155 155
155 155 155
155 155 155
155 155 155
155 155 155
155 155 155
155 155 155
155 155 155
155 155 155
155 155 155
155 155 155
155 155 155
155 155 155
155 155 155
155 155 155
155 155 155
155 155 155
155 155 155
155 155 155
155 155 155
155 155 155
155 155 155
155 155 155
153 153 153
153 153 153
153 153 153
154 154 154
154 154 154
155 155 155
155 155 155
155 155 155
146 146 146
149 149 149
152 152 152
155 155 155
155 155 155
154 154 154
150 150 150
148 148 148
153 153 153
153 153 153
153 153 153
152 152 152
152 152 152
152 152 152
151 151 151
151 151 151
155 155 155
155 155 155
155 155 155
154 154 154
154 154 154
153 153 153
153 153 153
153 153 153
152 152 152
152 152 152
152 152 152
152 152 152
152 152 152
152 152 152
152 152 152
152 152 152
150 150 150
150 150 150
150 150 150
151 151 151
151 151 151
152 152 152
152 152 152
152 152 152
152 152 152
152 152 152
152 152 152
152 152 152
152 152 152
152 152 152
152 152 152
152 152 152
151 151 151
151 151 151
151 151 151
151 151 151
151 151 151
151 151 151
151 151 151
151 151 151
150 150 150
150 150 150
150 150 150
151 151 151
151 151 151
152 152 152
152 152 152
152 152 152
151 151 151
151 151 151
151 151 151
151 151 151
151 151 151
151 151 151
151 151 151
151 151 151
152 152 152
152 152 152
152 152 152
152 152 152
152 152 152
152 152 152
152 152 152
152 152 152
151 151 151
151 151 151
152 152 152
152 152 152
153 153 153
154 154 154
155 155 155
155 155 155
155 155 155
155 155 155
155 155 155
155 155 155
155 155 155
155 155 155
155 155 155
155 155 155
155 155 155
155 155 155
155 155 155
155 155 155
155 155 155
155 155 155
155 155 155
155 155 155
155 155 155
155 155 155
155 155 155
155 155 155
155 155 155
155 155 155
155 155 155
155 155 155
155 155 155
155 155 155
155 155 155
155 155 155
155 155 155
155 155 155
155 155 155
155 155 155
155 155 155
155 155 155
155 155 155
155 155 155
155 155 155
155 155 155
155 155 155
155 155 155
155 155 155
155 155 155
155 155 155
154 154 154
154 154 154
153 153 153
153 153 153
153 153 153
152 152 152
154 154 154
155 155 155
155 155 155
155 155 155
155 155 155
152 152 152
150 150 150
148 148 148
152 152 152
155 155 155
154 154 154
150 150 150
149 149 149
152 152 152
155 155 155
152 152 152
152 152 152
153 153 153
153 153 153
153 153 153
153 153 153
153 153 153
153 153 153
153 153 153
153 153 153
153 153 153
153 153 153
153 153 153
153 153 153
153 153 153
153 153 153
153 153 153
153 153 153
150 150 150
150 150 150
151 151 151
151 151 151
151 151 151
152 152 152
152 152 152
152 152 152
151 151 151
151 151 151
151 151 151
151 151 151
151 151 151
151 151 151
151 151 151
151 151 151
152 152 152
152 152 152
152 152 152
152 152 152
152 152 152
152 152 152
152 152 152
152 152 152
152 152 152
152 152 152
152 152 152
153 153 153
153 153 153
153 153 153
154 154 154
154 154 154
155 155 155
155 155 155
155 155 155
155 155 155
155 155 155
155 155 155
155 155 155
155 155 155
155 155 155
155 155 155
155 155 155
155 155 155
155 155 155
155 155 155
155 155 155
155 155 155
155 155 155
155 155 155
155 155 155
155 155 155
155 155 155
155 155 155
155 155 155
155 155 155
155 155 155
155 155 155
155 155 155
155 155 155
155 155 155
155 155 155
155 155 155
155 155 155
155 155 155
155 155 155
155 155 155
155 155 155
155 155 155
155 155 155
155 155 155
155 155 155
155 155 155
155 155 155
155 155 155
155 155 155
155 155 155
155 155 155
155 155 155
155 155 155
153 153 153
153 153 153
153 153 153
154 154 154
154 154 154
155 155 155
155 155 155
155 155 155
145 145 145
148 148 148
152 152 152
155 155 155
155 155 155
154 154 154
150 150 150
147 147 147
154 154 154
154 154 154
153 153 153
153 153 153
152 152 152
152 152 152
152 152 152
152 152 152
155 155 155
155 155 155
155 155 155
154 154 154
154 154 154
153 153 153
153 153 153
153 153 153
153 153 153
153 153 153
153 153 153
153 153 153
153 153 153
153 153 153
153 153 153
153 153 153
150 150 150
151 151 151
151 151 151
151 151 151
152 152 152
152 152 152
152 152 152
153 153 153
153 153 153
153 153 153
153 153 153
153 153 153
153 153 153
153 153 153
153 153 153
153 153 153
152 152 152
152 152 152
152 152 152
152 152 152
152 152 152
152 152 152
152 152 152
152 152 152
150 150 150
151 151 151
151 151 151
151 151 151
152 152 152
152 152 152
152 152 152
153 153 153
152 152 152
152 152 152
152 152 152
152 152 152
152 152 152
152 152 152
152 152 152
152 152 152
152 152 152
152 152 152
152 152 152
152 152 152
152 152 152
152 152 152
152 152 152
152 152 152
151 151 151
151 151 151
152 152 152
152 152 152
153 153 153
154 154 154
155 155 155
155 155 155
155 155 155
155 155 155
155 155 155
155 155 155
155 155 155
155 155 155
155 155 155
155 155 155
155 155 155
155 155 155
155 155 155
155 155 155
155 155 155
155 155 155
155 155 155
155 155 155
155 155 155
155 155 155
155 155 155
155 155 155
155 155 155
155 155 155
155 155 155
155 155 155
155 155 155
155 155 155
155 155 155
155 155 155
155 155 155
155 155 155
155 155 155
155 155 155
155 155 155
155 155 155
155 155 155
155 155 155
155 155 155
155 155 155
155 155 155
155 155 155
155 155 155
155 155 155
155 155 155
154 154 154
154 154 154
153 153 153
153 153 153
153 153 153
152 152 152
154 154 154
155 155 155
155 155 155
155 155 155
155 155 155
152 152 152
150 150 150
148 148 148
152 152 152
155 155 155
154 154 154
150 150 150
149 149 149
152 152 152
155 155 155
155 155 155
155 155 155
153 153 153
153 153 153
153 153 153
153 153 153
153 153 153
153 153 153
153 153 153
153 153 153
153 153 153
153 153 153
153 153 153
153 153 153
153 153 153
153 153 153
153 153 153
153 153 153
151 151 151
151 151 151
152 152 152
152 152 152
152 152 152
153 153 153
153 153 153
153 153 153
152 152 152
152 152 152
152 152 152
152 152 152
152 152 152
152 152 152
152 152 152
152 152 152
152 152 152
152 152 152
152 152 152
152 152 152
152 152 152
152 152 152
152 152 152
152 152 152
152 152 152
152 152 152
152 152 152
153 153 153
153 153 153
153 153 153
154 154 154
154 154 154
155 155 155
155 155 155
155 155 155
155 155 155
155 155 155
155 155 155
155 155 155
155 155 155
155 155 155
155 155 155
155 155 155
155 155 155
155 155 155
155 155 155
155 155 155
155 155 155
155 155 155
155 155 155
155 155 155
155 155 155
155 155 155
155 155 155
155 155 155
155 155 155
155 155 155
155 155 155
155 155 155
155 155 155
155 155 155
155 155 155
155 155 155
155 155 155
155 155 155
155 155 155
155 155 155
155 155 155
155 155 155
155 155 155
155 155 155
155 155 155
155 155 155
155 155 155
155 155 155
155 155 155
155 155 155
155 155 155
155 155 155
155 155 155
153 153 153
153 153 153
153 153 153
154 154 154
154 154 154
155 155 155
155 155 155
155 155 155
146 146 146
148 148 148
151 151 151
154 154 154
154 154 154
152 152 152
150 150 150
148 148 148
154 154 154
154 154 154
154 154 154
153 153 153
153 153 153
153 153 153
152 152 152
152 152 152
155 155 155
155 155 155
155 155 155
154 154 154
154 154 154
153 153 153
153 153 153
153 153 153
153 153 153
153 153 153
153 153 153
153 153 153
153 153 153
153 153 153
153 153 153
153 153 153
151 151 151
151 151 151
151 151 151
152 152 152
152 152 152
153 153 153
153 153 153
153 153 153
153 153 153
153 153 153
153 153 153
153 153 153
153 153 153
153 153 153
153 153 153
153 153 153
152 152 152
152 152 152
152 152 152
152 152 152
152 152 152
152 152 152
152 152 152
152 152 152
151 151 151
151 151 151
151 151 151
152 152 152
152 152 152
153 153 153
153 153 153
153 153 153
152 152 152
152 152 152
152 152 152
152 152 152
152 152 152
152 152 152
152 152 152
152 152 152
152 152 152
152 152 152
152 152 152
152 152 152
152 152 152
152 152 152
152 152 152
152 152 152
151 151 151
151 151 151
152 152 152
152 152 152
153 153 153
154 154 154
155 155 155
155 155 155
155 155 155
155 155 155
155 155 155
155 155 155
155 155 155
155 155 155
155 155 155
155 155 155
155 155 155
155 155 155
155 155 155
155 155 155
155 155 155
155 155 155
155 155 155
155 155 155
155 155 155
155 155 155
155 155 155
155 155 155
155 155 155
155 155 155
155 155 155
155 155 155
155 155 155
155 155 155
155 155 155
155 155 155
155 155 155
155 155 155
155 155 155
155 155 155
155 155 155
155 155 155
155 155 155
155 155 155
155 155 155
155 155 155
155 155 155
155 155 155
155 155 155
155 155 155
155 155 155
154 154 154
154 154 154
153 153 153
153 153 153
153 153 153
152 152 152
154 154 154
155 155 155
155 155 155
155 155 155
155 155 155
152 152 152
150 150 150
148 148 148
152 152 152
155 155 155
154 154 154
150 150 150
149 149 149
152 152 152
155 155 155
155 155 155
155 155 155
154 154 154
154 154 154
154 154 154
154 154 154
154 154 154
154 154 154
154 154 154
154 154 154
154 154 154
154 154 154
154 154 154
154 154 154
154 154 154
154 154 154
154 154 154
154 154 154
152 152 152
152 152 152
153 153 153
153 153 153
153 153 153
154 154 154
154 154 154
154 154 154
153 153 153
153 153 153
153 153 153
153 153 153
153 153 153
153 153 153
153 153 153
153 153 153
152 152 152
152 152 152
152 152 152
152 152 152
152 152 152
152 152 152
152 152 152
152 152 152
152 152 152
152 152 152
152 152 152
153 153 153
153 153 153
153 153 153
154 154 154
154 154 154
155 155 155
155 155 155
155 155 155
155 155 155
155 155 155
155 155 155
155 155 155
155 155 155
155 155 155
155 155 155
155 155 155
155 155 155
155 155 155
155 155 155
155 155 155
155 155 155
155 155 155
155 155 155
155 155 155
155 155 155
155 155 155
155 155 155
155 155 155
155 155 155
155 155 155
155 155 155
155 155 155
155 155 155
155 155 155
155 155 155
155 155 155
155 155 155
155 155 155
155 155 155
155 155 155
155 155 155
155 155 155
155 155 155
155 155 155
155 155 155
155 155 155
155 155 155
155 155 155
155 155 155
155 155 155
155 155 155
155 155 155
155 155 155
153 153 153
153 153 153
153 153 153
154 154 154
154 154 154
155 155 155
155 155 155
155 155 155
149 149 149
149 149 149
149 149 149
149 149 149
150 150 150
150 150 150
151 151 151
151 151 151
155 155 155
154 154 154
154 154 154
154 154 154
153 153 153
153 153 153
153 153 153
153 153 153
155 155 155
155 155 155
155 155 155
154 154 154
154 154 154
153 153 153
153 153 153
153 153 153
154 154 154
154 154 154
154 154 154
154 154 154
154 154 154
154 154 154
154 154 154
154 154 154
151 151 151
152 152 152
152 152 152
152 152 152
153 153 153
153 153 153
153 153 153
153 153 153
154 154 154
154 154 154
154 154 154
154 154 154
154 154 154
154 154 154
154 154 154
154 154 154
152 152 152
152 152 152
152 152 152
152 152 152
152 152 152
152 152 152
152 152 152
152 152 152
151 151 151
152 152 152
152 152 152
152 152 152
153 153 153
153 153 153
153 153 153
153 153 153
152 152 152
152 152 152
152 152 152
152 152 152
152 152 152
152 152 152
152 152 152
152 152 152
152 152 152
152 152 152
152 152 152
152 152 152
152 152 152
152 152 152
152 152 152
152 152 152
151 151 151
151 151 151
152 152 152
152 152 152
153 153 153
154 154 154
155 155 155
155 155 155
155 155 155
155 155 155
155 155 155
155 155 155
155 155 155
155 155 155
155 155 155
155 155 155
155 155 155
155 155 155
155 155 155
155 155 155
155 155 155
155 155 155
155 155 155
155 155 155
155 155 155
155 155 155
155 155 155
155 155 155
155 155 155
155 155 155
155 155 155
155 155 155
155 155 155
155 155 155
155 155 155
155 155 155
155 155 155
155 155 155
155 155 155
155 155 155
155 155 155
155 155 155
155 155 155
155 155 155
155 155 155
155 155 155
155 155 155
155 155 155
155 155 155
155 155 155
155 155 155
154 154 154
154 154 154
153 153 153
153 153 153
153 153 153
152 152 152
154 154 154
155 155 155
155 155 155
155 155 155
155 155 155
152 152 152
150 150 150
148 148 148
152 152 152
155 155 155
154 154 154
150 150 150
149 149 149
152 152 152
155 155 155
155 155 155
155 155 155
154 154 154
154 154 154
154 154 154
154 154 154
154 154 154
154 154 154
154 154 154
154 154 154
154 154 154
154 154 154
154 154 154
154 154 154
154 154 154
154 154 154
154 154 154
154 154 154
153 153 153
153 153 153
153 153 153
154 154 154
154 154 154
154 154 154
155 155 155
155 155 155
154 154 154
154 154 154
154 154 154
154 154 154
154 154 154
154 154 154
154 154 154
154 154 154
153 153 153
153 153 153
153 153 153
153 153 153
153 153 153
153 153 153
153 153 153
153 153 153
152 152 152
152 152 152
152 152 152
153 153 153
153 153 153
153 153 153
154 154 154
154 154 154
155 155 155
155 155 155
155 155 155
155 155 155
155 155 155
155 155 155
155 155 155
155 155 155
155 155 155
155 155 155
155 155 155
155 155 155
155 155 155
155 155 155
155 155 155
155 155 155
155 155 155
155 155 155
155 155 155
155 155 155
155 155 155
155 155 155
155 155 155
155 155 155
155 155 155
155 155 155
155 155 155
155 155 155
155 155 155
155 155 155
155 155 155
155 155 155
155 155 155
155 155 155
155 155 155
155 155 155
155 155 155
155 155 155
155 155 155
155 155 155
155 155 155
155 155 155
155 155 155
155 155 155
155 155 155
155 155 155
155 155 155
155 155 155
153 153 153
153 153 153
153 153 153
154 154 154
154 154 154
155 155 155
155 155 155
155 155 155
154 154 154
151 151 151
147 147 147
144 144 144
144 144 144
148 148 148
153 153 153
155 155 155
155 155 155
155 155 155
154 154 154
154 154 154
154 154 154
153 153 153
153 153 153
153 153 153
155 155 155
155 155 155
155 155 155
154 154 154
154 154 154
153 153 153
153 153 153
153 153 153
154 154 154
154 154 154
154 154 154
154 154 154
154 154 154
154 154 154
154 154 154
154 154 154
152 152 152
152 152 152
152 152 152
153 153 153
153 153 153
153 153 153
154 154 154
154 154 154
154 154 154
154 154 154
154 154 154
154 154 154
154 154 154
154 154 154
154 154 154
154 154 154
153 153 153
153 153 153
153 153 153
153 153 153
153 153 153
153 153 153
153 153 153
153 153 153
152 152 152
152 152 152
152 152 152
153 153 153
153 153 153
153 153 153
154 154 154
154 154 154
153 153 153
153 153 153
153 153 153
153 153 153
153 153 153
153 153 153
153 153 153
153 153 153
152 152 152
152 152 152
152 152 152
152 152 152
152 152 152
152 152 152
152 152 152
152 152 152
151 151 151
151 151 151
152 152 152
152 152 152
153 153 153
154 154 154
155 155 155
155 155 155
155 155 155
155 155 155
155 155 155
155 155 155
155 155 155
155 155 155
155 155 155
155 155 155
155 155 155
155 155 155
155 155 155
155 155 155
155 155 155
155 155 155
155 155 155
155 155 155
155 155 155
155 155 155
155 155 155
155 155 155
155 155 155
155 155 155
155 155 155
155 155 155
155 155 155
155 155 155
155 155 155
155 155 155
155 155 155
155 155 155
155 155 155
155 155 155
155 155 155
155 155 155
155 155 155
155 155 155
155 155 155
155 155 155
155 155 155
155 155 155
155 155 155
155 155 155
155 155 155
154 154 154
154 154 154
153 153 153
153 153 153
153 153 153
152 152 152
154 154 154
155 155 155
155 155 155
155 155 155
155 155 155
152 152 152
150 150 150
148 148 148
152 152 152
155 155 155
154 154 154
150 150 150
149 149 149
152 152 152
155 155 155
155 155 155
155 155 155
154 154 154
154 154 154
154 154 154
154 154 154
154 154 154
154 154 154
154 154 154
154 154 154
154 154 154
154 154 154
154 154 154
154 154 154
154 154 154
154 154 154
154 154 154
154 154 154
153 153 153
153 153 153
154 154 154
154 154 154
154 154 154
155 155 155
155 155 155
155 155 155
154 154 154
154 154 154
154 154 154
154 154 154
154 154 154
154 154 154
154 154 154
154 154 154
153 153 153
153 153 153
153 153 153
153 153 153
153 153 153
153 153 153
153 153 153
153 153 153
152 152 152
152 152 152
152 152 152
153 153 153
153 153 153
153 153 153
154 154 154
154 154 154
155 155 155
155 155 155
155 155 155
155 155 155
155 155 155
155 155 155
155 155 155
155 155 155
155 155 155
155 155 155
155 155 155
155 155 155
155 155 155
155 155 155
155 155 155
155 155 155
155 155 155
155 155 155
155 155 155
155 155 155
155 155 155
155 155 155
155 155 155
155 155 155
155 155 155
155 155 155
155 155 155
155 155 155
155 155 155
155 155 155
155 155 155
155 155 155
155 155 155
155 155 155
155 155 155
155 155 155
155 155 155
155 155 155
155 155 155
155 155 155
155 155 155
155 155 155
155 155 155
155 155 155
155 155 155
155 155 155
155 155 155
155 155 155
153 153 153
153 153 153
153 153 153
154 154 154
154 154 154
155 155 155
155 155 155
155 155 155
155 155 155
152 152 152
145 145 145
141 141 141
141 141 141
146 146 146
154 154 154
155 155 155
155 155 155
155 155 155
155 155 155
154 154 154
154 154 154
154 154 154
153 153 153
153 153 153
155 155 155
155 155 155
155 155 155
154 154 154
154 154 154
153 153 153
153 153 153
153 153 153
154 154 154
154 154 154
154 154 154
154 154 154
154 154 154
154 154 154
154 154 154
154 154 154
152 152 152
152 152 152
152 152 152
153 153 153
153 153 153
154 154 154
154 154 154
154 154 154
154 154 154
154 154 154
154 154 154
154 154 154
154 154 154
154 154 154
154 154 154
154 154 154
153 153 153
153 153 153
153 153 153
153 153 153
153 153 153
153 153 153
153 153 153
153 153 153
152 152 152
152 152 152
152 152 152
153 153 153
153 153 153
154 154 154
154 154 154
154 154 154
153 153 153
153 153 153
153 153 153
153 153 153
153 153 153
153 153 153
153 153 153
153 153 153
152 152 152
152 152 152
152 152 152
152 152 152
152 152 152
152 152 152
152 152 152
152 152 152
151 151 151
151 151 151
152 152 152
152 152 152
153 153 153
154 154 154
155 155 155
155 155 155
155 155 155
155 155 155
155 155 155
155 155 155
155 155 155
155 155 155
155 155 155
155 155 155
155 155 155
155 155 155
155 155 155
155 155 155
155 155 155
155 155 155
155 155 155
155 155 155
155 155 155
155 155 155
155 155 155
155 155 155
155 155 155
155 155 155
155 155 155
155 155 155
155 155 155
155 155 155
155 155 155
155 155 155
155 155 155
155 155 155
155 155 155
155 155 155
155 155 155
155 155 155
155 155 155
155 155 155
155 155 155
155 155 155
155 155 155
155 155 155
155 155 155
155 155 155
155 155 155
154 154 154
154 154 154
153 153 153
153 153 153
153 153 153
152 152 152
154 154 154
155 155 155
155 155 155
155 155 155
155 155 155
152 152 152
150 150 150
148 148 148
152 152 152
155 155 155
154 154 154
150 150 150
149 149 149
152 152 152
155 155 155
153 153 153
153 153 153
155 155 155
155 155 155
155 155 155
155 155 155
155 155 155
155 155 155
155 155 155
155 155 155
155 155 155
155 155 155
155 155 155
155 155 155
155 155 155
155 155 155
155 155 155
155 155 155
155 155 155
155 155 155
155 155 155
155 155 155
155 155 155
155 155 155
155 155 155
155 155 155
155 155 155
155 155 155
155 155 155
155 155 155
155 155 155
155 155 155
155 155 155
155 155 155
155 155 155
155 155 155
155 155 155
155 155 155
155 155 155
155 155 155
155 155 155
155 155 155
155 155 155
155 155 155
155 155 155
155 155 155
155 155 155
155 155 155
155 155 155
155 155 155
155 155 155
155 155 155
155 155 155
155 155 155
155 155 155
155 155 155
155 155 155
155 155 155
155 155 155
155 155 155
155 155 155
155 155 155
155 155 155
155 155 155
155 155 155
155 155 155
155 155 155
155 155 155
155 155 155
155 155 155
155 155 155
155 155 155
155 155 155
155 155 155
155 155 155
155 155 155
155 155 155
155 155 155
155 155 155
155 155 155
155 155 155
155 155 155
155 155 155
155 155 155
155 155 155
155 155 155
155 155 155
155 155 155
155 155 155
155 155 155
155 155 155
155 155 155
155 155 155
155 155 155
155 155 155
155 155 155
155 155 155
155 155 155
154 154 154
154 154 154
153 153 153
153 153 153
153 153 153
152 152 152
152 152 152
152 152 152
155 155 155
155 155 155
155 155 155
155 155 155
155 155 155
155 155 155
155 155 155
155 155 155
152 152 152
152 152 152
152 152 152
153 153 153
153 153 153
153 153 153
154 154 154
154 154 154
155 155 155
155 155 155
155 155 155
155 155 155
155 155 155
155 155 155
155 155 155
155 155 155
155 155 155
155 155 155
155 155 155
155 155 155
155 155 155
155 155 155
155 155 155
155 155 155
155 155 155
155 155 155
155 155 155
155 155 155
155 155 155
155 155 155
155 155 155
155 155 155
155 155 155
155 155 155
155 155 155
155 155 155
155 155 155
155 155 155
155 155 155
155 155 155
155 155 155
155 155 155
155 155 155
155 155 155
155 155 155
155 155 155
155 155 155
155 155 155
155 155 155
155 155 155
155 155 155
155 155 155
155 155 155
155 155 155
155 155 155
155 155 155
155 155 155
155 155 155
155 155 155
155 155 155
155 155 155
155 155 155
155 155 155
155 155 155
155 155 155
152 152 152
155 155 155
155 155 155
150 150 150
153 153 153
152 152 152
149 149 149
155 155 155
154 154 154
148 148 148
148 148 148
153 153 153
155 155 155
155 155 155
155 155 155
155 155 155
155 155 155
155 155 155
155 155 155
155 155 155
155 155 155
155 155 155
155 155 155
155 155 155
155 155 155
155 155 155
155 155 155
155 155 155
155 155 155
155 155 155
155 155 155
155 155 155
155 155 155
155 155 155
155 155 155
155 155 155
155 155 155
155 155 155
155 155 155
143 143 143
153 153 153
155 155 155
155 155 155
155 155 155
152 152 152
152 152 152
155 155 155
155 155 155
155 155 155
155 155 155
155 155 155
155 155 155
155 155 155
155 155 155
155 155 155
155 155 155
155 155 155
155 155 155
155 155 155
155 155 155
155 155 155
155 155 155
155 155 155
153 153 153
153 153 153
153 153 153
153 153 153
153 153 153
153 153 153
153 153 153
153 153 153
155 155 155
155 155 155
155 155 155
155 155 155
155 155 155
155 155 155
155 155 155
155 155 155
153 153 153
153 153 153
155 155 155
155 155 155
155 155 155
155 155 155
155 155 155
155 155 155
155 155 155
155 155 155
155 155 155
155 155 155
155 155 155
155 155 155
155 155 155
155 155 155
155 155 155
155 155 155
155 155 155
155 155 155
155 155 155
155 155 155
155 155 155
155 155 155
155 155 155
155 155 155
155 155 155
155 155 155
155 155 155
155 155 155
155 155 155
155 155 155
155 155 155
155 155 155
155 155 155
155 155 155
155 155 155
155 155 155
155 155 155
155 155 155
155 155 155
155 155 155
155 155 155
155 155 155
155 155 155
155 155 155
155 155 155
155 155 155
155 155 155
155 155 155
155 155 155
155 155 155
155 155 155
155 155 155
155 155 155
155 155 155
155 155 155
155 155 155
155 155 155
155 155 155
155 155 155
155 155 155
155 155 155
155 155 155
155 155 155
155 155 155
155 155 155
155 155 155
155 155 155
155 155 155
155 155 155
155 155 155
155 155 155
155 155 155
155 155 155
155 155 155
155 155 155
155 155 155
155 155 155
155 155 155
155 155 155
155 155 155
155 155 155
155 155 155
155 155 155
155 155 155
155 155 155
155 155 155
155 155 155
155 155 155
155 155 155
155 155 155
155 155 155
155 155 155
155 155 155
155 155 155
155 155 155
155 155 155
154 154 154
154 154 154
154 154 154
153 153 153
153 153 153
152 152 152
152 152 152
152 152 152
155 155 155
155 155 155
155 155 155
155 155 155
155 155 155
155 155 155
155 155 155
155 155 155
152 152 152
152 152 152
152 152 152
153 153 153
153 153 153
154 154 154
154 154 154
154 154 154
155 155 155
155 155 155
155 155 155
155 155 155
155 155 155
155 155 155
155 155 155
155 155 155
155 155 155
155 155 155
155 155 155
155 155 155
155 155 155
155 155 155
155 155 155
155 155 155
155 155 155
155 155 155
155 155 155
155 155 155
155 155 155
155 155 155
155 155 155
155 155 155
155 155 155
155 155 155
155 155 155
155 155 155
155 155 155
155 155 155
155 155 155
155 155 155
155 155 155
155 155 155
155 155 155
155 155 155
155 155 155
155 155 155
155 155 155
155 155 155
155 155 155
155 155 155
155 155 155
155 155 155
155 155 155
155 155 155
155 155 155
155 155 155
155 155 155
155 155 155
155 155 155
155 155 155
155 155 155
155 155 155
155 155 155
155 155 155
149 149 149
153 153 153
155 155 155
152 152 152
144 144 144
149 149 149
154 154 154
155 155 155
147 147 147
155 155 155
155 155 155
155 155 155
155 155 155
151 151 151
152 152 152
155 155 155
155 155 155
155 155 155
155 155 155
155 155 155
155 155 155
155 155 155
155 155 155
155 155 155
155 155 155
155 155 155
155 155 155
155 155 155
155 155 155
155 155 155
155 155 155
155 155 155
155 155 155
155 155 155
155 155 155
155 155 155
155 155 155
155 155 155
155 155 155
155 155 155
155 155 155
155 155 155
155 155 155
155 155 155
153 153 153
151 151 151
155 155 155
155 155 155
155 155 155
155 155 155
155 155 155
155 155 155
155 155 155
155 155 155
155 155 155
155 155 155
155 155 155
155 155 155
155 155 155
155 155 155
155 155 155
155 155 155
155 155 155
155 155 155
153 153 153
153 153 153
153 153 153
153 153 153
153 153 153
153 153 153
153 153 153
153 153 153
155 155 155
155 155 155
155 155 155
155 155 155
155 155 155
155 155 155
155 155 155
155 155 155
153 153 153
153 153 153
155 155 155
155 155 155
155 155 155
155 155 155
155 155 155
155 155 155
155 155 155
155 155 155
155 155 155
155 155 155
155 155 155
155 155 155
155 155 155
155 155 155
155 155 155
155 155 155
155 155 155
155 155 155
155 155 155
155 155 155
155 155 155
155 155 155
155 155 155
155 155 155
155 155 155
155 155 155
155 155 155
155 155 155
155 155 155
155 155 155
155 155 155
155 155 155
155 155 155
155 155 155
155 155 155
155 155 155
155 155 155
155 155 155
155 155 155
155 155 155
155 155 155
155 155 155
155 155 155
155 155 155
155 155 155
155 155 155
155 155 155
155 155 155
155 155 155
155 155 155
155 155 155
155 155 155
155 155 155
155 155 155
155 155 155
155 155 155
155 155 155
155 155 155
155 155 155
155 155 155
155 155 155
155 155 155
155 155 155
155 155 155
155 155 155
155 155 155
155 155 155
155 155 155
155 155 155
155 155 155
155 155 155
155 155 155
155 155 155
155 155 155
155 155 155
155 155 155
155 155 155
155 155 155
155 155 155
155 155 155
155 155 155
155 155 155
155 155 155
155 155 155
155 155 155
155 155 155
155 155 155
155 155 155
155 155 155
155 155 155
155 155 155
155 155 155
155 155 155
155 155 155
155 155 155
155 155 155
154 154 154
154 154 154
154 154 154
154 154 154
153 153 153
153 153 153
152 152 152
152 152 152
153 153 153
153 153 153
153 153 153
153 153 153
153 153 153
153 153 153
153 153 153
153 153 153
152 152 152
152 152 152
153 153 153
153 153 153
154 154 154
154 154 154
154 154 154
154 154 154
155 155 155
155 155 155
155 155 155
155 155 155
155 155 155
155 155 155
155 155 155
155 155 155
155 155 155
155 155 155
155 155 155
155 155 155
155 155 155
155 155 155
155 155 155
155 155 155
155 155 155
155 155 155
155 155 155
155 155 155
155 155 155
155 155 155
155 155 155
155 155 155
155 155 155
155 155 155
155 155 155
155 155 155
155 155 155
155 155 155
155 155 155
155 155 155
155 155 155
155 155 155
155 155 155
155 155 155
155 155 155
155 155 155
155 155 155
155 155 155
155 155 155
155 155 155
155 155 155
155 155 155
155 155 155
155 155 155
155 155 155
155 155 155
155 155 155
155 155 155
155 155 155
155 155 155
155 155 155
155 155 155
155 155 155
155 155 155
155 155 155
155 155 155
153 153 153
147 147 147
151 151 151
155 155 155
155 155 155
155 155 155
155 155 155
154 154 154
147 147 147
146 146 146
149 149 149
153 153 153
155 155 155
155 155 155
155 155 155
155 155 155
155 155 155
155 155 155
155 155 155
155 155 155
155 155 155
155 155 155
155 155 155
155 155 155
155 155 155
155 155 155
155 155 155
155 155 155
155 155 155
155 155 155
155 155 155
155 155 155
155 155 155
155 155 155
155 155 155
155 155 155
155 155 155
155 155 155
151 151 151
153 153 153
154 154 154
152 152 152
148 148 148
147 147 147
150 150 150
154 154 154
155 155 155
155 155 155
155 155 155
155 155 155
155 155 155
155 155 155
155 155 155
155 155 155
155 155 155
155 155 155
155 155 155
155 155 155
155 155 155
155 155 155
155 155 155
155 155 155
153 153 153
153 153 153
153 153 153
153 153 153
153 153 153
153 153 153
153 153 153
153 153 153
153 153 153
153 153 153
153 153 153
153 153 153
153 153 153
153 153 153
153 153 153
153 153 153
153 153 153
153 153 153
155 155 155
155 155 155
155 155 155
155 155 155
155 155 155
155 155 155
155 155 155
155 155 155
155 155 155
155 155 155
155 155 155
155 155 155
155 155 155
155 155 155
155 155 155
155 155 155
155 155 155
155 155 155
155 155 155
155 155 155
155 155 155
155 155 155
155 155 155
155 155 155
155 155 155
155 155 155
155 155 155
155 155 155
155 155 155
155 155 155
155 155 155
155 155 155
155 155 155
155 155 155
155 155 155
155 155 155
155 155 155
155 155 155
155 155 155
155 155 155
155 155 155
155 155 155
155 155 155
155 155 155
155 155 155
155 155 155
155 155 155
155 155 155
155 155 155
155 155 155
155 155 155
155 155 155
155 155 155
155 155 155
155 155 155
155 155 155
155 155 155
155 155 155
155 155 155
155 155 155
155 155 155
155 155 155
155 155 155
155 155 155
155 155 155
155 155 155
155 155 155
155 155 155
155 155 155
155 155 155
155 155 155
155 155 155
155 155 155
155 155 155
155 155 155
155 155 155
155 155 155
155 155 155
155 155 155
155 155 155
155 155 155
155 155 155
155 155 155
155 155 155
155 155 155
155 155 155
155 155 155
155 155 155
155 155 155
155 155 155
155 155 155
155 155 155
155 155 155
155 155 155
155 155 155
155 155 155
155 155 155
155 155 155
154 154 154
154 154 154
154 154 154
153 153 153
153 153 153
153 153 153
151 151 151
151 151 151
151 151 151
151 151 151
151 151 151
151 151 151
151 151 151
151 151 151
153 153 153
153 153 153
153 153 153
154 154 154
154 154 154
154 154 154
155 155 155
155 155 155
155 155 155
155 155 155
155 155 155
155 155 155
155 155 155
155 155 155
155 155 155
155 155 155
155 155 155
155 155 155
155 155 155
155 155 155
155 155 155
155 155 155
155 155 155
155 155 155
155 155 155
155 155 155
155 155 155
155 155 155
155 155 155
155 155 155
155 155 155
155 155 155
155 155 155
155 155 155
155 155 155
155 155 155
155 155 155
155 155 155
155 155 155
155 155 155
155 155 155
155 155 155
155 155 155
155 155 155
155 155 155
155 155 155
155 155 155
155 155 155
155 155 155
155 155 155
155 155 155
155 155 155
155 155 155
155 155 155
155 155 155
155 155 155
155 155 155
155 155 155
155 155 155
155 155 155
155 155 155
155 155 155
155 155 155
155 155 155
144 144 144
154 154 154
153 153 153
155 155 155
155 155 155
155 155 155
153 153 153
148 148 148
147 147 147
152 152 152
155 155 155
155 155 155
150 150 150
148 148 148
153 153 153
155 155 155
155 155 155
155 155 155
155 155 155
155 155 155
155 155 155
155 155 155
155 155 155
155 155 155
155 155 155
155 155 155
155 155 155
155 155 155
155 155 155
155 155 155
155 155 155
155 155 155
155 155 155
155 155 155
155 155 155
155 155 155
155 155 155
155 155 155
155 155 155
155 155 155
150 150 150
152 152 152
153 153 153
154 154 154
154 154 154
155 155 155
155 155 155
155 155 155
155 155 155
155 155 155
155 155 155
155 155 155
155 155 155
155 155 155
155 155 155
155 155 155
155 155 155
155 155 155
155 155 155
155 155 155
155 155 155
155 155 155
155 155 155
155 155 155
154 154 154
154 154 154
154 154 154
154 154 154
154 154 154
154 154 154
154 154 154
154 154 154
151 151 151
151 151 151
151 151 151
151 151 151
151 151 151
151 151 151
151 151 151
151 151 151
154 154 154
154 154 154
155 155 155
155 155 155
155 155 155
155 155 155
155 155 155
155 155 155
155 155 155
155 155 155
155 155 155
155 155 155
155 155 155
155 155 155
155 155 155
155 155 155
155 155 155
155 155 155
155 155 155
155 155 155
155 155 155
155 155 155
155 155 155
155 155 155
155 155 155
155 155 155
155 155 155
155 155 155
155 155 155
155 155 155
155 155 155
155 155 155
155 155 155
155 155 155
155 155 155
155 155 155
155 155 155
155 155 155
155 155 155
155 155 155
155 155 155
155 155 155
155 155 155
155 155 155
155 155 155
155 155 155
155 155 155
155 155 155
155 155 155
155 155 155
155 155 155
155 155 155
155 155 155
155 155 155
155 155 155
155 155 155
155 155 155
155 155 155
155 155 155
155 155 155
155 155 155
155 155 155
155 155 155
155 155 155
155 155 155
155 155 155
155 155 155
155 155 155
155 155 155
155 155 155
155 155 155
155 155 155
155 155 155
155 155 155
155 155 155
155 155 155
155 155 155
155 155 155
155 155 155
155 155 155
155 155 155
155 155 155
155 155 155
155 155 155
155 155 155
155 155 155
155 155 155
155 155 155
155 155 155
155 155 155
155 155 155
155 155 155
155 155 155
155 155 155
155 155 155
155 155 155
155 155 155
155 155 155
155 155 155
155 155 155
155 155 155
154 154 154
154 154 154
154 154 154
153 153 153
153 153 153
151 151 151
151 151 151
151 151 151
151 151 151
151 151 151
151 151 151
151 151 151
151 151 151
153 153 153
153 153 153
154 154 154
154 154 154
154 154 154
155 155 155
155 155 155
155 155 155
155 155 155
155 155 155
155 155 155
155 155 155
155 155 155
155 155 155
155 155 155
155 155 155
155 155 155
155 155 155
155 155 155
155 155 155
155 155 155
155 155 155
155 155 155
155 155 155
155 155 155
155 155 155
155 155 155
155 155 155
155 155 155
155 155 155
155 155 155
155 155 155
155 155 155
155 155 155
155 155 155
155 155 155
155 155 155
155 155 155
155 155 155
155 155 155
155 155 155
155 155 155
155 155 155
155 155 155
155 155 155
155 155 155
155 155 155
155 155 155
155 155 155
155 155 155
155 155 155
155 155 155
155 155 155
155 155 155
155 155 155
155 155 155
155 155 155
155 155 155
155 155 155
155 155 155
155 155 155
155 155 155
155 155 155
155 155 155
150 150 150
155 155 155
150 150 150
155 155 155
155 155 155
140 140 140
155 155 155
155 155 155
155 155 155
155 155 155
149 149 149
148 148 148
155 155 155
155 155 155
155 155 155
155 155 155
155 155 155
155 155 155
155 155 155
155 155 155
155 155 155
155 155 155
155 155 155
155 155 155
155 155 155
155 155 155
155 155 155
155 155 155
155 155 155
155 155 155
155 155 155
155 155 155
155 155 155
155 155 155
155 155 155
155 155 155
155 155 155
155 155 155
155 155 155
155 155 155
155 155 155
154 154 154
152 152 152
152 152 152
153 153 153
154 154 154
154 154 154
154 154 154
155 155 155
155 155 155
155 155 155
155 155 155
155 155 155
155 155 155
155 155 155
155 155 155
155 155 155
155 155 155
155 155 155
155 155 155
155 155 155
155 155 155
155 155 155
155 155 155
154 154 154
154 154 154
154 154 154
154 154 154
154 154 154
154 154 154
154 154 154
154 154 154
151 151 151
151 151 151
151 151 151
151 151 151
151 151 151
151 151 151
151 151 151
151 151 151
154 154 154
154 154 154
155 155 155
155 155 155
155 155 155
155 155 155
155 155 155
155 155 155
155 155 155
155 155 155
155 155 155
155 155 155
155 155 155
155 155 155
155 155 155
155 155 155
155 155 155
155 155 155
155 155 155
155 155 155
155 155 155
155 155 155
155 155 155
155 155 155
155 155 155
155 155 155
155 155 155
155 155 155
155 155 155
155 155 155
155 155 155
155 155 155
155 155 155
155 155 155
155 155 155
155 155 155
155 155 155
155 155 155
155 155 155
155 155 155
155 155 155
155 155 155
155 155 155
155 155 155
155 155 155
155 155 155
155 155 155
155 155 155
155 155 155
155 155 155
155 155 155
155 155 155
155 155 155
155 155 155
155 155 155
155 155 155
155 155 155
155 155 155
155 155 155
155 155 155
155 155 155
155 155 155
155 155 155
155 155 155
155 155 155
155 155 155
155 155 155
155 155 155
155 155 155
155 155 155
155 155 155
155 155 155
155 155 155
155 155 155
155 155 155
155 155 155
155 155 155
155 155 155
155 155 155
155 155 155
155 155 155
155 155 155
155 155 155
155 155 155
155 155 155
155 155 155
155 155 155
155 155 155
155 155 155
155 155 155
155 155 155
155 155 155
155 155 155
155 155 155
155 155 155
155 155 155
155 155 155
155 155 155
155 155 155
155 155 155
155 155 155
155 155 155
154 154 154
154 154 154
154 154 154
154 154 154
153 153 153
153 153 153
153 153 153
153 153 153
153 153 153
153 153 153
153 153 153
153 153 153
154 154 154
154 154 154
154 154 154
154 154 154
155 155 155
155 155 155
155 155 155
155 155 155
155 155 155
155 155 155
155 155 155
155 155 155
155 155 155
155 155 155
155 155 155
155 155 155
155 155 155
155 155 155
155 155 155
155 155 155
155 155 155
155 155 155
155 155 155
155 155 155
155 155 155
155 155 155
155 155 155
155 155 155
155 155 155
155 155 155
155 155 155
155 155 155
155 155 155
155 155 155
155 155 155
155 155 155
155 155 155
155 155 155
155 155 155
155 155 155
155 155 155
155 155 155
155 155 155
155 155 155
155 155 155
155 155 155
155 155 155
155 155 155
155 155 155
155 155 155
155 155 155
155 155 155
155 155 155
155 155 155
155 155 155
155 155 155
155 155 155
155 155 155
155 155 155
155 155 155
155 155 155
155 155 155
155 155 155
155 155 155
155 155 155
155 155 155
149 149 149
155 155 155
155 155 155
146 146 146
155 155 155
136 136 136
151 151 151
147 147 147
146 146 146
151 151 151
155 155 155
155 155 155
155 155 155
152 152 152
155 155 155
155 155 155
155 155 155
155 155 155
155 155 155
155 155 155
155 155 155
155 155 155
155 155 155
155 155 155
155 155 155
155 155 155
155 155 155
155 155 155
155 155 155
155 155 155
155 155 155
155 155 155
155 155 155
155 155 155
155 155 155
155 155 155
155 155 155
155 155 155
155 155 155
155 155 155
155 155 155
155 155 155
155 155 155
155 155 155
149 149 149
142 142 142
155 155 155
155 155 155
155 155 155
155 155 155
155 155 155
155 155 155
155 155 155
155 155 155
155 155 155
155 155 155
155 155 155
155 155 155
155 155 155
155 155 155
155 155 155
155 155 155
155 155 155
155 155 155
155 155 155
155 155 155
155 155 155
155 155 155
155 155 155
155 155 155
153 153 153
153 153 153
153 153 153
153 153 153
153 153 153
153 153 153
153 153 153
153 153 153
155 155 155
155 155 155
155 155 155
155 155 155
155 155 155
155 155 155
155 155 155
155 155 155
155 155 155
155 155 155
155 155 155
155 155 155
155 155 155
155 155 155
155 155 155
155 155 155
155 155 155
155 155 155
155 155 155
155 155 155
155 155 155
155 155 155
155 155 155
155 155 155
155 155 155
155 155 155
155 155 155
155 155 155
155 155 155
155 155 155
155 155 155
155 155 155
155 155 155
155 155 155
155 155 155
155 155 155
155 155 155
155 155 155
155 155 155
155 155 155
155 155 155
155 155 155
155 155 155
155 155 155
155 155 155
155 155 155
155 155 155
155 155 155
155 155 155
155 155 155
155 155 155
155 155 155
155 155 155
155 155 155
155 155 155
155 155 155
155 155 155
155 155 155
155 155 155
155 155 155
155 155 155
155 155 155
155 155 155
155 155 155
155 155 155
155 155 155
155 155 155
155 155 155
155 155 155
155 155 155
155 155 155
155 155 155
155 155 155
155 155 155
155 155 155
155 155 155
155 155 155
155 155 155
155 155 155
155 155 155
155 155 155
155 155 155
155 155 155
155 155 155
155 155 155
155 155 155
155 155 155
155 155 155
155 155 155
155 155 155
155 155 155
155 155 155
155 155 155
155 155 155
155 155 155
155 155 155
155 155 155
155 155 155
155 155 155
155 155 155
155 155 155
155 155 155
155 155 155
154 154 154
154 154 154
154 154 154
155 155 155
155 155 155
155 155 155
155 155 155
155 155 155
155 155 155
155 155 155
155 155 155
154 154 154
154 154 154
154 154 154
155 155 155
155 155 155
155 155 155
155 155 155
155 155 155
155 155 155
155 155 155
155 155 155
155 155 155
155 155 155
155 155 155
155 155 155
155 155 155
155 155 155
155 155 155
155 155 155
155 155 155
155 155 155
155 155 155
155 155 155
155 155 155
155 155 155
155 155 155
155 155 155
155 155 155
155 155 155
155 155 155
155 155 155
155 155 155
155 155 155
155 155 155
155 155 155
155 155 155
155 155 155
155 155 155
155 155 155
155 155 155
155 155 155
155 155 155
155 155 155
155 155 155
155 155 155
155 155 155
155 155 155
155 155 155
155 155 155
155 155 155
155 155 155
155 155 155
155 155 155
155 155 155
155 155 155
155 155 155
155 155 155
155 155 155
155 155 155
155 155 155
155 155 155
155 155 155
155 155 155
155 155 155
145 145 145
155 155 155
155 155 155
155 155 155
126 126 126
111 111 111
110 110 110
46 46 46
52 52 52
94 94 94
142 142 142
155 155 155
153 153 153
141 141 141
144 144 144
153 153 153
155 155 155
155 155 155
155 155 155
155 155 155
155 155 155
155 155 155
155 155 155
155 155 155
155 155 155
155 155 155
155 155 155
155 155 155
155 155 155
155 155 155
155 155 155
155 155 155
155 155 155
155 155 155
155 155 155
155 155 155
155 155 155
155 155 155
155 155 155
155 155 155
155 155 155
150 150 150
140 140 140
138 138 138
144 144 144
153 153 153
155 155 155
155 155 155
155 155 155
155 155 155
155 155 155
155 155 155
155 155 155
155 155 155
155 155 155
155 155 155
155 155 155
155 155 155
155 155 155
155 155 155
155 155 155
155 155 155
155 155 155
155 155 155
155 155 155
155 155 155
155 155 155
155 155 155
155 155 155
155 155 155
155 155 155
155 155 155
155 155 155
155 155 155
155 155 155
155 155 155
155 155 155
155 155 155
155 155 155
155 155 155
155 155 155
155 155 155
155 155 155
155 155 155
155 155 155
155 155 155
155 155 155
155 155 155
155 155 155
155 155 155
155 155 155
155 155 155
155 155 155
155 155 155
155 155 155
155 155 155
155 155 155
155 155 155
155 155 155
155 155 155
155 155 155
155 155 155
155 155 155
155 155 155
155 155 155
155 155 155
155 155 155
155 155 155
155 155 155
155 155 155
155 155 155
155 155 155
155 155 155
155 155 155
155 155 155
155 155 155
155 155 155
155 155 155
155 155 155
155 155 155
155 155 155
155 155 155
155 155 155
155 155 155
155 155 155
155 155 155
155 155 155
155 155 155
155 155 155
155 155 155
155 155 155
155 155 155
155 155 155
155 155 155
155 155 155
155 155 155
155 155 155
155 155 155
155 155 155
155 155 155
155 155 155
155 155 155
155 155 155
155 155 155
155 155 155
155 155 155
155 155 155
155 155 155
155 155 155
155 155 155
155 155 155
155 155 155
155 155 155
155 155 155
155 155 155
155 155 155
155 155 155
155 155 155
155 155 155
155 155 155
155 155 155
155 155 155
155 155 155
155 155 155
155 155 155
155 155 155
155 155 155
155 155 155
155 155 155
155 155 155
155 155 155
155 155 155
155 155 155
155 155 155
155 155 155
155 155 155
155 155 155
155 155 155
155 155 155
155 155 155
155 155 155
155 155 155
155 155 155
155 155 155
154 154 154
154 154 154
155 155 155
155 155 155
155 155 155
155 155 155
155 155 155
155 155 155
155 155 155
155 155 155
154 154 154
154 154 154
155 155 155
155 155 155
155 155 155
155 155 155
155 155 155
155 155 155
155 155 155
155 155 155
155 155 155
155 155 155
155 155 155
155 155 155
155 155 155
155 155 155
155 155 155
155 155 155
155 155 155
155 155 155
155 155 155
155 155 155
155 155 155
155 155 155
155 155 155
155 155 155
155 155 155
155 155 155
155 155 155
155 155 155
155 155 155
155 155 155
155 155 155
155 155 155
155 155 155
155 155 155
155 155 155
155 155 155
155 155 155
155 155 155
155 155 155
155 155 155
155 155 155
155 155 155
155 155 155
155 155 155
155 155 155
155 155 155
155 155 155
155 155 154
155 155 155
155 155 155
155 155 155
155 155 155
155 155 155
155 155 155
155 155 155
155 155 155
155 155 155
155 155 155
155 155 155
155 155 155
155 155 155
153 155 155
144 146 147
153 155 155
153 152 154
91 90 94
4 3 7
5 4 8
58 57 61
21 20 24
40 42 43
41 43 44
56 58 59
89 91 92
130 130 130
155 155 155
155 154 155
155 155 154
155 155 154
155 155 154
155 155 154
155 155 154
155 155 154
155 155 154
155 155 154
155 155 154
155 155 155
155 155 155
155 155 155
155 155 155
155 155 155
155 155 155
155 155 155
155 155 155
155 155 154
155 155 154
155 155 154
155 155 154
155 155 154
155 155 154
155 155 154
155 155 154
139 137 136
111 109 108
77 75 75
61 59 59
75 73 73
110 108 108
146 144 144
155 155 155
155 155 155
155 155 155
155 155 155
155 155 155
155 155 155
155 155 155
155 155 155
155 155 155
155 155 155
155 155 155
155 155 155
155 155 155
155 155 155
155 155 155
155 155 155
155 155 155
155 155 155
155 155 155
155 155 155
155 155 155
155 155 155
155 155 155
155 155 155
155 155 155
155 155 155
155 155 155
155 155 155
155 155 155
155 155 155
155 155 155
155 155 155
155 155 155
155 155 155
155 155 155
155 155 155
155 155 155
155 155 155
155 155 155
155 155 155
155 155 155
155 155 155
155 155 155
155 155 155
155 155 155
155 155 155
155 155 155
155 155 155
155 155 155
155 155 155
155 155 155
155 155 155
155 155 155
155 155 155
155 155 155
155 155 155
155 155 155
155 155 155
155 155 155
155 155 155
155 155 155
155 155 155
155 155 155
155 155 155
155 155 155
155 155 155
155 155 155
155 155 155
155 155 155
155 155 155
155 155 155
155 155 155
155 155 155
155 155 155
155 155 155
155 155 155
155 155 155
155 155 155
155 155 155
155 155 155
155 155 155
155 155 155
155 155 155
155 155 155
155 155 155
155 155 155
155 155 155
155 155 155
155 155 155
155 155 155
155 155 155
155 155 155
155 155 155
155 155 155
155 155 155
155 155 155
155 155 155
155 155 155
155 155 155
155 155 155
155 155 155
155 155 155
155 155 155
155 155 155
155 155 155
155 155 155
155 155 155
155 155 155
155 155 155
155 155 155
155 155 155
155 155 155
155 155 155
155 155 155
155 155 155
155 155 155
155 155 155
155 155 155
155 155 155
155 155 155
155 155 155
155 155 155
155 155 155
155 155 155
155 155 155
155 155 155
155 155 155
155 155 155
155 155 155
155 155 155
155 155 155
155 155 155
155 155 155
155 155 155
155 155 155
155 155 155
155 155 155
155 155 155
155 155 155
155 155 155
155 155 155
155 155 155
155 155 155
155 155 155
155 155 155
155 155 155
155 155 155
155 155 155
155 155 155
155 155 155
155 155 155
155 155 155
155 155 155
155 155 155
155 155 155
155 155 155
155 155 155
155 155 155
155 155 155
155 155 155
155 155 155
155 155 155
155 155 155
155 155 155
155 155 155
155 155 155
155 155 155
155 155 155
155 155 155
155 155 155
155 155 155
155 155 155
155 155 155
155 155 155
155 155 155
155 155 155
155 155 155
155 155 155
155 155 155
155 155 155
155 155 155
155 155 155
155 155 155
155 155 155
155 155 155
155 155 155
155 155 155
155 155 155
155 155 155
155 155 155
155 155 155
155 155 155
155 155 155
155 155 155
155 155 155
155 155 154
155 155 152
155 155 154
155 155 154
155 155 154
155 155 154
155 155 154
155 155 154
155 155 155
148 148 148
147 149 150
153 155 155
153 155 155
149 151 152
148 150 151
151 155 155
150 154 155
147 150 155
115 114 123
248 244 255
255 249 4
225 219 230
237 233 244
204 203 213
232 234 242
246 250 255
34 38 43
80 83 87
90 87 89
80 72 73
102 90 90
142 129 127
155 152 148
155 155 148
155 155 149
93 85 78
49 43 38
71 67 62
91 88 84
155 155 152
145 146 144
155 155 154
155 155 155
154 152 152
155 154 155
155 154 155
153 148 150
155 154 155
155 151 147
154 144 137
155 155 151
155 155 151
155 152 148
155 148 144
137 128 125
88 81 78
65 58 55
47 40 37
53 45 45
58 50 50
75 70 69
74 69 68
123 118 117
155 154 155
145 145 145
152 154 155
152 154 155
153 155 155
153 155 155
153 155 155
150 152 153
153 155 155
155 155 155
155 155 155
155 155 155
155 155 155
155 155 155
155 155 155
155 155 155
155 155 155
155 155 155
155 155 155
155 155 155
155 155 155
155 155 155
155 155 155
155 155 155
155 155 155
155 155 155
155 155 155
155 155 155
155 155 155
155 155 155
155 155 155
155 155 155
155 155 155
155 155 155
155 155 155
155 155 155
155 155 155
155 155 155
155 155 155
155 155 155
155 155 155
155 155 155
155 155 155
155 155 155
155 155 155
155 155 155
155 155 155
155 155 155
155 155 155
155 155 155
155 155 155
155 155 155
155 155 155
155 155 155
155 155 155
155 155 155
155 155 155
155 155 155
155 155 155
155 155 155
155 155 155
155 155 155
155 155 155
155 155 155
155 155 155
155 155 155
155 155 155
155 155 155
155 155 155
155 155 155
155 155 155
155 155 155
155 155 155
155 155 155
155 155 155
155 155 155
155 155 155
155 155 155
155 155 155
155 155 155
155 155 155
155 155 155
155 155 155
155 155 155
155 155 155
155 155 155
155 155 155
155 155 155
155 155 155
155 155 155
155 155 155
155 155 155
155 155 155
155 155 155
155 155 155
155 155 155
155 155 155
155 155 155
155 155 155
155 155 155
155 155 155
155 155 155
155 155 155
155 155 155
155 155 155
155 155 155
155 155 155
155 155 155
155 155 155
155 155 155
155 155 155
155 155 155
155 155 155
155 155 155
155 155 155
155 155 155
155 155 155
155 155 155
155 155 155
155 155 155
155 155 155
155 155 155
155 155 155
155 155 155
155 155 155
155 155 155
155 155 155
155 155 155
155 155 155
155 155 155
155 155 155
155 155 155
155 155 155
155 155 155
155 155 155
155 155 155
155 155 155
155 155 155
155 155 155
155 155 155
155 155 155
155 155 155
155 155 155
155 155 155
155 155 155
155 155 155
155 155 155
155 155 155
155 155 155
155 155 155
155 155 155
155 155 155
155 155 155
155 155 155
155 155 155
155 155 155
155 155 155
155 155 155
155 155 155
155 155 155
155 155 155
155 155 155
155 155 155
155 155 155
155 155 155
155 155 155
155 155 155
155 155 155
155 155 155
155 155 155
155 155 155
155 155 155
155 155 155
155 155 155
155 155 155
155 155 155
155 155 155
155 155 155
155 155 155
155 155 155
155 155 155
155 155 155
155 155 155
155 155 155
155 155 155
155 155 155
155 155 155
155 155 155
155 155 155
155 155 155
155 155 155
155 155 155
155 155 155
155 155 155
155 155 154
155 155 154
155 155 152
155 155 152
155 155 152
155 155 154
155 155 154
155 155 154
155 155 154
155 155 155
155 155 155
153 155 155
151 153 154
149 151 152
150 152 153
152 154 155
151 154 155
150 154 155
134 137 145
57 56 66
187 183 194
160 156 164
197 188 201
187 180 193
175 173 185
171 173 183
221 227 234
1 7 12
9 12 16
37 35 35
88 78 78
105 90 88
89 70 67
67 51 45
76 62 56
90 78 72
84 74 67
97 91 84
60 56 51
67 64 59
50 49 45
75 76 74
141 142 140
155 155 155
149 147 147
151 148 150
155 154 155
155 152 154
146 140 141
155 155 151
155 150 144
155 145 138
136 126 119
96 85 81
75 64 60
71 60 56
60 49 45
74 65 62
62 53 50
76 67 64
63 54 51
45 37 37
86 78 78
151 143 143
154 149 148
154 152 152
155 155 155
155 155 155
155 155 155
155 155 155
152 154 154
154 153 155
155 155 155
155 155 155
155 155 155
155 155 155
155 155 155
155 155 155
155 155 155
155 155 155
155 155 155
155 155 155
155 155 155
155 155 155
155 155 155
155 155 155
155 155 155
155 155 155
155 155 155
155 155 155
155 155 155
155 155 155
155 155 155
155 155 155
155 155 155
155 155 155
155 155 155
155 155 155
155 155 155
155 155 155
155 155 155
155 155 155
155 155 155
155 155 155
155 155 155
155 155 155
155 155 155
155 155 155
155 155 155
155 155 155
155 155 155
155 155 155
155 155 155
155 155 155
155 155 155
155 155 155
155 155 155
155 155 155
155 155 155
155 155 155
155 155 155
155 155 155
155 155 155
155 155 155
155 155 155
155 155 155
155 155 155
155 155 155
155 155 155
155 155 155
155 155 155
155 155 155
155 155 155
155 155 155
155 155 155
155 155 155
155 155 155
155 155 155
155 155 155
155 155 155
155 155 155
155 155 155
155 155 155
155 155 155
155 155 155
155 155 155
155 155 155
155 155 155
155 155 155
155 155 155
155 155 155
155 155 155
155 155 155
155 155 155
155 155 155
155 155 155
155 155 155
155 155 155
155 155 155
155 155 155
155 155 155
155 155 155
155 155 155
155 155 155
155 155 155
155 155 155
155 155 155
155 155 155
155 155 155
155 155 155
155 155 155
155 155 155
155 155 155
155 155 155
155 155 155
155 155 155
155 155 155
155 155 155
155 155 155
155 155 155
155 155 155
155 155 155
155 155 155
155 155 155
155 155 155
155 155 155
155 155 155
155 155 155
155 155 155
155 155 155
155 155 155
155 155 155
155 155 155
155 155 155
155 155 155
155 155 155
155 155 155
155 155 155
155 155 155
155 155 155
155 155 155
155 155 155
155 155 155
155 155 155
155 155 155
155 155 155
155 155 155
155 155 155
155 155 155
155 155 155
155 155 155
155 155 155
155 155 155
155 155 155
155 155 155
155 155 155
155 155 155
155 155 155
155 155 155
155 155 155
155 155 155
155 155 155
155 155 155
155 155 155
155 155 155
155 155 155
155 155 155
155 155 155
155 155 155
155 155 155
155 155 155
155 155 155
155 155 155
155 155 155
155 155 155
155 155 155
155 155 155
155 155 155
155 155 155
155 155 155
155 155 155
155 155 155
155 155 155
155 155 155
155 155 155
155 155 155
155 155 155
155 155 155
155 155 155
155 155 155
155 155 155
155 155 155
155 155 155
155 155 155
155 155 155
155 155 155
155 155 155
155 155 155
155 155 154
155 155 154
155 155 152
155 155 152
155 155 152
155 155 154
155 155 154
155 155 154
155 155 154
154 154 154
155 155 155
153 155 155
153 155 155
152 154 155
150 152 153
151 154 155
151 154 155
151 155 155
153 155 155
112 111 115
163 157 162
188 177 185
164 156 163
160 156 162
178 175 184
177 180 185
156 156 159
175 180 181
5 10 9
47 45 44
31 22 19
43 28 26
92 75 72
101 86 83
64 53 49
86 75 71
117 108 104
83 79 74
88 85 81
87 86 82
104 105 103
77 78 76
80 82 82
94 96 97
111 110 112
105 104 108
79 75 80
67 63 68
79 74 76
97 89 89
87 78 74
88 79 75
95 86 82
88 79 76
73 64 61
67 58 55
67 58 55
54 45 42
75 66 63
73 64 61
53 44 41
20 11 8
24 15 12
85 76 73
155 155 152
155 155 154
151 149 148
149 147 146
153 151 150
155 155 154
155 155 154
155 155 155
155 155 155
155 155 155
155 155 155
155 155 155
155 155 155
155 155 155
155 155 155
153 155 155
153 155 155
155 155 155
155 155 155
155 155 155
155 155 155
155 155 155
155 155 155
155 155 155
155 155 155
155 155 155
155 155 155
155 155 155
155 155 155
155 155 155
155 155 155
155 155 155
155 155 155
155 155 155
155 155 155
155 155 155
155 155 155
155 155 155
155 155 155
155 155 155
155 155 155
155 155 155
155 155 155
155 155 155
155 155 155
155 155 155
155 155 155
155 155 155
155 155 155
155 155 155
155 155 155
155 155 155
155 155 155
155 155 155
155 155 155
155 155 155
155 155 155
155 155 155
155 155 155
155 155 155
155 155 155
155 155 155
155 155 155
155 155 155
155 155 155
155 155 155
155 155 155
155 155 155
155 155 155
155 155 155
155 155 155
155 155 155
155 155 155
155 155 155
155 155 155
155 155 155
155 155 155
155 155 155
155 155 155
155 155 155
155 155 155
155 155 155
155 155 155
155 155 155
155 155 155
155 155 155
155 155 155
155 155 155
155 155 155
155 155 155
155 155 155
155 155 155
155 155 155
155 155 155
155 155 155
155 155 155
155 155 155
155 155 155
155 155 155
155 155 155
155 155 155
155 155 155
155 155 155
155 155 155
155 155 155
155 155 155
155 155 155
155 155 155
155 155 155
155 155 155
155 155 155
155 155 155
155 155 155
155 155 155
155 155 155
155 155 155
155 155 155
155 155 155
155 155 155
155 155 155
155 155 155
155 155 155
155 155 155
155 155 155
155 155 155
155 155 155
155 155 155
155 155 155
155 155 155
155 155 155
155 155 155
155 155 155
155 155 155
155 155 155
155 155 155
155 155 155
155 155 155
155 155 155
155 155 155
155 155 155
155 155 155
155 155 155
155 155 155
155 155 155
155 155 155
155 155 155
155 155 155
155 155 155
155 155 155
155 155 155
155 155 155
155 155 155
155 155 155
155 155 155
155 155 155
155 155 155
155 155 155
155 155 155
155 155 155
155 155 155
155 155 155
155 155 155
155 155 155
155 155 155
155 155 155
155 155 155
155 155 155
155 155 155
155 155 155
155 155 155
155 155 155
155 155 155
155 155 155
155 155 155
155 155 155
155 155 155
155 155 155
155 155 155
155 155 155
155 155 155
155 155 155
155 155 155
155 155 155
155 155 155
155 155 155
155 155 155
155 155 155
155 155 155
155 155 155
155 155 155
155 155 155
155 155 155
155 155 155
155 155 155
155 155 155
155 155 154
155 155 152
155 155 152
155 155 152
155 155 154
155 155 154
155 155 154
155 155 154
147 147 147
153 153 153
153 155 155
153 155 155
153 155 155
150 152 153
151 154 155
151 155 155
151 153 153
120 121 119
120 115 116
4 254 255
165 156 157
163 156 159
181 174 179
182 178 183
167 170 174
168 173 176
178 183 184
194 199 198
216 214 213
234 227 224
254 241 239
12 253 250
14 2 0
84 75 72
50 42 42
5 0 255
51 47 46
53 51 50
106 106 106
123 125 125
134 136 137
118 122 123
110 113 117
110 111 115
105 106 110
101 99 105
95 93 99
93 89 94
101 96 97
93 88 87
88 83 82
95 90 89
103 95 95
89 81 81
67 59 59
56 49 46
48 41 38
57 48 45
37 28 25
58 49 46
60 51 48
44 35 32
65 56 53
155 155 151
155 153 148
153 149 144
155 153 148
155 155 151
155 155 152
155 155 152
155 155 152
153 151 150
155 155 154
155 155 155
155 155 155
155 155 155
155 155 155
155 155 155
153 155 155
153 155 155
155 155 155
155 155 155
155 155 155
155 155 155
155 155 155
155 155 155
155 155 155
155 155 155
155 155 155
155 155 155
155 155 155
155 155 155
155 155 155
155 155 155
155 155 155
155 155 155
155 155 155
155 155 155
155 155 155
155 155 155
155 155 155
155 155 155
155 155 155
155 155 155
155 155 155
155 155 155
155 155 155
155 155 155
155 155 155
155 155 155
155 155 155
155 155 155
155 155 155
155 155 155
155 155 155
155 155 155
155 155 155
155 155 155
155 155 155
155 155 155
155 155 155
155 155 155
155 155 155
155 155 155
155 155 155
155 155 155
155 155 155
155 155 155
155 155 155
155 155 155
155 155 155
155 155 155
155 155 155
155 155 155
155 155 155
155 155 155
155 155 155
155 155 155
155 155 155
155 155 155
155 155 155
155 155 155
155 155 155
155 155 155
155 155 155
155 155 155
155 155 155
155 155 155
155 155 155
155 155 155
155 155 155
155 155 155
155 155 155
155 155 155
155 155 155
155 155 155
155 155 155
155 155 155
155 155 155
155 155 155
155 155 155
155 155 155
155 155 155
155 155 155
155 155 155
155 155 155
155 155 155
155 155 155
155 155 155
155 155 155
155 155 155
155 155 155
155 155 155
155 155 155
155 155 155
155 155 155
155 155 155
155 155 155
155 155 155
155 155 155
155 155 155
155 155 155
155 155 155
155 155 155
155 155 155
155 155 155
155 155 155
155 155 155
155 155 155
155 155 155
155 155 155
155 155 155
155 155 155
155 155 155
155 155 155
155 155 155
155 155 155
155 155 155
155 155 155
155 155 155
155 155 155
155 155 155
155 155 155
155 155 155
155 155 155
155 155 155
155 155 155
155 155 155
155 155 155
155 155 155
155 155 155
155 155 155
155 155 155
155 155 155
155 155 155
155 155 155
155 155 155
155 155 155
155 155 155
155 155 155
155 155 155
155 155 155
155 155 155
155 155 155
155 155 155
155 155 155
155 155 155
155 155 155
155 155 155
155 155 155
155 155 155
155 155 155
155 155 155
155 155 155
155 155 155
155 155 155
155 155 155
155 155 155
155 155 155
155 155 155
155 155 155
155 155 155
155 155 155
155 155 155
155 155 155
155 155 155
155 155 155
155 155 155
155 155 155
155 155 155
155 155 155
155 155 155
155 155 155
155 155 155
155 155 155
155 155 155
155 155 155
155 155 155
155 155 154
155 155 154
155 155 154
155 155 154
155 155 154
155 155 154
155 155 155
155 155 155
155 154 155
153 155 155
148 150 151
144 146 147
149 152 155
151 154 155
148 151 155
132 134 135
86 87 83
103 103 97
104 99 96
78 71 68
217 207 207
224 213 215
197 190 193
172 168 173
156 159 163
156 156 159
156 162 162
170 176 175
177 180 178
195 192 188
244 235 232
39 27 25
35 25 25
0 250 251
5 0 1
12 10 10
253 252 254
129 131 132
86 90 91
69 74 75
80 85 88
92 97 100
111 115 120
125 128 133
132 135 140
140 139 148
141 140 149
137 135 141
120 119 123
122 121 125
116 113 115
106 103 105
110 105 106
114 109 110
114 108 109
111 106 105
116 111 110
108 100 100
107 98 95
122 113 110
94 85 81
91 82 78
90 79 75
97 89 82
146 138 131
155 153 146
155 155 149
155 155 149
155 155 150
150 146 141
153 149 144
155 155 151
155 155 154
155 155 154
155 155 155
155 155 155
153 155 155
153 155 155
153 155 155
153 155 155
155 155 155
155 155 155
155 155 155
155 155 155
155 155 155
155 155 155
155 155 155
155 155 155
155 155 155
155 155 155
155 155 155
155 155 155
155 155 155
155 155 155
155 155 155
155 155 155
155 155 155
155 155 155
155 155 155
155 155 155
155 155 155
155 155 155
155 155 155
155 155 155
155 155 155
155 155 155
155 155 155
155 155 155
155 155 155
155 155 155
155 155 155
155 155 155
155 155 155
155 155 155
155 155 155
155 155 155
155 155 155
155 155 155
155 155 155
155 155 155
155 155 155
155 155 155
155 155 155
155 155 155
155 155 155
155 155 155
155 155 155
155 155 155
155 155 155
155 155 155
155 155 155
155 155 155
155 155 155
155 155 155
155 155 155
155 155 155
155 155 155
155 155 155
155 155 155
155 155 155
155 155 155
155 155 155
155 155 155
155 155 155
155 155 155
155 155 155
155 155 155
155 155 155
155 155 155
155 155 155
155 155 155
155 155 155
155 155 155
155 155 155
155 155 155
155 155 155
155 155 155
155 155 155
155 155 155
155 155 155
155 155 155
155 155 155
155 155 155
155 155 155
155 155 155
155 155 155
155 155 155
155 155 155
155 155 155
155 155 155
155 155 155
155 155 155
155 155 155
155 155 155
155 155 155
155 155 155
155 155 155
155 155 155
155 155 155
155 155 155
155 155 155
155 155 155
155 155 155
155 155 155
155 155 155
155 155 155
155 155 155
155 155 155
155 155 155
155 155 155
155 155 155
155 155 155
155 155 155
155 155 155
155 155 155
155 155 155
155 155 155
155 155 155
155 155 155
155 155 155
155 155 155
155 155 155
155 155 155
155 155 155
155 155 155
155 155 155
155 155 155
155 155 155
155 155 155
155 155 155
155 155 155
155 155 155
155 155 155
155 155 155
155 155 155
155 155 155
155 155 155
155 155 155
155 155 155
155 155 155
155 155 155
155 155 155
155 155 155
155 155 155
155 155 155
155 155 155
155 155 155
155 155 155
155 155 155
155 155 155
155 155 155
155 155 155
155 155 155
155 155 155
155 155 155
155 155 155
155 155 155
155 155 155
155 155 155
155 155 155
155 155 155
155 155 155
155 155 155
155 155 155
155 155 155
155 155 155
155 155 155
155 155 155
155 155 155
155 155 155
155 155 155
155 155 155
155 155 155
155 155 155
155 155 155
155 155 155
155 155 155
155 155 155
155 155 154
155 155 154
155 155 154
155 155 154
155 155 154
155 155 154
155 155 155
155 155 155
150 152 153
153 155 155
153 155 155
144 146 147
151 154 155
151 154 155
124 127 131
72 76 77
85 87 81
100 101 92
49 45 40
177 170 167
225 215 215
184 176 177
183 178 180
171 172 176
179 185 190
186 197 201
192 204 206
181 193 195
168 173 174
174 174 174
207 201 202
239 231 232
19 12 15
242 238 243
221 217 222
179 180 184
178 178 184
251 254 3
62 66 71
68 74 79
16 22 27
255 5 12
239 245 252
246 249 1
16 18 28
49 51 59
84 85 95
118 117 126
129 131 139
130 132 140
131 131 137
122 122 128
121 120 124
128 127 131
125 122 124
110 105 106
111 106 107
123 118 117
126 119 116
125 116 113
115 106 102
119 110 106
117 107 100
115 105 98
123 114 105
132 125 116
135 128 119
144 137 128
155 155 149
155 155 149
155 154 149
155 155 151
155 155 152
155 155 154
155 155 155
155 155 155
153 155 155
153 155 155
153 155 155
153 155 155
155 155 155
155 155 155
155 155 155
155 155 155
155 155 155
155 155 155
155 155 155
155 155 155
155 155 155
155 155 155
155 155 155
155 155 155
155 155 155
155 155 155
155 155 155
155 155 155
155 155 155
155 155 155
155 155 155
155 155 155
155 155 155
155 155 155
155 155 155
155 155 155
155 155 155
155 155 155
155 155 155
155 155 155
155 155 155
155 155 155
155 155 155
155 155 155
155 155 155
155 155 155
155 155 155
155 155 155
155 155 155
155 155 155
155 155 155
155 155 155
155 155 155
155 155 155
155 155 155
155 155 155
155 155 155
155 155 155
155 155 155
155 155 155
155 155 155
155 155 155
155 155 155
155 155 155
155 155 155
155 155 155
155 155 155
155 155 155
155 155 155
155 155 155
155 155 155
155 155 155
155 155 155
155 155 155
155 155 155
155 155 155
155 155 155
155 155 155
155 155 155
155 155 155
155 155 155
155 155 155
155 155 155
155 155 155
155 155 155
155 155 155
155 155 155
155 155 155
155 155 155
155 155 155
155 155 155
155 155 155
155 155 155
155 155 155
155 155 155
155 155 155
155 155 155
155 155 155
155 155 155
155 155 155
155 155 155
155 155 155
155 155 155
155 155 155
155 155 155
155 155 155
155 155 155
155 155 155
155 155 155
155 155 155
155 155 155
155 155 155
155 155 155
155 155 155
155 155 155
155 155 155
155 155 155
155 155 155
155 155 155
155 155 155
155 155 155
155 155 155
155 155 155
155 155 155
155 155 155
155 155 155
155 155 155
155 155 155
155 155 155
155 155 155
155 155 155
155 155 155
155 155 155
155 155 155
155 155 155
155 155 155
155 155 155
155 155 155
155 155 155
155 155 155
155 155 155
155 155 155
155 155 155
155 155 155
155 155 155
155 155 155
155 155 155
155 155 155
155 155 155
155 155 155
155 155 155
155 155 155
155 155 155
155 155 155
155 155 155
155 155 155
155 155 155
155 155 155
155 155 155
155 155 155
155 155 155
155 155 155
155 155 155
155 155 155
155 155 155
155 155 155
155 155 155
155 155 155
155 155 155
155 155 155
155 155 155
155 155 155
155 155 155
155 155 155
155 155 155
155 155 155
155 155 155
155 155 155
155 155 155
155 155 155
155 155 155
155 155 155
155 155 155
155 155 155
155 155 155
155 155 155
155 155 155
155 155 155
155 155 155
155 155 155
155 155 154
155 155 154
155 155 154
155 155 154
155 155 155
155 155 155
155 154 155
153 155 155
145 147 148
153 155 155
151 154 155
151 154 155
145 148 152
125 128 132
92 96 101
65 69 70
89 95 90
54 58 52
23 22 18
162 158 157
171 164 167
167 161 166
177 177 183
156 156 163
178 189 197
182 198 205
185 203 210
179 195 201
168 178 185
162 168 173
170 170 176
181 177 183
172 169 178
156 156 163
169 168 177
156 156 162
156 156 162
254 4 11
241 249 0
178 188 195
227 237 244
245 254 7
234 241 250
220 225 234
246 250 5
26 28 38
40 40 52
46 46 58
83 85 96
78 82 93
96 98 108
108 110 120
105 107 115
112 114 122
118 118 124
105 104 108
127 125 125
128 124 123
109 104 101
98 91 88
124 115 111
109 100 96
84 76 69
80 71 62
85 76 66
94 85 75
81 72 62
89 83 72
137 130 121
151 145 138
142 138 133
155 152 147
155 155 152
155 155 154
155 155 155
155 155 155
153 155 155
153 155 155
151 154 155
153 155 155
155 155 155
155 155 155
155 155 155
155 155 155
155 155 155
155 155 155
155 155 155
155 155 155
155 155 155
155 155 155
155 155 155
155 155 155
155 155 155
155 155 155
155 155 155
155 155 155
155 155 155
155 155 155
155 155 155
155 155 155
155 155 155
155 155 155
155 155 155
155 155 155
155 155 155
155 155 155
155 155 155
155 155 155
155 155 155
155 155 155
155 155 155
155 155 155
155 155 155
155 155 155
155 155 155
155 155 155
155 155 155
155 155 155
155 155 155
155 155 155
155 155 155
155 155 155
155 155 155
155 155 155
155 155 155
155 155 155
155 155 155
155 155 155
155 155 155
155 155 155
155 155 155
155 155 155
155 155 155
155 155 155
155 155 155
155 155 155
155 155 155
155 155 155
155 155 155
155 155 155
155 155 155
155 155 155
155 155 155
155 155 155
155 155 155
155 155 155
155 155 155
155 155 155
155 155 155
155 155 155
155 155 155
155 155 155
155 155 155
155 155 155
155 155 155
155 155 155
155 155 155
155 155 155
155 155 155
155 155 155
155 155 155
155 155 155
155 155 155
155 155 155
155 155 155
155 155 155
155 155 155
155 155 155
155 155 155
155 155 155
155 155 155
155 155 155
155 155 155
155 155 155
155 155 155
155 155 155
155 155 155
155 155 155
155 155 155
155 155 155
155 155 155
155 155 155
155 155 155
155 155 155
155 155 155
155 155 155
155 155 155
155 155 155
155 155 155
155 155 155
155 155 155
155 155 155
155 155 155
155 155 155
155 155 155
155 155 155
155 155 155
155 155 155
155 155 155
155 155 155
155 155 155
155 155 155
155 155 155
155 155 155
155 155 155
155 155 155
155 155 155
155 155 155
155 155 155
155 155 155
155 155 155
155 155 155
155 155 155
155 155 155
155 155 155
155 155 155
155 155 155
155 155 155
155 155 155
155 155 155
155 155 155
155 155 155
155 155 155
155 155 155
155 155 155
155 155 155
155 155 155
155 155 155
155 155 155
155 155 155
155 155 155
155 155 155
155 155 155
155 155 155
155 155 155
155 155 155
155 155 155
155 155 155
155 155 155
155 155 155
155 155 155
155 155 155
155 155 155
155 155 155
155 155 155
155 155 155
155 155 155
155 155 155
155 155 155
155 155 155
155 155 155
155 155 155
155 155 155
155 155 155
155 155 155
155 155 155
155 155 155
155 155 155
155 155 154
155 155 154
155 155 154
155 155 154
155 155 155
155 155 155
153 155 155
153 155 155
153 155 155
145 149 150
151 154 155
151 154 155
120 123 127
74 77 81
76 80 85
112 117 120
70 76 75
41 48 45
29 31 31
185 184 186
170 168 174
172 171 180
167 169 180
196 204 217
209 225 237
212 232 243
193 215 227
162 182 193
156 168 180
166 176 186
163 167 178
156 156 163
170 170 182
181 182 192
156 158 169
156 156 163
223 229 240
172 181 190
175 184 194
211 222 230
188 198 208
181 191 201
171 180 190
182 188 199
189 193 204
170 174 185
202 204 215
26 28 39
68 74 87
57 65 78
74 80 93
73 79 90
40 44 55
44 46 56
86 88 96
112 112 118
105 104 106
113 111 111
151 147 146
133 128 125
106 99 96
91 85 80
94 88 83
53 45 38
52 43 33
82 73 63
69 60 50
58 51 42
88 81 72
92 86 79
99 95 90
144 140 135
155 155 152
155 155 154
155 155 155
155 155 155
153 155 155
153 155 155
151 154 155
153 155 155
155 155 155
155 155 155
155 155 155
155 155 155
155 155 155
155 155 155
155 155 155
155 155 155
155 155 155
155 155 155
155 155 155
155 155 155
155 155 155
155 155 155
155 155 155
155 155 155
155 155 155
155 155 155
155 155 155
155 155 155
155 155 155
155 155 155
155 155 155
155 155 155
155 155 155
155 155 155
155 155 155
155 155 155
155 155 155
155 155 155
155 155 155
155 155 155
155 155 155
155 155 155
155 155 155
155 155 155
155 155 155
155 155 155
155 155 155
155 155 155
155 155 155
155 155 155
155 155 155
155 155 155
155 155 155
155 155 155
155 155 155
155 155 155
155 155 155
155 155 155
155 155 155
155 155 155
155 155 155
155 155 155
155 155 155
155 155 155
155 155 155
155 155 155
155 155 155
155 155 155
155 155 155
155 155 155
155 155 155
155 155 155
155 155 155
155 155 155
155 155 155
155 155 155
155 155 155
155 155 155
155 155 155
155 155 155
155 155 155
155 155 155
155 155 155
155 155 155
155 155 155
155 155 155
155 155 155
155 155 155
155 155 155
155 155 155
155 155 155
155 155 155
155 155 155
155 155 155
155 155 155
155 155 155
155 155 155
155 155 155
155 155 155
155 155 155
155 155 155
155 155 155
155 155 155
155 155 155
155 155 155
155 155 155
155 155 155
155 155 155
155 155 155
155 155 155
155 155 155
155 155 155
155 155 155
155 155 155
155 155 155
155 155 155
155 155 155
155 155 155
155 155 155
155 155 155
155 155 155
155 155 155
155 155 155
155 155 155
155 155 155
155 155 155
155 155 155
155 155 155
155 155 155
155 155 155
155 155 155
155 155 155
155 155 155
155 155 155
155 155 155
155 155 155
155 155 155
155 155 155
155 155 155
155 155 155
155 155 155
155 155 155
155 155 155
155 155 155
155 155 155
155 155 155
155 155 155
155 155 155
155 155 155
155 155 155
155 155 155
155 155 155
155 155 155
155 155 155
155 155 155
155 155 155
155 155 155
155 155 155
155 155 155
155 155 155
155 155 155
155 155 155
155 155 155
155 155 155
155 155 155
155 155 155
155 155 155
155 155 155
155 155 155
155 155 155
155 155 155
155 155 155
155 155 155
155 155 155
155 155 155
155 155 155
155 155 155
155 155 155
155 155 155
155 155 155
155 155 155
155 155 155
155 155 155
155 155 155
155 155 155
155 155 155
151 151 151
155 155 155
155 155 155
155 155 155
147 146 148
149 151 152
153 155 155
146 148 149
151 154 155
151 154 155
151 154 155
108 112 117
56 60 65
81 85 90
120 124 129
64 70 75
12 24 26
24 36 38
62 68 73
194 197 205
181 183 194
187 190 204
177 184 201
179 191 209
183 203 220
20 45 61
48 74 91
253 22 38
156 156 173
156 166 182
166 174 191
156 156 170
162 165 179
188 192 203
186 189 203
156 157 168
189 197 210
204 214 224
193 202 215
177 189 199
203 215 227
217 227 237
226 235 245
228 234 245
227 231 242
222 226 237
211 213 224
195 198 212
203 210 225
22 31 45
70 77 92
35 43 56
234 240 253
168 174 185
76 81 90
118 121 129
39 42 46
213 215 216
14 14 14
64 62 61
92 88 87
113 108 105
111 106 103
75 69 64
70 63 54
60 53 44
43 36 27
50 44 37
73 67 60
67 61 54
91 87 82
84 80 75
113 110 106
143 141 140
149 149 149
155 155 155
152 154 155
152 154 155
153 155 155
153 155 155
155 155 155
155 155 155
155 155 155
155 155 155
155 155 155
155 155 155
155 155 155
155 155 155
155 155 155
155 155 155
155 155 155
155 155 155
155 155 155
155 155 155
155 155 155
155 155 155
155 155 155
155 155 155
155 155 155
155 155 155
155 155 155
155 155 155
155 155 155
155 155 155
155 155 155
155 155 155
155 155 155
155 155 155
155 155 155
155 155 155
155 155 155
155 155 155
155 155 155
155 155 155
155 155 155
155 155 155
155 155 155
155 155 155
155 155 155
155 155 155
155 155 155
155 155 155
155 155 155
155 155 155
155 155 155
155 155 155
155 155 155
155 155 155
155 155 155
155 155 155
155 155 155
155 155 155
155 155 155
155 155 155
155 155 155
155 155 155
155 155 155
155 155 155
155 155 155
155 155 155
155 155 155
155 155 155
155 155 155
155 155 155
155 155 155
155 155 155
155 155 155
155 155 155
155 155 155
155 155 155
155 155 155
155 155 155
155 155 155
155 155 155
155 155 155
155 155 155
155 155 155
155 155 155
155 155 155
155 155 155
155 155 155
155 155 155
155 155 155
155 155 155
155 155 155
155 155 155
155 155 155
155 155 155
155 155 155
155 155 155
155 155 155
155 155 155
155 155 155
155 155 155
155 155 155
155 155 155
155 155 155
155 155 155
155 155 155
155 155 155
155 155 155
155 155 155
155 155 155
155 155 155
155 155 155
155 155 155
155 155 155
155 155 155
155 155 155
155 155 155
155 155 155
155 155 155
155 155 155
155 155 155
155 155 155
155 155 155
155 155 155
155 155 155
155 155 155
155 155 155
155 155 155
155 155 155
155 155 155
155 155 155
155 155 155
155 155 155
155 155 155
155 155 155
155 155 155
155 155 155
155 155 155
155 155 155
155 155 155
155 155 155
155 155 155
155 155 155
155 155 155
155 155 155
155 155 155
155 155 155
155 155 155
155 155 155
155 155 155
155 155 155
155 155 155
155 155 155
155 155 155
155 155 155
155 155 155
155 155 155
155 155 155
155 155 155
155 155 155
155 155 155
155 155 155
155 155 155
155 155 155
155 155 155
155 155 155
155 155 155
155 155 155
155 155 155
155 155 155
155 155 155
155 155 155
155 155 155
155 155 155
155 155 155
155 155 155
155 155 155
155 155 155
155 155 155
155 155 155
155 155 155
155 155 155
155 155 155
155 155 155
155 155 155
149 149 149
155 155 155
155 155 155
147 147 147
152 154 155
153 155 155
153 155 155
147 151 152
142 145 149
151 154 155
106 110 115
28 32 37
99 103 108
115 119 124
87 91 96
30 39 43
241 253 3
3 17 23
35 44 53
238 244 255
198 203 218
186 190 208
207 216 236
179 194 213
218 239 4
61 86 106
23 50 70
30 55 75
249 15 33
156 156 171
156 159 177
159 166 183
170 175 190
187 193 206
196 202 215
211 219 232
220 229 242
226 235 248
197 209 221
230 242 254
13 25 37
26 35 48
36 45 55
38 44 55
38 42 53
37 39 50
25 27 38
10 13 27
219 228 242
206 216 233
247 0 14
58 67 81
23 31 44
237 245 2
67 73 84
62 67 76
226 230 235
170 173 177
159 161 162
156 156 157
16 14 14
99 97 97
102 98 97
96 93 89
62 58 53
72 66 59
47 43 38
45 41 36
22 18 13
59 55 50
58 55 51
73 70 66
73 71 70
106 104 103
126 126 126
151 151 151
153 155 155
152 154 155
153 155 155
148 150 151
155 155 155
155 155 155
155 155 155
155 155 155
155 155 155
155 155 155
155 155 155
155 155 155
155 155 155
155 155 155
155 155 155
155 155 155
155 155 155
155 155 155
155 155 155
155 155 155
155 155 155
155 155 155
155 155 155
155 155 155
155 155 155
155 155 155
155 155 155
155 155 155
155 155 155
155 155 155
155 155 155
155 155 155
155 155 155
155 155 155
155 155 155
155 155 155
155 155 155
155 155 155
155 155 155
155 155 155
155 155 155
155 155 155
155 155 155
155 155 155
155 155 155
155 155 155
155 155 155
155 155 155
155 155 155
155 155 155
155 155 155
155 155 155
155 155 155
155 155 155
155 155 155
155 155 155
155 155 155
155 155 155
155 155 155
155 155 155
155 155 155
155 155 155
155 155 155
155 155 155
155 155 155
155 155 155
155 155 155
155 155 155
155 155 155
155 155 155
155 155 155
155 155 155
155 155 155
155 155 155
155 155 155
155 155 155
155 155 155
155 155 155
155 155 155
155 155 155
155 155 155
155 155 155
155 155 155
155 155 155
155 155 155
155 155 155
155 155 155
155 155 155
155 155 155
155 155 155
155 155 155
155 155 155
155 155 155
155 155 155
155 155 155
155 155 155
155 155 155
155 155 155
155 155 155
155 155 155
155 155 155
155 155 155
155 155 155
155 155 155
155 155 155
155 155 155
155 155 155
155 155 155
155 155 155
155 155 155
155 155 155
155 155 155
155 155 155
155 155 155
155 155 155
155 155 155
155 155 155
155 155 155
155 155 155
155 155 155
155 155 155
155 155 155
155 155 155
155 155 155
155 155 155
155 155 155
155 155 155
155 155 155
155 155 155
155 155 155
155 155 155
155 155 155
155 155 155
155 155 155
155 155 155
155 155 155
155 155 155
155 155 155
155 155 155
155 155 155
155 155 155
155 155 155
155 155 155
155 155 155
155 155 155
155 155 155
155 155 155
155 155 155
155 155 155
155 155 155
155 155 155
155 155 155
155 155 155
155 155 155
155 155 155
155 155 155
155 155 155
155 155 155
155 155 155
155 155 155
155 155 155
155 155 155
155 155 155
155 155 155
155 155 155
155 155 155
155 155 155
155 155 155
155 155 155
155 155 155
155 155 155
155 155 155
155 155 155
155 155 155
155 155 155
155 155 155
155 155 155
155 155 155
155 155 155
155 155 155
155 155 155
155 155 155
150 150 150
155 155 155
153 155 155
148 150 151
153 155 155
153 155 155
149 152 155
151 154 155
146 149 154
109 113 118
34 38 43
79 83 88
102 108 115
123 129 136
13 19 26
214 222 229
238 251 3
247 6 15
27 36 49
7 14 29
217 221 239
202 208 227
215 224 244
175 189 211
187 208 230
16 40 62
156 156 173
156 180 200
191 211 229
156 156 171
156 156 174
190 194 212
199 204 219
220 225 240
244 249 8
12 19 34
5 14 28
252 5 19
241 253 9
42 54 66
53 63 73
65 75 85
75 84 94
78 84 95
79 84 93
79 81 91
71 72 82
58 60 71
23 30 45
5 15 32
247 2 16
70 81 95
48 57 70
29 37 50
39 48 58
82 89 98
45 52 61
156 156 162
156 159 164
156 156 160
182 183 187
234 235 239
63 65 66
83 83 83
95 93 92
32 30 29
40 38 37
27 25 24
47 45 44
15 13 12
19 17 16
52 50 49
50 50 50
73 73 73
102 102 102
141 141 141
155 155 155
153 153 153
155 155 155
153 153 153
155 155 155
155 155 155
155 155 155
155 155 155
155 155 155
155 155 155
155 155 155
155 155 155
155 155 155
155 155 155
155 155 155
155 155 155
155 155 155
155 155 155
155 155 155
155 155 155
155 155 155
155 155 155
155 155 155
155 155 155
155 155 155
155 155 155
155 155 155
155 155 155
155 155 155
155 155 155
155 155 155
155 155 155
155 155 155
155 155 155
155 155 155
155 155 155
155 155 155
155 155 155
155 155 155
155 155 155
155 155 155
155 155 155
155 155 155
155 155 155
155 155 155
155 155 155
155 155 155
155 155 155
155 155 155
155 155 155
155 155 155
155 155 155
155 155 155
155 155 155
155 155 155
155 155 155
155 155 155
155 155 155
155 155 155
155 155 155
155 155 155
155 155 155
155 155 155
155 155 155
155 155 155
155 155 155
155 155 155
155 155 155
155 155 155
155 155 155
155 155 155
155 155 155
155 155 155
155 155 155
155 155 155
155 155 155
155 155 155
155 155 155
155 155 155
155 155 155
155 155 155
155 155 155
155 155 155
155 155 155
155 155 155
155 155 155
155 155 155
155 155 155
155 155 155
155 155 155
155 155 155
155 155 155
155 155 155
155 155 155
155 155 155
155 155 155
155 155 155
155 155 155
155 155 155
155 155 155
155 155 155
155 155 155
155 155 155
155 155 155
155 155 155
155 155 155
155 155 155
155 155 155
155 155 155
155 155 155
155 155 155
155 155 155
155 155 155
155 155 155
155 155 155
155 155 155
155 155 155
155 155 155
155 155 155
155 155 155
155 155 155
155 155 155
155 155 155
155 155 155
155 155 155
155 155 155
155 155 155
155 155 155
155 155 155
155 155 155
155 155 155
155 155 155
155 155 155
155 155 155
155 155 155
155 155 155
155 155 155
155 155 155
155 155 155
155 155 155
155 155 155
155 155 155
155 155 155
155 155 155
155 155 155
155 155 155
155 155 155
155 155 155
155 155 155
155 155 155
155 155 155
155 155 155
155 155 155
155 155 155
155 155 155
155 155 155
155 155 155
155 155 155
155 155 155
155 155 155
155 155 155
155 155 155
155 155 155
155 155 155
155 155 155
155 155 155
155 155 155
155 155 155
155 155 155
155 155 155
155 155 155
155 155 155
155 155 155
155 155 155
155 155 155
155 155 155
155 155 155
155 155 155
155 155 155
155 155 155
155 155 155
155 155 155
155 155 155
153 153 153
153 155 155
153 155 155
153 155 155
150 152 153
148 151 155
151 154 155
121 125 130
28 32 37
45 49 54
122 126 131
117 123 130
64 70 77
228 234 241
163 170 179
223 235 245
245 1 13
33 42 55
238 243 2
242 244 6
249 253 16
216 223 243
205 216 236
156 171 190
246 12 30
183 205 223
172 192 209
167 182 198
169 177 194
188 191 206
238 238 254
192 195 210
243 248 7
14 21 36
5 12 27
9 18 32
255 8 21
44 56 68
73 85 95
76 86 96
88 97 107
99 105 116
102 107 116
104 106 116
105 106 116
99 98 108
86 88 98
65 72 87
54 65 79
6 17 31
57 68 82
61 70 83
69 78 91
254 7 17
7 16 26
95 104 114
56 63 72
233 238 247
156 156 163
156 158 166
158 161 169
225 229 234
63 67 72
79 82 86
52 55 59
32 35 39
31 33 34
29 31 32
49 51 52
37 39 40
47 49 50
55 57 58
64 64 64
88 88 88
128 128 128
151 151 151
152 152 152
155 155 155
155 155 155
155 155 155
155 155 155
155 155 155
155 155 155
155 155 155
155 155 155
155 155 155
155 155 155
155 155 155
155 155 155
155 155 155
155 155 155
155 155 155
155 155 155
155 155 155
155 155 155
155 155 155
155 155 155
155 155 155
155 155 155
155 155 155
155 155 155
155 155 155
155 155 155
155 155 155
155 155 155
155 155 155
155 155 155
155 155 155
155 155 155
155 155 155
155 155 155
155 155 155
155 155 155
155 155 155
155 155 155
155 155 155
155 155 155
155 155 155
155 155 155
155 155 155
155 155 155
155 155 155
155 155 155
155 155 155
155 155 155
155 155 155
155 155 155
155 155 155
155 155 155
155 155 155
155 155 155
155 155 155
155 155 155
155 155 155
155 155 155
155 155 155
155 155 155
155 155 155
155 155 155
155 155 155
155 155 155
155 155 155
155 155 155
155 155 155
155 155 155
155 155 155
155 155 155
155 155 155
155 155 155
155 155 155
155 155 155
155 155 155
155 155 155
155 155 155
155 155 155
155 155 155
155 155 155
155 155 155
155 155 155
155 155 155
155 155 155
155 155 155
155 155 155
155 155 155
155 155 155
155 155 155
155 155 155
155 155 155
155 155 155
155 155 155
155 155 155
155 155 155
155 155 155
155 155 155
155 155 155
155 155 155
155 155 155
155 155 155
155 155 155
155 155 155
155 155 155
155 155 155
155 155 155
155 155 155
155 155 155
155 155 155
155 155 155
155 155 155
155 155 155
155 155 155
155 155 155
155 155 155
155 155 155
155 155 155
155 155 155
155 155 155
155 155 155
155 155 155
155 155 155
155 155 155
155 155 155
155 155 155
155 155 155
155 155 155
155 155 155
155 155 155
155 155 155
155 155 155
155 155 155
155 155 155
155 155 155
155 155 155
155 155 155
155 155 155
155 155 155
155 155 155
155 155 155
155 155 155
155 155 155
155 155 155
155 155 155
155 155 155
155 155 155
155 155 155
155 155 155
155 155 155
155 155 155
155 155 155
155 155 155
155 155 155
155 155 155
155 155 155
155 155 155
155 155 155
155 155 155
155 155 155
155 155 155
155 155 155
155 155 155
155 155 155
155 155 155
155 155 155
155 155 155
155 155 155
155 155 155
155 155 155
155 155 155
155 155 155
155 155 155
155 155 155
155 155 155
155 155 155
155 155 155
155 155 155
155 155 155
155 155 155
155 155 155
153 155 155
144 146 147
153 155 155
153 155 155
148 151 155
151 154 155
151 154 155
119 122 126
55 59 64
39 43 48
71 77 84
93 99 106
101 107 114
39 45 52
198 204 211
181 189 196
209 218 227
35 44 53
58 62 73
219 220 234
19 19 33
7 6 22
213 215 233
224 231 248
24 34 51
229 245 2
247 7 19
229 244 253
230 239 248
199 201 211
234 229 238
235 230 239
189 190 204
18 23 38
26 33 48
11 18 33
12 21 34
17 26 39
96 105 118
90 100 110
90 99 109
100 109 118
109 116 125
110 116 123
114 116 124
117 116 125
111 110 119
99 101 109
84 90 103
51 60 73
28 37 50
51 60 73
32 41 54
64 73 86
249 2 15
200 209 222
213 222 235
27 36 46
75 84 94
96 105 115
54 63 73
3 12 22
1 10 20
233 242 252
52 59 68
58 65 74
28 35 44
21 27 34
1 7 14
9 13 18
17 21 26
16 19 23
54 57 61
52 54 55
75 75 75
112 112 112
144 142 141
155 154 153
155 155 154
155 155 154
155 155 155
155 155 155
155 155 155
155 155 155
155 155 155
155 155 155
155 155 155
155 155 155
155 155 155
155 155 155
155 155 155
155 155 155
155 155 155
155 155 155
155 155 155
155 155 155
155 155 155
155 155 155
155 155 155
155 155 155
155 155 155
155 155 155
155 155 155
155 155 155
155 155 155
155 155 155
155 155 155
155 155 155
155 155 155
155 155 155
155 155 155
155 155 155
155 155 155
155 155 155
155 155 155
155 155 155
155 155 155
155 155 155
155 155 155
155 155 155
155 155 155
155 155 155
155 155 155
155 155 155
155 155 155
155 155 155
155 155 155
155 155 155
155 155 155
155 155 155
155 155 155
155 155 155
155 155 155
155 155 155
155 155 155
155 155 155
155 155 155
155 155 155
155 155 155
155 155 155
155 155 155
155 155 155
155 155 155
155 155 155
155 155 155
155 155 155
155 155 155
155 155 155
155 155 155
155 155 155
155 155 155
155 155 155
155 155 155
155 155 155
155 155 155
155 155 155
155 155 155
155 155 155
155 155 155
155 155 155
155 155 155
155 155 155
155 155 155
155 155 155
155 155 155
155 155 155
155 155 155
155 155 155
155 155 155
155 155 155
155 155 155
155 155 155
155 155 155
155 155 155
155 155 155
155 155 155
155 155 155
155 155 155
155 155 155
155 155 155
155 155 155
155 155 155
155 155 155
155 155 155
155 155 155
155 155 155
155 155 155
155 155 155
155 155 155
155 155 155
155 155 155
155 155 155
155 155 155
155 155 155
155 155 155
155 155 155
155 155 155
155 155 155
155 155 155
155 155 155
155 155 155
155 155 155
155 155 155
155 155 155
155 155 155
155 155 155
155 155 155
155 155 155
155 155 155
155 155 155
155 155 155
155 155 155
155 155 155
155 155 155
155 155 155
155 155 155
155 155 155
155 155 155
155 155 155
155 155 155
155 155 155
155 155 155
155 155 155
155 155 155
155 155 155
155 155 155
155 155 155
155 155 155
155 155 155
155 155 155
155 155 155
155 155 155
155 155 155
155 155 155
155 155 155
155 155 155
155 155 155
155 155 155
155 155 155
155 155 155
155 155 155
155 155 155
155 155 155
155 155 155
155 155 155
155 155 155
155 155 155
155 155 155
155 155 155
155 155 155
155 155 155
155 155 155
155 155 155
155 155 155
155 155 155
155 155 155
155 155 155
155 155 155
153 155 155
148 150 151
148 150 151
147 149 150
145 148 152
151 154 155
144 147 151
71 74 78
39 43 48
68 72 77
78 84 91
91 97 104
72 78 85
40 46 53
174 180 187
203 209 216
225 233 240
99 105 112
79 81 89
245 241 252
51 44 57
245 238 251
217 215 227
229 229 241
228 234 245
211 220 229
210 220 227
160 166 171
157 158 162
241 236 237
35 22 24
193 184 187
238 238 250
59 64 79
41 48 63
48 55 70
24 32 45
39 48 61
96 106 116
85 95 105
91 100 109
102 110 117
109 115 122
109 112 120
111 110 119
114 112 118
109 107 113
97 96 105
90 96 107
81 90 103
67 76 89
50 59 72
15 24 37
25 34 47
250 3 16
251 4 17
204 213 226
178 190 202
171 180 193
17 29 41
64 75 89
57 68 82
58 69 83
51 62 76
56 67 81
46 57 71
45 54 67
46 55 68
61 70 80
9 16 25
26 32 39
11 15 20
42 46 51
37 40 44
59 61 62
91 91 91
130 128 127
155 155 151
155 155 152
155 155 152
155 155 154
155 155 155
155 155 155
155 155 155
155 155 155
155 155 155
155 155 155
155 155 155
155 155 155
155 155 155
155 155 155
155 155 155
155 155 155
155 155 155
155 155 155
155 155 155
155 155 155
155 155 155
155 155 155
155 155 155
155 155 155
155 155 155
155 155 155
155 155 155
155 155 155
155 155 155
155 155 155
155 155 155
155 155 155
155 155 155
155 155 155
155 155 155
155 155 155
155 155 155
155 155 155
155 155 155
155 155 155
155 155 155
155 155 155
155 155 155
155 155 155
155 155 155
155 155 155
155 155 155
155 155 155
155 155 155
155 155 155
155 155 155
155 155 155
155 155 155
155 155 155
155 155 155
155 155 155
155 155 155
155 155 155
155 155 155
155 155 155
155 155 155
155 155 155
155 155 155
155 155 155
155 155 155
155 155 155
155 155 155
155 155 155
155 155 155
155 155 155
155 155 155
155 155 155
155 155 155
155 155 155
155 155 155
155 155 155
155 155 155
155 155 155
155 155 155
155 155 155
155 155 155
155 155 155
155 155 155
155 155 155
155 155 155
155 155 155
155 155 155
155 155 155
155 155 155
155 155 155
155 155 155
155 155 155
155 155 155
155 155 155
155 155 155
155 155 155
155 155 155
155 155 155
155 155 155
155 155 155
155 155 155
155 155 155
155 155 155
155 155 155
155 155 155
155 155 155
155 155 155
155 155 155
155 155 155
155 155 155
155 155 155
155 155 155
155 155 155
155 155 155
155 155 155
155 155 155
155 155 155
155 155 155
155 155 155
155 155 155
155 155 155
155 155 155
155 155 155
155 155 155
155 155 155
155 155 155
155 155 155
155 155 155
155 155 155
155 155 155
155 155 155
155 155 155
155 155 155
155 155 155
155 155 155
155 155 155
155 155 155
155 155 155
155 155 155
155 155 155
155 155 155
155 155 155
155 155 155
155 155 155
155 155 155
155 155 155
155 155 155
155 155 155
155 155 155
155 155 155
155 155 155
155 155 155
155 155 155
155 155 155
155 155 155
155 155 155
155 155 155
155 155 155
155 155 155
155 155 155
155 155 155
155 155 155
155 155 155
155 155 155
155 155 155
155 155 155
155 155 155
155 155 155
155 155 155
155 155 155
155 155 155
155 155 155
155 155 155
155 155 155
155 155 155
155 155 155
155 155 155
155 155 155
155 155 155
155 155 155
155 155 155
153 155 155
153 155 155
146 148 149
142 144 145
151 154 155
151 154 155
107 111 116
54 58 63
74 78 83
52 56 61
94 100 107
93 99 106
83 89 96
25 31 38
186 193 202
204 210 217
32 36 41
109 110 114
81 77 82
26 20 25
61 50 58
252 241 249
240 232 239
252 248 254
222 222 228
176 179 183
156 156 156
218 219 217
250 245 242
47 37 30
250 231 226
222 207 205
33 32 42
62 67 82
46 51 66
42 49 64
20 28 41
42 50 63
71 81 91
71 81 91
102 111 120
112 120 127
117 123 130
115 119 124
116 116 122
119 118 122
115 111 116
104 102 108
87 92 101
90 99 109
71 81 91
62 72 82
53 62 75
36 45 58
255 11 23
22 34 46
36 47 61
33 46 60
5 16 30
234 247 5
225 238 254
231 244 4
240 253 13
10 23 39
252 10 28
18 32 50
13 26 42
43 56 72
44 55 69
76 85 98
50 57 66
29 35 42
54 58 63
44 47 51
54 56 57
68 68 68
108 106 105
152 149 145
155 151 148
155 154 150
155 155 154
155 155 155
155 155 155
155 155 155
155 155 155
155 155 155
155 155 155
155 155 155
155 155 155
155 155 155
155 155 155
155 155 155
155 155 155
155 155 155
155 155 155
155 155 155
155 155 155
155 155 155
155 155 155
155 155 155
155 155 155
155 155 155
155 155 155
155 155 155
155 155 155
155 155 155
155 155 155
155 155 155
155 155 155
155 155 155
155 155 155
155 155 155
155 155 155
155 155 155
155 155 155
155 155 155
155 155 155
155 155 155
155 155 155
155 155 155
155 155 155
155 155 155
155 155 155
155 155 155
155 155 155
155 155 155
155 155 155
155 155 155
155 155 155
155 155 155
155 155 155
155 155 155
155 155 155
155 155 155
155 155 155
155 155 155
155 155 155
155 155 155
155 155 155
155 155 155
155 155 155
155 155 155
155 155 155
155 155 155
155 155 155
155 155 155
155 155 155
155 155 155
155 155 155
155 155 155
155 155 155
155 155 155
155 155 155
155 155 155
155 155 155
155 155 155
155 155 155
155 155 155
155 155 155
155 155 155
155 155 155
155 155 155
155 155 155
155 155 155
155 155 155
155 155 155
155 155 155
155 155 155
155 155 155
155 155 155
155 155 155
155 155 155
155 155 155
155 155 155
155 155 155
155 155 155
155 155 155
155 155 155
155 155 155
155 155 155
155 155 155
155 155 155
155 155 155
155 155 155
155 155 155
155 155 155
155 155 155
155 155 155
155 155 155
155 155 155
155 155 155
155 155 155
155 155 155
155 155 155
155 155 155
155 155 155
155 155 155
155 155 155
155 155 155
155 155 155
155 155 155
155 155 155
155 155 155
155 155 155
155 155 155
155 155 155
155 155 155
155 155 155
155 155 155
155 155 155
155 155 155
155 155 155
155 155 155
155 155 155
155 155 155
155 155 155
155 155 155
155 155 155
155 155 155
155 155 155
155 155 155
155 155 155
155 155 155
155 155 155
155 155 155
155 155 155
155 155 155
155 155 155
155 155 155
155 155 155
155 155 155
155 155 155
155 155 155
155 155 155
155 155 155
155 155 155
155 155 155
155 155 155
155 155 155
155 155 155
155 155 155
155 155 155
155 155 155
155 155 155
155 155 155
155 155 155
155 155 155
155 155 155
155 155 155
155 155 155
155 155 155
155 155 155
155 155 155
155 155 155
155 155 155
155 155 155
155 155 155
155 155 155
150 149 151
153 155 155
146 148 149
151 153 154
151 154 155
123 126 130
67 71 76
65 69 74
77 81 86
65 69 74
72 76 81
104 108 113
64 67 75
62 65 73
195 198 206
230 233 241
120 125 128
97 100 104
85 81 86
47 41 46
46 36 42
10 254 4
235 225 231
1 250 253
25 20 22
24 21 23
13 11 11
13 9 8
36 28 28
33 21 19
204 189 187
25 14 16
59 61 71
45 54 68
52 61 75
17 26 40
27 36 49
55 64 77
85 95 105
93 103 113
103 112 121
112 119 128
115 121 128
112 115 123
110 113 118
112 112 118
108 106 112
97 96 105
94 100 107
74 83 92
84 93 102
99 109 119
61 70 83
57 66 79
58 69 83
59 70 84
77 90 106
67 79 97
88 102 120
37 51 69
23 39 56
47 65 82
15 32 51
227 246 11
4 25 47
234 255 21
6 24 47
20 37 58
41 56 75
37 50 66
41 52 66
70 82 92
76 87 95
56 66 73
50 59 63
47 52 55
84 86 87
140 140 140
153 148 149
155 151 152
155 155 155
155 155 155
155 155 155
155 155 155
155 155 155
155 155 155
155 155 155
155 155 155
155 155 155
155 155 155
155 155 155
155 155 155
155 155 155
155 155 155
155 155 155
155 155 155
155 155 155
155 155 155
155 155 155
155 155 155
155 155 155
155 155 155
155 155 155
155 155 155
155 155 155
155 155 155
155 155 155
155 155 155
155 155 155
155 155 155
155 155 155
155 155 155
155 155 155
155 155 155
155 155 155
155 155 155
155 155 155
155 155 155
155 155 155
155 155 155
155 155 155
155 155 155
155 155 155
155 155 155
155 155 155
155 155 155
155 155 155
155 155 155
155 155 155
155 155 155
155 155 155
155 155 155
155 155 155
155 155 155
155 155 155
155 155 155
155 155 155
155 155 155
155 155 155
155 155 155
155 155 155
155 155 155
155 155 155
155 155 155
155 155 155
155 155 155
155 155 155
155 155 155
155 155 155
155 155 155
155 155 155
155 155 155
155 155 155
155 155 155
155 155 155
155 155 155
155 155 155
155 155 155
155 155 155
155 155 155
155 155 155
155 155 155
155 155 155
155 155 155
155 155 155
155 155 155
155 155 155
155 155 155
155 155 155
155 155 155
155 155 155
155 155 155
155 155 155
155 155 155
155 155 155
155 155 155
155 155 155
155 155 155
155 155 155
155 155 155
155 155 155
155 155 155
155 155 155
155 155 155
155 155 155
155 155 155
155 155 155
155 155 155
155 155 155
155 155 155
155 155 155
155 155 155
155 155 155
155 155 155
155 155 155
155 155 155
155 155 155
155 155 155
155 155 155
155 155 155
155 155 155
155 155 155
155 155 155
155 155 155
155 155 155
155 155 155
155 155 155
155 155 155
155 155 155
155 155 155
155 155 155
155 155 155
155 155 155
155 155 155
155 155 155
155 155 155
155 155 155
155 155 155
155 155 155
155 155 155
155 155 155
155 155 155
155 155 155
155 155 155
155 155 155
155 155 155
155 155 155
155 155 155
155 155 155
155 155 155
155 155 155
155 155 155
155 155 155
155 155 155
155 155 155
155 155 155
155 155 155
155 155 155
155 155 155
155 155 155
155 155 155
155 155 155
155 155 155
155 155 155
155 155 155
155 155 155
155 155 155
155 155 155
155 155 155
155 155 155
155 155 155
155 155 155
155 155 155
155 155 155
155 155 155
155 155 155
155 155 155
155 155 155
150 149 151
154 153 155
153 154 155
152 153 155
140 143 147
77 80 84
57 62 65
77 84 87
36 43 46
46 51 54
68 73 76
53 56 60
63 66 71
23 23 29
216 216 222
75 78 83
121 127 132
79 88 92
64 67 72
38 39 43
52 48 53
34 27 30
20 11 14
40 31 34
63 54 57
48 41 46
59 52 59
74 69 78
17 13 24
212 210 222
253 250 9
59 62 76
67 79 91
57 73 85
54 70 82
254 14 26
44 60 72
56 70 82
74 88 100
95 107 119
97 109 119
104 114 124
96 105 115
107 116 126
110 116 127
97 101 112
96 100 111
84 89 98
71 80 84
87 96 100
108 116 123
99 108 117
100 109 119
104 113 127
68 78 95
67 76 96
60 71 93
20 32 56
21 35 58
21 39 62
10 31 53
9 32 54
221 245 11
1 27 51
215 245 18
10 42 71
242 12 42
10 34 62
28 49 76
47 68 90
15 35 53
3 26 42
28 51 66
252 20 32
40 62 73
26 43 52
49 60 68
81 86 95
141 140 150
155 151 155
155 154 155
155 155 155
155 155 155
155 155 155
155 155 155
155 155 155
155 155 155
155 155 155
155 155 155
155 155 155
155 155 155
155 155 155
155 155 155
155 155 155
155 155 155
155 155 155
155 155 155
155 155 155
155 155 155
155 155 155
155 155 155
155 155 155
155 155 155
155 155 155
155 155 155
155 155 155
155 155 155
155 155 155
155 155 155
155 155 155
155 155 155
155 155 155
155 155 155
155 155 155
155 155 155
155 155 155
155 155 155
155 155 155
155 155 155
155 155 155
155 155 155
155 155 155
155 155 155
155 155 155
155 155 155
155 155 155
155 155 155
155 155 155
155 155 155
155 155 155
155 155 155
155 155 155
155 155 155
155 155 155
155 155 155
155 155 155
155 155 155
155 155 155
155 155 155
155 155 155
155 155 155
155 155 155
155 155 155
155 155 155
155 155 155
155 155 155
155 155 155
155 155 155
155 155 155
155 155 155
155 155 155
155 155 155
155 155 155
155 155 155
155 155 155
155 155 155
155 155 155
155 155 155
155 155 155
155 155 155
155 155 155
155 155 155
155 155 155
155 155 155
155 155 155
155 155 155
155 155 155
155 155 155
155 155 155
155 155 155
155 155 155
155 155 155
155 155 155
155 155 155
155 155 155
155 155 155
155 155 155
155 155 155
155 155 155
155 155 155
155 155 155
155 155 155
155 155 155
155 155 155
155 155 155
155 155 155
155 155 155
155 155 155
155 155 155
155 155 155
155 155 155
155 155 155
155 155 155
155 155 155
155 155 155
155 155 155
155 155 155
155 155 155
155 155 155
155 155 155
155 155 155
155 155 155
155 155 155
155 155 155
155 155 155
155 155 155
155 155 155
155 155 155
155 155 155
155 155 155
155 155 155
155 155 155
155 155 155
155 155 155
155 155 155
155 155 155
155 155 155
155 155 155
155 155 155
155 155 155
155 155 155
155 155 155
155 155 155
155 155 155
155 155 155
155 155 155
155 155 155
155 155 155
155 155 155
155 155 155
155 155 155
155 155 155
155 155 155
155 155 155
155 155 155
155 155 155
155 155 155
155 155 155
155 155 155
155 155 155
155 155 155
155 155 155
155 155 155
155 155 155
155 155 155
155 155 155
155 155 155
155 155 155
155 155 155
155 155 155
155 155 155
155 155 155
155 155 155
155 155 155
155 155 155
155 155 155
155 155 155
155 155 155
155 152 155
149 148 152
146 147 151
153 154 155
123 126 130
77 82 85
57 64 67
40 47 50
250 1 4
5 12 15
6 11 14
18 21 25
67 68 72
250 251 255
12 11 15
123 123 129
84 92 99
71 81 88
52 58 63
22 25 29
31 30 34
65 60 62
62 54 55
61 52 55
56 45 48
57 47 53
17 9 19
211 207 219
176 175 191
218 220 238
40 45 66
68 78 96
44 61 74
58 78 89
55 73 84
1 19 30
40 58 69
72 88 100
85 99 111
87 101 113
103 115 127
96 108 120
95 104 117
79 88 101
86 94 107
92 100 113
67 75 88
61 70 80
82 93 97
86 98 100
98 106 113
88 97 106
81 89 102
56 65 79
41 51 69
56 67 89
31 43 67
41 54 80
28 45 71
247 11 36
254 20 45
248 18 42
33 59 83
248 23 48
10 44 74
230 9 42
29 58 89
40 66 96
11 33 61
41 63 88
45 69 91
30 56 73
22 51 66
44 76 89
81 111 122
66 90 102
39 55 67
48 57 70
126 127 141
153 152 155
155 154 155
155 155 155
155 155 155
155 155 155
155 155 155
155 155 155
155 155 155
155 155 155
155 155 155
155 155 155
155 155 155
155 155 155
155 155 155
155 155 155
155 155 155
155 155 155
155 155 155
155 155 155
155 155 155
155 155 155
155 155 155
155 155 155
155 155 155
155 155 155
155 155 155
155 155 155
155 155 155
155 155 155
155 155 155
155 155 155
155 155 155
155 155 155
155 155 155
155 155 155
155 155 155
155 155 155
155 155 155
155 155 155
155 155 155
155 155 155
155 155 155
155 155 155
155 155 155
155 155 155
155 155 155
155 155 155
155 155 155
155 155 155
155 155 155
155 155 155
155 155 155
155 155 155
155 155 155
155 155 155
155 155 155
155 155 155
155 155 155
155 155 155
155 155 155
155 155 155
155 155 155
155 155 155
155 155 155
155 155 155
155 155 155
155 155 155
155 155 155
155 155 155
155 155 155
155 155 155
155 155 155
155 155 155
155 155 155
155 155 155
155 155 155
155 155 155
155 155 155
155 155 155
155 155 155
155 155 155
155 155 155
155 155 155
155 155 155
155 155 155
155 155 155
155 155 155
155 155 155
155 155 155
155 155 155
155 155 155
155 155 155
155 155 155
155 155 155
155 155 155
155 155 155
155 155 155
155 155 155
155 155 155
155 155 155
155 155 155
155 155 155
155 155 155
155 155 155
155 155 155
155 155 155
155 155 155
155 155 155
155 155 155
155 155 155
155 155 155
155 155 155
155 155 155
155 155 155
155 155 155
155 155 155
155 155 155
155 155 155
155 155 155
155 155 155
155 155 155
155 155 155
155 155 155
155 155 155
155 155 155
155 155 155
155 155 155
155 155 155
155 155 155
155 155 155
155 155 155
155 155 155
155 155 155
155 155 155
155 155 155
155 155 155
155 155 155
155 155 155
155 155 155
155 155 155
155 155 155
155 155 155
155 155 155
155 155 155
155 155 155
155 155 155
155 155 155
155 155 155
155 155 155
155 155 155
155 155 155
155 155 155
155 155 155
155 155 155
155 155 155
155 155 155
155 155 155
155 155 155
155 155 155
155 155 155
155 155 155
155 155 155
155 155 155
155 155 155
155 155 155
155 155 155
155 155 155
155 155 155
155 155 155
155 155 155
155 155 155
155 155 155
155 155 155
155 155 155
155 155 155
155 155 155
155 155 155
155 155 155
155 155 155
155 154 155
153 152 155
149 150 154
150 151 155
71 74 78
47 52 55
51 58 61
27 34 37
11 18 21
3 10 13
15 20 23
52 55 59
84 85 89
215 216 220
255 254 2
100 103 108
81 91 98
76 88 94
59 68 72
39 44 47
18 19 23
52 49 51
50 43 46
47 40 43
4 251 254
220 213 218
167 162 171
164 163 173
218 219 233
42 47 62
88 96 113
66 79 95
68 84 97
70 88 99
44 62 73
7 25 36
40 56 68
80 96 108
83 97 109
80 94 106
85 97 109
92 104 116
80 89 102
78 87 100
79 88 101
57 66 79
42 50 63
41 50 60
81 92 96
99 112 114
79 89 96
89 100 108
68 77 90
63 73 90
40 52 70
41 54 76
249 7 30
31 47 70
30 47 73
5 25 50
19 41 66
26 52 76
251 22 43
14 45 68
242 19 45
12 44 73
255 28 55
30 55 81
64 86 111
16 37 59
41 65 85
13 39 56
38 67 82
52 84 97
39 69 80
49 75 87
46 63 76
61 72 86
120 123 138
146 146 155
153 154 155
155 155 155
155 155 155
155 155 155
155 155 155
155 155 155
155 155 155
155 155 155
155 155 155
155 155 155
155 155 155
155 155 155
155 155 155
155 155 155
155 155 155
155 155 155
155 155 155
155 155 155
155 155 155
155 155 155
155 155 155
155 155 155
155 155 155
155 155 155
155 155 155
155 155 155
155 155 155
155 155 155
155 155 155
155 155 155
155 155 155
155 155 155
155 155 155
155 155 155
155 155 155
155 155 155
155 155 155
155 155 155
155 155 155
155 155 155
155 155 155
155 155 155
155 155 155
155 155 155
155 155 155
155 155 155
155 155 155
155 155 155
155 155 155
155 155 155
155 155 155
155 155 155
155 155 155
155 155 155
155 155 155
155 155 155
155 155 155
155 155 155
155 155 155
155 155 155
155 155 155
155 155 155
155 155 155
155 155 155
155 155 155
155 155 155
155 155 155
155 155 155
155 155 155
155 155 155
155 155 155
155 155 155
155 155 155
155 155 155
155 155 155
155 155 155
155 155 155
155 155 155
155 155 155
155 155 155
155 155 155
155 155 155
155 155 155
155 155 155
155 155 155
155 155 155
155 155 155
155 155 155
155 155 155
155 155 155
155 155 155
155 155 155
155 155 155
155 155 155
155 155 155
155 155 155
155 155 155
155 155 155
155 155 155
155 155 155
155 155 155
155 155 155
155 155 155
155 155 155
155 155 155
155 155 155
155 155 155
155 155 155
155 155 155
155 155 155
155 155 155
155 155 155
155 155 155
155 155 155
155 155 155
155 155 155
155 155 155
155 155 155
155 155 155
155 155 155
155 155 155
155 155 155
155 155 155
155 155 155
155 155 155
155 155 155
155 155 155
155 155 155
155 155 155
155 155 155
155 155 155
155 155 155
155 155 155
155 155 155
155 155 155
155 155 155
155 155 155
155 155 155
155 155 155
155 155 155
155 155 155
155 155 155
155 155 155
155 155 155
155 155 155
155 155 155
155 155 155
155 155 155
155 155 155
155 155 155
155 155 155
155 155 155
155 155 155
155 155 155
155 155 155
155 155 155
155 155 155
155 155 155
155 155 155
155 155 155
155 155 155
155 155 155
155 155 155
155 155 155
155 155 155
155 155 155
155 155 155
155 155 155
155 155 155
155 155 155
155 155 155
155 155 155
155 155 155
155 155 155
155 155 155
155 155 155
155 155 155
155 154 155
155 154 155
151 152 155
153 154 155
115 118 122
35 40 43
23 30 33
26 33 36
17 24 27
246 253 0
254 5 8
236 241 244
75 80 83
51 54 58
187 188 192
45 44 48
115 118 123
81 91 98
55 68 76
50 60 67
51 57 62
10 13 17
246 245 247
240 237 239
250 245 247
192 187 189
173 169 174
192 190 196
10 12 20
57 61 72
66 74 87
78 89 103
75 88 102
67 83 96
44 62 73
9 27 38
21 39 50
50 66 78
75 91 103
63 77 89
70 84 96
51 63 75
57 69 81
54 63 76
68 77 90
60 69 82
18 27 40
21 29 42
55 65 75
75 87 93
75 90 93
81 94 102
41 53 63
62 75 89
250 7 23
14 28 47
248 6 28
3 19 42
225 243 10
231 251 20
233 255 24
202 226 250
227 251 17
206 233 254
239 12 33
1 32 55
242 17 40
6 32 56
4 27 49
25 44 65
11 30 51
27 49 67
18 43 59
24 53 67
54 86 99
64 96 107
80 108 119
64 83 96
48 61 75
89 96 111
149 151 155
153 154 155
155 155 155
155 155 155
155 155 155
155 155 155
155 155 155
155 155 155
155 155 155
155 155 155
155 155 155
155 155 155
155 155 155
155 155 155
155 155 155
155 155 155
155 155 155
155 155 155
155 155 155
155 155 155
155 155 155
155 155 155
155 155 155
155 155 155
155 155 155
155 155 155
155 155 155
155 155 155
155 155 155
155 155 155
155 155 155
155 155 155
155 155 155
155 155 155
155 155 155
155 155 155
155 155 155
155 155 155
155 155 155
155 155 155
155 155 155
155 155 155
155 155 155
155 155 155
155 155 155
155 155 155
155 155 155
155 155 155
155 155 155
155 155 155
155 155 155
155 155 155
155 155 155
155 155 155
155 155 155
155 155 155
155 155 155
155 155 155
155 155 155
155 155 155
155 155 155
155 155 155
155 155 155
155 155 155
155 155 155
155 155 155
155 155 155
155 155 155
155 155 155
155 155 155
155 155 155
155 155 155
155 155 155
155 155 155
155 155 155
155 155 155
155 155 155
155 155 155
155 155 155
155 155 155
155 155 155
155 155 155
155 155 155
155 155 155
155 155 155
155 155 155
155 155 155
155 155 155
155 155 155
155 155 155
155 155 155
155 155 155
155 155 155
155 155 155
155 155 155
155 155 155
155 155 155
155 155 155
155 155 155
155 155 155
155 155 155
155 155 155
155 155 155
155 155 155
155 155 155
155 155 155
155 155 155
155 155 155
155 155 155
155 155 155
155 155 155
155 155 155
155 155 155
155 155 155
155 155 155
155 155 155
155 155 155
155 155 155
155 155 155
155 155 155
155 155 155
155 155 155
155 155 155
155 155 155
155 155 155
155 155 155
155 155 155
155 155 155
155 155 155
155 155 155
155 155 155
155 155 155
155 155 155
155 155 155
155 155 155
155 155 155
155 155 155
155 155 155
155 155 155
155 155 155
155 155 155
155 155 155
155 155 155
155 155 155
155 155 155
155 155 155
155 155 155
155 155 155
155 155 155
155 155 155
155 155 155
155 155 155
155 155 155
155 155 155
155 155 155
155 155 155
155 155 155
155 155 155
155 155 155
155 155 155
155 155 155
155 155 155
155 155 155
155 155 155
155 155 155
155 155 155
155 155 155
155 155 155
155 155 155
155 155 155
155 155 155
155 155 155
155 155 155
155 155 155
155 155 155
155 155 155
155 155 155
155 155 155
155 154 155
153 154 155
143 143 149
143 143 149
71 74 79
38 42 47
26 32 37
250 0 5
247 0 4
249 2 6
56 65 69
249 255 4
110 114 119
2 5 10
187 190 195
92 92 98
87 91 96
115 127 133
79 92 100
69 81 87
58 67 71
30 34 39
240 243 247
226 227 231
212 211 215
248 247 251
20 21 25
38 41 46
49 52 60
54 61 70
69 79 89
67 79 89
22 36 48
17 33 46
5 22 35
250 10 23
42 58 71
58 74 87
58 74 87
37 50 64
46 59 73
58 69 83
22 33 47
57 68 82
32 43 57
23 32 46
27 36 50
3 12 26
80 89 102
75 91 98
78 94 100
39 55 62
59 76 85
36 53 66
10 26 42
239 0 19
237 0 21
220 238 5
250 15 37
222 245 11
218 242 8
8 32 54
221 246 10
228 255 19
224 252 13
188 216 233
194 220 237
250 16 34
13 33 50
2 18 35
241 1 18
239 3 20
245 15 29
238 11 25
244 20 33
26 58 71
53 82 96
70 93 108
56 72 88
74 84 101
146 152 155
153 154 155
155 155 155
155 155 155
155 155 155
155 155 155
155 155 155
155 155 155
155 155 155
155 155 155
155 155 155
155 155 155
155 155 155
155 155 155
155 155 155
155 155 155
155 155 155
155 155 155
155 155 155
155 155 155
155 155 155
155 155 155
155 155 155
155 155 155
155 155 155
155 155 155
155 155 155
155 155 155
155 155 155
155 155 155
155 155 155
155 155 155
155 155 155
155 155 155
155 155 155
155 155 155
155 155 155
155 155 155
155 155 155
155 155 155
155 155 155
155 155 155
155 155 155
155 155 155
155 155 155
155 155 155
155 155 155
155 155 155
155 155 155
155 155 155
155 155 155
155 155 155
155 155 155
155 155 155
155 155 155
155 155 155
155 155 155
155 155 155
155 155 155
155 155 155
155 155 155
155 155 155
155 155 155
155 155 155
155 155 155
155 155 155
155 155 155
155 155 155
155 155 155
155 155 155
155 155 155
155 155 155
155 155 155
155 155 155
155 155 155
155 155 155
155 155 155
155 155 155
155 155 155
155 155 155
155 155 155
155 155 155
155 155 155
155 155 155
155 155 155
155 155 155
155 155 155
155 155 155
155 155 155
155 155 155
155 155 155
155 155 155
155 155 155
155 155 155
155 155 155
155 155 155
155 155 155
155 155 155
155 155 155
155 155 155
155 155 155
155 155 155
155 155 155
155 155 155
155 155 155
155 155 155
155 155 155
155 155 155
155 155 155
155 155 155
155 155 155
155 155 155
155 155 155
155 155 155
155 155 155
155 155 155
155 155 155
155 155 155
155 155 155
155 155 155
155 155 155
155 155 155
155 155 155
155 155 155
155 155 155
155 155 155
155 155 155
155 155 155
155 155 155
155 155 155
155 155 155
155 155 155
155 155 155
155 155 155
155 155 155
155 155 155
155 155 155
155 155 155
155 155 155
155 155 155
155 155 155
155 155 155
155 155 155
155 155 155
155 155 155
155 155 155
155 155 155
155 155 155
155 155 155
155 155 155
155 155 155
155 155 155
155 155 155
155 155 155
155 155 155
155 155 155
155 155 155
155 155 155
155 155 155
155 155 155
155 155 155
155 155 155
155 155 155
155 155 155
155 155 155
155 155 155
155 155 155
155 155 155
155 155 155
155 155 155
155 155 155
155 155 155
155 155 155
155 155 155
155 155 155
155 155 155
155 155 155
155 155 155
155 154 155
153 154 155
144 147 152
124 127 132
38 42 47
24 30 35
5 14 18
232 241 245
250 5 9
239 248 252
50 59 63
63 72 76
101 107 112
229 233 238
39 42 47
118 118 124
106 109 117
89 100 108
74 90 97
63 76 84
51 61 68
74 82 89
78 82 87
74 77 82
26 29 33
8 11 15
249 252 0
3 7 12
31 40 44
8 18 25
235 248 0
28 44 51
84 101 110
96 112 124
104 120 133
91 107 120
103 119 132
74 90 103
47 63 76
19 32 46
9 22 36
250 5 19
13 24 38
245 0 14
15 26 40
20 29 43
13 22 36
63 72 86
57 69 81
15 33 40
67 86 93
76 95 103
57 75 86
20 39 54
253 17 34
245 9 27
243 8 29
239 4 26
220 243 9
217 241 7
228 253 17
220 245 9
218 244 5
238 8 25
206 232 248
179 203 215
192 214 226
174 191 204
189 205 218
185 198 212
158 173 189
156 171 186
168 191 206
156 163 177
156 171 184
203 237 250
7 39 52
57 83 97
57 76 91
57 70 86
116 124 137
151 154 155
155 155 155
155 155 155
155 155 155
155 155 155
155 155 155
155 155 155
155 155 155
155 155 155
155 155 155
155 155 155
155 155 155
155 155 155
155 155 155
155 155 155
155 155 155
155 155 155
155 155 155
155 155 155
155 155 155
155 155 155
155 155 155
155 155 155
155 155 155
155 155 155
155 155 155
155 155 155
155 155 155
155 155 155
155 155 155
155 155 155
155 155 155
155 155 155
155 155 155
155 155 155
155 155 155
155 155 155
155 155 155
155 155 155
155 155 155
155 155 155
155 155 155
155 155 155
155 155 155
155 155 155
155 155 155
155 155 155
155 155 155
155 155 155
155 155 155
155 155 155
155 155 155
155 155 155
155 155 155
155 155 155
155 155 155
155 155 155
155 155 155
155 155 155
155 155 155
155 155 155
155 155 155
155 155 155
155 155 155
155 155 155
155 155 155
155 155 155
155 155 155
155 155 155
155 155 155
155 155 155
155 155 155
155 155 155
155 155 155
155 155 155
155 155 155
155 155 155
155 155 155
155 155 155
155 155 155
155 155 155
155 155 155
155 155 155
155 155 155
155 155 155
155 155 155
155 155 155
155 155 155
155 155 155
155 155 155
155 155 155
155 155 155
155 155 155
155 155 155
155 155 155
155 155 155
155 155 155
155 155 155
155 155 155
155 155 155
155 155 155
155 155 155
155 155 155
155 155 155
155 155 155
155 155 155
155 155 155
155 155 155
155 155 155
155 155 155
155 155 155
155 155 155
155 155 155
155 155 155
155 155 155
155 155 155
155 155 155
155 155 155
155 155 155
155 155 155
155 155 155
155 155 155
155 155 155
155 155 155
155 155 155
155 155 155
155 155 155
155 155 155
155 155 155
155 155 155
155 155 155
155 155 155
155 155 155
155 155 155
155 155 155
155 155 155
155 155 155
155 155 155
155 155 155
155 155 155
155 155 155
155 155 155
155 155 155
155 155 155
155 155 155
155 155 155
155 155 155
155 155 155
155 155 155
155 155 155
155 155 155
155 155 155
155 155 155
155 155 155
155 155 155
155 155 155
155 155 155
155 155 155
155 155 155
155 155 155
155 155 155
155 155 155
155 155 155
155 155 155
155 155 155
155 155 155
155 155 155
155 155 155
155 155 155
155 155 155
155 155 155
155 155 155
155 155 155
155 155 155
155 155 155
155 155 155
155 155 155
155 154 155
153 153 155
150 152 155
95 97 105
31 34 42
4 10 17
237 245 252
236 246 253
0 12 18
248 2 9
32 42 49
104 112 119
56 62 69
225 228 236
101 104 112
98 100 108
110 116 123
92 105 113
91 107 114
65 78 86
59 71 77
77 87 94
76 84 91
57 63 70
14 18 23
253 1 6
8 14 19
2 11 15
7 18 22
39 51 57
94 108 114
119 135 141
84 102 109
53 69 81
77 90 104
75 88 102
88 101 115
79 92 106
76 89 103
69 82 96
49 62 76
236 249 7
205 218 232
28 39 53
10 21 35
16 27 41
77 88 102
49 60 74
75 89 101
69 88 96
80 101 109
46 66 77
40 62 74
26 49 64
58 83 99
0 24 42
226 251 15
251 19 41
237 5 27
234 3 23
237 6 26
199 223 241
198 223 239
156 172 188
158 182 194
161 182 190
156 156 163
177 192 201
156 163 173
188 197 210
255 10 24
176 191 207
191 212 227
0 26 42
188 219 234
156 164 179
163 194 209
228 254 14
38 58 75
66 82 98
105 114 127
151 154 155
155 155 155
155 155 155
155 155 155
155 155 155
155 155 155
155 155 155
155 155 155
155 155 155
155 155 155
155 155 155
155 155 155
155 155 155
155 155 155
155 155 155
155 155 155
155 155 155
155 155 155
155 155 155
155 155 155
155 155 155
155 155 155
155 155 155
155 155 155
155 155 155
155 155 155
155 155 155
155 155 155
155 155 155
155 155 155
155 155 155
155 155 155
155 155 155
155 155 155
155 155 155
155 155 155
155 155 155
155 155 155
155 155 155
155 155 155
155 155 155
155 155 155
155 155 155
155 155 155
155 155 155
155 155 155
155 155 155
155 155 155
155 155 155
155 155 155
155 155 155
155 155 155
155 155 155
155 155 155
155 155 155
155 155 155
155 155 155
155 155 155
155 155 155
155 155 155
155 155 155
155 155 155
155 155 155
155 155 155
155 155 155
155 155 155
155 155 155
155 155 155
155 155 155
155 155 155
155 155 155
155 155 155
155 155 155
155 155 155
155 155 155
155 155 155
155 155 155
155 155 155
155 155 155
155 155 155
155 155 155
155 155 155
155 155 155
155 155 155
155 155 155
155 155 155
155 155 155
155 155 155
155 155 155
155 155 155
155 155 155
155 155 155
155 155 155
155 155 155
155 155 155
155 155 155
155 155 155
155 155 155
155 155 155
155 155 155
155 155 155
155 155 155
155 155 155
155 155 155
155 155 155
155 155 155
155 155 155
155 155 155
155 155 155
155 155 155
155 155 155
155 155 155
155 155 155
155 155 155
155 155 155
155 155 155
155 155 155
155 155 155
155 155 155
155 155 155
155 155 155
155 155 155
155 155 155
155 155 155
155 155 155
155 155 155
155 155 155
155 155 155
155 155 155
155 155 155
155 155 155
155 155 155
155 155 155
155 155 155
155 155 155
155 155 155
155 155 155
155 155 155
155 155 155
155 155 155
155 155 155
155 155 155
155 155 155
155 155 155
155 155 155
155 155 155
155 155 155
155 155 155
155 155 155
155 155 155
155 155 155
155 155 155
155 155 155
155 155 155
155 155 155
155 155 155
155 155 155
155 155 155
155 155 155
155 155 155
155 155 155
155 155 155
155 155 155
155 155 155
155 155 155
155 155 155
155 155 155
155 155 155
155 155 155
155 155 155
155 155 155
155 155 155
155 155 155
155 155 155
155 155 155
155 155 155
155 155 155
153 155 155
151 154 155
147 150 155
59 61 71
38 44 51
8 15 24
239 249 0
247 2 10
234 246 252
216 227 235
39 51 57
91 100 109
77 85 92
48 53 62
118 121 129
122 124 134
100 105 114
79 92 100
80 95 104
57 70 78
86 99 107
85 96 104
54 63 72
24 31 40
17 24 33
58 64 71
68 76 83
72 82 89
86 98 104
93 107 113
97 111 117
75 91 98
19 37 44
36 50 62
51 64 78
55 68 82
84 97 111
101 114 128
104 117 131
97 110 124
61 74 88
81 94 108
69 82 96
95 106 120
99 110 124
71 82 96
73 84 98
87 98 112
79 92 106
73 91 102
34 56 67
45 67 79
2 25 40
8 33 49
227 253 14
250 19 39
42 69 89
18 45 66
1 28 48
229 254 18
202 226 244
161 186 202
156 162 177
193 214 229
156 174 185
238 1 6
79 94 97
7 19 25
156 165 174
28 34 45
69 78 92
208 221 237
5 23 40
49 75 91
21 52 67
190 223 238
181 214 229
167 193 209
225 248 8
39 55 71
95 107 119
150 155 155
155 155 155
155 155 155
155 155 155
155 155 155
155 155 155
155 155 155
155 155 155
155 155 155
155 155 155
155 155 155
155 155 155
155 155 155
155 155 155
155 155 155
155 155 155
155 155 155
155 155 155
155 155 155
155 155 155
155 155 155
155 155 155
155 155 155
155 155 155
155 155 155
155 155 155
155 155 155
155 155 155
155 155 155
155 155 155
155 155 155
155 155 155
155 155 155
155 155 155
155 155 155
155 155 155
155 155 155
146 146 146
155 155 155
155 155 155
155 155 155
155 155 155
150 150 150
155 155 155
155 155 155
150 150 150
155 155 155
155 155 155
155 155 155
155 155 155
155 155 155
155 155 155
155 155 155
155 155 155
155 155 155
155 155 155
155 155 155
155 155 155
155 155 155
155 155 155
155 155 155
155 155 155
155 155 155
155 155 155
155 155 155
155 155 155
155 155 155
155 155 155
155 155 155
155 155 155
155 155 155
155 155 155
155 155 155
155 155 155
155 155 155
155 155 155
155 155 155
155 155 155
155 155 155
155 155 155
155 155 155
155 155 155
155 155 155
155 155 155
155 155 155
155 155 155
155 155 155
155 155 155
155 155 155
155 155 155
155 155 155
155 155 155
155 155 155
155 155 155
155 155 155
155 155 155
155 155 155
155 155 155
155 155 155
155 155 155
155 155 155
155 155 155
155 155 155
155 155 155
155 155 155
155 155 155
155 155 155
155 155 155
155 155 155
155 155 155
155 155 155
155 155 155
155 155 155
155 155 155
155 155 155
155 155 155
155 155 155
155 155 155
155 155 155
155 155 155
155 155 155
155 155 155
155 155 155
155 155 155
155 155 155
155 155 155
155 155 155
155 155 155
155 155 155
155 155 155
155 155 155
155 155 155
155 155 155
155 155 155
155 155 155
155 155 155
155 155 155
155 155 155
155 155 155
155 155 155
155 155 155
155 155 155
155 155 155
155 155 155
155 155 155
155 155 155
155 155 155
155 155 155
152 152 152
155 155 155
149 149 149
155 155 155
155 155 155
151 151 151
155 155 155
155 155 155
155 155 155
155 155 155
155 155 155
155 155 155
155 155 155
155 155 155
155 155 155
155 155 155
155 155 155
155 155 155
155 155 155
155 155 155
155 155 155
155 155 155
153 153 153
152 152 152
150 150 150
155 155 155
155 155 155
155 155 155
155 155 155
153 155 155
151 153 155
107 109 119
48 52 63
31 38 47
245 254 8
254 9 17
6 16 26
251 8 16
232 244 254
83 94 102
95 105 115
50 59 68
74 80 91
105 110 119
102 104 115
103 108 117
82 95 103
66 82 89
72 84 94
94 106 116
98 108 118
80 89 99
72 81 91
81 90 100
83 89 100
89 98 108
99 108 118
95 105 115
70 82 92
37 50 58
10 25 34
254 13 22
20 31 45
47 57 74
57 67 84
44 54 71
85 95 112
82 92 109
81 94 110
104 117 133
100 113 129
100 113 129
93 106 122
77 90 106
97 110 126
86 99 115
80 93 109
75 90 106
41 60 73
237 2 17
238 5 20
11 36 52
17 43 60
1 28 48
6 33 53
14 43 64
2 32 51
250 21 41
197 223 240
159 184 200
179 200 215
3 25 37
46 66 77
180 199 206
252 11 13
102 114 114
36 45 49
156 158 165
2 6 17
87 92 107
166 176 193
4 20 37
60 84 102
200 230 247
16 49 65
253 30 46
156 161 176
156 167 183
223 242 1
89 101 113
150 155 155
155 155 155
155 155 155
155 155 155
155 155 155
155 155 155
155 155 155
155 155 155
155 155 155
155 155 155
155 155 155
155 155 155
155 155 155
155 155 155
155 155 155
155 155 155
155 155 155
155 155 155
155 155 155
155 155 155
155 155 155
155 155 155
155 155 155
155 155 155
155 155 155
155 155 155
155 155 155
155 155 155
155 155 155
155 155 155
155 155 155
155 155 155
155 155 155
155 155 155
146 146 146
155 155 155
153 153 153
155 155 155
135 135 135
155 155 155
151 151 151
155 155 155
150 150 150
155 155 155
155 155 155
155 155 155
155 155 155
147 147 147
148 148 148
155 155 155
155 155 155
155 155 155
155 155 155
155 155 155
155 155 155
155 155 155
155 155 155
155 155 155
155 155 155
155 155 155
155 155 155
155 155 155
155 155 155
155 155 155
155 155 155
155 155 155
155 155 155
155 155 155
155 155 155
155 155 155
155 155 155
155 155 155
155 155 155
155 155 155
155 155 155
155 155 155
155 155 155
155 155 155
155 155 155
155 155 155
155 155 155
155 155 155
155 155 155
155 155 155
155 155 155
155 155 155
155 155 155
155 155 155
155 155 155
155 155 155
155 155 155
155 155 155
155 155 155
155 155 155
155 155 155
155 155 155
155 155 155
155 155 155
155 155 155
155 155 155
155 155 155
155 155 155
155 155 155
155 155 155
155 155 155
155 155 155
155 155 155
155 155 155
155 155 155
155 155 155
155 155 155
155 155 155
155 155 155
155 155 155
155 155 155
155 155 155
155 155 155
155 155 155
155 155 155
155 155 155
155 155 155
155 155 155
155 155 155
155 155 155
155 155 155
155 155 155
155 155 155
155 155 155
155 155 155
155 155 155
155 155 155
155 155 155
155 155 155
155 155 155
155 155 155
155 155 155
155 155 155
155 155 155
155 155 155
155 155 155
155 155 155
155 155 155
155 155 155
155 155 155
155 155 155
155 155 155
154 154 154
154 154 154
154 154 154
155 155 155
155 155 155
155 155 155
155 155 155
155 155 155
155 155 155
155 155 155
155 155 155
155 155 155
155 155 155
155 155 155
155 155 155
155 155 155
155 155 155
155 155 155
155 155 155
155 155 155
155 155 155
155 155 155
155 155 155
155 155 155
152 152 152
152 152 152
154 154 154
155 155 155
155 155 155
155 155 155
151 151 151
151 152 155
138 140 150
75 79 90
47 53 64
34 43 53
246 0 10
9 21 31
1 13 23
228 240 250
19 31 41
85 97 107
89 99 109
77 87 97
121 130 140
132 138 149
108 112 123
112 118 129
88 99 107
101 114 122
113 125 135
103 115 125
78 88 98
59 68 81
66 73 88
81 88 103
42 49 64
22 29 44
9 18 32
8 17 31
244 255 13
211 223 235
193 205 217
197 208 222
252 6 23
42 52 69
74 84 101
75 85 102
56 66 83
63 73 90
82 95 111
69 82 98
48 61 77
68 81 97
77 90 106
52 65 81
57 70 86
50 63 79
42 55 71
17 32 48
16 35 50
4 27 43
221 244 4
236 6 23
250 19 39
1 28 48
236 9 30
230 3 24
188 218 237
156 172 189
156 179 195
167 190 205
210 229 242
41 59 70
56 73 82
218 234 240
200 213 215
90 100 100
7 11 16
156 156 162
194 195 209
69 72 87
156 156 171
253 12 31
34 58 78
156 166 185
3 35 54
229 6 22
223 252 11
157 182 198
160 179 194
56 68 80
150 155 155
155 155 155
155 155 155
155 155 155
155 155 155
155 155 155
155 155 155
155 155 155
155 155 155
155 155 155
155 155 155
155 155 155
155 155 155
155 155 155
155 155 155
155 155 155
155 155 155
155 155 155
155 155 155
155 155 155
155 155 155
155 155 155
155 155 155
155 155 155
155 155 155
155 155 155
155 155 155
155 155 155
155 155 155
155 155 155
155 155 155
155 155 155
155 155 155
155 155 155
155 155 155
153 153 153
155 155 155
148 148 148
155 155 155
155 155 155
155 155 155
151 151 151
155 155 155
155 155 155
152 152 152
153 153 153
153 153 153
155 155 155
155 155 155
155 155 155
155 155 155
155 155 155
155 155 155
155 155 155
155 155 155
155 155 155
155 155 155
155 155 155
155 155 155
155 155 155
155 155 155
155 155 155
155 155 155
155 155 155
155 155 155
155 155 155
155 155 155
155 155 155
155 155 155
155 155 155
155 155 155
155 155 155
155 155 155
155 155 155
155 155 155
155 155 155
155 155 155
155 155 155
155 155 155
155 155 155
155 155 155
155 155 155
155 155 155
155 155 155
155 155 155
155 155 155
155 155 155
155 155 155
155 155 155
155 155 155
155 155 155
155 155 155
155 155 155
155 155 155
155 155 155
155 155 155
155 155 155
155 155 155
155 155 155
155 155 155
155 155 155
155 155 155
155 155 155
155 155 155
155 155 155
155 155 155
155 155 155
155 155 155
155 155 155
155 155 155
155 155 155
155 155 155
155 155 155
155 155 155
155 155 155
155 155 155
155 155 155
155 155 155
155 155 155
155 155 155
155 155 155
155 155 155
155 155 155
155 155 155
155 155 155
155 155 155
155 155 155
155 155 155
155 155 155
155 155 155
155 155 155
155 155 155
155 155 155
155 155 155
155 155 155
155 155 155
155 155 155
155 155 155
155 155 155
155 155 155
155 155 155
155 155 155
155 155 155
155 155 155
155 155 155
155 155 155
151 151 151
150 150 150
150 150 150
152 152 152
152 152 152
151 151 151
151 151 151
153 153 153
155 155 155
155 155 155
155 155 155
155 155 155
155 155 155
155 155 155
155 155 155
155 155 155
155 155 155
155 155 155
155 155 155
155 155 155
155 155 155
155 155 155
155 155 155
155 155 155
152 152 152
154 154 154
155 155 155
155 155 155
155 155 155
154 154 154
152 152 152
147 148 152
129 131 141
53 59 72
42 48 61
27 35 48
239 248 5
11 23 35
10 22 34
238 252 8
75 89 101
83 97 109
102 114 126
114 123 136
107 115 128
92 98 111
88 94 107
93 99 110
88 99 107
86 98 104
69 80 88
48 58 68
40 49 62
31 40 54
253 5 22
214 221 240
194 201 221
170 177 197
156 163 183
162 169 189
163 170 190
156 160 179
156 157 176
157 164 183
156 157 176
197 204 223
1 8 27
62 69 88
71 81 99
66 76 94
80 90 108
68 78 96
84 96 114
60 72 90
50 64 82
32 46 64
23 37 55
7 21 39
30 44 62
45 61 78
46 64 81
16 38 56
4 26 44
238 7 27
239 8 28
207 234 255
210 239 4
158 187 208
156 175 195
214 240 1
243 10 26
186 207 222
163 181 192
54 69 78
69 82 90
158 170 176
156 162 165
83 90 93
194 197 205
157 158 168
156 156 169
230 232 250
156 156 174
210 222 246
234 255 21
156 161 182
3 32 53
185 215 234
29 55 72
204 227 243
156 156 169
80 92 102
150 155 155
155 155 155
155 155 155
155 155 155
155 155 155
155 155 155
155 155 155
155 155 155
155 155 155
155 155 155
155 155 155
155 155 155
155 155 155
155 155 155
155 155 155
155 155 155
155 155 155
155 155 155
155 155 155
155 155 155
155 155 155
155 155 155
155 155 155
155 155 155
155 155 155
155 155 155
155 155 155
155 155 155
155 155 155
155 155 155
155 155 155
155 155 155
155 155 155
155 155 155
147 147 147
155 155 155
144 144 144
142 142 142
155 155 155
154 154 154
140 140 140
155 155 155
155 155 155
155 155 155
155 155 155
151 151 151
146 146 146
154 154 154
155 155 155
150 150 150
155 155 155
155 155 155
155 155 155
155 155 155
155 155 155
155 155 155
155 155 155
155 155 155
155 155 155
155 155 155
155 155 155
155 155 155
155 155 155
155 155 155
155 155 155
155 155 155
155 155 155
155 155 155
155 155 155
155 155 155
155 155 155
155 155 155
155 155 155
155 155 155
155 155 155
155 155 155
155 155 155
155 155 155
155 155 155
155 155 155
155 155 155
155 155 155
155 155 155
155 155 155
155 155 155
155 155 155
155 155 155
155 155 155
155 155 155
155 155 155
155 155 155
155 155 155
155 155 155
155 155 155
155 155 155
155 155 155
155 155 155
155 155 155
155 155 155
155 155 155
155 155 155
155 155 155
155 155 155
155 155 155
155 155 155
155 155 155
155 155 155
155 155 155
155 155 155
155 155 155
155 155 155
155 155 155
155 155 155
155 155 155
155 155 155
155 155 155
155 155 155
155 155 155
155 155 155
155 155 155
155 155 155
155 155 155
155 155 155
155 155 155
155 155 155
155 155 155
155 155 155
155 155 155
155 155 155
155 155 155
155 155 155
155 155 155
155 155 155
155 155 155
155 155 155
155 155 155
155 155 155
155 155 155
155 155 155
155 155 155
155 155 155
155 155 155
155 155 155
155 155 155
155 155 155
155 155 155
155 155 155
155 155 155
155 155 155
155 155 155
154 154 154
155 155 155
155 155 155
149 149 149
155 155 155
155 155 155
155 155 155
155 155 155
155 155 155
155 155 155
155 155 155
155 155 155
155 155 155
155 155 155
155 155 155
155 155 155
155 155 155
155 155 155
155 155 155
155 155 155
155 155 155
155 155 155
155 155 155
155 155 155
152 152 152
155 155 155
155 155 155
149 150 154
76 81 90
39 47 60
40 48 61
50 59 72
20 32 44
12 26 38
23 37 49
14 28 40
78 92 104
87 101 113
94 106 118
77 89 101
56 65 78
59 67 80
73 79 92
68 77 87
92 102 109
88 100 106
64 73 82
24 34 44
254 7 21
235 243 4
199 206 226
159 165 188
156 161 186
156 161 186
156 157 182
156 156 176
156 156 181
156 161 186
156 160 185
156 156 177
156 156 171
168 175 194
164 171 190
255 6 25
26 36 54
74 84 102
28 38 56
48 58 76
253 9 27
15 27 45
32 46 64
4 18 36
253 11 29
6 20 38
12 28 45
231 247 8
180 197 216
204 223 244
179 200 221
197 220 242
190 214 236
175 202 223
156 156 174
156 170 191
156 181 201
35 61 78
46 69 85
227 244 1
156 156 166
6 17 25
61 71 78
156 156 160
156 156 159
12 18 23
156 156 163
161 161 175
162 160 179
156 156 175
163 167 192
174 185 212
162 181 208
161 185 209
231 3 27
171 201 220
28 52 70
247 12 27
165 182 195
122 132 142
151 154 155
155 155 155
155 155 155
155 155 155
155 155 155
155 155 155
155 155 155
155 155 155
155 155 155
155 155 155
155 155 155
155 155 155
155 155 155
155 155 155
155 155 155
155 155 155
155 155 155
155 155 155
155 155 155
155 155 155
155 155 155
155 155 155
155 155 155
155 155 155
155 155 155
155 155 155
155 155 155
155 155 155
155 155 155
155 155 155
155 155 155
155 155 155
155 155 155
155 155 155
155 155 155
145 145 145
62 62 62
5 5 5
82 82 82
132 132 132
150 150 150
155 155 155
143 143 143
150 150 150
155 155 155
155 155 155
148 148 148
145 145 145
150 150 150
155 155 155
155 155 155
155 155 155
155 155 155
155 155 155
155 155 155
155 155 155
155 155 155
155 155 155
155 155 155
155 155 155
155 155 155
155 155 155
155 155 155
155 155 155
155 155 155
155 155 155
155 155 155
155 155 155
155 155 155
155 155 155
155 155 155
155 155 155
155 155 155
155 155 155
155 155 155
155 155 155
155 155 155
155 155 155
155 155 155
155 155 155
155 155 155
155 155 155
155 155 155
155 155 155
155 155 155
155 155 155
155 155 155
155 155 155
155 155 155
155 155 155
155 155 155
155 155 155
155 155 155
155 155 155
155 155 155
155 155 155
155 155 155
155 155 155
155 155 155
155 155 155
155 155 155
155 155 155
155 155 155
155 155 155
155 155 155
155 155 155
155 155 155
155 155 155
155 155 155
155 155 155
155 155 155
155 155 155
155 155 155
155 155 155
155 155 155
155 155 155
155 155 155
155 155 155
155 155 155
155 155 155
155 155 155
155 155 155
155 155 155
155 155 155
155 155 155
155 155 155
155 155 155
155 155 155
155 155 155
155 155 155
155 155 155
155 155 155
155 155 155
155 155 155
155 155 155
155 155 155
155 155 155
155 155 155
155 155 155
155 155 155
155 155 155
155 155 155
155 155 155
155 155 155
155 155 155
155 155 155
154 154 154
155 155 155
148 148 148
155 155 155
149 149 149
155 155 155
152 152 152
155 155 155
155 155 155
155 155 155
155 155 155
155 155 155
155 155 155
155 155 155
155 155 155
155 155 155
155 155 155
155 155 155
155 155 155
155 155 155
155 155 155
155 155 155
155 155 155
155 155 155
155 155 155
155 155 155
155 155 155
154 154 154
149 149 149
155 155 155
155 155 155
142 143 147
31 35 46
43 50 65
23 30 45
50 59 73
46 57 71
6 19 33
53 66 80
79 95 108
96 112 125
68 84 97
0 13 27
205 216 230
223 232 246
12 21 35
41 48 63
54 63 73
54 64 71
43 54 58
14 22 29
224 233 243
186 193 208
165 171 190
156 160 184
156 156 181
158 160 190
170 172 203
173 175 206
163 165 196
159 160 194
165 167 198
168 167 199
160 163 191
184 189 210
164 170 189
178 185 204
156 159 178
231 238 1
22 29 48
45 55 73
37 47 65
15 27 45
243 255 17
249 7 25
251 9 27
244 4 21
215 231 248
213 229 246
203 218 237
227 244 9
180 198 221
205 226 248
162 184 209
156 177 201
169 195 219
200 229 250
174 203 224
156 178 198
8 33 49
52 73 88
213 229 241
156 156 166
211 218 227
33 37 42
156 156 161
156 157 162
160 166 173
156 156 164
157 156 172
175 170 191
169 166 191
171 174 202
172 180 209
156 164 193
173 194 222
215 241 9
214 241 6
4 26 44
5 24 39
7 23 36
144 153 155
151 154 155
155 155 155
155 155 155
155 155 155
155 155 155
155 155 155
155 155 155
155 155 155
155 155 155
155 155 155
155 155 155
155 155 155
155 155 155
155 155 155
155 155 155
155 155 155
155 155 155
155 155 155
155 155 155
155 155 155
155 155 155
155 155 155
155 155 155
155 155 155
155 155 155
155 155 155
155 155 155
155 155 155
155 155 155
155 155 155
155 155 155
155 155 155
155 155 155
155 155 155
145 145 145
155 155 155
102 102 102
200 200 200
219 219 219
245 245 245
98 98 98
155 155 155
155 155 155
155 155 155
143 143 143
149 149 149
155 155 155
155 155 155
154 154 154
155 155 155
155 155 155
155 155 155
155 155 155
155 155 155
155 155 155
155 155 155
155 155 155
155 155 155
155 155 155
155 155 155
155 155 155
155 155 155
155 155 155
155 155 155
155 155 155
155 155 155
155 155 155
155 155 155
155 155 155
155 155 155
155 155 155
155 155 155
155 155 155
155 155 155
155 155 155
155 155 155
155 155 155
155 155 155
155 155 155
155 155 155
155 155 155
155 155 155
155 155 155
155 155 155
155 155 155
155 155 155
155 155 155
155 155 155
155 155 155
155 155 155
155 155 155
155 155 155
155 155 155
155 155 155
155 155 155
155 155 155
155 155 155
155 155 155
155 155 155
155 155 155
155 155 155
155 155 155
155 155 155
155 155 155
155 155 155
155 155 155
155 155 155
155 155 155
155 155 155
155 155 155
155 155 155
155 155 155
155 155 155
155 155 155
155 155 155
155 155 155
155 155 155
155 155 155
155 155 155
155 155 155
155 155 155
155 155 155
155 155 155
155 155 155
155 155 155
155 155 155
155 155 155
155 155 155
155 155 155
155 155 155
155 155 155
155 155 155
155 155 155
155 155 155
155 155 155
155 155 155
155 155 155
155 155 155
155 155 155
155 155 155
155 155 155
155 155 155
155 155 155
155 155 155
155 155 155
155 155 155
147 147 147
148 148 148
148 148 148
155 155 155
153 153 153
152 152 152
152 152 152
155 155 155
155 155 155
155 155 155
155 155 155
155 155 155
155 155 155
155 155 155
155 155 155
155 155 155
155 155 155
155 155 155
155 155 155
155 155 155
155 155 155
155 155 155
155 155 155
155 155 155
155 155 155
153 153 153
155 155 155
153 153 153
149 149 149
155 155 155
152 152 152
108 111 115
18 22 33
48 55 70
1 10 24
22 33 47
40 53 67
252 9 23
62 78 91
99 115 128
61 77 90
204 220 233
156 159 173
156 158 172
156 156 167
166 175 189
220 227 242
244 253 7
3 12 16
229 238 242
196 204 211
178 184 195
170 174 192
161 166 187
156 158 186
156 156 185
156 156 189
157 157 193
160 159 198
160 159 198
160 157 196
162 159 198
174 172 208
186 185 217
169 173 197
156 157 176
156 159 178
224 231 250
156 156 170
248 255 18
12 22 40
31 41 59
35 47 65
23 35 53
252 10 28
200 214 232
195 211 228
210 226 243
222 238 255
197 212 231
161 178 199
165 181 204
156 162 188
156 156 176
156 156 176
237 7 31
4 31 52
233 4 25
156 174 194
223 246 6
73 92 107
172 186 198
156 156 164
174 177 185
222 222 228
156 156 159
160 163 171
156 156 164
156 156 167
171 169 189
175 169 194
186 182 211
184 186 217
157 164 197
164 177 209
181 202 230
228 251 21
208 232 254
194 216 234
245 5 21
118 131 145
144 153 155
151 154 155
155 155 155
155 155 155
155 155 155
155 155 155
155 155 155
155 155 155
155 155 155
155 155 155
155 155 155
155 155 155
155 155 155
155 155 155
155 155 155
155 155 155
155 155 155
155 155 155
155 155 155
155 155 155
155 155 155
155 155 155
155 155 155
155 155 155
155 155 155
155 155 155
155 155 155
155 155 155
155 155 155
155 155 155
155 155 155
155 155 155
155 155 155
155 155 155
155 155 155
152 152 152
155 155 155
142 142 142
71 71 71
215 215 215
212 212 212
235 235 235
34 34 34
142 142 142
155 155 155
155 155 155
144 144 144
155 155 155
155 155 155
148 148 148
153 153 153
155 155 155
155 155 155
155 155 155
155 155 155
155 155 155
155 155 155
155 155 155
155 155 155
155 155 155
155 155 155
155 155 155
155 155 155
155 155 155
155 155 155
155 155 155
155 155 155
155 155 155
155 155 155
155 155 155
155 155 155
155 155 155
155 155 155
155 155 155
155 155 155
155 155 155
155 155 155
155 155 155
155 155 155
155 155 155
155 155 155
155 155 155
155 155 155
155 155 155
155 155 155
155 155 155
155 155 155
155 155 155
155 155 155
155 155 155
155 155 155
155 155 155
155 155 155
155 155 155
155 155 155
155 155 155
155 155 155
155 155 155
155 155 155
155 155 155
155 155 155
155 155 155
155 155 155
155 155 155
155 155 155
155 155 155
155 155 155
155 155 155
155 155 155
155 155 155
155 155 155
155 155 155
155 155 155
155 155 155
155 155 155
155 155 155
155 155 155
155 155 155
155 155 155
155 155 155
155 155 155
155 155 155
155 155 155
155 155 155
155 155 155
155 155 155
155 155 155
155 155 155
155 155 155
155 155 155
155 155 155
155 155 155
155 155 155
155 155 155
155 155 155
155 155 155
155 155 155
155 155 155
155 155 155
155 155 155
155 155 155
155 155 155
155 155 155
155 155 155
155 155 155
155 155 155
155 155 155
155 155 155
155 155 155
155 155 155
142 142 142
155 155 155
155 155 155
155 155 155
143 143 143
155 155 155
155 155 155
155 155 155
155 155 155
155 155 155
155 155 155
155 155 155
155 155 155
155 155 155
155 155 155
155 155 155
155 155 155
155 155 155
155 155 155
155 155 155
155 155 155
155 155 155
148 148 148
154 154 154
155 155 155
152 152 152
155 155 155
125 125 125
58 61 65
9 13 24
39 46 61
9 18 32
25 36 50
47 60 74
253 10 24
17 33 46
251 12 25
187 204 217
156 160 173
156 156 168
164 177 191
159 170 184
156 157 171
159 166 181
171 177 188
183 189 194
175 182 185
169 175 182
165 171 182
159 163 181
156 158 182
164 166 196
179 180 214
180 179 218
178 177 217
175 171 213
170 166 208
171 164 207
177 170 213
185 178 221
190 186 222
163 164 190
156 156 170
156 161 180
23 29 48
156 156 171
168 175 194
206 216 234
226 236 254
200 212 230
193 205 223
193 207 225
184 200 217
192 208 225
171 187 204
165 183 200
164 181 200
163 177 200
156 156 179
181 198 224
208 228 253
198 220 245
251 21 45
62 88 112
197 224 245
156 173 193
164 187 203
1 18 31
160 172 182
156 157 166
156 156 160
157 156 160
172 171 175
161 163 173
171 174 188
156 156 172
181 178 200
171 166 193
180 175 206
182 183 217
156 161 196
168 180 214
182 202 233
216 239 9
164 187 209
211 231 248
28 44 57
141 153 155
143 150 155
151 154 155
155 155 155
155 155 155
155 155 155
155 155 155
155 155 155
155 155 155
155 155 155
155 155 155
155 155 155
155 155 155
155 155 155
155 155 155
155 155 155
155 155 155
155 155 155
155 155 155
155 155 155
155 155 155
155 155 155
155 155 155
155 155 155
155 155 155
155 155 155
155 155 155
155 155 155
155 155 155
155 155 155
155 155 155
155 155 155
155 155 155
155 155 155
155 155 155
155 155 155
153 154 152
144 145 143
155 155 154
155 155 155
38 38 38
221 220 222
215 214 216
235 234 236
19 18 20
132 131 133
155 154 155
145 144 146
154 154 154
155 155 155
153 153 153
155 155 155
153 155 155
153 155 155
153 155 155
155 155 155
155 155 155
155 155 155
155 155 155
155 155 155
155 155 155
155 155 155
155 155 155
155 155 155
155 155 155
155 155 155
155 155 155
155 155 155
155 155 155
155 155 155
155 155 155
155 155 155
155 155 155
155 155 155
155 155 155
155 155 155
155 155 155
155 155 155
155 155 155
155 155 155
155 155 155
155 155 155
155 155 155
155 155 155
155 155 155
155 155 155
155 155 155
155 155 155
155 155 155
155 155 155
155 155 155
155 155 155
155 155 155
155 155 155
155 155 155
155 155 155
155 155 155
155 155 155
155 155 155
155 155 155
155 155 155
155 155 155
155 155 155
155 155 155
155 155 155
155 155 155
155 155 155
155 155 155
155 155 155
155 155 155
155 155 155
155 155 155
155 155 155
155 155 154
155 155 155
155 155 154
155 155 155
155 155 154
155 155 155
155 155 154
155 155 155
155 155 154
155 155 155
155 155 154
155 155 155
155 155 154
155 155 155
155 155 154
155 155 155
155 155 154
155 155 155
155 155 154
155 155 154
155 155 154
155 155 154
155 155 154
155 155 154
155 155 154
155 155 155
155 155 155
155 155 155
155 155 155
155 155 155
155 155 155
155 155 155
155 154 155
155 154 155
155 155 155
152 150 150
149 147 146
148 146 146
83 81 80
135 133 133
143 144 142
142 142 142
65 66 64
155 155 155
155 155 154
153 155 155
153 155 154
153 155 155
153 155 154
153 155 155
153 155 155
155 155 155
155 155 155
155 155 155
155 155 155
155 155 155
155 155 155
155 155 155
155 155 155
155 154 155
145 144 146
154 153 155
153 155 155
155 154 155
148 150 151
103 102 104
18 21 26
27 36 46
36 47 61
16 29 45
14 29 45
29 43 61
245 5 22
227 243 3
156 171 186
156 161 174
12 29 42
213 227 239
156 156 167
197 208 222
213 221 238
156 156 173
161 165 183
162 166 177
161 165 176
159 162 177
156 160 179
156 158 186
165 167 198
185 186 224
202 204 245
180 180 226
189 187 233
181 178 227
165 162 208
169 166 212
190 185 230
190 183 228
172 168 204
156 156 171
156 156 170
156 156 166
248 254 11
166 173 188
156 156 167
214 222 239
219 229 246
172 184 202
181 195 213
172 187 206
156 156 172
156 159 178
156 156 174
156 160 181
156 164 185
223 239 6
187 203 226
191 209 232
17 38 60
226 249 15
225 248 14
42 65 87
201 224 246
156 156 174
156 156 176
156 160 178
156 156 169
156 156 166
172 171 181
158 156 160
170 169 178
156 161 176
156 160 181
172 176 200
163 164 192
159 161 192
185 187 221
156 156 192
183 192 229
187 204 237
192 213 241
198 220 245
184 206 224
100 117 130
139 154 155
141 151 155
142 149 152
153 155 155
155 155 155
155 155 155
155 155 155
155 155 155
155 155 155
155 155 155
155 155 155
155 155 155
155 155 155
155 155 155
155 155 155
155 155 155
155 155 155
155 155 155
155 155 155
155 155 155
155 155 155
155 155 155
155 155 155
155 155 155
155 155 155
155 155 155
155 155 155
155 155 155
155 155 155
155 155 155
155 155 155
155 155 155
155 155 155
155 155 155
155 155 155
155 155 155
155 155 154
155 155 152
155 155 151
144 145 141
155 155 154
155 154 155
41 40 44
204 202 208
237 234 243
234 231 240
255 252 5
126 124 130
153 152 155
152 151 153
154 154 154
151 151 151
153 155 154
151 155 155
151 155 155
151 155 155
153 155 155
153 155 155
155 155 155
155 155 155
155 155 155
155 154 154
155 154 154
155 154 154
155 154 154
154 154 154
154 154 154
154 154 154
154 154 154
155 155 155
155 155 155
155 155 155
155 155 155
155 155 155
155 155 155
155 155 155
155 155 155
155 155 155
155 155 155
155 155 155
155 155 155
155 155 155
155 155 155
155 155 155
155 155 155
155 155 155
155 155 155
155 155 155
155 155 155
155 155 155
155 155 155
155 155 155
155 155 155
155 155 155
155 155 155
155 155 155
155 155 155
155 155 155
155 155 155
155 155 155
155 155 155
155 154 155
155 154 155
155 154 155
155 154 155
155 155 155
155 155 155
155 155 155
155 155 155
155 155 154
155 155 154
153 155 154
153 155 154
153 155 154
153 155 152
153 155 154
153 155 152
155 155 154
155 155 152
155 155 154
154 155 151
154 155 153
153 154 150
153 154 152
155 155 152
151 152 150
155 155 152
151 152 150
155 155 152
155 155 154
153 154 150
155 155 154
154 155 151
155 155 151
155 155 150
148 145 140
155 155 151
153 150 146
155 155 152
154 150 149
153 149 148
155 154 155
153 148 149
140 133 136
155 153 155
117 110 113
87 80 85
155 153 155
155 153 155
153 145 145
155 155 152
132 127 126
28 23 20
47 43 42
135 134 130
43 41 40
17 18 14
135 136 134
149 153 148
81 86 84
134 140 135
150 155 154
140 147 142
148 155 154
150 155 154
152 152 152
152 149 151
152 151 153
155 154 155
153 152 154
155 154 155
153 155 155
146 148 149
153 154 155
153 154 155
148 149 153
150 153 155
153 154 155
104 107 111
37 37 43
0 6 13
21 35 47
16 35 50
30 47 66
253 16 37
19 37 60
254 16 39
156 172 193
171 191 208
52 71 84
71 89 100
59 74 83
236 248 4
191 198 215
235 238 3
191 190 216
167 165 194
168 166 195
160 158 188
156 156 183
156 156 189
170 169 213
194 196 244
218 221 16
233 236 35
207 210 9
184 187 242
170 172 226
162 163 214
193 193 241
204 202 248
206 203 248
189 188 220
160 158 170
156 156 157
156 156 157
182 185 189
156 160 165
156 156 163
220 229 239
226 235 248
225 238 254
14 30 47
168 185 206
255 20 42
163 185 210
182 205 231
231 255 27
156 172 198
250 15 37
227 246 11
156 156 171
21 44 60
246 10 27
176 196 213
66 83 104
156 156 174
156 156 179
156 156 177
156 158 188
166 164 193
156 156 178
166 162 181
170 165 180
156 156 170
156 161 188
156 165 197
172 182 216
163 175 211
160 172 212
178 195 234
158 177 215
174 196 232
163 186 218
198 221 247
186 210 228
246 10 21
139 155 155
144 155 155
148 155 152
151 155 152
153 155 154
155 155 155
155 155 155
155 155 155
155 155 155
155 155 155
155 155 155
155 155 155
155 155 155
155 155 155
155 155 155
155 155 155
155 155 155
155 155 155
155 155 155
155 155 155
155 155 155
155 155 155
155 155 155
155 155 155
155 155 155
155 155 155
155 155 155
155 155 155
155 155 155
155 155 155
155 155 155
155 155 155
155 155 155
155 155 155
155 155 155
155 155 155
155 155 155
155 155 154
154 155 150
150 152 146
155 155 152
154 155 153
151 150 152
140 138 144
63 60 69
208 204 215
239 235 246
233 229 240
2 255 8
119 117 123
141 140 144
155 154 155
150 150 150
151 154 152
148 153 152
147 153 152
148 153 152
148 153 152
150 152 152
152 152 152
152 152 152
154 152 152
155 154 154
155 154 154
155 154 154
155 154 154
154 154 154
154 154 154
154 154 154
154 154 154
155 155 155
155 155 155
155 155 155
155 155 155
155 155 155
155 155 155
155 155 155
155 155 155
155 155 155
155 155 155
155 155 155
155 155 155
155 155 155
155 155 155
155 155 155
155 155 155
155 155 155
155 155 155
155 155 155
155 155 155
155 155 155
155 155 155
155 155 155
155 155 155
155 155 155
155 155 155
155 155 155
155 155 155
155 155 155
155 155 155
155 155 155
155 155 155
155 154 155
155 154 155
155 154 155
155 154 155
155 155 155
155 155 155
155 155 155
155 155 155
149 150 148
151 152 150
152 155 153
153 155 154
153 155 152
153 155 152
153 155 152
152 155 151
147 148 144
152 153 149
149 150 148
148 149 145
155 155 154
155 155 152
154 155 153
155 155 152
152 153 151
152 153 149
154 155 153
155 155 152
155 155 154
155 155 152
155 155 154
155 155 152
155 155 151
152 150 142
151 149 141
149 147 139
155 155 151
150 147 142
89 84 81
116 111 110
154 148 149
82 74 75
54 46 47
116 105 108
82 71 74
21 9 15
85 73 79
142 131 134
155 147 147
129 117 115
107 95 93
109 100 97
115 108 105
98 93 90
34 29 26
64 61 57
101 100 96
92 93 89
15 19 14
95 101 96
139 145 140
150 155 152
150 155 152
146 151 149
155 155 155
155 153 153
155 155 155
137 135 135
155 155 155
152 151 153
151 150 152
143 144 148
153 154 155
145 146 150
139 142 147
151 154 155
144 147 152
82 84 92
24 26 34
3 10 19
19 36 49
22 42 59
250 15 36
5 25 50
3 22 49
20 40 65
163 184 206
187 209 227
39 58 71
76 94 105
74 89 98
49 59 69
254 5 22
241 244 9
228 224 253
233 228 4
192 188 223
177 175 211
166 165 205
176 175 219
199 200 250
220 221 21
226 230 33
224 229 34
199 204 9
172 178 237
161 165 223
164 168 221
202 206 255
208 210 2
195 196 240
167 167 197
163 161 167
161 158 156
159 158 156
166 167 165
158 162 163
156 159 162
179 187 194
210 219 228
230 242 254
58 73 89
156 172 191
20 41 63
194 216 241
207 230 0
21 45 73
178 201 227
249 14 36
213 233 251
156 158 175
254 19 34
231 250 9
156 171 188
242 255 21
156 156 185
156 156 180
156 156 182
164 162 198
156 156 187
190 186 215
166 163 185
158 156 171
174 174 192
176 184 214
169 181 217
164 180 217
172 189 228
158 176 217
157 179 220
179 205 242
160 186 222
176 202 232
208 232 0
43 63 80
71 90 98
143 155 155
146 155 152
150 155 149
153 155 149
155 155 154
155 155 155
155 155 155
155 155 155
155 155 155
155 155 155
155 155 155
155 155 155
155 155 155
155 155 155
155 155 155
155 155 155
155 155 155
155 155 155
155 155 155
155 155 155
155 155 155
155 155 155
155 155 155
155 155 155
155 155 155
155 155 155
155 155 155
155 155 155
155 155 155
155 155 155
155 155 155
155 155 155
155 155 155
155 155 155
155 155 155
155 155 155
155 155 155
155 155 154
155 155 151
143 145 139
155 155 152
155 155 155
143 142 144
155 153 155
147 144 153
38 35 44
225 221 232
227 223 234
236 233 242
14 12 18
126 125 129
142 141 143
155 155 155
147 149 149
146 151 150
146 151 150
148 150 150
148 150 150
150 150 150
150 150 150
150 150 150
150 150 150
155 154 154
155 154 154
155 154 154
155 154 154
154 154 154
154 154 154
154 154 154
154 154 154
155 155 155
155 155 155
155 155 155
155 155 155
155 155 155
155 155 155
155 155 155
155 155 155
155 155 155
155 155 155
155 155 155
155 155 155
155 155 155
155 155 155
155 155 155
155 155 155
155 155 155
155 155 155
155 155 155
155 155 155
155 155 155
155 155 155
155 155 155
155 155 155
155 155 155
155 155 155
155 155 155
155 155 155
155 155 155
155 155 155
155 155 155
155 155 155
155 154 155
155 154 155
155 154 155
155 154 155
155 155 155
155 155 155
155 155 155
155 155 155
148 148 148
151 151 151
153 155 154
153 155 154
153 155 154
153 155 154
148 153 151
148 151 149
154 155 153
155 155 154
155 155 155
152 153 151
155 155 155
154 155 153
147 147 147
154 155 153
155 155 155
155 155 154
155 155 155
155 155 154
155 155 155
155 155 154
152 152 152
155 155 154
155 155 151
152 152 146
155 153 148
96 93 88
146 142 137
153 149 144
74 67 64
35 28 25
88 80 80
72 62 62
60 50 50
72 59 61
70 57 59
77 63 67
107 93 97
112 98 100
105 89 90
122 106 107
105 89 90
114 100 101
120 106 107
118 106 106
110 100 100
110 102 102
80 72 72
45 40 39
40 36 35
63 61 60
121 119 118
60 61 59
130 131 129
144 145 143
68 64 63
115 111 110
155 155 154
155 151 150
116 112 111
151 149 149
154 153 155
155 154 155
131 132 136
131 132 136
151 154 155
151 153 155
123 126 134
62 64 74
25 27 37
10 19 29
12 29 42
11 34 50
246 11 32
251 15 40
4 25 52
255 20 47
176 196 221
193 215 233
20 39 52
53 71 82
43 60 69
81 93 105
78 85 102
38 41 62
24 20 49
11 8 40
254 253 29
239 240 18
228 229 11
231 232 20
242 246 38
247 251 48
235 239 41
220 226 29
204 209 14
170 176 235
156 161 218
165 170 225
211 215 10
212 216 9
187 190 235
156 156 182
163 163 169
162 159 156
165 164 160
156 157 156
160 162 162
160 164 165
156 156 160
186 194 201
185 195 205
39 52 66
156 156 172
39 56 75
171 190 211
178 199 221
41 62 84
163 184 206
205 222 241
171 189 206
156 158 175
194 212 229
189 204 223
156 156 174
156 167 195
157 164 197
161 164 202
171 171 211
156 156 183
161 160 194
178 175 201
156 156 172
190 188 200
186 186 202
157 164 189
169 180 212
189 201 235
157 173 209
196 214 251
169 188 225
186 208 243
205 228 4
9 31 59
220 243 9
118 137 152
126 142 149
137 150 152
148 155 152
151 155 149
153 155 149
155 155 154
155 155 155
155 155 155
155 155 155
155 155 155
155 155 155
155 155 155
155 155 155
155 155 155
155 155 155
155 155 155
155 155 155
155 155 155
155 155 155
155 155 155
155 155 155
155 155 155
155 155 155
155 155 155
155 155 155
155 155 155
155 155 155
155 155 155
155 155 155
155 155 155
155 155 155
155 155 155
155 155 155
155 155 155
155 155 155
155 155 155
155 155 155
155 155 155
155 155 154
155 155 151
153 155 149
155 155 152
155 155 155
152 151 153
149 148 152
154 152 155
155 152 155
2 254 9
247 244 253
237 234 243
13 11 17
22 21 25
145 144 146
147 146 148
155 155 155
149 151 151
149 151 151
149 151 151
149 151 151
151 151 151
151 151 151
151 151 151
151 151 151
155 154 154
155 154 154
155 154 154
155 154 154
154 154 154
154 154 154
154 154 154
154 154 154
155 155 155
155 155 155
155 155 155
155 155 155
155 155 155
155 155 155
155 155 155
155 155 155
155 155 155
155 155 155
155 155 155
155 155 155
155 155 155
155 155 155
155 155 155
155 155 155
155 155 155
155 155 155
155 155 155
155 155 155
155 155 155
155 155 155
155 155 155
155 155 155
155 155 155
155 155 155
155 155 155
155 155 155
155 155 155
155 155 155
155 155 155
155 155 155
155 154 155
155 154 155
155 154 155
155 154 155
155 155 155
155 155 155
155 155 155
155 155 155
155 155 155
155 155 155
153 155 154
153 155 154
153 155 154
152 155 153
148 153 151
147 152 151
152 152 152
155 154 155
155 154 155
153 152 154
155 154 155
155 154 155
155 154 155
155 154 155
155 154 155
137 136 138
147 146 148
122 121 123
112 111 113
117 116 118
92 91 93
103 103 103
111 110 106
79 79 73
121 118 113
107 104 99
120 116 111
123 119 114
125 118 115
117 108 105
105 96 93
107 95 93
109 97 95
104 91 89
111 95 96
120 104 105
112 96 97
107 89 90
106 85 87
117 95 97
104 83 85
118 97 99
116 98 99
115 97 98
133 117 118
132 118 119
107 95 95
102 90 90
91 81 81
91 83 83
65 57 57
23 18 17
74 69 68
95 90 87
16 9 6
77 71 66
155 155 151
149 144 141
35 30 27
114 110 109
155 153 153
149 148 150
60 61 65
107 107 113
151 153 155
148 150 155
80 82 92
38 42 53
26 30 41
1 10 23
252 15 28
3 26 42
248 13 34
244 10 35
249 14 42
223 244 16
175 195 220
197 218 239
5 26 41
16 36 47
251 12 21
35 47 59
76 83 100
67 70 91
54 52 81
33 31 61
28 30 60
23 26 57
18 22 57
15 19 60
11 17 62
4 11 61
250 1 56
241 249 52
213 221 24
176 184 243
162 168 227
171 178 235
214 220 17
210 214 9
184 188 237
156 156 188
163 162 171
160 157 156
164 163 159
158 157 156
162 163 161
162 164 164
156 156 159
164 170 175
156 161 168
219 230 238
156 156 166
43 56 70
156 164 180
177 193 209
53 69 86
156 157 173
156 162 178
156 156 169
156 156 170
156 156 174
156 162 189
156 157 187
156 156 183
167 173 214
159 162 206
178 180 221
187 187 227
98 99 133
106 106 130
93 93 109
77 78 88
168 170 181
213 220 240
239 250 21
189 200 228
207 221 250
184 199 231
201 219 250
179 199 230
222 243 15
100 120 145
242 6 24
130 146 155
139 152 155
137 146 149
150 155 154
153 155 151
149 151 145
155 155 154
155 155 155
155 155 155
155 155 155
155 155 155
155 155 155
155 155 155
155 155 155
155 155 155
155 155 155
155 155 155
155 155 155
155 155 155
155 155 155
155 155 155
155 155 155
155 155 155
155 155 155
155 155 155
155 155 155
155 155 155
155 155 155
155 155 155
155 155 155
155 155 155
155 155 155
155 155 155
155 155 155
155 155 155
155 155 155
155 155 155
155 155 155
155 155 155
155 155 154
154 155 151
155 155 151
152 153 149
148 148 148
155 154 155
155 154 155
151 149 155
155 153 155
118 115 124
224 221 230
251 248 1
248 246 252
21 20 24
47 46 48
152 151 153
155 154 155
155 155 155
155 155 155
155 155 155
155 155 155
155 155 155
155 155 155
155 155 155
155 155 155
154 154 154
154 154 154
154 154 154
154 154 154
154 154 154
154 154 154
155 154 154
155 154 154
155 155 155
155 155 155
155 155 155
155 155 155
155 155 155
155 155 155
155 155 155
155 155 155
155 155 155
155 155 155
155 155 155
155 155 155
155 155 155
155 155 155
155 155 155
155 155 155
155 155 155
155 155 155
155 155 155
155 155 155
155 155 155
155 155 155
155 155 155
155 155 155
155 155 155
155 155 155
155 155 155
155 155 155
155 155 155
155 155 155
155 155 155
155 155 155
155 155 155
155 155 155
155 155 155
155 155 155
155 155 155
155 155 155
155 155 155
155 155 155
155 155 155
153 155 155
153 155 155
153 155 155
151 155 155
151 155 155
151 155 155
151 155 155
155 154 155
155 154 155
152 151 155
144 143 147
147 146 150
142 141 145
137 136 140
144 143 147
147 146 150
129 128 132
141 140 144
119 118 122
113 112 116
124 123 127
103 102 106
116 115 117
134 132 131
109 108 104
116 115 111
124 121 117
104 99 96
89 84 81
115 109 104
115 106 102
125 114 110
115 103 99
117 102 99
111 96 93
111 94 91
104 87 84
94 75 70
112 91 89
113 89 89
108 81 84
117 93 95
127 103 105
124 102 104
115 93 95
114 93 95
112 94 95
120 104 105
128 112 113
110 96 97
100 88 88
85 73 73
100 88 88
102 90 90
55 43 41
33 23 16
40 31 22
134 126 119
78 70 63
42 36 31
104 99 96
155 155 155
131 130 132
32 33 37
82 85 90
133 136 144
103 108 117
29 35 46
9 17 30
13 21 34
238 249 7
249 14 29
2 27 43
226 249 15
248 14 39
221 242 14
226 248 20
177 198 225
225 246 12
6 26 43
0 19 32
248 8 20
234 248 4
251 4 18
15 19 38
39 38 64
69 70 98
40 44 72
36 42 71
28 35 68
18 26 63
6 13 56
252 3 52
244 252 49
240 249 50
215 223 26
185 196 254
184 192 251
197 204 5
226 233 32
208 214 11
180 187 237
156 159 197
163 162 171
160 157 156
159 158 156
160 159 156
160 161 159
158 160 160
156 156 156
156 156 157
156 156 159
156 158 163
156 156 162
240 249 2
156 162 171
204 214 224
24 34 44
156 156 164
156 156 164
156 156 166
156 156 173
156 156 174
156 156 183
166 173 212
161 166 211
171 175 223
167 168 218
161 161 207
219 219 3
140 142 155
138 141 155
148 151 155
149 152 155
1 7 14
109 116 131
122 132 150
215 224 244
105 118 140
165 179 202
51 66 92
242 3 29
23 41 64
125 142 155
34 48 66
137 151 155
143 155 155
147 155 155
142 147 145
150 152 146
147 149 143
155 155 154
155 155 155
155 155 155
155 155 155
155 155 155
155 155 155
155 155 155
155 155 155
155 155 155
155 155 155
155 155 155
155 155 155
155 155 155
155 155 155
155 155 155
155 155 155
155 155 155
155 155 155
155 155 155
155 155 155
155 155 155
155 155 155
155 155 155
155 155 155
155 155 155
155 155 155
155 155 155
155 155 155
155 155 155
155 155 155
155 155 155
155 155 155
155 155 155
155 155 154
155 155 152
154 155 151
152 153 151
152 153 151
154 153 155
155 154 155
155 154 155
146 144 150
155 153 155
59 57 63
216 214 220
250 248 254
8 7 11
1 0 4
81 80 82
155 154 155
155 155 155
155 155 155
155 155 155
155 155 155
155 155 155
155 155 155
155 155 155
155 155 155
154 154 154
154 154 154
154 154 154
154 154 154
154 154 154
154 154 154
155 154 154
155 154 154
155 155 155
155 155 155
155 155 155
155 155 155
155 155 155
155 155 155
155 155 155
155 155 155
155 155 155
155 155 155
155 155 155
155 155 155
155 155 155
155 155 155
155 155 155
155 155 155
155 155 155
155 155 155
155 155 155
155 155 155
155 155 155
155 155 155
155 155 155
155 155 155
155 155 155
155 155 155
155 155 155
155 155 155
155 155 155
155 155 155
155 155 155
155 155 155
155 155 155
155 155 155
155 155 155
155 155 155
155 155 155
155 155 155
155 155 155
155 155 155
151 153 153
151 153 153
151 153 153
152 154 154
151 155 155
151 155 155
151 155 155
151 155 155
153 153 155
148 146 152
134 131 140
118 116 122
105 102 111
100 98 104
100 97 106
99 97 103
113 110 119
102 100 106
111 108 117
102 100 106
104 101 110
118 116 122
111 108 117
124 123 127
123 121 121
135 134 130
95 94 90
100 99 95
113 108 105
115 110 107
113 104 100
98 87 83
94 82 78
107 93 87
113 97 91
96 80 73
98 80 73
113 95 88
117 98 91
123 101 95
113 87 87
122 95 98
142 118 120
113 89 91
116 92 94
128 106 108
113 91 93
88 67 69
106 88 89
103 87 88
127 111 112
124 110 111
140 126 127
135 121 122
136 122 123
95 82 80
111 100 92
97 87 77
113 102 94
72 63 54
84 76 69
101 96 93
106 102 101
82 81 83
78 79 83
82 85 90
94 96 106
63 69 80
10 18 31
1 10 24
9 18 32
242 255 15
8 29 44
241 10 26
226 249 15
225 248 18
228 249 24
232 253 28
207 228 0
255 21 46
10 32 50
247 13 25
21 39 50
239 253 9
213 222 236
214 220 239
245 247 15
56 60 85
46 53 78
39 48 75
27 37 67
13 23 57
255 9 49
244 255 43
235 246 40
231 241 39
207 218 19
192 203 5
208 216 19
227 236 37
245 254 55
209 216 15
173 180 235
156 156 194
159 160 170
161 158 156
158 157 156
170 169 165
158 159 157
156 157 156
172 172 172
156 156 156
156 157 156
156 156 157
156 156 159
164 169 172
156 156 160
181 187 192
191 197 202
156 156 160
158 168 175
156 156 165
156 156 171
156 156 178
156 156 191
161 164 209
161 164 215
156 156 210
172 172 226
193 195 243
77 79 120
143 146 155
144 150 155
146 153 155
145 150 153
142 149 152
148 153 155
141 149 155
44 51 66
141 151 155
197 209 227
123 137 155
238 252 14
98 112 130
135 148 155
96 107 121
143 153 155
144 153 155
150 155 155
153 155 155
155 155 152
149 148 144
155 155 154
155 155 155
155 155 155
155 155 155
155 155 155
155 155 155
155 155 155
155 155 155
155 155 155
155 155 155
155 155 155
155 155 155
155 155 155
155 155 155
155 155 155
155 155 155
155 155 155
155 155 155
155 155 155
155 155 155
155 155 155
155 155 155
155 155 155
155 155 155
155 155 155
155 155 155
155 155 155
155 155 155
155 155 155
155 155 155
155 155 155
155 155 155
155 155 155
155 155 155
155 155 154
149 150 148
154 155 153
155 155 154
149 148 150
145 144 146
153 152 155
154 153 155
143 142 146
155 153 155
250 248 254
243 241 247
251 250 254
13 12 16
16 15 19
108 105 107
155 153 154
155 153 154
155 153 154
155 153 154
155 154 154
155 154 154
154 154 154
154 154 154
152 154 154
152 154 154
154 154 154
154 154 154
155 154 154
155 154 154
155 154 154
155 154 154
155 155 155
155 155 155
155 155 155
155 155 155
155 155 155
155 155 155
155 155 155
155 155 155
155 155 155
155 155 155
155 155 155
155 155 155
155 155 155
155 155 155
155 155 155
155 155 155
155 155 155
155 155 155
155 155 155
155 155 155
155 155 155
155 155 155
155 155 155
155 155 155
155 155 155
155 155 155
155 155 155
155 155 155
155 155 155
155 155 155
155 155 155
155 155 155
155 155 155
155 155 155
155 155 155
155 155 155
155 155 155
155 155 155
155 154 155
153 155 155
145 147 148
149 151 152
151 155 155
151 155 155
151 154 155
149 153 154
141 146 149
137 140 144
116 115 124
96 95 104
90 89 99
83 82 91
68 67 77
78 77 86
96 95 105
93 92 101
103 102 112
98 97 106
94 93 103
89 88 97
89 88 98
94 93 102
98 97 107
103 103 109
106 105 107
102 103 101
90 88 87
110 108 107
107 102 99
88 83 80
89 80 76
115 104 100
107 95 89
104 91 83
109 93 86
125 108 99
124 105 97
114 96 85
124 104 93
132 111 103
139 118 117
128 105 109
139 116 120
121 100 103
126 105 108
108 87 90
105 84 87
110 91 94
121 102 105
134 117 120
139 122 125
155 152 154
118 104 106
127 114 116
107 94 96
130 117 115
113 102 94
121 112 99
100 90 80
112 103 94
107 99 92
122 115 112
94 90 89
98 97 99
113 114 118
81 84 92
60 64 75
38 44 57
6 15 29
0 10 27
8 18 36
252 10 28
3 26 41
218 244 4
247 15 37
211 235 7
247 14 46
223 246 22
216 237 12
5 26 53
2 24 42
239 4 19
46 64 75
22 38 50
238 249 7
209 217 234
211 216 237
248 254 21
12 23 45
16 30 52
19 32 58
10 24 53
252 8 44
242 254 38
241 254 44
246 1 51
210 222 20
196 207 8
215 226 27
237 248 49
252 7 64
209 218 19
168 177 234
156 156 192
156 158 169
165 163 162
162 160 159
167 165 164
158 156 156
158 156 156
171 169 168
157 158 156
164 165 163
172 172 172
169 169 169
156 156 157
156 157 158
157 159 160
156 156 157
160 164 165
163 168 171
156 161 170
156 156 170
156 156 181
156 157 201
157 157 211
156 156 214
156 156 207
159 160 216
229 230 24
114 116 155
134 138 155
144 151 155
146 154 155
129 134 135
150 155 155
146 151 154
144 150 155
147 153 155
137 144 153
68 77 87
143 152 155
2 11 24
143 152 155
143 152 155
135 144 154
142 150 155
142 146 151
152 154 155
155 155 155
155 155 154
155 155 154
155 155 155
155 155 155
155 155 155
155 155 155
155 155 155
155 155 155
155 155 155
155 155 155
155 155 155
155 155 155
155 155 155
155 155 155
155 155 155
155 155 155
155 155 155
155 155 155
155 155 155
155 155 155
155 155 155
155 155 155
155 155 155
155 155 155
155 155 155
155 155 155
155 155 155
155 155 155
155 155 155
155 155 155
155 155 155
155 155 155
155 155 155
155 155 155
155 155 155
155 155 155
148 149 147
155 155 154
155 155 154
155 155 155
155 155 155
153 152 154
146 145 147
155 154 155
155 154 155
147 146 150
81 79 85
227 225 231
12 11 15
18 17 21
22 21 25
15 11 16
155 148 151
155 149 150
155 149 150
155 149 150
154 149 150
152 150 150
150 150 150
148 150 150
152 154 154
152 154 154
154 154 154
154 154 154
155 154 154
155 154 154
155 154 154
155 154 154
155 155 155
155 155 155
155 155 155
155 155 155
155 155 155
155 155 155
155 155 155
155 155 155
155 155 155
155 155 155
155 155 155
155 155 155
155 155 155
155 155 155
155 155 155
155 155 155
155 155 155
155 155 155
155 155 155
155 155 155
155 155 155
155 155 155
155 155 155
155 155 155
155 155 155
155 155 155
155 155 155
155 155 155
155 155 155
155 155 155
155 155 155
155 155 155
155 155 155
155 155 155
155 155 155
155 155 155
155 155 155
155 155 155
153 155 155
153 155 155
147 149 150
151 155 155
151 154 155
151 154 155
151 154 155
137 140 144
118 122 127
105 109 114
93 94 104
68 67 77
67 65 77
65 64 74
49 47 59
69 68 78
98 96 108
93 92 102
87 85 97
89 88 98
82 80 92
89 88 98
95 93 105
101 100 110
118 116 128
120 119 128
92 91 93
69 69 69
90 88 87
85 81 80
70 65 64
108 103 100
119 110 107
90 79 75
108 96 90
115 102 94
112 96 89
121 104 95
118 101 92
121 103 92
135 117 106
118 99 91
113 95 94
120 103 106
128 111 114
119 102 105
131 117 119
114 100 102
132 118 120
143 129 131
141 127 129
147 134 136
152 139 141
110 99 101
107 96 98
121 113 114
128 117 119
117 108 105
126 115 107
120 110 100
119 109 99
120 111 102
110 101 97
109 104 101
123 118 119
101 100 102
96 99 104
65 67 77
36 42 55
13 20 35
247 1 18
247 3 21
255 10 30
248 7 26
236 5 21
212 240 1
253 23 47
238 6 34
237 4 36
224 246 25
189 212 244
251 17 45
238 6 26
235 2 17
57 77 88
47 65 76
3 17 29
218 228 245
206 213 233
203 212 232
239 253 16
2 19 38
19 35 58
8 23 49
233 248 24
215 229 9
223 235 21
237 250 40
222 233 27
200 213 9
212 224 22
233 245 43
250 6 60
206 218 16
167 179 233
156 156 195
156 156 169
170 168 168
167 165 165
158 156 156
158 156 156
158 156 156
159 157 157
163 161 161
161 159 159
158 156 156
158 156 156
158 156 156
162 162 162
158 158 158
156 156 156
162 162 162
156 156 157
166 169 177
156 156 176
156 156 183
169 166 215
175 173 232
165 164 228
164 163 227
198 199 1
58 62 110
139 145 155
142 147 155
141 149 155
148 155 155
146 152 151
142 148 143
151 155 155
151 155 155
138 143 144
150 155 155
148 154 155
148 154 155
100 107 116
139 146 155
148 153 155
146 152 155
150 154 155
151 154 155
148 147 149
151 148 150
149 144 145
155 155 154
155 155 155
155 155 155
155 155 155
155 155 155
155 155 155
155 155 155
155 155 155
155 155 155
155 155 155
155 155 155
155 155 155
155 155 155
155 155 155
155 155 155
155 155 155
155 155 155
155 155 155
155 155 155
155 155 155
155 155 155
155 155 155
155 155 155
155 155 155
155 155 155
155 155 155
155 155 155
155 155 155
155 155 155
155 155 155
155 155 155
155 155 155
155 155 155
155 155 155
155 155 155
155 155 155
155 155 155
155 155 155
155 155 155
155 155 155
155 155 155
155 155 155
155 154 155
151 150 152
148 147 149
153 152 155
20 19 23
10 8 14
24 22 28
31 29 35
17 10 17
66 55 58
155 153 155
155 145 147
155 154 155
147 142 143
153 151 151
152 152 152
152 154 154
146 148 148
146 151 150
150 152 152
154 154 154
155 155 155
155 154 154
155 150 151
152 150 150
154 154 154
154 154 154
153 153 153
153 153 153
153 153 153
152 152 152
152 152 152
152 152 152
151 151 151
151 151 151
151 151 151
152 152 152
152 152 152
152 152 152
153 153 153
153 153 153
153 153 153
153 153 153
154 154 154
154 154 154
154 154 154
155 155 155
155 155 155
155 155 155
153 153 153
153 153 153
153 153 153
153 153 153
153 153 153
153 153 153
153 153 153
153 153 153
151 152 150
153 154 152
155 155 155
155 155 155
154 154 154
153 155 155
153 155 155
153 155 155
151 154 155
147 150 154
151 154 155
150 154 155
127 131 136
102 106 111
87 90 98
66 69 77
57 57 69
51 51 63
45 45 59
45 45 57
52 52 66
61 61 73
70 70 84
74 74 86
46 46 60
68 68 80
89 89 103
77 77 89
90 90 104
97 97 109
110 110 124
102 101 111
61 60 64
64 62 62
69 64 65
74 70 69
82 77 76
91 86 83
102 93 90
108 97 93
109 97 91
114 101 93
123 110 102
123 108 99
122 105 96
124 108 96
123 107 95
129 113 106
125 113 111
119 108 110
143 135 136
135 127 128
119 111 112
133 125 126
130 122 123
116 110 111
110 104 105
96 90 91
92 86 87
103 98 99
111 106 107
105 103 103
105 100 101
111 106 105
118 110 103
121 112 103
139 130 121
130 122 115
127 120 117
111 107 106
109 106 108
87 88 92
87 90 98
11 15 26
2 9 24
15 25 42
243 255 17
234 248 11
6 19 41
10 27 48
235 4 20
196 224 241
2 28 52
211 237 11
236 5 39
228 252 32
216 241 19
236 4 34
1 25 47
41 66 82
30 52 64
45 63 74
6 20 32
234 245 3
247 254 17
234 244 6
212 228 245
247 9 26
0 17 36
15 31 54
39 53 81
254 11 43
196 208 244
196 208 248
215 226 14
231 243 35
223 234 28
230 241 35
3 16 68
218 231 27
176 190 242
156 156 188
156 157 172
167 166 170
156 156 159
181 180 184
173 172 174
169 168 170
158 156 157
165 162 164
160 157 159
168 165 167
178 175 177
182 179 181
173 170 172
162 159 161
164 161 163
173 170 172
168 168 168
156 158 166
156 156 171
156 156 181
170 166 218
156 156 205
173 171 237
174 174 238
9 12 67
128 134 155
139 147 155
138 145 155
146 153 155
142 150 150
151 155 154
152 155 151
150 154 149
150 154 149
150 153 151
150 152 152
148 152 153
148 152 153
147 152 155
147 152 155
150 153 155
150 153 155
152 153 155
154 153 155
155 153 155
155 153 155
155 153 154
155 153 154
155 153 153
153 153 153
153 153 153
153 153 153
153 153 153
153 153 153
153 153 153
153 153 153
152 152 152
152 152 152
152 152 152
152 152 152
152 152 152
152 152 152
152 152 152
152 152 152
155 155 155
155 155 155
155 155 155
155 155 155
155 155 155
155 155 155
155 155 155
155 155 155
155 155 155
155 155 155
155 155 155
155 155 155
155 155 155
155 155 155
155 155 155
155 155 155
155 155 155
155 155 155
155 155 155
155 155 155
155 155 155
155 155 155
155 155 155
155 155 155
155 155 155
155 155 155
151 150 152
155 154 155
151 150 154
94 93 97
13 11 17
36 34 40
18 15 24
6 255 6
28 14 18
123 109 111
155 152 154
155 153 155
147 141 142
150 148 148
148 148 148
148 150 150
144 149 148
146 151 150
150 152 152
152 154 154
155 155 155
155 154 154
155 150 151
154 149 150
155 154 154
154 154 154
153 153 153
153 153 153
153 153 153
152 152 152
152 152 152
152 152 152
151 151 151
151 151 151
151 151 151
152 152 152
152 152 152
152 152 152
153 153 153
153 153 153
153 153 153
153 153 153
153 153 153
154 154 154
154 154 154
154 154 154
155 155 155
155 155 155
153 153 153
153 153 153
153 153 153
153 153 153
153 153 153
153 153 153
153 153 153
153 153 153
153 154 152
153 154 152
152 152 152
151 151 151
148 150 150
149 151 151
152 154 155
151 155 155
147 150 154
151 154 155
139 143 148
107 111 116
92 95 103
90 93 101
80 83 91
69 71 81
61 61 73
63 63 77
62 62 76
55 55 69
47 47 61
46 46 60
54 54 68
62 62 76
44 44 58
62 62 76
72 72 86
72 72 86
74 74 88
86 86 100
83 83 97
75 74 84
57 56 60
62 60 60
70 65 66
77 72 73
86 81 80
92 87 86
99 91 91
103 94 91
125 114 110
118 108 101
103 91 85
125 112 104
130 117 109
114 98 91
119 104 95
110 98 92
123 118 117
138 136 136
112 110 110
136 134 134
148 146 146
114 112 112
104 102 102
71 69 69
91 91 91
82 82 82
82 82 82
94 94 94
98 100 100
95 97 97
96 98 98
107 105 104
116 112 107
130 124 117
111 105 100
103 98 95
110 106 105
87 84 86
55 56 60
64 67 75
40 44 55
249 1 14
11 21 38
248 4 22
239 253 16
241 255 21
236 250 17
3 22 43
240 10 27
182 212 231
245 16 42
244 13 45
0 24 60
186 209 247
14 38 74
251 20 52
243 13 37
45 69 87
31 52 67
6 26 37
237 253 9
219 233 245
8 18 35
15 28 44
13 29 45
200 221 236
218 236 253
17 34 53
21 37 60
25 39 67
11 22 54
204 216 252
236 247 29
238 250 36
238 249 37
229 242 32
3 18 64
13 27 75
186 202 249
156 156 184
158 159 179
166 165 174
158 156 164
178 177 186
175 172 181
168 165 174
156 156 162
173 170 179
156 156 162
173 170 179
188 185 194
182 179 188
164 162 168
156 156 160
162 158 164
173 169 174
157 156 158
164 163 172
168 165 190
156 156 185
156 156 199
177 173 238
162 159 228
208 209 14
47 51 102
133 141 155
139 149 155
133 142 155
145 152 155
144 149 148
153 155 154
150 151 147
152 154 148
152 154 148
152 153 149
152 153 149
152 153 151
150 152 152
150 152 152
150 152 153
152 154 155
154 153 155
154 153 155
155 153 155
155 153 155
155 153 155
155 153 154
155 153 154
155 153 153
153 153 153
153 153 153
153 153 153
153 153 153
153 153 153
153 153 153
153 153 153
152 152 152
152 152 152
152 152 152
152 152 152
152 152 152
152 152 152
152 152 152
152 152 152
153 153 153
153 153 153
155 155 155
155 155 155
155 155 155
155 155 155
155 155 155
155 155 155
155 155 155
155 155 155
155 155 155
155 155 155
155 155 155
155 155 155
155 155 155
155 155 155
155 155 155
155 155 155
155 154 155
155 154 155
155 154 155
155 155 155
155 155 155
155 155 154
155 155 154
155 155 154
153 153 153
154 154 154
152 151 153
155 154 155
34 32 38
35 32 41
21 17 28
15 7 17
4 245 249
66 47 50
150 136 138
155 148 150
145 139 140
150 148 148
152 152 152
145 147 147
144 149 148
145 151 150
148 153 152
152 154 154
155 155 155
155 154 154
155 150 151
154 149 150
155 154 154
154 154 154
153 153 153
153 153 153
153 153 153
152 152 152
152 152 152
152 152 152
151 151 151
151 151 151
151 151 151
152 152 152
152 152 152
152 152 152
153 153 153
153 153 153
152 152 152
152 152 152
153 153 153
153 153 153
153 153 153
154 154 154
154 154 154
154 154 154
152 152 152
152 152 152
152 152 152
152 152 152
152 152 152
152 152 152
152 152 152
152 152 152
155 155 154
152 153 151
147 150 148
145 148 146
145 147 147
147 149 149
148 152 153
149 152 155
151 154 155
150 154 155
112 115 123
76 79 87
83 88 97
88 93 102
75 80 89
77 79 90
76 76 90
66 66 80
55 55 69
52 52 66
55 55 69
52 52 66
43 43 57
33 33 47
33 33 47
49 49 63
53 53 67
68 68 82
62 62 76
76 76 90
63 63 77
59 58 68
48 44 49
57 52 53
70 65 66
84 79 80
96 90 91
103 98 97
107 102 101
110 103 100
113 106 103
119 110 106
142 131 127
116 105 101
111 100 96
137 127 120
131 121 114
140 134 129
128 128 128
92 96 97
133 137 138
138 142 143
124 128 129
117 121 122
70 74 75
60 64 65
89 93 94
89 93 94
94 98 99
102 106 107
104 108 109
101 105 106
105 109 110
116 118 118
106 104 103
109 105 104
85 80 81
83 81 81
65 64 66
47 47 53
20 23 31
36 40 51
251 1 14
228 237 251
32 44 62
239 253 16
228 241 7
250 8 31
236 250 17
251 13 36
252 24 41
192 224 243
232 6 31
251 23 54
229 255 36
209 234 18
55 81 118
253 22 56
204 229 255
20 45 65
63 86 101
233 255 10
207 225 236
203 217 229
204 215 229
239 252 10
17 34 47
34 53 68
237 0 15
207 225 242
20 35 54
64 78 101
55 66 93
60 71 101
43 54 86
74 84 118
36 47 85
15 27 67
12 27 66
6 22 64
191 209 250
156 156 188
156 156 174
158 158 172
158 156 170
180 180 194
190 187 202
177 174 189
156 156 166
156 156 166
159 156 171
179 176 191
185 182 197
165 162 177
156 156 166
157 156 169
176 173 188
186 185 195
179 180 184
169 170 180
166 163 189
156 156 193
156 156 206
171 170 234
160 159 225
241 245 47
93 102 145
135 147 155
132 142 155
134 145 149
145 151 150
145 148 146
155 155 154
152 148 147
153 152 148
153 153 147
153 153 147
153 152 148
153 152 148
151 152 150
151 152 150
151 151 151
153 153 153
155 153 153
155 153 153
155 153 153
155 153 153
155 153 153
155 153 153
155 153 153
152 152 152
152 152 152
152 152 152
152 152 152
152 152 152
152 152 152
152 152 152
152 152 152
152 152 152
152 152 152
152 152 152
152 152 152
152 152 152
152 152 152
152 152 152
152 152 152
150 150 150
150 150 150
155 155 155
155 155 155
155 155 155
155 155 155
155 155 155
155 155 155
155 155 155
155 155 155
155 155 155
155 155 155
155 155 155
155 155 155
155 155 155
155 155 155
155 155 155
155 154 155
155 154 155
155 154 155
155 154 155
155 155 155
155 155 155
155 155 154
155 155 154
155 155 154
155 155 155
146 146 146
155 154 155
155 154 155
77 75 81
17 14 23
36 32 43
45 36 46
16 255 3
31 10 13
110 93 96
155 143 145
150 142 143
152 150 150
155 155 155
145 150 149
143 149 148
145 151 150
148 153 152
152 154 154
155 155 155
155 153 154
155 150 151
154 149 150
155 154 154
154 154 154
153 153 153
153 153 153
153 153 153
152 152 152
152 152 152
152 152 152
151 151 151
151 151 151
151 151 151
152 152 152
152 152 152
152 152 152
153 153 153
153 153 153
151 151 151
151 151 151
152 152 152
152 152 152
152 152 152
153 153 153
153 153 153
153 153 153
152 152 152
152 152 152
152 152 152
152 152 152
152 152 152
152 152 152
152 152 152
152 152 152
154 155 153
150 151 149
144 147 145
144 147 145
148 150 150
151 153 153
151 154 155
150 153 155
150 154 155
119 123 128
82 85 93
79 82 90
94 99 108
85 90 99
69 73 84
75 79 90
74 75 89
59 59 73
46 46 60
48 48 62
57 57 71
55 55 69
35 35 49
15 15 29
16 16 30
30 30 44
43 43 57
63 63 77
62 62 76
66 66 80
60 60 74
66 65 75
40 36 41
54 49 50
74 69 70
95 90 91
112 106 107
122 116 117
125 119 120
126 121 120
124 119 118
142 137 136
114 106 106
119 111 111
131 124 121
134 129 126
148 141 138
104 100 99
101 103 103
142 147 148
125 130 131
117 122 123
118 123 124
75 80 81
61 66 67
88 93 94
86 91 92
92 97 98
99 104 105
102 107 108
98 103 104
94 99 100
98 103 104
106 110 111
100 101 105
78 79 83
82 83 87
81 84 89
33 36 44
34 39 48
43 49 60
26 34 47
228 237 251
227 237 254
46 60 79
245 3 25
216 230 253
252 12 35
5 20 46
249 14 36
230 2 19
206 238 1
243 16 43
6 34 68
228 254 38
46 71 113
17 42 82
182 208 244
186 213 240
60 87 108
64 89 105
17 39 50
251 13 24
205 222 231
205 219 231
178 191 205
207 224 237
19 38 51
27 46 61
248 8 24
8 22 40
53 64 84
60 71 93
48 58 82
61 70 97
56 67 95
66 77 109
58 70 104
16 33 66
11 30 65
226 245 24
170 183 215
156 156 179
161 159 178
169 167 187
187 186 206
210 208 228
207 206 226
168 166 188
156 156 172
156 156 171
189 187 209
209 207 229
181 179 201
156 156 171
156 156 175
178 176 198
192 192 210
183 185 193
182 182 194
173 171 200
164 162 204
156 156 209
156 156 206
194 197 2
2 9 59
121 133 155
132 146 155
130 144 150
143 154 152
148 154 149
148 147 143
155 154 155
155 150 151
155 152 148
153 153 147
153 152 148
153 152 148
153 152 148
153 152 148
153 151 150
153 151 150
154 152 151
154 152 151
154 152 152
154 152 152
154 152 152
154 152 152
154 152 152
154 152 152
152 152 152
152 152 152
152 152 152
152 152 152
152 152 152
152 152 152
152 152 152
152 152 152
152 152 152
152 152 152
152 152 152
152 152 152
152 152 152
152 152 152
152 152 152
152 152 152
149 149 149
149 149 149
155 155 155
155 155 155
155 155 155
155 155 155
155 155 155
155 155 155
155 155 155
155 155 155
155 155 155
155 155 155
155 155 155
155 155 155
155 155 155
155 155 155
155 155 155
155 154 155
155 154 155
155 154 155
155 154 155
155 155 155
155 155 155
155 155 154
155 155 152
155 155 152
152 153 151
149 149 149
155 154 155
146 145 149
119 117 123
14 11 20
34 30 41
61 52 62
36 16 21
25 2 6
77 58 61
155 148 150
155 150 151
150 145 146
153 155 155
150 155 154
143 149 148
145 151 150
148 153 152
152 154 154
155 155 155
155 153 154
155 150 151
155 149 150
155 154 154
154 154 154
153 153 153
153 153 153
153 153 153
152 152 152
152 152 152
152 152 152
151 151 151
151 151 151
151 151 151
152 152 152
152 152 152
152 152 152
153 153 153
153 153 153
150 150 150
150 150 150
151 151 151
151 151 151
151 151 151
152 152 152
152 152 152
152 152 152
152 152 152
152 152 152
152 152 152
152 152 152
152 152 152
152 152 152
152 152 152
152 152 152
151 154 152
147 151 146
144 147 145
147 150 148
151 155 155
151 155 155
151 154 155
146 149 153
125 129 134
80 83 91
65 70 79
83 88 97
80 84 95
67 71 82
68 71 85
74 77 91
64 66 77
61 63 74
57 59 70
52 54 65
47 49 60
36 38 49
23 25 36
13 15 26
3 5 16
9 11 22
36 38 49
51 53 64
60 62 73
47 49 60
57 59 70
73 72 82
59 53 58
72 66 67
91 85 86
111 105 106
125 119 120
132 126 127
132 127 128
131 126 127
124 119 120
94 89 90
116 113 115
123 120 122
128 125 127
123 122 124
94 91 93
112 111 113
133 137 138
136 141 142
124 129 130
105 110 111
68 73 74
59 64 65
90 94 95
87 91 92
96 100 101
105 109 110
111 115 116
107 111 112
100 104 105
95 99 100
95 99 100
96 99 103
102 105 113
79 84 93
89 94 103
70 76 87
49 55 66
57 65 78
70 79 93
26 36 53
213 225 243
1 15 34
34 48 67
235 249 15
220 234 1
244 4 27
11 26 52
255 22 44
236 10 29
207 240 3
240 14 41
252 24 58
9 35 75
41 69 110
201 226 12
156 165 202
173 199 229
25 52 73
51 76 92
21 46 56
16 36 47
24 41 50
248 7 16
228 244 0
199 216 229
212 231 244
9 26 39
36 52 65
15 28 44
10 20 37
9 19 37
240 249 13
230 239 3
246 1 23
16 28 52
2 15 41
61 78 105
61 79 108
221 242 14
213 227 255
158 161 189
166 163 188
190 187 213
193 192 218
218 215 241
237 236 6
222 220 249
204 202 231
186 186 216
197 197 227
194 196 227
184 186 217
188 190 221
197 200 231
182 184 215
156 157 183
156 156 166
177 178 192
198 198 228
170 169 213
156 156 195
176 177 237
241 246 45
16 25 69
126 141 155
126 143 152
135 149 147
148 155 149
155 155 149
150 145 142
155 152 155
155 152 155
154 149 150
152 151 147
154 150 149
154 151 147
154 151 147
154 151 147
154 151 147
154 151 147
155 152 148
155 152 148
153 151 150
153 151 150
151 152 150
151 152 150
151 151 151
151 151 151
152 152 152
152 152 152
152 152 152
152 152 152
152 152 152
152 152 152
152 152 152
152 152 152
152 152 152
152 152 152
152 152 152
152 152 152
152 152 152
152 152 152
152 152 152
152 152 152
149 149 149
149 149 149
155 155 155
155 155 155
155 155 155
155 155 155
155 155 155
155 155 155
155 155 155
155 155 155
155 155 155
155 155 155
155 155 155
155 155 155
155 155 155
155 155 155
155 155 155
155 154 155
155 154 155
155 154 155
155 154 155
155 155 155
155 155 155
155 155 154
155 155 152
155 155 152
145 146 144
155 155 154
155 155 155
154 153 155
143 141 147
42 38 49
20 16 28
55 45 57
44 23 31
27 2 6
64 43 46
155 138 141
155 152 154
144 139 140
153 155 155
150 155 155
143 149 148
143 151 150
148 153 152
152 154 154
155 155 155
155 153 154
155 150 151
155 149 150
155 154 154
154 154 154
153 153 153
153 153 153
153 153 153
152 152 152
152 152 152
152 152 152
151 151 151
151 151 151
151 151 151
152 152 152
152 152 152
152 152 152
153 153 153
153 153 153
149 149 149
149 149 149
150 150 150
150 150 150
151 151 151
151 151 151
151 151 151
151 151 151
151 151 151
151 151 151
151 151 151
151 151 151
151 151 151
151 151 151
151 151 151
151 152 150
152 155 153
148 152 147
145 148 146
150 153 151
151 155 155
151 155 155
139 142 146
128 131 135
92 95 103
71 74 82
75 80 89
79 84 93
59 63 74
64 68 79
86 89 103
89 92 106
77 79 90
70 72 83
61 63 74
54 56 67
47 49 60
35 37 48
19 21 32
8 10 21
2 4 15
251 253 8
21 23 34
39 41 52
57 59 70
38 40 51
54 56 67
75 74 83
92 87 89
103 95 96
115 107 108
124 118 119
129 123 124
128 122 123
122 117 119
116 113 115
97 93 98
115 114 118
112 110 116
126 126 132
107 110 115
80 83 88
117 119 127
137 140 145
130 133 137
118 122 123
101 105 106
53 57 58
73 77 78
101 105 106
74 78 79
106 108 109
106 108 109
115 117 118
118 120 121
112 114 115
105 107 108
102 104 105
99 98 100
87 90 95
82 88 99
86 93 108
70 79 93
39 48 62
70 80 97
72 82 99
49 59 77
11 22 42
210 224 243
36 50 72
3 17 39
216 233 254
225 241 8
232 248 15
244 5 31
1 24 46
12 42 61
194 227 247
225 255 26
242 14 49
34 62 103
189 216 4
158 183 227
156 180 217
197 225 255
65 92 113
46 72 88
49 74 84
1 22 30
223 242 250
255 16 25
221 238 247
213 230 243
216 233 246
194 210 223
196 209 223
216 227 241
189 198 212
171 180 194
211 220 234
191 199 216
173 183 201
209 220 240
7 21 40
11 27 50
30 48 71
73 93 118
218 233 3
156 156 184
156 156 179
200 198 228
208 206 236
222 219 251
248 247 23
1 0 34
243 244 22
252 252 32
216 217 255
171 174 212
159 161 201
188 193 232
221 226 9
214 219 2
191 194 225
161 163 181
158 158 174
182 181 213
173 174 218
156 156 204
248 252 54
246 255 49
30 43 81
125 143 155
127 145 146
140 155 145
150 155 145
155 155 148
154 145 142
155 147 154
155 150 155
155 148 151
152 150 149
154 150 149
154 150 149
154 150 149
154 151 147
154 151 147
154 151 147
154 151 147
154 151 147
152 150 149
152 150 149
150 151 149
150 151 149
150 150 150
150 150 150
151 151 151
151 151 151
151 151 151
151 151 151
151 151 151
151 151 151
151 151 151
151 151 151
152 152 152
152 152 152
152 152 152
152 152 152
152 152 152
152 152 152
152 152 152
152 152 152
150 150 150
150 150 150
155 155 155
155 155 155
155 155 155
155 155 155
155 155 155
155 155 155
155 155 155
155 155 155
155 155 155
155 155 155
155 155 155
155 155 155
155 155 155
155 155 155
155 155 155
155 154 155
155 154 155
155 154 155
155 154 155
155 155 155
155 155 155
155 155 154
155 155 152
155 155 151
141 142 138
155 155 154
150 150 150
155 154 155
150 148 154
82 78 89
27 23 35
52 42 54
59 36 44
23 252 0
52 29 33
106 89 92
152 141 143
148 143 144
145 147 147
148 154 153
143 149 148
143 151 150
148 153 152
152 154 154
155 155 155
155 153 154
155 150 151
155 149 150
155 154 154
154 154 154
153 153 153
153 153 153
153 153 153
152 152 152
152 152 152
152 152 152
151 151 151
151 151 151
151 151 151
152 152 152
152 152 152
152 152 152
153 153 153
153 153 153
149 149 149
149 149 149
149 149 149
149 149 149
150 150 150
150 150 150
151 151 151
151 151 151
151 151 151
151 151 151
151 151 151
151 151 151
151 151 151
151 151 151
151 151 151
151 152 150
153 155 154
150 154 149
148 151 149
151 154 152
150 155 154
139 144 143
116 121 124
97 102 105
65 68 76
72 75 83
72 77 86
62 66 77
60 63 77
78 81 95
92 97 112
94 97 111
87 89 100
75 77 87
62 64 74
56 58 68
55 57 67
48 50 60
32 34 44
18 20 30
7 9 19
243 245 255
253 255 9
35 37 47
61 63 73
57 59 69
66 68 78
89 88 97
117 110 113
123 115 115
128 120 121
130 122 123
126 119 122
120 113 116
111 105 110
104 100 105
132 130 136
123 123 129
122 124 132
97 100 108
98 103 112
121 126 135
113 118 127
115 118 126
92 95 100
85 86 90
58 59 63
81 82 86
82 83 87
86 87 91
120 121 125
87 86 90
91 90 94
99 98 102
102 98 103
96 92 97
95 91 96
96 92 97
87 83 88
68 67 76
54 61 76
70 82 100
54 66 84
38 50 68
67 78 98
63 77 96
26 40 59
2 16 38
236 250 16
32 48 71
242 2 25
230 246 13
213 228 254
223 240 10
239 0 26
242 9 31
251 25 44
178 211 231
231 8 34
14 44 79
3 31 72
156 159 203
156 170 214
156 176 216
220 248 23
23 49 73
67 93 109
63 88 98
16 39 47
6 25 32
22 39 48
17 34 43
0 17 30
252 13 26
229 245 1
201 215 227
188 197 210
183 191 204
183 191 204
189 197 210
178 185 200
190 199 213
184 194 211
240 253 13
239 254 17
251 15 33
81 102 123
34 50 73
188 190 220
156 156 178
206 202 237
226 225 3
237 235 15
1 1 37
15 16 54
255 2 40
9 11 51
251 255 40
220 226 13
183 188 233
162 168 213
178 184 229
219 225 14
0 6 43
235 239 2
192 194 212
164 166 197
160 161 205
168 169 225
6 11 66
231 241 32
39 54 86
134 154 155
134 154 149
139 155 140
148 155 139
155 155 145
155 146 144
155 141 150
155 149 155
155 148 153
152 150 150
154 149 150
154 150 149
154 150 149
154 150 149
155 150 147
155 150 147
154 151 147
154 151 147
152 151 147
152 151 147
150 151 149
148 151 149
148 150 150
148 150 150
151 151 151
151 151 151
151 151 151
151 151 151
151 151 151
151 151 151
151 151 151
151 151 151
152 152 152
152 152 152
152 152 152
152 152 152
152 152 152
152 152 152
152 152 152
152 152 152
153 153 153
153 153 153
155 155 155
155 155 155
155 155 155
155 155 155
155 155 155
155 155 155
155 155 155
155 155 155
155 155 155
155 155 155
155 155 155
155 155 155
155 155 155
155 155 155
155 155 155
155 154 155
155 154 155
155 154 155
155 154 155
155 155 155
155 155 155
155 155 154
155 155 152
155 155 152
141 142 138
152 153 151
148 148 148
155 154 155
149 149 155
105 104 114
47 45 57
59 51 62
77 55 60
13 245 247
38 17 19
51 35 36
135 127 127
155 153 154
143 145 145
146 151 150
143 149 148
145 151 150
148 153 152
152 154 154
155 155 155
155 153 154
155 150 151
155 149 150
155 154 154
152 154 154
153 153 153
151 153 153
153 153 153
150 152 152
152 152 152
150 152 152
151 151 151
149 151 151
151 151 151
150 152 152
152 152 152
150 152 152
153 153 153
153 153 153
148 148 148
148 148 148
149 148 150
149 149 149
150 149 151
150 150 150
150 149 151
150 150 150
151 150 152
151 151 151
151 150 152
151 151 151
151 150 152
151 151 151
151 150 152
151 151 151
153 155 152
153 155 152
149 152 150
150 152 152
145 149 150
128 131 135
98 102 107
74 77 85
42 44 54
56 60 71
46 49 63
39 45 58
68 74 87
85 91 104
75 82 97
73 81 94
70 76 87
75 79 90
74 79 88
65 70 79
54 56 66
46 48 58
46 49 57
49 52 60
12 15 23
239 242 250
235 238 246
38 41 49
70 73 81
86 88 98
86 88 98
108 110 118
120 116 121
125 118 121
126 121 123
126 120 125
120 116 121
114 110 115
104 102 108
98 98 104
106 105 114
106 107 117
104 106 116
112 117 126
120 124 135
116 122 133
111 117 128
100 105 114
60 62 70
54 54 60
81 81 87
91 91 97
87 87 93
87 87 93
79 79 85
88 88 94
87 85 91
94 92 98
96 92 98
92 88 94
96 92 98
101 97 103
90 86 92
65 66 76
43 52 66
52 66 84
62 76 94
74 88 106
56 70 89
60 74 93
38 53 72
17 31 53
13 30 51
7 23 46
245 5 28
5 23 46
191 208 234
222 242 11
254 18 43
221 245 13
236 11 34
184 218 242
238 16 45
20 52 87
168 196 237
156 173 217
156 184 225
156 182 219
12 37 69
7 33 57
42 68 85
61 85 97
56 79 87
46 68 74
55 74 82
12 31 39
27 44 57
34 51 64
15 31 44
239 252 10
221 233 245
207 219 231
191 200 213
180 189 202
207 216 230
199 210 224
214 225 239
198 211 225
232 248 8
12 31 46
233 252 11
83 98 117
6 10 39
173 172 206
211 210 244
241 240 18
1 0 34
19 20 54
33 35 70
16 17 55
21 23 63
18 22 63
8 11 56
233 237 29
194 199 248
173 180 230
189 195 248
217 223 14
22 26 61
10 15 48
187 190 234
156 156 191
158 164 217
213 224 18
229 244 27
37 54 81
134 155 155
139 155 154
136 153 139
137 147 130
152 152 140
155 149 145
155 139 143
155 148 155
154 147 150
151 148 150
151 149 149
151 149 149
153 149 148
153 149 148
153 149 148
153 150 146
153 149 148
151 150 146
151 149 148
149 150 148
149 150 148
147 150 148
147 149 149
147 149 149
151 151 151
151 151 151
151 151 151
151 151 151
151 151 151
151 151 151
151 151 151
151 151 151
152 152 152
152 152 152
152 152 152
152 152 152
152 152 152
152 152 152
152 152 152
152 152 152
155 155 155
155 155 155
155 155 155
155 155 155
155 155 155
155 155 155
155 155 155
155 155 155
155 155 155
155 155 155
155 155 155
155 155 155
155 155 155
155 155 155
155 155 155
155 155 155
155 155 155
155 154 155
153 154 155
153 154 155
153 155 155
155 155 155
155 155 155
155 155 154
155 155 154
155 155 154
150 148 147
151 152 150
153 153 153
151 152 155
151 154 155
131 134 142
42 47 56
65 63 69
58 42 43
36 16 11
27 10 7
32 21 17
91 84 81
155 154 153
153 155 155
147 152 151
145 150 151
147 152 153
151 155 155
153 155 155
155 154 155
155 153 155
155 148 151
153 146 149
154 154 154
150 155 154
151 153 153
149 154 153
151 153 153
148 153 152
150 152 152
148 153 152
151 153 153
149 154 153
151 153 153
149 154 153
151 153 153
149 154 153
151 153 153
151 153 153
147 149 150
148 150 151
149 150 154
149 151 152
147 148 152
146 148 149
148 149 153
150 152 153
149 150 154
142 144 145
144 145 149
153 155 155
153 154 155
153 155 155
149 150 154
152 154 154
151 152 148
155 155 152
138 139 137
128 130 131
82 85 89
80 82 90
82 84 95
68 71 85
54 57 72
48 52 70
57 64 81
80 88 105
92 101 115
83 94 108
76 88 100
77 89 101
72 81 94
68 76 89
71 80 90
82 89 98
77 82 91
60 63 71
52 56 61
59 62 67
25 28 32
231 234 238
236 239 244
51 54 59
68 72 77
67 70 78
95 101 108
111 114 122
113 115 123
117 119 127
118 120 128
113 114 124
107 108 118
105 106 116
110 112 122
117 119 129
99 101 111
95 97 108
108 112 123
121 125 136
113 117 128
101 105 116
78 82 93
46 50 61
40 42 52
77 79 87
70 72 80
78 80 88
62 64 72
72 74 82
88 90 98
83 85 93
84 86 94
91 93 101
89 91 99
81 83 91
77 79 87
80 82 90
77 79 87
67 69 79
68 77 90
57 70 84
56 69 85
83 96 112
47 61 79
69 83 101
38 54 71
249 8 27
25 42 63
249 12 33
254 16 39
235 0 22
253 17 42
227 249 18
173 194 221
1 26 52
228 6 35
214 252 26
236 15 49
16 50 86
156 182 221
156 173 212
156 181 220
156 179 214
36 61 93
215 240 10
36 61 81
37 60 76
38 60 72
56 77 85
88 110 116
54 75 83
66 85 98
43 62 77
43 62 77
15 34 49
255 15 32
220 236 253
207 223 240
198 214 231
202 218 234
224 239 255
206 222 235
197 213 226
216 232 245
224 240 252
250 10 22
42 55 71
98 103 128
213 215 245
176 178 208
213 214 242
243 244 16
12 13 41
38 39 67
38 38 68
43 44 78
30 31 69
19 18 60
20 22 70
10 13 64
177 180 235
177 181 240
230 235 40
10 17 80
36 45 108
57 66 129
176 187 245
156 160 212
223 240 27
241 4 37
34 55 76
127 148 155
136 154 155
137 151 145
140 149 139
155 155 149
149 146 138
155 155 152
155 154 154
154 149 150
150 150 150
150 150 150
150 150 150
152 150 150
152 150 150
152 150 150
152 150 149
154 152 152
152 153 151
152 152 152
152 152 152
152 152 152
152 152 152
152 152 152
152 152 152
150 150 150
150 150 150
150 150 150
150 150 150
150 150 150
150 150 150
150 150 150
150 150 150
152 152 152
152 152 152
152 152 152
152 152 152
152 152 152
152 152 152
152 152 152
152 152 152
155 155 155
155 155 155
155 155 155
155 155 155
155 155 155
155 155 155
155 155 155
155 155 155
155 155 155
155 155 155
155 155 155
155 155 155
155 155 155
155 155 155
155 155 155
155 155 155
155 155 155
153 155 155
153 154 155
151 154 155
153 155 155
153 155 155
155 155 155
155 155 154
155 155 154
155 155 154
151 149 148
150 151 149
154 153 155
149 152 155
150 154 155
131 137 144
42 49 58
61 61 67
71 58 56
46 28 21
19 5 255
33 23 16
54 47 44
145 144 140
155 155 154
134 139 138
146 150 151
148 152 153
153 154 155
155 154 155
155 154 155
155 153 155
155 149 152
153 146 149
154 154 154
150 155 154
150 155 154
149 154 153
149 154 153
148 153 152
148 153 152
148 153 152
149 154 153
149 154 153
149 154 153
149 154 153
149 154 153
149 154 153
149 154 153
149 154 153
153 155 155
152 153 155
152 153 155
153 154 155
153 154 155
153 154 155
148 149 153
143 144 148
153 154 155
150 151 155
148 149 153
150 151 155
153 154 155
153 154 155
153 154 155
145 147 148
153 155 154
143 147 142
110 112 112
97 99 100
69 71 79
64 66 76
77 80 95
81 85 103
72 78 97
74 80 99
83 90 109
91 101 119
83 96 112
64 80 93
58 74 87
66 79 93
60 71 85
70 81 95
83 92 105
82 91 101
65 72 81
49 55 60
52 55 60
62 65 69
31 33 34
11 13 14
246 249 253
44 47 51
74 78 83
82 88 93
98 104 111
101 106 115
111 115 126
111 115 126
110 114 125
106 110 121
103 107 118
103 107 118
107 111 122
110 114 125
104 108 119
94 98 109
101 105 116
113 117 128
98 102 113
68 72 83
50 54 65
45 49 60
53 55 65
51 53 63
56 58 68
52 54 64
55 57 67
58 60 70
59 61 71
62 64 74
75 77 87
73 75 85
79 81 91
88 90 100
84 86 96
68 70 80
57 59 69
54 59 68
47 56 69
63 75 87
63 76 90
55 68 82
57 72 88
72 87 103
34 50 67
226 244 5
245 6 27
3 22 43
22 43 65
11 34 56
230 252 21
179 203 227
194 217 243
35 62 89
190 225 2
193 231 9
1 37 73
193 229 9
156 182 218
159 191 227
161 188 225
186 212 248
244 13 45
171 195 223
49 72 94
19 43 61
65 86 101
49 71 82
60 82 88
42 63 71
23 42 55
49 67 84
17 37 54
34 54 71
4 24 42
240 4 22
220 240 2
230 250 12
208 226 243
203 221 238
207 223 239
197 214 227
207 223 236
213 227 239
211 226 235
2 13 27
83 90 115
96 100 128
156 156 176
156 156 178
163 165 189
203 203 227
251 251 19
39 40 66
61 61 91
46 47 81
65 64 106
57 57 103
30 30 84
1 3 61
156 156 208
237 240 52
44 50 125
47 55 132
65 75 145
65 78 140
156 158 209
216 235 17
239 4 32
6 28 46
134 154 155
130 149 152
138 150 150
140 149 146
149 153 147
151 149 141
155 154 146
155 155 151
153 151 150
151 151 151
151 151 151
151 151 151
151 151 151
151 151 151
151 151 151
151 151 151
152 152 152
152 152 152
152 152 152
152 152 152
152 152 152
152 152 152
152 152 152
152 152 152
151 151 151
151 151 151
151 151 151
151 151 151
151 151 151
151 151 151
151 151 151
151 151 151
152 152 152
152 152 152
152 152 152
152 152 152
152 152 152
152 152 152
152 152 152
152 152 152
154 154 154
154 154 154
155 155 155
155 155 155
155 155 155
155 155 155
155 155 155
155 155 155
155 155 155
155 155 155
155 155 155
155 155 155
155 155 155
155 155 155
155 155 155
155 155 155
155 155 155
153 155 155
153 154 155
151 154 155
153 155 155
153 155 155
155 155 155
155 155 154
155 155 154
155 155 154
152 150 149
150 151 149
154 153 155
148 151 155
150 154 155
134 140 147
46 53 62
58 58 64
87 72 70
33 13 8
13 253 247
46 34 28
53 44 41
107 104 100
155 155 154
141 144 142
150 152 152
151 153 153
152 154 155
155 154 155
155 154 155
155 152 154
155 149 152
154 149 151
154 154 154
152 154 154
152 154 154
152 154 154
151 153 153
151 153 153
150 152 152
150 152 152
151 153 153
151 153 153
151 153 153
151 153 153
151 153 153
151 153 153
151 153 153
151 153 153
153 152 154
149 148 150
146 145 147
149 148 150
155 154 155
155 154 155
155 154 155
154 153 155
152 151 153
155 154 155
155 154 155
148 147 149
145 144 146
149 148 150
142 141 143
127 129 130
58 63 62
74 79 78
72 77 78
68 73 76
68 73 82
53 59 70
57 64 81
52 59 78
40 50 68
46 55 75
58 69 89
71 85 103
73 87 105
67 83 99
69 85 101
78 94 107
72 85 99
79 90 104
80 89 102
70 79 89
61 68 77
54 60 65
47 50 55
38 41 45
30 33 37
21 24 28
239 242 246
43 46 50
83 87 92
93 99 106
98 103 112
99 106 115
108 114 125
104 110 123
99 105 118
98 104 117
99 105 118
101 107 120
101 107 120
101 107 120
102 108 121
98 104 117
95 101 114
92 98 111
73 79 92
37 43 56
22 28 41
33 39 50
43 48 57
17 22 31
38 43 52
26 31 40
42 47 56
40 45 54
38 43 52
56 61 70
75 80 89
66 71 80
61 66 75
63 68 77
61 66 75
54 59 68
55 60 69
61 68 77
30 39 52
28 40 52
37 51 63
32 45 59
61 76 92
36 51 67
27 43 60
17 35 52
37 54 75
7 26 47
230 251 17
156 162 184
156 162 187
230 253 23
249 16 42
249 22 49
191 226 3
164 202 236
27 64 98
187 224 2
156 180 216
167 199 235
173 201 236
216 243 21
196 221 253
180 204 232
255 21 46
38 62 82
34 54 71
70 92 104
44 65 73
55 76 84
36 55 68
4 23 38
35 53 70
24 42 59
254 18 35
251 15 32
238 2 19
235 255 16
210 230 247
216 236 253
204 222 239
234 250 10
235 251 11
205 221 234
217 233 246
217 232 248
24 34 58
90 97 124
28 35 62
156 156 181
167 171 195
156 156 180
168 170 194
196 197 223
251 251 25
62 63 97
73 72 114
87 87 133
71 71 125
47 49 107
201 202 7
209 212 24
26 32 105
52 59 132
66 75 143
76 87 147
253 12 61
184 203 241
242 7 35
11 32 53
121 140 153
124 143 148
137 149 149
148 155 154
146 150 145
155 155 151
155 152 147
154 149 146
154 152 151
152 152 152
152 152 152
152 152 152
152 152 152
152 152 152
152 152 152
152 152 152
153 153 153
153 153 153
153 153 153
153 153 153
153 153 153
153 153 153
153 153 153
153 153 153
152 152 152
152 152 152
152 152 152
152 152 152
152 152 152
152 152 152
152 152 152
152 152 152
152 152 152
152 152 152
152 152 152
152 152 152
152 152 152
152 152 152
152 152 152
152 152 152
152 152 152
152 152 152
155 155 155
155 155 155
155 155 155
155 155 155
155 155 155
155 155 155
155 155 155
155 155 155
155 155 155
155 155 155
155 155 155
155 155 155
155 155 155
155 155 155
155 155 155
153 155 155
153 154 155
151 154 155
153 155 155
153 155 155
155 155 155
155 155 154
155 155 154
155 155 154
154 152 151
150 151 149
154 153 155
148 151 155
150 154 155
137 143 150
50 57 66
54 54 60
72 57 55
34 12 7
36 17 12
46 31 28
71 60 56
76 69 66
155 152 151
154 152 151
153 153 153
151 153 153
152 154 154
154 153 155
153 152 154
155 152 154
155 151 153
153 150 152
155 155 155
153 155 155
152 154 154
152 154 154
152 154 154
151 153 153
151 153 153
151 153 153
152 154 154
152 154 154
152 154 154
152 154 154
152 154 154
152 154 154
152 154 154
152 154 154
146 146 146
146 146 146
149 146 148
149 149 149
153 150 152
153 153 153
155 152 154
153 153 153
155 154 155
152 152 152
147 144 146
149 149 149
155 154 155
142 142 142
95 92 94
44 46 47
69 74 75
95 104 107
89 98 102
53 63 70
62 71 81
54 63 77
64 74 92
49 60 80
57 71 90
55 69 88
57 71 93
67 82 101
74 91 110
75 93 110
68 88 105
67 86 101
50 65 81
60 71 85
58 69 83
53 62 75
59 66 75
68 74 81
62 66 71
46 49 53
31 34 38
250 253 1
222 225 229
55 59 64
87 93 100
85 93 100
94 101 110
104 110 121
106 112 125
96 104 117
91 97 110
89 97 110
96 102 115
97 105 118
97 103 116
91 99 112
90 96 109
101 109 122
93 99 112
71 79 92
59 65 78
33 41 54
17 23 36
21 27 40
17 21 32
5 10 19
23 28 37
22 27 36
32 37 46
36 41 50
49 54 63
75 80 89
68 73 82
68 73 82
59 64 73
44 49 58
40 45 54
48 53 62
52 57 66
47 54 63
28 38 48
249 5 17
5 19 31
30 44 56
65 80 96
28 43 59
27 43 60
33 50 69
34 53 74
198 219 240
156 156 174
181 205 229
207 230 0
211 236 6
8 33 59
247 19 49
191 226 3
194 232 10
9 46 80
178 213 247
156 159 195
165 197 233
183 211 246
250 21 55
156 165 197
161 185 213
202 226 250
28 52 72
23 45 63
36 57 72
41 63 74
18 38 49
26 45 58
32 51 66
250 12 29
243 5 22
22 42 59
236 0 17
245 9 26
235 255 16
223 243 4
202 222 239
240 4 21
249 11 28
248 10 27
251 13 30
218 237 252
221 237 254
222 233 4
46 57 84
96 105 132
15 22 47
161 167 190
156 156 173
161 165 189
156 156 174
161 163 193
12 14 48
68 70 111
82 85 130
92 94 148
54 56 114
30 33 94
178 182 247
21 23 94
48 52 123
69 75 140
87 98 155
46 60 109
164 183 221
6 26 57
217 238 4
56 75 90
126 144 151
137 150 152
148 155 155
151 155 154
155 155 152
155 155 152
152 147 144
154 152 151
152 152 152
152 152 152
152 152 152
152 152 152
152 152 152
152 152 152
152 152 152
154 154 154
154 154 154
154 154 154
154 154 154
154 154 154
154 154 154
154 154 154
154 154 154
152 152 152
152 152 152
152 152 152
152 152 152
152 152 152
152 152 152
152 152 152
152 152 152
153 153 153
153 153 153
153 153 153
153 153 153
153 153 153
153 153 153
153 153 153
153 153 153
150 150 150
150 150 150
155 155 155
155 155 155
155 155 155
155 155 155
155 155 155
155 155 155
155 155 155
155 155 155
155 155 155
155 155 155
155 155 155
155 155 155
155 155 155
155 155 155
155 155 155
153 155 155
153 154 155
151 154 155
153 155 155
153 155 155
155 155 155
155 155 154
155 155 154
155 155 154
155 153 152
149 150 148
155 154 155
147 150 154
149 153 155
141 147 154
55 62 71
49 49 55
51 35 36
77 54 52
72 51 49
35 18 15
58 46 42
69 60 56
145 138 135
155 153 149
155 155 154
154 155 153
153 154 152
152 152 152
152 152 152
152 152 152
152 152 152
153 153 153
153 155 155
153 155 155
153 155 155
152 154 154
152 154 154
152 154 154
151 153 153
151 153 153
152 154 154
152 154 154
152 154 154
152 154 154
152 154 154
152 154 154
152 154 154
154 154 154
150 148 148
155 154 153
155 154 155
155 155 154
155 153 154
151 149 148
151 146 147
150 148 147
152 147 148
155 155 154
155 154 155
134 132 131
91 86 87
55 53 52
59 54 55
71 73 74
95 104 108
91 105 111
56 69 77
14 26 36
29 41 53
30 43 59
44 58 77
33 47 69
55 72 93
55 72 93
53 71 94
58 77 98
64 85 106
71 93 111
67 91 109
64 86 104
33 49 66
51 64 80
58 69 83
49 58 71
43 52 62
50 57 66
54 60 67
49 53 58
32 36 41
227 231 236
234 238 243
72 78 85
85 91 98
81 88 97
98 104 115
97 106 116
98 106 119
89 98 112
83 90 105
82 91 105
88 95 110
90 99 113
89 96 111
84 93 107
81 88 103
90 99 113
82 89 104
67 76 90
62 69 84
43 52 66
24 31 46
23 31 44
7 13 24
19 24 33
12 17 26
33 38 47
36 41 50
49 54 63
71 76 85
82 87 96
57 62 71
66 71 80
70 75 84
66 71 80
67 72 81
72 77 86
69 74 83
59 66 75
70 80 90
10 22 32
239 251 7
241 255 11
18 33 49
59 74 90
72 88 105
34 51 70
172 191 212
156 168 190
191 213 238
211 235 3
214 237 7
254 22 50
246 14 42
194 222 252
156 173 206
249 30 64
234 13 47
156 181 215
156 177 213
174 206 242
179 207 242
234 5 39
156 175 207
156 176 206
190 213 239
30 53 75
22 46 66
21 44 60
36 59 74
14 36 48
23 42 57
238 1 16
251 14 29
11 30 45
242 4 21
23 41 58
253 15 32
254 16 33
222 242 4
232 252 14
223 243 5
245 9 27
244 8 26
240 4 22
1 23 41
217 236 1
209 224 250
246 3 29
67 78 105
67 79 103
204 215 237
156 158 181
168 174 197
178 183 208
157 161 190
169 174 207
67 69 110
72 75 120
80 82 136
73 75 133
56 59 120
227 229 38
21 22 90
71 72 140
90 95 155
73 82 139
19 33 81
156 159 198
26 46 77
212 232 1
247 11 28
136 152 155
139 153 155
146 155 155
151 155 155
155 155 154
155 155 152
154 151 147
155 153 152
153 153 153
153 153 153
153 153 153
153 153 153
153 153 153
153 153 153
153 153 153
154 154 154
154 154 154
154 154 154
154 154 154
154 154 154
154 154 154
154 154 154
154 154 154
153 153 153
153 153 153
153 153 153
153 153 153
153 153 153
153 153 153
153 153 153
153 153 153
153 153 153
153 153 153
153 153 153
153 153 153
153 153 153
153 153 153
153 153 153
153 153 153
150 150 150
150 150 150
155 155 155
155 155 155
155 155 155
155 155 155
155 155 155
155 155 155
155 155 155
155 155 155
155 155 155
155 155 155
155 155 155
155 155 155
155 155 155
155 155 155
155 155 155
153 155 155
153 154 155
151 154 155
153 155 155
153 155 155
155 155 155
155 155 154
155 155 154
155 155 154
155 155 154
149 150 148
155 154 155
146 149 153
147 151 155
145 151 155
60 67 76
45 45 51
67 51 52
111 88 86
78 55 53
45 26 23
42 25 22
60 48 44
103 92 88
155 155 152
155 155 152
155 155 152
155 153 152
151 152 150
148 150 150
149 151 151
151 153 153
152 154 154
153 155 155
153 155 155
153 155 155
153 155 155
152 154 154
152 154 154
152 154 154
152 154 154
153 155 155
153 155 155
153 155 155
153 155 155
153 155 155
153 155 155
153 155 155
155 155 155
155 155 154
155 155 154
155 154 153
155 152 151
155 151 150
155 155 154
155 155 154
155 155 154
155 151 150
124 120 119
92 87 86
70 66 65
60 55 54
62 58 57
86 81 80
106 108 109
90 102 108
50 67 76
12 28 40
15 32 45
45 61 77
44 62 79
50 69 90
45 64 85
31 52 74
42 63 85
47 70 92
46 69 91
47 71 93
58 82 104
67 91 113
71 95 115
54 71 90
56 70 88
50 63 79
40 51 65
34 43 56
31 40 50
24 31 40
16 22 29
23 29 36
226 232 239
21 27 34
77 84 93
76 83 92
83 92 102
99 108 118
82 91 104
89 98 112
83 94 108
78 88 105
76 87 101
78 88 105
80 91 105
80 90 107
79 90 104
79 89 106
71 82 96
67 77 94
73 84 98
67 77 94
44 55 69
33 43 60
45 54 68
30 36 47
38 43 52
12 17 26
44 49 58
51 56 65
63 68 77
75 80 89
70 75 84
84 89 98
73 78 87
64 69 78
63 68 77
58 63 72
51 56 65
53 58 67
59 66 75
77 87 97
59 71 81
60 72 84
63 77 89
40 53 69
42 58 74
247 6 25
156 173 191
223 244 10
235 2 24
231 255 23
241 10 36
230 254 26
243 13 43
2 28 58
164 193 224
181 216 249
1 38 72
209 244 22
156 185 219
164 196 232
169 201 236
199 227 6
191 219 253
156 173 204
156 161 191
197 221 249
11 34 60
253 20 42
9 33 53
235 3 21
252 19 35
238 2 19
16 35 50
252 15 30
18 37 52
30 48 65
4 22 39
3 21 38
8 26 43
250 14 32
234 254 16
248 14 32
226 247 12
222 246 10
3 26 48
251 18 40
240 7 29
197 214 241
241 0 26
243 2 28
81 95 118
30 43 65
233 244 10
156 156 173
194 201 226
189 195 224
156 156 180
0 4 45
75 80 125
74 78 131
81 85 143
71 74 135
67 69 133
232 231 41
63 65 129
107 110 155
96 106 155
241 255 47
156 157 198
7 27 62
215 236 7
218 237 2
123 142 155
139 154 155
137 148 152
150 155 155
143 143 143
155 151 150
155 154 153
155 154 154
154 154 154
154 154 154
154 154 154
154 154 154
154 154 154
154 154 154
154 154 154
155 155 155
155 155 155
155 155 155
155 155 155
155 155 155
155 155 155
155 155 155
155 155 155
154 154 154
154 154 154
154 154 154
154 154 154
154 154 154
154 154 154
154 154 154
154 154 154
154 154 154
154 154 154
154 154 154
154 154 154
154 154 154
154 154 154
154 154 154
154 154 154
152 152 152
152 152 152
155 155 155
155 155 155
155 155 155
155 155 155
155 155 155
155 155 155
155 155 155
155 155 155
155 155 155
155 155 155
155 155 155
155 155 155
155 155 155
155 155 155
155 155 155
153 155 155
153 154 155
151 154 155
153 155 155
153 155 155
155 155 155
155 155 154
155 155 154
155 155 154
155 155 154
148 149 147
155 154 155
146 149 153
146 150 155
148 154 155
64 71 80
42 42 48
86 69 72
102 78 78
70 46 46
59 38 37
46 27 24
52 35 32
70 55 52
155 152 148
155 155 151
155 155 151
155 153 149
152 151 147
149 150 148
149 152 150
149 154 153
151 155 155
153 155 155
155 155 155
155 155 155
155 155 155
155 155 155
154 154 154
154 154 154
154 154 154
155 155 155
155 155 155
155 155 155
155 155 155
155 155 155
155 155 155
155 155 155
155 155 155
155 155 154
155 154 153
151 143 143
150 145 144
155 152 152
155 155 154
155 148 148
144 139 138
93 85 85
88 83 82
85 77 77
78 73 72
79 71 71
84 79 78
104 96 96
110 112 113
80 95 104
31 52 67
0 20 37
31 51 68
47 67 85
48 69 90
53 77 97
55 78 100
59 83 107
68 92 116
65 91 115
52 78 102
45 71 95
50 78 102
55 83 107
56 83 104
61 80 101
44 59 78
28 42 60
28 41 57
33 44 58
26 35 48
10 19 29
0 7 16
249 0 9
223 230 239
53 60 69
65 74 84
73 82 92
84 93 106
88 97 110
76 87 101
77 90 106
77 90 106
76 88 106
73 86 102
69 81 99
69 82 98
73 85 103
77 90 106
75 87 105
64 77 93
67 79 97
71 84 100
54 66 84
39 52 68
47 59 77
65 75 92
48 56 69
34 40 51
25 31 42
49 55 66
62 68 79
61 67 78
60 66 77
63 69 80
53 59 70
46 52 63
48 54 65
59 65 76
68 74 85
72 78 89
81 87 98
94 100 111
56 66 76
40 50 60
15 27 39
251 9 21
225 238 254
248 8 24
15 30 49
16 36 54
14 35 57
4 26 51
27 50 76
253 21 49
225 251 25
241 13 44
213 241 16
170 201 232
34 69 102
236 17 51
175 210 244
156 176 210
156 167 202
178 210 245
230 2 37
174 202 236
156 165 196
179 204 236
2 26 56
232 0 28
4 27 53
1 25 49
227 251 17
237 5 25
2 22 40
242 6 23
34 54 71
21 41 58
22 40 57
254 16 33
254 16 33
247 9 26
248 12 30
2 22 40
245 10 31
245 12 34
245 13 37
251 21 45
12 37 63
248 15 41
207 226 253
250 11 37
216 233 3
254 14 37
111 125 147
252 9 31
200 213 235
165 175 199
193 201 230
199 208 241
171 179 219
55 64 108
76 84 137
76 85 142
77 85 145
101 106 155
67 69 133
74 77 138
75 79 138
119 129 155
156 156 194
156 156 197
248 14 50
239 7 37
200 222 247
72 92 110
137 153 155
137 149 155
148 154 155
143 144 148
149 147 147
155 154 155
155 155 155
155 155 155
155 155 155
155 155 155
155 155 155
155 155 155
155 155 155
155 155 155
155 155 155
155 155 155
155 155 155
155 155 155
155 155 155
155 155 155
155 155 155
155 155 155
155 155 155
155 155 155
155 155 155
155 155 155
155 155 155
155 155 155
155 155 155
155 155 155
154 154 154
154 154 154
154 154 154
154 154 154
154 154 154
154 154 154
154 154 154
154 154 154
154 154 154
154 154 154
155 155 155
155 155 155
155 155 155
155 155 155
155 155 155
155 155 155
155 155 155
155 155 155
155 155 155
155 155 155
155 155 155
155 155 155
155 155 155
155 155 155
155 155 155
153 155 155
153 154 155
151 154 155
153 155 155
153 155 155
155 155 155
155 155 154
155 155 154
155 155 154
155 155 154
148 149 147
155 154 155
146 149 153
145 149 154
148 154 155
65 72 81
40 39 48
75 60 64
83 59 61
79 55 57
52 31 30
53 32 30
59 40 35
74 58 52
141 128 120
155 155 149
155 155 149
155 153 148
153 150 146
149 150 146
149 152 150
150 155 154
151 155 155
153 155 155
155 155 155
155 155 155
155 155 155
155 155 155
155 155 155
154 154 154
154 154 154
155 155 155
155 155 155
155 155 155
155 155 155
155 155 155
155 155 155
155 155 155
155 155 155
155 155 154
155 154 154
155 148 148
155 154 154
155 154 154
155 148 148
113 105 105
74 66 66
89 81 81
95 87 87
92 84 84
81 73 73
81 73 73
94 86 86
104 96 96
97 98 102
40 56 69
21 45 63
20 44 64
64 88 108
57 81 101
55 80 100
53 77 99
46 73 94
36 62 86
40 66 90
36 64 88
32 60 84
45 72 98
65 92 118
70 100 125
66 92 116
61 82 104
47 64 85
36 51 70
32 46 64
20 33 49
255 10 24
246 255 12
249 2 12
218 227 237
209 218 228
58 67 77
50 59 72
75 84 97
78 89 103
72 83 97
81 94 110
70 84 102
73 89 106
74 89 108
69 85 102
62 77 96
61 77 94
67 82 101
74 90 107
66 81 100
67 83 100
73 88 107
60 76 93
32 47 66
34 50 67
59 74 93
72 85 101
50 58 71
20 26 37
43 49 60
52 58 69
68 74 85
51 57 68
46 52 63
72 78 89
39 45 56
55 61 72
65 71 82
57 63 74
37 43 54
6 12 23
223 229 240
189 198 208
185 194 204
220 230 240
240 252 8
245 3 15
255 12 26
12 28 44
21 38 57
32 51 72
251 16 38
244 12 36
12 36 64
23 49 79
12 40 71
1 30 61
235 8 39
212 243 20
32 67 101
219 0 34
156 190 224
156 158 192
156 164 199
228 4 39
221 252 29
156 167 201
156 174 205
17 45 76
232 1 33
188 212 242
162 186 214
253 19 47
233 255 27
9 32 58
250 17 39
7 28 49
255 21 39
20 40 58
8 28 45
0 18 35
240 2 19
243 5 22
231 251 13
236 2 20
254 19 40
3 27 51
5 30 56
6 33 59
252 23 50
248 16 44
223 244 15
206 226 251
245 6 32
202 220 243
67 84 105
86 100 122
1 15 37
169 183 206
185 197 225
6 17 49
156 160 200
10 23 67
68 79 131
82 93 150
48 59 119
69 78 141
99 104 155
91 96 155
89 97 155
98 109 155
223 240 35
156 172 218
198 222 8
227 253 33
186 210 240
14 36 61
134 151 155
139 152 155
144 153 155
151 154 155
147 146 148
155 155 155
155 155 155
155 155 155
155 155 155
155 155 155
155 155 155
155 155 155
155 155 155
155 155 155
155 155 155
155 155 155
155 155 155
155 155 155
155 155 155
155 155 155
155 155 155
155 155 155
155 155 155
155 155 155
155 155 155
155 155 155
155 155 155
155 155 155
155 155 155
155 155 155
154 154 154
154 154 154
154 154 154
154 154 154
154 154 154
154 154 154
154 154 154
154 154 154
155 155 155
155 155 155
155 155 155
155 155 155
155 155 155
155 155 155
155 155 155
155 155 155
155 155 155
155 155 155
155 155 155
155 155 155
155 155 155
155 155 155
155 155 155
155 155 155
155 155 155
153 155 155
153 154 155
151 154 155
153 155 155
153 155 155
155 155 155
155 155 154
155 155 154
155 155 154
155 155 154
155 155 154
149 148 150
151 154 155
146 150 155
147 153 155
81 88 97
32 31 40
48 32 39
68 45 49
78 56 58
71 50 49
56 35 33
53 33 28
67 48 41
82 65 56
155 140 133
155 155 148
155 155 149
155 153 148
155 155 152
150 153 151
142 147 146
151 155 155
147 149 149
151 151 151
154 154 154
155 155 155
155 155 155
155 155 155
155 155 155
155 155 155
151 151 151
152 152 152
153 153 153
154 154 154
153 153 153
154 154 154
155 155 155
155 155 155
155 155 154
155 149 149
155 151 151
155 147 147
123 115 115
84 76 76
81 73 73
104 96 96
93 85 85
99 91 91
88 80 80
71 63 63
84 76 76
113 105 105
108 100 100
69 70 74
22 38 55
19 43 65
7 31 53
48 72 94
39 63 85
77 104 125
51 78 99
57 86 107
33 61 85
28 56 80
45 72 98
63 90 116
63 93 118
70 100 125
73 103 128
60 87 113
55 77 102
33 51 74
26 43 64
13 28 47
8 22 40
6 19 35
241 252 10
244 253 10
217 226 239
241 250 7
55 64 77
48 59 73
63 74 88
57 70 86
69 82 98
73 87 105
52 69 88
72 89 108
66 83 104
54 71 90
62 79 100
65 82 101
55 72 93
53 70 89
74 91 112
54 71 90
56 73 94
24 41 60
37 54 75
53 70 89
66 83 104
58 72 90
14 23 37
50 56 69
50 56 69
46 52 65
67 73 86
44 50 63
45 51 64
37 43 56
62 68 81
64 70 83
25 31 44
254 4 17
20 26 39
51 57 70
64 70 83
57 66 76
37 46 56
10 21 29
230 242 252
226 240 252
22 35 49
212 228 244
18 35 54
37 58 79
220 243 9
245 13 37
40 64 92
245 15 45
192 220 251
255 27 61
221 252 29
215 247 26
226 5 39
173 207 243
156 174 208
156 175 209
172 205 238
246 23 56
192 223 0
156 156 183
14 42 76
237 8 42
168 195 229
156 169 201
156 164 196
177 200 232
245 12 44
237 5 35
10 33 59
253 21 45
248 15 37
251 19 39
216 238 0
240 4 22
242 4 21
220 238 255
218 238 255
234 0 18
237 2 23
4 28 52
251 20 46
11 38 65
18 46 76
251 22 49
255 22 48
194 216 241
253 17 42
234 252 19
206 225 246
89 106 127
58 75 96
186 202 225
71 85 113
49 64 96
156 156 194
156 157 200
43 57 109
56 71 127
43 59 118
45 60 122
76 86 146
107 117 155
74 85 145
78 95 152
87 108 155
194 221 16
195 223 14
225 255 40
192 220 255
249 19 49
116 139 155
135 151 155
135 145 155
143 149 154
153 155 155
150 150 150
155 155 155
155 155 155
155 155 155
155 155 155
155 155 155
155 155 155
155 155 155
155 155 155
155 155 155
155 155 155
155 155 155
155 155 155
155 155 155
155 155 155
155 155 155
155 155 155
155 155 155
155 155 155
155 155 155
155 155 155
155 155 155
155 155 155
155 155 155
155 155 155
155 155 155
155 155 155
155 155 155
155 155 155
155 155 155
155 155 155
155 155 155
155 155 155
155 155 155
155 155 155
155 155 155
155 155 155
155 155 155
155 155 155
155 155 155
155 155 155
155 155 155
155 155 155
155 155 155
155 155 155
155 155 155
155 155 155
155 155 155
155 155 155
155 155 155
153 155 155
153 154 155
151 154 155
153 155 155
153 155 155
155 155 155
155 155 154
155 155 154
155 155 154
155 155 154
155 155 154
150 149 151
151 154 155
146 150 155
147 153 155
86 93 102
31 33 41
17 5 11
51 31 36
67 46 49
59 38 37
58 35 33
68 46 40
72 49 41
61 40 32
117 98 90
155 151 142
155 155 148
155 155 149
147 144 139
154 155 151
151 155 154
151 155 155
155 155 155
154 154 154
153 153 153
151 151 151
151 151 151
151 151 151
152 152 152
153 153 153
155 155 155
155 155 155
150 150 150
151 151 151
155 155 155
155 155 155
154 154 154
150 148 148
155 154 155
149 144 143
125 117 118
103 98 97
96 88 89
92 87 86
96 88 89
97 92 91
114 106 107
86 81 80
69 61 62
69 64 63
87 79 80
96 91 90
79 71 72
32 35 40
23 40 59
11 37 61
6 32 56
28 54 78
32 59 80
55 82 103
58 85 106
73 102 123
76 103 124
62 90 114
67 93 117
68 95 121
61 88 114
61 88 114
60 87 114
48 72 100
51 72 99
40 60 85
47 65 88
46 63 84
47 62 81
40 54 72
13 26 42
6 17 31
220 231 245
6 17 31
38 49 63
49 62 78
58 71 87
49 63 81
71 85 103
56 71 90
49 68 89
60 81 102
58 76 99
51 72 93
60 78 101
57 78 99
50 68 91
50 71 92
54 72 95
56 77 98
53 71 94
3 24 45
25 43 66
55 76 97
58 76 99
33 48 67
27 36 50
50 56 69
24 30 43
55 61 74
38 44 57
64 70 83
58 64 77
61 67 80
46 52 65
254 4 17
38 44 57
71 77 90
40 46 59
12 18 31
8 14 27
24 33 43
39 48 58
58 69 77
34 44 54
32 44 56
54 67 81
233 249 10
233 250 13
251 16 37
1 23 48
229 254 24
179 205 235
212 240 15
229 1 35
241 15 50
194 226 5
2 34 70
203 237 17
156 171 207
156 172 206
164 199 233
221 254 31
231 8 41
156 172 205
236 11 44
220 248 26
176 204 238
156 183 217
156 176 212
156 168 204
156 175 211
180 203 241
218 242 22
216 241 17
209 236 7
214 239 9
232 0 24
208 232 252
218 240 2
217 237 255
210 228 245
211 231 248
233 253 15
244 9 30
13 37 59
247 16 42
246 17 44
3 31 61
3 30 57
243 9 37
0 20 45
218 238 7
244 6 29
222 241 6
5 24 45
94 113 134
19 37 60
57 76 103
230 250 25
174 193 231
61 83 125
166 187 238
45 66 121
40 62 120
38 59 120
44 59 121
87 102 155
100 119 155
60 84 144
85 113 155
80 113 155
156 184 237
206 240 30
187 222 6
241 15 50
105 130 155
106 126 144
139 153 155
146 154 155
140 144 145
153 155 155
155 155 155
155 155 155
155 155 155
155 155 155
155 155 155
155 155 155
155 155 155
155 155 155
155 155 155
155 155 155
155 155 155
155 155 155
155 155 155
155 155 155
155 155 155
155 155 155
155 155 155
155 155 155
155 155 155
155 155 155
155 155 155
155 155 155
155 155 155
155 155 155
155 155 155
155 155 155
155 155 155
155 155 155
155 155 155
155 155 155
155 155 155
155 155 155
155 155 155
155 155 155
155 155 155
155 155 155
155 155 155
155 155 155
155 155 155
155 155 155
155 155 155
155 155 155
155 155 155
155 155 155
155 155 155
155 155 155
155 155 155
155 155 155
155 155 155
153 155 155
153 154 155
151 154 155
153 155 155
153 155 155
155 155 155
155 155 154
155 155 154
155 155 154
155 155 154
155 155 154
151 150 152
151 154 155
147 151 155
148 154 155
96 103 112
34 36 44
12 4 11
45 29 36
82 65 68
106 85 87
104 81 79
86 62 56
72 46 39
65 40 30
98 76 65
144 124 113
155 155 147
155 153 145
155 149 144
155 155 152
153 155 154
143 146 144
154 154 154
155 154 154
155 155 155
155 155 155
155 155 155
155 155 155
155 155 155
155 155 155
155 155 155
155 153 153
153 151 151
155 153 153
155 155 155
155 155 155
155 154 154
153 151 151
128 123 124
108 103 104
88 81 84
81 76 77
94 87 90
105 100 101
106 99 102
97 92 93
111 104 107
65 60 61
52 45 48
71 66 67
80 73 76
68 63 64
47 40 43
11 13 21
24 41 62
13 36 62
15 38 64
18 42 66
42 66 88
55 79 101
72 97 117
70 97 117
65 90 110
52 79 100
51 75 97
50 76 100
47 72 98
51 76 102
54 78 106
49 71 99
47 69 97
42 63 90
51 71 96
52 70 93
52 69 90
43 58 77
12 26 44
253 10 26
228 241 1
32 45 61
16 29 45
48 62 80
47 61 79
43 58 77
68 83 102
32 49 70
45 66 88
46 69 91
47 67 92
49 72 94
57 77 102
48 71 93
44 64 89
49 72 94
38 58 83
51 74 96
39 59 84
246 13 35
23 43 68
51 74 96
35 55 80
10 27 48
50 60 77
49 57 70
30 38 51
37 45 58
31 39 52
51 59 72
57 65 78
41 49 62
22 30 43
59 67 80
6 14 27
244 252 9
34 42 55
71 79 92
102 110 123
100 109 119
95 104 114
95 106 114
44 54 64
18 30 42
60 73 87
15 31 48
244 5 24
249 14 35
24 46 71
249 18 44
211 239 13
19 48 79
222 252 31
211 243 23
224 0 36
254 32 68
165 199 235
156 158 194
170 202 237
172 204 239
241 18 51
210 243 20
224 255 30
247 22 53
176 207 240
156 168 201
162 190 225
159 186 223
156 179 219
156 172 212
156 164 206
215 239 25
188 217 254
193 224 1
202 232 5
221 248 19
207 231 255
202 225 247
207 227 245
224 244 6
214 232 249
220 240 2
221 242 7
245 12 34
238 5 31
249 20 47
7 35 65
15 42 69
241 6 34
3 20 46
238 255 25
245 7 30
238 1 22
228 247 12
50 69 90
82 103 125
15 36 63
245 13 43
48 74 111
250 22 63
184 211 5
15 46 99
20 50 107
21 49 109
23 48 112
9 34 98
58 86 151
86 118 155
49 85 149
58 97 155
36 76 135
172 214 11
191 231 23
236 16 56
38 69 100
76 100 122
126 143 155
143 155 155
148 155 155
151 155 155
153 155 155
155 155 155
155 155 155
155 155 155
155 155 155
155 155 155
155 155 155
155 155 155
155 155 155
155 155 155
155 155 155
155 155 155
155 155 155
155 155 155
155 155 155
155 155 155
155 155 155
155 155 155
155 155 155
155 155 155
155 155 155
155 155 155
155 155 155
155 155 155
155 155 155
155 155 155
155 155 155
155 155 155
155 155 155
155 155 155
155 155 155
155 155 155
155 155 155
155 155 155
155 155 155
155 155 155
155 155 155
155 155 155
155 155 155
155 155 155
155 155 155
155 155 155
155 155 155
155 155 155
155 155 155
155 155 155
155 155 155
155 155 155
155 155 155
153 155 155
153 154 155
151 154 155
153 155 155
153 155 155
155 155 155
155 155 154
155 155 154
155 155 154
155 155 154
155 155 154
153 152 154
151 154 155
148 152 155
148 154 155
108 115 124
36 38 48
4 252 6
42 30 36
85 71 75
108 90 91
95 74 72
70 46 40
58 31 21
59 31 20
59 33 21
106 82 70
155 148 137
155 155 147
155 155 149
155 151 146
155 155 152
153 154 152
153 151 151
155 154 154
155 155 155
155 155 155
155 155 155
155 155 155
155 154 154
153 151 151
155 155 155
154 152 152
146 144 144
154 152 152
155 155 155
155 155 155
133 131 131
106 104 104
85 82 84
76 72 77
80 74 79
94 90 95
105 99 104
98 94 99
96 90 95
97 93 98
75 69 74
42 38 43
49 43 48
70 66 71
62 56 61
39 35 40
34 28 33
19 21 31
26 40 63
20 42 70
22 43 70
24 48 72
59 82 104
70 95 115
73 97 117
41 65 83
27 51 71
23 47 67
25 49 69
33 56 78
42 64 89
53 74 101
58 79 107
56 78 106
64 86 114
59 81 109
56 77 104
51 71 96
52 70 93
49 66 87
30 45 64
14 28 46
240 254 16
44 58 76
0 14 32
42 57 76
32 47 66
43 60 81
50 67 88
13 31 54
40 62 87
34 58 82
36 57 84
47 71 95
50 71 98
38 62 86
36 57 84
45 69 93
36 57 84
36 60 84
16 37 64
252 20 44
34 55 82
38 62 86
3 24 51
5 23 46
53 63 80
48 56 69
33 41 54
24 32 45
32 40 53
29 37 50
22 30 43
8 16 29
15 23 36
253 5 18
57 65 78
89 97 110
89 97 110
85 93 106
59 67 80
75 83 96
107 116 125
79 88 97
27 37 47
241 253 9
39 52 66
28 44 61
9 26 45
241 6 28
7 29 54
247 15 43
15 43 74
237 12 45
203 235 15
210 243 26
28 61 100
187 220 3
156 172 208
164 198 234
174 206 241
187 219 254
200 233 10
17 50 83
18 49 80
173 204 235
156 186 219
156 175 210
173 200 237
156 182 222
158 183 225
161 186 230
156 171 217
214 240 30
202 234 19
191 227 9
177 209 244
185 214 245
199 226 253
201 225 249
193 214 235
200 220 238
219 237 254
223 241 2
215 235 253
229 250 15
226 250 18
244 13 39
246 17 44
250 18 46
249 12 39
233 248 18
12 27 53
237 253 20
244 5 26
234 253 18
230 251 16
53 76 98
51 76 102
31 59 89
45 74 111
193 225 10
30 63 112
219 0 52
191 228 28
66 102 155
11 43 108
242 19 88
13 48 116
31 72 141
74 116 155
56 103 155
68 116 155
27 74 135
168 215 11
197 239 28
20 57 91
118 148 155
118 139 154
133 149 155
145 155 155
149 155 154
153 155 155
155 155 155
155 155 155
155 155 155
155 155 155
155 155 155
155 155 155
155 155 155
155 155 155
155 155 155
155 155 155
155 155 155
155 155 155
155 155 155
155 155 155
155 155 155
155 155 155
155 155 155
155 155 155
155 155 155
155 155 155
155 155 155
155 155 155
155 155 155
155 155 155
155 155 155
155 155 155
155 155 155
155 155 155
155 155 155
155 155 155
155 155 155
155 155 155
155 155 155
155 155 155
155 155 155
155 155 155
155 155 155
155 155 155
155 155 155
155 155 155
155 155 155
155 155 155
155 155 155
155 155 155
155 155 155
155 155 155
155 155 155
155 155 155
153 155 155
153 154 155
151 154 155
153 155 155
153 155 155
155 155 155
155 155 154
155 155 154
155 155 154
155 155 154
155 155 154
155 154 155
151 154 155
149 153 155
148 154 155
122 129 138
39 41 51
3 0 9
47 40 47
70 59 62
53 39 40
49 29 24
65 42 34
71 43 32
56 27 13
48 19 5
67 40 26
120 98 86
155 150 138
155 155 148
155 154 149
155 155 152
154 152 151
155 155 155
155 155 155
155 155 155
154 152 152
152 150 150
149 147 147
147 145 145
146 144 144
155 155 155
155 155 155
155 155 155
155 154 154
134 132 132
109 107 107
87 85 85
74 71 73
85 81 86
83 81 87
89 85 91
93 91 97
92 88 94
80 78 84
80 76 82
82 80 86
42 38 44
31 29 35
46 42 48
56 54 60
41 37 43
22 20 26
29 25 31
32 33 47
26 40 63
24 45 73
18 37 64
41 63 88
57 78 100
58 82 102
51 73 91
27 50 66
32 54 72
33 55 73
35 57 75
42 63 84
53 73 98
58 78 103
55 74 101
52 73 101
47 69 97
48 70 98
38 60 88
33 54 81
41 59 82
45 62 83
37 52 71
18 33 52
251 10 29
39 54 73
248 7 26
30 45 64
15 32 53
44 62 85
23 41 64
6 26 51
36 59 85
25 50 76
31 53 81
41 66 92
41 63 91
28 53 79
29 51 79
33 58 84
34 56 84
24 49 75
1 23 51
2 27 53
40 62 90
27 52 78
241 7 35
5 25 50
39 51 69
37 44 59
254 5 20
25 32 47
13 20 35
9 16 31
229 236 251
12 19 34
54 61 76
68 75 90
51 58 73
70 77 92
87 94 109
100 107 122
107 114 129
42 50 63
25 34 43
29 38 47
30 40 50
24 36 48
24 37 51
32 48 65
20 37 56
239 4 26
251 18 44
21 48 75
201 230 5
210 241 18
211 243 23
46 79 118
227 6 46
156 174 214
156 182 221
174 206 242
174 206 241
169 201 236
242 19 52
41 75 105
196 230 4
156 181 211
156 174 207
158 188 223
163 192 229
156 175 216
159 186 230
164 190 237
158 183 233
199 226 20
158 194 240
194 233 21
206 242 26
176 208 243
156 180 211
156 160 186
156 176 196
189 209 227
185 203 220
196 214 231
210 228 245
236 0 18
229 252 18
232 0 24
224 249 19
245 12 38
253 11 39
244 1 27
0 13 39
233 247 14
241 2 23
225 244 9
221 242 7
248 16 38
80 107 133
39 69 98
1 35 71
249 29 69
51 91 139
156 194 245
222 12 66
70 114 155
245 31 98
218 4 75
202 245 62
252 45 119
3 54 127
49 104 155
52 108 155
59 115 155
38 91 148
180 228 20
243 29 66
41 74 100
128 153 155
137 155 155
133 145 145
150 155 154
153 155 155
155 155 155
155 155 155
155 155 155
155 155 155
155 155 155
155 155 155
155 155 155
155 155 155
155 155 155
155 155 155
155 155 155
155 155 155
155 155 155
155 155 155
155 155 155
155 155 155
155 155 155
155 155 155
155 155 155
155 155 155
155 155 155
155 155 155
155 155 155
155 155 155
155 155 155
155 155 155
155 155 155
155 155 155
155 155 155
155 155 155
155 155 155
155 155 155
155 155 155
155 155 155
155 155 155
155 155 155
155 155 155
155 155 155
155 155 155
155 155 155
155 155 155
155 155 155
155 155 155
155 155 155
155 155 155
155 155 155
155 155 155
155 155 155
153 155 155
153 154 155
151 154 155
153 155 155
153 155 155
155 155 155
155 155 154
155 155 154
155 155 154
155 154 153
155 155 154
155 154 155
149 152 155
150 154 155
148 154 155
135 142 151
40 45 54
30 32 40
41 37 43
41 34 37
42 30 30
58 39 34
82 56 49
88 58 47
78 47 32
80 49 34
61 32 17
62 36 22
92 72 61
133 117 110
155 153 149
155 155 152
154 152 151
155 155 155
155 155 155
155 155 155
153 151 151
153 151 151
155 155 155
155 155 155
155 155 155
155 155 155
155 153 153
142 140 140
113 111 111
82 80 80
68 66 66
76 74 74
89 86 88
74 72 78
87 84 93
88 85 94
77 74 83
75 72 81
81 78 87
74 71 80
58 55 64
30 27 36
31 28 37
31 28 37
30 27 36
23 20 29
15 12 21
22 19 28
32 35 49
29 40 67
27 45 74
8 26 55
50 70 95
35 56 78
25 47 65
29 49 66
41 61 78
49 69 86
52 72 89
50 67 86
51 68 87
61 77 100
58 73 99
49 63 91
44 62 91
43 64 95
51 75 105
44 66 94
41 62 89
44 64 89
44 62 85
33 50 71
4 19 38
0 15 34
25 40 59
239 254 17
17 34 55
3 21 44
38 56 79
255 19 44
7 29 54
33 55 83
23 47 75
28 52 80
35 59 87
28 52 80
23 47 75
23 47 75
19 43 71
21 45 73
21 45 73
253 21 49
1 25 53
28 52 80
25 49 77
237 5 33
3 25 50
45 57 75
12 19 34
247 254 13
0 7 22
255 6 21
220 227 242
220 227 242
33 40 55
56 63 78
76 83 98
97 104 119
83 90 105
86 93 108
61 68 83
13 20 35
46 54 67
29 38 47
50 60 67
46 56 66
65 77 89
10 23 37
39 55 72
42 59 78
12 33 55
220 243 13
247 17 47
253 26 57
254 30 65
56 89 128
254 33 73
162 197 240
156 169 209
162 195 234
164 196 232
171 203 238
182 215 248
40 73 106
214 248 22
156 186 216
156 181 211
156 179 212
170 200 235
163 192 229
161 189 230
174 200 246
166 191 241
168 192 244
189 218 13
184 224 17
195 237 28
191 230 18
170 206 244
181 212 245
172 199 226
164 187 209
159 179 197
174 193 208
165 181 197
171 189 206
213 233 250
231 252 17
235 2 24
219 243 11
247 12 39
246 2 30
244 255 26
253 8 35
239 251 19
245 3 25
243 6 27
228 249 14
222 246 12
237 11 36
91 125 154
18 54 90
33 74 113
253 41 88
181 230 24
44 94 147
16 66 126
204 253 67
69 118 155
198 250 71
200 0 77
225 26 105
246 52 130
27 89 155
56 118 155
41 100 155
58 111 155
212 2 43
62 99 127
123 151 155
134 155 155
134 148 147
148 155 154
153 155 155
155 155 155
155 155 155
155 155 155
155 155 155
155 155 155
155 155 155
155 155 155
155 155 155
155 155 155
155 155 155
155 155 155
155 155 155
155 155 155
155 155 155
155 155 155
155 155 155
155 155 155
155 155 155
155 155 155
155 155 155
155 155 155
155 155 155
155 155 155
155 155 155
155 155 155
155 155 155
155 155 155
155 155 155
155 155 155
155 155 155
155 155 155
155 155 155
155 155 155
155 155 155
155 155 155
155 155 155
155 155 155
155 155 155
155 155 155
155 155 155
155 155 155
155 155 155
155 155 155
155 155 155
155 155 155
155 155 155
155 155 155
155 155 155
153 155 155
153 154 155
151 154 155
153 155 155
153 155 155
155 155 155
155 155 154
155 155 154
155 155 154
155 154 153
155 155 154
155 154 155
149 152 155
150 154 155
148 154 155
144 151 155
42 47 56
48 50 60
18 17 26
16 10 15
53 41 41
78 59 54
72 46 39
71 42 28
86 53 38
81 48 33
84 53 38
75 48 34
69 47 36
82 64 57
107 95 91
135 128 125
155 155 154
155 154 155
155 154 155
155 154 155
155 154 155
155 154 155
155 154 155
155 151 152
154 149 150
138 133 134
106 101 102
72 67 68
64 59 60
79 74 75
93 88 89
91 86 87
80 77 79
56 53 62
71 70 80
76 75 85
64 63 73
62 61 71
68 67 77
57 56 66
36 35 45
20 19 29
24 23 33
11 10 20
4 3 13
9 8 18
3 2 12
12 11 21
42 45 60
29 40 67
39 55 84
16 32 61
46 63 89
24 42 65
21 41 59
39 57 74
54 73 88
56 75 90
58 77 92
48 64 81
44 59 78
56 70 93
55 68 94
47 59 87
48 64 93
31 52 83
46 70 100
38 60 88
35 56 83
35 55 80
28 46 69
13 30 51
229 246 11
253 12 31
15 30 49
223 240 5
9 26 47
255 17 40
23 41 64
245 9 34
11 33 58
28 52 80
23 50 77
29 56 83
27 54 81
15 42 69
17 44 71
18 45 72
3 30 57
8 35 62
11 38 65
247 18 45
253 24 51
13 40 67
16 43 70
235 6 33
4 26 51
33 45 63
245 254 12
14 23 37
226 235 249
231 240 254
202 211 225
9 18 32
50 59 73
84 93 107
53 62 76
49 58 72
79 88 102
68 77 91
68 77 91
100 109 123
85 93 106
90 99 108
98 108 115
63 73 83
58 70 82
19 32 46
26 42 59
54 71 90
26 47 69
207 230 0
245 15 45
40 68 102
44 76 111
6 39 78
162 197 237
156 163 206
156 186 226
156 188 227
182 214 250
169 201 236
1 34 67
234 11 44
158 192 222
156 182 212
156 177 207
161 194 227
182 214 249
178 209 248
170 199 243
176 202 249
172 196 248
176 200 254
190 221 18
198 238 34
187 233 25
189 230 19
181 220 3
209 241 20
201 230 1
198 222 244
188 208 226
198 217 232
178 195 208
160 176 192
177 195 212
209 229 247
233 1 21
203 227 249
211 231 0
243 254 26
232 241 12
252 5 32
243 255 23
2 16 38
20 37 58
219 240 5
226 250 16
199 229 254
39 73 102
70 110 145
2 47 85
45 94 140
218 13 63
38 92 145
229 28 89
200 254 69
74 128 155
17 73 154
156 190 14
164 227 52
188 254 79
204 15 94
10 75 149
65 127 155
49 105 155
67 115 155
246 30 59
123 153 155
132 155 155
120 136 135
146 155 154
151 155 155
155 155 155
155 155 155
155 155 155
155 155 155
155 155 155
155 155 155
155 155 155
155 155 155
155 155 155
155 155 155
155 155 155
155 155 155
155 155 155
155 155 155
155 155 155
155 155 155
155 155 155
155 155 155
155 155 155
155 155 155
155 155 155
155 155 155
155 155 155
155 155 155
155 155 155
155 155 155
155 155 155
155 155 155
155 155 155
155 155 155
155 155 155
155 155 155
155 155 155
155 155 155
155 155 155
155 155 155
155 155 155
155 155 155
155 155 155
155 155 155
155 155 155
155 155 155
155 155 155
155 155 155
155 155 155
155 155 155
155 155 155
155 155 155
155 155 155
153 155 155
153 155 155
153 155 155
155 155 155
155 155 155
155 155 154
155 155 154
155 155 154
155 154 153
155 155 155
155 155 155
150 152 153
151 154 155
150 154 155
148 154 155
44 50 57
57 62 71
29 30 40
24 20 26
48 39 42
66 51 49
62 40 34
67 40 30
85 56 42
75 43 30
91 62 48
93 65 54
86 64 53
85 66 59
80 66 60
89 80 77
118 110 110
152 147 146
155 154 155
155 154 155
155 154 155
155 151 152
134 129 130
107 104 106
91 88 90
66 63 65
69 65 70
73 72 76
79 78 82
81 80 84
79 77 83
74 72 78
68 67 76
58 58 70
65 65 77
67 67 81
58 58 70
45 45 57
34 36 47
29 29 41
25 25 37
5 5 17
13 14 24
252 253 7
246 245 255
0 255 9
248 247 1
10 6 17
61 62 76
29 39 63
56 70 98
32 47 73
39 55 78
31 45 67
47 62 81
67 83 100
52 68 84
69 85 102
68 84 101
50 65 84
41 55 77
53 66 92
54 66 94
48 62 91
54 72 103
34 59 91
51 79 110
42 68 98
41 65 93
45 66 93
42 62 87
32 50 73
249 10 31
249 7 29
10 25 44
212 229 250
6 23 44
0 18 41
7 28 50
243 7 32
14 36 61
29 52 78
27 52 78
33 57 85
25 49 77
10 34 62
17 41 69
18 42 70
252 20 48
7 31 59
0 27 54
239 10 37
255 26 53
6 33 60
6 33 60
231 2 29
8 30 55
245 3 21
235 244 2
17 26 40
228 237 251
192 201 215
235 246 4
59 70 84
69 80 94
38 49 63
57 68 82
66 77 91
64 75 89
82 92 109
83 96 110
58 68 85
45 56 70
49 55 66
72 79 88
66 75 85
44 53 66
58 71 87
16 32 49
66 83 104
32 52 77
64 85 112
76 100 130
30 57 91
227 255 34
156 185 222
156 156 193
156 171 210
156 183 222
160 192 227
176 209 242
227 2 35
8 41 74
187 221 251
156 175 205
156 166 196
156 179 212
165 197 232
186 220 0
189 221 6
158 189 234
156 181 231
169 196 247
176 202 0
189 220 19
191 235 32
157 204 0
156 195 244
163 200 244
208 239 22
207 235 10
212 234 6
201 222 244
176 196 214
190 209 224
177 196 211
162 181 196
185 205 222
234 254 15
205 225 243
191 208 229
246 2 26
242 252 20
219 232 254
240 253 19
14 28 50
18 35 56
224 245 10
231 255 21
242 16 41
203 237 10
60 98 132
50 93 132
34 82 124
46 95 143
239 36 87
205 6 62
240 45 113
25 86 155
59 119 155
156 209 32
156 186 12
187 245 71
192 250 76
209 12 92
241 46 120
58 116 155
75 132 155
86 134 155
98 138 155
66 99 115
101 126 136
139 155 155
150 155 155
155 155 155
155 155 155
155 155 155
155 155 155
155 155 155
155 155 155
155 155 155
155 155 155
155 155 155
155 155 155
155 155 155
153 155 155
153 155 155
153 155 155
153 155 155
155 155 155
155 155 155
155 155 155
155 155 155
155 155 155
155 155 155
155 155 155
155 155 155
155 155 155
155 155 155
155 155 155
155 155 155
155 155 155
155 155 155
155 155 155
155 155 155
155 155 155
155 155 155
155 155 155
155 155 155
155 155 155
155 155 155
155 155 155
155 155 155
155 155 155
155 155 155
155 155 155
155 155 155
155 155 155
155 155 155
155 155 155
155 155 155
155 155 155
155 155 155
155 155 155
155 155 155
155 155 155
155 155 155
155 155 155
155 155 155
155 155 155
155 155 155
155 155 155
150 150 150
152 152 152
150 150 150
149 151 152
153 155 155
145 147 148
96 99 104
61 65 76
28 29 43
35 33 45
38 34 40
32 21 24
75 60 58
69 49 44
87 64 56
125 100 90
106 81 71
82 60 49
75 54 46
82 64 57
85 71 65
79 67 61
71 60 56
77 68 65
119 111 111
138 130 130
97 91 92
86 81 82
96 93 95
76 75 79
73 73 79
78 77 86
76 77 87
67 69 80
56 59 73
58 64 77
62 67 82
46 51 66
23 27 45
20 22 40
44 46 64
53 57 76
32 36 54
37 41 59
14 21 36
1 6 21
245 251 8
231 234 248
226 230 241
217 219 230
225 225 237
210 209 219
204 200 211
5 0 9
43 43 55
44 51 70
53 66 88
37 48 68
44 55 75
31 43 61
49 61 79
59 71 89
63 75 93
76 87 107
63 76 98
50 64 87
43 58 84
47 63 92
55 73 104
62 81 114
63 85 120
46 78 113
44 79 113
42 75 108
25 54 85
8 32 60
8 29 56
2 23 45
239 0 21
239 253 19
4 18 40
216 230 252
234 251 16
250 12 35
10 31 53
236 2 27
13 35 60
29 51 76
16 38 63
36 57 84
26 47 74
0 23 49
13 36 62
12 35 61
241 8 34
15 37 65
245 13 41
243 11 41
8 32 62
10 34 64
241 9 39
226 252 26
240 5 32
236 250 12
218 227 241
247 2 16
220 231 245
184 195 209
33 46 60
64 77 93
16 29 45
244 3 19
30 45 61
30 46 62
43 59 75
36 52 69
47 66 81
47 63 80
62 77 93
96 102 115
71 74 88
69 74 89
53 60 77
74 83 103
247 4 26
16 29 55
47 64 91
61 79 108
17 37 68
176 197 229
159 182 214
156 168 203
161 183 218
180 202 237
156 181 213
156 175 204
156 172 201
13 43 72
233 9 38
156 177 208
156 166 197
156 168 201
161 193 228
181 215 251
197 232 16
182 216 3
158 191 236
166 199 248
182 215 9
182 215 9
177 214 10
156 190 244
156 185 241
157 197 250
194 227 21
197 223 13
170 195 235
170 189 226
173 193 224
231 253 22
169 193 213
172 195 211
179 200 215
156 166 182
204 217 231
225 234 248
213 222 236
186 200 218
223 239 0
209 225 242
231 249 10
11 29 46
20 40 58
236 1 22
211 235 1
221 249 17
248 22 49
250 27 60
86 124 155
20 61 100
253 40 83
253 41 88
209 8 59
213 27 86
227 43 107
46 107 155
27 79 150
184 223 45
161 197 25
156 185 17
178 223 58
182 235 69
224 30 114
2 69 144
36 100 155
27 84 135
12 59 97
104 143 155
125 151 155
144 153 155
153 155 155
153 155 155
152 151 153
154 153 155
155 154 155
155 155 155
155 154 154
155 155 155
155 155 155
155 155 154
153 155 154
151 155 154
150 155 154
148 155 154
150 155 154
153 155 155
155 155 155
155 155 155
155 155 155
155 155 155
155 155 155
155 155 155
155 155 155
155 155 155
155 155 155
155 155 155
155 155 155
155 155 155
155 155 155
155 155 155
155 155 155
155 155 155
155 155 155
155 155 155
155 155 155
155 155 155
155 155 155
155 155 155
155 155 155
155 155 155
155 155 155
155 155 155
155 155 155
155 155 155
155 155 155
155 155 155
155 155 155
155 155 155
155 155 155
155 155 155
155 155 155
155 155 155
155 155 155
155 155 155
155 155 155
155 155 155
155 155 155
154 154 154
152 152 152
154 154 154
150 150 150
150 150 150
155 155 155
151 151 151
111 112 116
48 51 65
54 57 72
37 37 51
20 16 27
52 45 52
44 33 35
69 54 52
102 86 80
97 78 71
92 73 66
78 59 52
73 55 48
83 67 61
90 76 70
93 81 77
100 89 85
99 90 87
94 87 84
110 102 102
100 94 95
87 82 84
87 83 88
74 72 78
68 69 79
64 66 77
65 68 82
59 64 79
48 55 72
46 53 72
43 53 71
27 36 56
6 15 35
245 252 16
18 23 44
30 37 57
21 28 48
2 12 30
246 0 18
230 240 1
224 235 249
193 202 216
189 197 210
181 187 198
191 193 204
182 183 193
189 188 198
1 254 7
54 54 66
54 62 79
60 72 90
42 52 70
48 58 76
39 49 66
57 67 84
68 78 96
68 80 98
80 91 111
70 82 106
60 73 99
54 70 99
58 76 107
64 85 117
67 89 125
65 91 127
53 89 125
37 75 109
25 62 96
19 53 83
23 49 79
28 51 77
3 23 48
215 233 0
227 241 7
244 2 24
206 220 242
239 0 21
248 10 33
6 29 51
6 28 53
15 39 63
27 47 72
18 38 63
31 51 76
19 39 64
255 20 47
10 31 58
6 27 54
245 10 37
18 40 68
248 14 42
237 5 35
252 20 50
252 20 50
233 1 31
226 251 27
244 9 37
214 228 247
247 2 16
238 249 7
192 203 217
211 224 238
51 64 78
19 34 50
245 4 20
41 57 73
51 67 83
37 55 72
13 31 48
252 16 33
36 56 73
19 39 56
29 45 61
60 69 83
56 62 75
31 38 55
55 65 83
55 66 86
24 38 61
225 242 13
192 210 239
228 248 23
213 234 9
156 177 209
156 175 207
175 196 227
192 212 243
192 212 243
170 194 224
156 179 206
156 182 207
245 19 46
202 234 7
156 169 200
156 180 213
157 189 224
156 190 226
164 200 238
193 228 15
187 222 10
161 197 243
173 209 1
191 229 21
182 217 11
156 196 248
156 183 237
156 200 0
199 238 37
203 235 32
174 199 249
166 187 232
156 171 209
232 253 29
102 125 151
56 80 102
18 42 60
39 60 75
97 113 126
121 130 143
45 49 60
222 228 239
188 201 215
186 205 220
181 197 213
212 231 246
7 26 41
6 26 43
253 19 37
248 16 36
1 25 49
235 6 32
199 229 2
26 59 92
88 124 155
244 27 66
19 58 102
8 60 107
10 85 137
189 10 67
19 80 142
59 107 155
17 50 123
12 42 121
237 11 98
156 166 2
156 182 20
156 191 24
156 219 47
163 237 53
214 25 86
254 56 105
96 143 155
116 150 155
141 153 155
151 154 155
151 155 155
150 152 153
153 152 154
155 154 155
155 155 155
154 152 152
155 155 155
155 155 155
155 155 154
153 155 154
150 155 154
148 155 154
148 155 152
150 155 152
153 155 155
155 155 155
155 155 155
155 155 155
155 155 155
155 155 155
155 155 155
155 155 155
155 155 155
155 155 155
155 155 155
155 155 155
155 155 155
155 155 155
155 155 155
155 155 155
155 155 155
155 155 155
155 155 155
155 155 155
155 155 155
155 155 155
155 155 155
155 155 155
155 155 155
155 155 155
155 155 155
155 155 155
155 155 155
155 155 155
155 155 155
155 155 155
155 155 155
155 155 155
155 155 155
155 155 155
155 155 155
155 155 155
155 155 155
155 155 155
155 155 155
155 155 155
153 153 153
155 155 155
155 155 155
151 151 151
149 149 149
155 155 155
155 155 155
132 133 137
56 59 73
58 63 78
41 42 56
29 27 39
36 31 40
38 29 32
94 82 82
89 76 74
79 62 59
87 71 65
79 63 57
71 57 51
81 69 65
88 77 73
99 87 85
119 110 107
100 92 92
74 69 68
85 79 80
88 83 84
74 69 71
73 72 76
71 71 77
62 63 73
44 46 57
48 51 65
47 52 67
39 46 63
30 37 56
19 28 48
3 11 34
241 252 18
222 233 255
249 4 26
7 18 38
11 22 42
228 242 4
222 236 254
206 221 237
201 217 230
179 192 206
179 191 203
173 183 193
177 183 194
168 173 182
174 176 186
239 240 250
44 48 59
52 62 79
52 66 84
32 45 61
33 46 62
32 42 59
49 59 76
60 73 89
60 72 90
64 75 95
56 70 92
50 65 91
48 66 95
53 73 104
57 78 110
56 78 114
50 78 113
35 71 107
43 81 115
49 86 120
32 66 96
11 37 67
9 32 58
9 29 54
249 11 34
217 231 253
239 253 19
195 209 231
247 8 29
244 6 29
2 25 47
26 48 73
11 35 59
22 42 67
17 37 62
18 39 66
3 24 51
252 17 44
3 24 51
250 16 44
248 14 42
17 39 67
246 12 40
230 254 28
237 5 35
234 3 35
221 246 22
224 249 25
245 10 38
218 232 251
226 236 253
238 248 9
187 200 216
22 35 51
67 80 96
225 240 0
7 22 38
40 56 73
9 25 42
16 34 51
17 35 52
35 55 72
217 237 254
25 45 62
47 66 81
29 42 56
48 60 72
44 57 73
82 98 115
18 35 56
233 254 20
184 207 233
177 201 229
156 164 194
156 183 214
161 189 220
170 198 229
202 230 5
196 221 253
175 201 231
158 186 216
164 194 221
191 224 250
214 246 19
156 190 219
156 183 213
163 198 231
173 208 242
185 221 1
180 217 255
192 230 16
185 222 10
167 206 251
169 207 255
168 208 0
156 190 240
156 173 225
156 194 248
182 228 26
203 241 39
194 225 20
157 183 230
172 194 236
182 203 241
45 66 98
96 119 145
69 93 115
99 124 140
132 153 155
137 153 155
143 153 155
142 144 155
64 68 79
187 198 212
180 197 210
181 197 210
194 211 224
249 10 23
10 26 42
18 37 52
241 8 24
241 9 29
237 7 31
216 245 16
235 10 41
29 63 99
65 102 140
5 44 83
26 77 120
7 80 130
204 25 81
255 62 120
35 84 146
64 102 155
23 57 127
15 53 131
221 12 93
156 186 14
156 160 243
156 216 38
183 4 73
224 38 97
54 118 155
97 149 155
97 134 155
135 151 155
150 155 155
151 155 155
152 154 155
152 151 153
155 154 155
155 155 155
152 150 150
155 155 155
155 155 155
155 155 154
153 155 154
151 155 154
150 155 154
150 155 152
150 155 152
153 155 155
155 155 155
155 155 155
155 155 155
155 155 155
155 155 155
155 155 155
155 155 155
155 155 155
155 155 155
155 155 155
155 155 155
155 155 155
155 155 155
155 155 155
155 155 155
155 155 155
155 155 155
155 155 155
155 155 155
155 155 155
155 155 155
155 155 155
155 155 155
155 155 155
155 155 155
155 155 155
155 155 155
155 155 155
155 155 155
155 155 155
155 155 155
155 155 155
155 155 155
155 155 155
155 155 155
155 155 155
155 155 155
155 155 155
155 155 155
155 155 155
155 155 155
152 152 152
155 155 155
155 155 155
152 152 152
150 150 150
155 155 155
155 155 155
148 151 155
74 77 91
58 62 80
46 49 64
38 38 50
17 14 23
63 56 63
78 69 72
63 52 54
78 66 66
86 74 72
76 63 61
68 56 54
79 69 69
84 74 74
87 79 80
107 99 100
73 67 68
76 71 72
75 70 72
55 52 54
50 46 51
65 63 69
66 68 76
53 55 65
16 19 33
22 27 42
26 33 50
22 29 48
9 18 38
248 3 23
231 242 8
218 231 253
209 222 244
220 234 0
239 253 19
247 6 25
215 232 251
206 224 241
195 213 230
183 202 217
174 190 206
181 197 210
186 200 212
193 203 213
186 195 205
188 195 204
241 246 255
47 56 66
50 60 77
47 61 79
28 41 57
24 37 53
28 38 55
40 53 69
55 68 84
50 65 81
57 71 90
55 69 91
52 69 95
56 74 103
60 81 112
61 84 116
56 80 116
46 76 111
41 77 113
30 68 102
17 54 88
2 36 66
253 23 53
11 34 60
13 33 58
248 10 33
210 224 246
250 8 30
189 203 225
248 9 30
242 4 27
2 25 47
20 42 67
5 29 53
13 35 60
14 34 59
7 28 55
247 12 39
250 15 42
252 17 44
240 6 34
250 16 44
6 28 56
239 7 35
226 250 24
229 253 27
223 248 24
213 238 14
218 243 19
238 4 32
237 252 15
199 212 228
223 236 252
220 233 249
29 42 58
222 237 253
201 215 233
21 37 54
248 8 25
254 16 33
23 41 58
254 16 33
238 2 19
37 57 74
21 41 58
10 31 46
58 75 88
28 45 58
16 35 50
45 65 82
15 39 59
232 2 26
201 228 255
166 196 225
156 187 218
169 200 231
213 244 19
217 248 23
220 251 26
192 223 254
180 211 242
179 211 240
199 231 4
235 13 42
185 219 248
156 164 194
177 212 245
171 208 242
178 214 250
235 16 54
192 231 14
175 215 1
174 213 1
186 227 16
179 219 11
156 192 239
156 183 232
158 201 250
182 229 25
212 3 55
180 219 15
177 209 2
156 180 226
183 205 246
253 19 55
74 95 126
61 84 110
68 92 114
73 96 112
105 124 137
139 153 155
129 138 147
151 152 155
150 152 155
129 138 151
55 69 81
218 232 244
162 177 186
184 198 210
234 250 6
21 38 51
253 16 31
241 5 22
251 19 39
192 217 243
185 213 243
254 29 62
76 111 145
79 115 151
13 62 102
230 43 92
4 79 131
4 66 120
249 45 98
83 123 155
60 97 155
73 115 155
89 140 155
212 19 93
184 2 74
202 24 93
236 58 124
231 49 105
66 132 155
42 98 139
85 125 154
129 147 155
148 155 155
150 155 155
151 155 155
149 151 152
154 153 155
154 154 154
152 150 150
155 155 155
155 155 155
155 155 154
155 155 154
153 155 154
151 155 154
151 155 152
151 155 152
153 155 155
155 155 155
155 155 155
155 155 155
155 155 155
155 155 155
155 155 155
155 155 155
155 155 155
155 155 155
155 155 155
155 155 155
155 155 155
155 155 155
155 155 155
155 155 155
155 155 155
155 155 155
155 155 155
155 155 155
155 155 155
155 155 155
155 155 155
155 155 155
155 155 155
155 155 155
155 155 155
155 155 155
155 155 155
155 155 155
155 155 155
155 155 155
155 155 155
155 155 155
155 155 155
155 155 155
155 155 155
155 155 155
155 155 155
155 155 155
155 155 155
155 155 155
152 152 152
155 155 155
155 155 155
153 153 153
152 152 152
155 155 155
155 155 155
151 154 155
92 95 109
60 67 84
58 63 78
30 33 47
39 40 50
73 70 79
15 11 17
59 53 58
77 70 73
74 67 70
62 54 55
59 53 54
74 67 70
77 72 74
72 66 71
75 69 74
49 46 48
76 73 75
49 45 50
17 15 21
40 40 46
60 62 70
51 53 63
40 44 55
248 254 11
251 2 17
1 9 26
2 12 30
249 2 22
231 242 8
216 227 249
207 220 242
198 214 237
194 211 232
214 233 254
223 243 5
220 242 4
209 232 248
207 230 246
189 212 227
194 215 230
201 220 233
205 223 234
205 220 229
200 212 222
196 206 216
231 240 250
38 47 60
51 64 78
51 66 82
36 51 67
27 42 58
33 46 60
39 52 66
58 71 87
52 67 83
53 68 87
52 69 90
53 74 96
59 80 107
64 88 118
62 90 121
55 83 118
45 77 112
44 82 117
42 80 114
33 70 104
8 42 72
245 15 45
0 23 49
13 33 58
7 25 48
200 214 236
0 14 36
191 205 227
237 254 19
245 7 30
10 33 55
5 27 52
8 32 56
7 28 55
6 27 54
255 20 47
242 7 34
248 14 42
246 12 40
232 254 26
250 16 44
245 13 43
233 1 31
227 250 26
226 251 27
221 246 22
210 235 11
211 236 12
226 248 20
229 246 11
207 221 239
214 228 246
9 23 41
235 249 11
165 181 198
7 22 41
28 43 62
11 26 45
214 231 250
177 194 213
6 26 44
41 61 79
29 49 67
21 43 61
251 18 34
254 19 34
13 35 47
39 62 77
22 48 65
224 253 18
192 224 247
215 248 18
200 234 7
219 255 29
188 226 2
222 4 36
227 9 41
212 250 26
196 234 8
218 0 30
228 8 38
244 24 54
225 7 37
156 191 221
156 172 204
185 224 0
166 207 240
189 229 8
244 30 67
207 248 31
175 217 3
175 218 5
195 240 28
179 223 14
156 186 233
156 194 243
189 235 27
210 2 50
209 255 47
177 215 7
172 205 251
174 199 243
223 246 28
49 71 106
62 83 114
77 100 126
64 89 109
42 65 81
71 90 103
141 153 155
145 152 155
153 152 155
151 153 155
138 147 155
141 154 155
143 154 155
106 117 125
2 15 23
213 226 234
241 0 9
13 29 41
1 18 31
12 32 49
217 238 3
201 225 249
206 233 4
221 250 25
36 67 100
62 106 143
36 101 146
254 67 116
245 48 97
27 79 125
48 92 139
233 18 67
16 63 115
88 142 155
27 93 152
17 90 150
255 79 140
0 81 138
253 72 124
44 110 155
244 46 88
85 129 155
116 138 150
141 153 155
146 155 155
148 155 155
147 151 152
151 153 154
155 155 155
155 153 153
155 155 155
155 154 155
155 155 154
155 155 154
155 155 154
155 155 154
155 155 152
153 155 152
155 155 155
155 155 155
155 155 155
155 155 155
155 155 155
155 155 155
155 155 155
155 155 155
155 155 155
155 155 155
155 155 155
155 155 155
155 155 155
155 155 155
155 155 155
155 155 155
155 155 155
155 155 155
155 155 155
155 155 155
155 155 155
155 155 155
155 155 155
155 155 155
155 155 155
155 155 155
155 155 155
155 155 155
155 155 155
155 155 155
155 155 155
155 155 155
155 155 155
155 155 155
155 155 155
155 155 155
155 155 155
155 155 155
155 155 155
155 155 155
155 155 155
155 155 155
153 153 153
155 155 155
155 155 155
153 153 153
155 155 155
155 155 155
154 154 154
151 154 155
125 128 142
42 49 66
71 75 93
49 54 69
61 65 76
45 47 57
0 2 10
54 53 62
63 61 67
48 46 52
40 38 44
49 48 52
64 62 68
70 68 74
59 56 65
41 38 47
42 42 48
57 57 63
8 7 16
250 249 2
44 45 55
56 58 68
33 37 48
24 30 43
235 242 1
233 241 2
236 246 8
244 255 19
243 254 20
227 240 6
215 228 250
210 224 246
211 227 250
199 217 240
215 236 2
225 246 11
245 10 31
232 0 18
235 3 21
225 250 10
223 246 6
222 243 2
219 236 249
208 224 236
205 219 231
198 210 220
219 229 239
24 36 48
40 53 67
45 60 76
40 55 71
26 41 57
31 44 58
27 40 54
48 63 79
44 60 76
47 65 82
46 65 86
48 71 93
56 79 105
61 87 117
59 88 119
52 83 116
44 76 111
58 96 131
44 82 116
25 62 96
5 39 69
253 23 53
8 31 57
6 26 51
239 1 24
197 211 233
241 255 21
208 222 244
218 235 0
251 13 36
17 40 62
252 18 43
11 35 59
2 23 50
255 20 47
251 16 43
244 9 36
249 15 43
243 9 37
229 251 23
246 14 42
233 1 31
229 253 27
227 252 28
227 252 28
219 244 20
208 233 9
207 232 8
217 239 11
219 235 2
190 205 224
238 253 16
10 25 44
202 217 236
4 21 40
26 41 60
235 252 15
169 186 205
186 203 222
28 48 66
2 22 40
13 33 51
235 255 17
13 35 53
47 70 86
249 16 31
246 16 30
1 26 42
6 34 51
210 241 6
191 225 249
220 254 27
228 10 40
233 15 47
192 231 7
198 239 15
223 8 40
230 13 45
238 21 53
6 45 77
254 38 67
0 39 71
176 215 247
156 175 207
157 198 231
174 215 248
160 202 237
203 245 26
214 1 40
213 255 41
183 226 13
166 211 255
158 205 249
156 186 233
156 184 230
166 214 6
199 248 38
206 255 45
165 210 254
174 211 255
183 215 2
221 246 32
40 63 101
69 91 126
45 66 97
67 91 115
51 76 96
56 81 97
72 91 104
98 110 120
144 150 155
153 153 155
137 137 143
148 154 155
142 152 155
126 134 141
146 155 155
144 155 155
129 139 146
61 72 80
239 252 4
6 20 32
17 34 47
248 10 27
196 217 238
190 214 238
188 213 239
184 213 240
249 31 65
234 33 76
8 68 114
33 87 128
30 79 117
254 42 79
236 22 59
10 56 97
8 61 104
255 63 111
207 22 72
243 63 115
254 74 126
253 69 117
11 76 121
15 70 113
60 104 135
104 128 140
133 146 148
144 155 155
146 155 155
146 151 152
150 154 155
153 155 155
155 155 155
155 154 155
155 154 155
155 155 154
155 155 154
155 155 154
155 155 154
155 155 152
155 155 152
155 155 155
155 155 155
155 155 155
155 155 155
155 155 155
155 155 155
155 155 155
155 155 155
155 155 155
155 155 155
155 155 155
155 155 155
155 155 155
155 155 155
155 155 155
155 155 155
155 155 155
155 155 155
155 155 155
155 155 155
155 155 155
155 155 155
155 155 155
155 155 155
155 155 155
155 155 155
155 155 155
155 155 155
155 155 155
155 155 155
155 155 155
155 155 155
155 155 155
155 155 155
155 155 155
155 155 155
155 155 155
155 155 155
155 155 155
155 155 155
155 155 155
155 155 155
154 154 154
155 155 155
153 153 153
153 153 153
155 155 155
155 155 155
147 147 147
151 154 155
148 151 155
54 61 78
52 59 76
70 77 92
65 72 87
30 38 51
32 38 49
39 45 56
45 49 60
23 28 37
28 30 40
43 45 55
48 50 61
53 55 66
41 41 53
9 9 21
36 37 47
34 36 44
242 244 254
244 246 0
35 39 50
43 49 62
25 33 46
8 17 31
235 243 4
224 234 252
224 236 254
237 251 14
245 2 24
237 251 17
227 241 8
225 239 6
232 247 17
226 243 13
228 245 15
236 1 23
248 13 35
239 4 25
236 2 20
244 11 27
225 245 6
223 244 3
226 242 2
224 240 253
235 248 6
232 244 0
242 251 8
45 54 67
24 37 51
37 52 68
45 58 72
28 41 55
27 40 54
14 27 41
38 54 67
36 52 68
49 67 84
46 68 86
48 72 94
55 80 106
60 89 116
62 91 122
56 87 120
47 82 116
17 55 90
27 65 99
27 64 98
252 30 60
219 245 19
223 246 16
245 9 34
251 13 36
213 227 249
216 230 252
241 255 21
201 218 239
254 16 39
11 34 56
248 14 39
254 22 46
255 20 47
247 12 39
249 15 43
249 15 43
251 17 45
243 9 37
228 252 26
242 10 40
229 252 28
228 253 29
228 253 29
225 250 26
213 240 18
204 231 9
204 231 9
214 238 12
221 238 8
173 190 211
243 4 25
227 244 9
206 223 244
31 50 71
188 205 226
156 163 184
176 195 216
247 10 31
1 21 39
8 28 46
237 3 21
250 16 34
255 21 39
248 15 31
18 41 56
232 2 16
219 244 4
246 17 37
217 248 15
191 225 249
218 252 25
247 29 59
201 239 15
201 239 17
181 222 255
217 2 35
252 34 68
9 47 81
1 39 73
226 9 41
206 247 24
156 191 224
156 191 224
172 214 249
173 215 250
159 203 240
194 239 21
194 240 25
189 235 20
167 215 1
156 196 240
156 182 228
156 180 228
164 213 5
200 249 41
207 1 47
171 219 5
160 204 245
184 222 8
224 0 41
252 22 62
45 69 105
55 77 112
50 74 104
37 63 87
65 92 112
50 76 90
40 60 71
93 106 114
148 154 155
148 147 151
149 148 152
142 147 150
148 155 155
148 155 155
146 153 155
143 150 153
148 155 155
132 138 143
84 93 97
248 1 10
23 35 45
28 41 55
210 226 243
223 243 5
157 180 202
205 229 253
192 224 253
168 213 251
200 250 36
240 28 65
17 58 90
46 85 113
42 82 107
36 79 106
28 78 108
223 25 60
167 232 15
214 26 69
230 42 87
238 44 90
242 43 88
39 91 132
44 83 115
94 118 130
125 140 142
143 155 155
144 155 155
145 153 153
151 155 155
153 155 155
155 155 155
155 154 155
155 154 155
155 155 154
155 155 154
155 155 154
155 155 154
155 155 152
155 155 152
155 155 155
155 155 155
155 155 155
155 155 155
155 155 155
155 155 155
155 155 155
155 155 155
155 155 155
155 155 155
155 155 155
155 155 155
155 155 155
155 155 155
155 155 155
155 155 155
155 155 155
155 155 155
155 155 155
155 155 155
155 155 155
155 155 155
155 155 155
155 155 155
155 155 155
155 155 155
155 155 155
155 155 155
155 155 155
155 155 155
155 155 155
155 155 155
155 155 155
155 155 155
155 155 155
155 155 155
155 155 155
155 155 155
155 155 155
155 155 155
155 155 155
155 155 155
154 154 154
155 155 155
150 150 150
152 152 152
155 155 155
155 155 155
143 143 143
148 149 153
143 146 155
108 115 132
18 25 42
62 69 86
80 89 103
46 57 71
44 55 69
35 46 60
33 44 58
11 20 34
22 31 44
40 48 61
32 39 54
35 40 55
25 28 43
241 244 2
22 26 37
19 23 34
241 247 4
244 250 7
15 23 36
31 38 53
30 39 53
254 8 25
237 247 9
221 232 252
218 232 251
236 250 16
251 9 31
245 6 27
239 253 20
236 252 19
239 254 24
243 2 28
229 244 14
235 252 22
227 244 14
217 238 4
206 225 246
229 249 11
237 1 19
239 1 18
250 8 26
255 12 28
16 26 43
8 17 31
0 7 22
51 58 73
26 37 51
44 57 71
57 70 84
38 51 65
34 47 61
16 29 43
43 56 70
40 57 70
32 50 67
29 51 69
29 53 75
34 62 86
41 70 97
42 74 103
38 72 102
32 67 100
38 76 110
26 64 98
7 44 78
239 17 47
232 2 32
254 21 47
18 38 63
13 31 54
236 250 16
200 214 236
16 30 52
193 210 231
253 15 38
255 22 44
246 12 37
235 3 27
254 19 46
243 8 35
250 16 44
254 20 48
253 19 47
243 9 37
229 253 27
240 8 38
229 254 30
229 254 30
228 253 29
221 246 22
208 235 13
202 229 7
206 233 11
215 240 16
213 232 3
198 215 241
217 234 4
214 235 1
244 6 29
207 228 250
156 162 185
156 156 177
1 20 41
254 17 38
231 250 15
237 1 19
239 5 23
253 19 37
223 245 7
227 249 11
14 34 51
228 251 11
214 238 0
219 244 8
221 249 17
195 225 252
222 253 28
223 2 35
156 186 220
193 229 9
156 189 224
176 214 249
220 0 36
228 9 43
196 233 11
157 195 229
156 184 219
159 201 236
175 217 252
174 218 255
185 229 10
161 206 244
172 218 3
200 249 33
183 231 17
169 218 6
165 214 4
162 212 2
170 219 11
198 250 41
210 6 53
190 240 30
156 185 225
205 250 31
219 2 41
22 55 94
245 18 55
230 0 36
22 47 81
67 93 123
253 24 50
254 28 47
29 54 70
46 66 77
59 72 80
139 145 150
155 154 155
155 153 155
153 155 155
150 155 155
148 152 153
149 153 154
151 155 155
151 155 155
151 155 155
140 145 148
112 118 123
6 16 23
14 24 34
255 12 26
216 232 248
234 252 13
202 221 242
213 238 8
186 220 0
162 199 237
171 204 237
180 210 237
203 234 255
212 246 6
242 22 40
6 49 70
7 56 82
33 87 118
23 81 117
26 83 122
74 126 155
43 91 133
43 88 126
76 112 142
88 113 123
119 137 138
141 155 154
144 155 155
145 153 153
151 155 155
153 155 155
155 155 155
155 154 155
155 154 155
155 155 154
155 155 154
155 155 154
155 155 154
155 155 152
155 155 152
155 155 155
155 155 155
155 155 155
155 155 155
155 155 155
155 155 155
155 155 155
155 155 155
155 155 155
155 155 155
155 155 155
155 155 155
155 155 155
155 155 155
155 155 155
155 155 155
155 155 155
155 155 155
155 155 155
155 155 155
155 155 155
155 155 155
155 155 155
155 155 155
155 155 155
155 155 155
155 155 155
155 155 155
155 155 155
155 155 155
155 155 155
155 155 155
155 155 155
155 155 155
155 155 155
155 155 155
155 155 155
155 155 155
155 155 155
155 155 155
155 155 155
155 155 155
155 155 155
155 155 155
155 155 155
155 155 155
155 155 155
155 155 155
155 155 155
153 154 155
142 144 155
146 151 155
28 35 50
37 46 60
68 78 95
57 72 88
31 46 62
43 59 75
43 59 76
25 41 58
29 43 61
40 52 70
32 42 59
22 30 47
12 19 36
250 1 18
5 12 27
8 16 29
245 254 12
249 2 16
28 39 53
32 42 59
12 25 41
13 27 45
252 10 29
238 252 18
234 248 14
245 5 28
2 18 41
1 19 42
253 12 38
249 8 34
236 248 20
236 248 20
246 2 30
214 229 255
17 32 58
241 3 26
253 13 36
252 13 34
227 244 7
7 23 40
21 33 51
28 38 55
15 22 39
10 15 30
248 251 10
32 37 52
28 37 51
33 44 58
46 57 71
52 64 76
23 35 47
12 26 38
255 12 26
20 36 49
39 55 72
45 65 83
51 76 96
55 83 107
61 91 118
61 93 122
41 75 105
16 54 86
32 70 104
35 73 107
254 35 69
243 21 51
241 11 41
8 31 57
6 26 51
23 41 64
243 1 23
171 185 207
252 10 32
174 191 212
0 18 41
245 12 34
235 1 26
228 252 20
242 9 35
239 5 33
245 11 39
246 12 40
243 11 41
243 11 41
240 8 38
237 5 35
235 4 36
224 249 25
225 252 30
230 1 35
219 246 24
210 237 15
208 236 15
207 232 10
230 252 24
198 217 244
243 6 33
216 238 7
252 16 41
156 156 178
180 200 225
11 32 54
24 45 67
14 35 56
234 255 20
224 245 10
220 242 4
248 14 32
239 5 23
229 249 11
238 255 18
237 254 17
206 225 246
208 231 253
231 254 24
224 251 22
183 212 243
215 246 23
156 187 223
175 208 247
187 220 3
162 195 234
162 195 234
157 191 227
156 165 201
156 187 223
156 188 226
156 186 223
170 214 251
195 240 22
161 206 244
156 188 229
177 223 8
186 234 20
187 234 22
186 235 23
156 193 239
164 216 6
193 245 36
219 17 64
186 239 33
156 197 243
195 244 26
212 2 36
188 227 9
208 244 24
232 8 44
191 219 254
255 27 61
24 52 83
249 22 49
16 47 68
1 27 44
45 67 79
35 51 58
146 155 155
155 154 155
155 154 155
153 155 155
151 155 155
153 155 155
153 155 155
153 155 155
153 155 155
153 155 155
153 155 155
151 155 155
91 97 102
24 32 39
4 14 24
247 3 15
227 243 0
229 245 6
221 239 6
205 226 2
191 213 248
180 202 230
170 194 214
160 183 198
156 179 189
165 193 204
180 213 228
163 200 220
205 246 15
211 252 28
222 8 43
227 10 48
237 19 54
235 13 49
20 49 76
43 63 74
133 151 152
143 155 155
132 144 144
148 155 155
151 155 155
151 153 153
152 152 152
155 154 155
155 154 155
155 155 154
155 155 154
155 155 154
155 155 154
155 155 152
155 155 152
155 155 155
155 155 155
155 155 155
155 155 155
155 155 155
155 155 155
155 155 155
155 155 155
155 155 155
155 155 155
155 155 155
155 155 155
155 155 155
155 155 155
155 155 155
155 155 155
155 155 155
155 155 155
155 155 155
155 155 155
155 155 155
155 155 155
155 155 155
155 155 155
155 155 155
155 155 155
155 155 155
155 155 155
155 155 155
155 155 155
155 155 155
155 155 155
155 155 155
155 155 155
155 155 155
155 155 155
155 155 155
155 155 155
155 155 155
155 155 155
155 155 155
155 155 155
155 155 155
155 155 155
155 155 155
155 155 155
155 155 155
155 155 155
155 155 155
153 154 155
151 152 155
142 145 155
119 125 138
247 0 14
16 29 45
44 60 76
62 80 97
51 73 91
45 67 85
33 55 73
35 54 75
42 59 78
38 52 71
23 35 53
8 17 37
253 4 23
17 27 44
19 29 46
254 10 28
255 11 29
29 41 59
28 42 60
9 23 42
9 24 43
20 34 56
5 22 43
255 15 38
6 24 47
15 33 56
13 31 54
6 23 49
3 20 47
2 14 42
5 17 45
10 22 50
238 252 24
27 41 69
1 18 44
11 26 52
15 31 54
1 18 39
26 41 60
22 33 53
40 50 68
13 19 38
25 29 47
254 0 18
36 39 54
34 41 56
18 27 41
39 48 61
52 61 74
36 45 58
253 9 21
247 2 16
24 37 51
36 52 68
12 32 49
8 32 52
29 57 81
43 74 99
37 70 96
34 68 98
40 78 110
20 58 92
27 65 99
253 34 68
235 13 43
230 0 30
6 29 55
5 25 50
3 21 44
250 8 30
192 206 228
235 249 15
190 207 228
234 252 19
237 4 26
230 252 21
210 233 3
235 1 29
239 5 33
234 0 28
239 5 33
245 13 43
242 10 40
239 7 37
233 3 33
231 0 32
219 244 20
221 248 26
228 255 33
221 248 26
218 245 23
223 251 30
223 250 28
239 7 37
255 21 49
191 212 240
240 7 33
208 229 0
156 156 178
26 47 74
246 12 37
216 236 5
212 233 255
219 240 5
189 210 231
210 232 250
204 226 244
222 244 6
210 230 248
225 242 5
228 245 10
213 229 252
191 211 236
217 238 10
216 240 14
188 215 249
195 225 4
163 192 231
156 187 226
171 202 241
184 215 254
161 192 231
156 176 215
163 192 231
170 203 242
157 196 235
156 196 238
171 215 0
188 232 17
158 204 245
156 187 230
175 223 9
193 240 28
219 12 56
156 203 246
182 232 22
178 230 20
212 10 57
189 243 34
156 197 247
189 241 31
188 240 21
196 242 20
184 226 5
188 226 5
202 236 16
190 222 2
228 2 37
6 37 70
2 34 63
4 36 59
11 41 60
17 40 55
44 61 70
128 136 143
152 153 155
145 142 144
155 155 155
153 155 155
153 155 155
153 155 154
155 155 154
155 155 154
155 155 154
155 155 154
144 146 146
151 155 155
91 97 102
247 255 6
245 255 9
246 2 14
227 240 254
223 237 0
213 224 254
203 214 246
186 200 223
174 189 205
169 186 195
169 188 195
168 190 196
162 187 197
163 189 206
173 201 225
167 196 223
156 175 206
179 207 238
185 213 244
208 234 8
237 5 27
79 98 106
141 155 155
143 155 155
135 147 147
148 155 155
151 155 155
153 155 155
155 155 155
155 154 155
155 154 155
155 155 154
155 155 154
155 155 154
155 155 154
155 155 152
155 155 152
155 155 155
155 155 155
155 155 155
155 155 155
155 155 155
155 155 155
155 155 155
155 155 155
155 155 155
155 155 155
155 155 155
155 155 155
155 155 155
155 155 155
155 155 155
155 155 155
155 155 155
155 155 155
155 155 155
155 155 155
155 155 155
155 155 155
155 155 155
155 155 155
155 155 155
155 155 155
155 155 155
155 155 155
155 155 155
155 155 155
155 155 155
155 155 155
155 155 155
155 155 155
155 155 155
155 155 155
155 155 155
155 155 155
155 155 155
155 155 155
155 155 155
155 155 155
155 155 155
155 155 155
155 155 155
155 155 155
155 155 155
155 155 155
155 155 155
155 154 155
153 152 155
143 145 155
148 152 155
41 50 63
214 227 241
238 1 16
5 28 44
25 51 68
38 63 83
46 71 91
55 78 100
62 83 104
60 77 98
41 55 74
29 37 60
31 40 60
25 36 56
24 38 56
9 23 42
9 24 43
35 50 69
37 52 71
21 35 57
20 37 58
34 50 73
18 36 59
11 28 54
15 35 60
20 40 65
16 36 61
10 29 56
9 26 53
2 16 45
10 24 53
11 25 54
250 11 38
19 36 63
7 27 52
17 34 60
30 48 71
14 30 53
30 44 66
40 54 73
47 59 77
20 27 46
17 23 42
2 6 25
29 33 51
24 29 44
19 27 40
47 55 68
36 44 57
30 39 49
2 11 21
255 8 21
9 20 34
23 38 54
39 57 74
43 64 85
33 60 81
37 67 92
52 85 111
49 83 113
30 65 98
23 61 95
2 40 74
238 19 53
245 23 53
243 13 43
2 25 51
11 31 56
22 40 63
251 9 31
215 229 251
193 207 229
220 237 2
200 218 241
235 2 24
224 246 15
201 224 250
220 244 16
236 4 34
219 243 17
228 252 26
245 13 43
235 3 33
233 2 34
231 0 32
239 8 42
222 249 27
222 249 27
226 253 31
217 245 24
217 245 24
226 254 33
228 255 33
254 21 53
222 246 20
219 240 15
234 2 30
176 198 226
242 9 35
241 8 34
204 228 252
216 238 7
219 242 8
221 245 9
225 249 13
209 231 249
196 218 236
192 214 232
203 223 241
207 224 245
214 231 252
213 229 252
171 191 216
194 215 243
202 225 1
188 214 250
170 199 236
165 194 233
162 192 233
166 196 237
201 231 16
185 215 0
156 177 216
170 199 238
179 212 251
173 211 253
175 217 4
175 218 5
179 222 9
156 201 244
156 186 230
171 218 6
200 246 37
226 19 65
160 210 0
182 231 23
203 255 46
156 207 254
156 206 253
168 221 15
195 247 37
206 2 38
200 249 25
195 240 18
178 218 253
172 208 246
196 230 10
197 231 11
234 13 47
243 23 53
239 18 44
12 43 64
253 23 39
48 66 77
133 142 151
153 153 155
150 147 149
155 155 155
153 155 155
155 155 154
155 155 154
155 155 154
155 155 152
155 155 152
155 155 154
155 155 155
145 147 148
150 155 155
110 116 121
244 253 6
217 227 237
5 14 27
237 247 8
217 221 249
212 216 244
195 202 222
174 185 199
173 186 194
183 197 203
182 198 204
170 187 196
160 176 192
170 187 208
183 200 226
180 197 224
193 213 238
172 193 215
194 215 236
240 3 18
124 140 146
143 155 155
144 155 155
142 152 152
150 155 155
149 153 154
153 155 155
155 155 155
155 154 155
155 154 155
155 155 154
155 155 154
155 155 154
155 155 154
155 155 152
155 155 152
155 155 155
155 155 155
155 155 155
155 155 155
155 155 155
155 155 155
155 155 155
155 155 155
155 155 155
155 155 155
155 155 155
155 155 155
155 155 155
155 155 155
155 155 155
155 155 155
155 155 155
155 155 155
155 155 155
155 155 155
155 155 155
155 155 155
155 155 155
155 155 155
155 155 155
155 155 155
155 155 155
155 155 155
155 155 155
155 155 155
155 155 155
155 155 155
155 155 155
155 155 155
155 155 155
155 155 155
155 155 155
155 155 155
155 155 155
155 155 155
155 155 155
155 155 155
155 155 155
155 155 155
155 155 155
155 155 155
155 155 155
155 155 155
155 155 155
155 154 155
151 149 155
153 152 155
144 146 155
133 142 152
246 6 19
205 226 241
201 227 244
211 241 4
7 36 57
31 60 81
48 75 96
58 81 103
60 78 101
48 61 83
48 59 81
70 81 103
53 67 89
50 67 88
36 53 74
36 53 74
53 69 92
51 69 92
39 55 78
36 54 77
25 43 66
8 28 53
252 16 41
250 14 39
246 10 35
236 0 25
227 246 17
225 243 16
196 214 245
207 225 0
201 221 252
194 215 243
200 221 249
198 221 247
203 226 252
221 243 12
232 253 19
225 243 10
6 23 44
0 15 34
20 34 53
7 19 37
24 31 50
32 39 56
17 22 37
28 31 45
51 54 68
36 39 53
28 32 43
13 19 30
3 11 24
2 11 24
255 12 26
8 24 41
28 48 66
44 68 90
42 69 95
30 60 87
27 59 88
31 66 99
54 92 126
15 53 87
249 30 64
251 29 59
247 17 47
0 23 49
15 35 60
23 41 64
251 9 31
225 239 5
156 163 185
239 0 21
181 199 222
228 251 17
220 242 11
206 229 255
202 226 254
232 0 30
213 237 11
221 245 19
238 6 36
220 246 20
225 250 26
231 0 32
236 7 41
219 246 24
216 243 21
219 246 24
212 240 19
215 243 22
228 0 35
233 5 40
26 51 85
226 251 27
212 235 11
210 234 8
156 156 186
1 25 53
244 10 38
0 23 49
246 11 38
225 247 16
202 225 247
224 248 12
198 219 240
190 212 230
183 205 223
216 238 0
192 211 232
196 214 237
198 218 243
164 185 212
172 193 224
188 213 245
179 207 242
156 185 224
159 191 232
190 222 7
180 212 253
195 227 12
215 247 32
173 205 246
156 180 221
165 200 240
190 227 15
198 239 28
184 225 14
172 214 3
156 197 242
156 183 227
166 210 1
200 246 37
201 247 38
165 214 4
180 229 21
156 187 234
156 195 242
156 209 0
200 253 47
158 210 0
242 40 75
236 31 63
216 6 40
192 234 15
167 204 242
203 240 22
188 225 7
211 249 28
214 252 30
231 14 42
4 38 61
1 29 46
35 54 67
143 154 155
151 153 155
155 154 155
153 155 155
153 155 155
155 155 155
155 155 154
155 155 154
155 155 152
155 155 152
155 155 154
155 154 154
153 155 155
141 144 148
150 154 155
141 149 155
44 53 62
217 226 236
197 204 219
205 208 229
206 208 232
196 203 220
181 191 201
175 187 193
176 191 194
180 194 200
179 191 201
185 195 212
168 177 197
159 166 191
199 210 232
206 217 237
208 223 239
245 7 18
79 97 104
143 155 155
144 155 155
144 154 154
148 155 155
151 155 155
152 154 155
155 155 155
155 155 155
155 155 155
155 154 155
155 155 154
155 155 154
155 155 154
155 155 154
155 155 152
153 155 152
155 155 155
155 155 155
155 155 155
155 155 155
155 155 155
155 155 155
155 155 155
155 155 155
155 155 155
155 155 155
155 155 155
155 155 155
155 155 155
155 155 155
155 155 155
155 155 155
155 155 155
155 155 155
155 155 155
155 155 155
155 155 155
155 155 155
155 155 155
155 155 155
155 155 155
155 155 155
155 155 155
155 155 155
155 155 155
155 155 155
155 155 155
155 155 155
155 155 155
155 155 155
155 155 155
155 155 155
155 155 155
155 155 155
155 155 155
155 155 155
155 155 155
155 155 155
155 155 155
155 155 155
155 155 155
155 155 155
155 155 155
155 155 155
155 155 155
155 155 155
151 147 152
155 153 155
149 151 155
144 153 155
93 109 121
253 18 33
229 1 18
179 211 230
176 209 229
203 235 2
233 5 29
8 32 54
33 51 74
32 46 69
32 43 65
49 60 82
54 70 93
47 65 88
33 51 74
26 44 67
29 46 72
20 40 65
8 25 51
0 20 45
243 7 32
225 246 17
210 231 2
201 222 249
189 210 237
174 195 222
165 186 213
163 185 213
156 178 208
162 188 218
157 183 213
156 183 210
156 178 205
156 182 207
156 183 208
167 198 221
173 202 223
156 183 204
196 221 241
201 225 243
254 20 38
251 15 33
11 26 45
6 18 36
25 30 45
25 26 40
39 41 52
54 56 67
36 38 49
18 20 31
250 0 11
10 18 31
18 29 43
14 28 46
19 36 55
24 47 69
22 48 72
11 40 67
7 39 68
12 46 76
249 31 65
250 32 66
251 32 66
239 17 47
249 19 49
22 45 71
28 48 73
250 12 35
8 22 44
222 236 2
156 156 178
220 237 2
197 215 238
202 225 247
217 239 8
209 232 2
189 213 241
223 247 21
213 237 11
215 239 13
223 248 24
207 232 8
213 238 16
226 253 31
217 244 22
202 229 7
201 229 8
209 237 16
209 237 16
220 248 27
237 10 47
247 19 54
15 41 77
179 206 240
156 169 203
213 238 14
177 202 234
250 20 50
233 1 29
171 196 222
156 160 186
156 156 179
165 188 210
187 211 231
225 246 11
200 221 242
198 220 238
190 212 230
181 205 225
180 203 225
179 203 227
166 193 219
156 184 214
177 208 241
164 198 234
156 190 228
161 197 237
188 226 12
192 230 16
178 216 2
202 240 26
198 237 20
156 188 228
156 181 224
196 235 24
211 251 43
191 231 23
170 212 3
156 196 243
156 181 228
161 204 253
196 242 34
166 212 4
166 214 6
156 183 231
156 173 220
167 218 12
226 21 71
156 183 233
188 240 30
9 63 98
9 63 94
222 14 48
211 0 37
177 218 1
209 248 31
201 242 25
199 241 22
191 233 12
226 11 43
255 36 62
2 33 54
30 51 66
141 153 155
145 147 155
153 153 155
153 155 155
153 155 155
155 155 155
155 155 154
155 155 154
155 155 154
155 155 154
155 155 154
155 155 155
149 149 149
143 144 148
150 154 155
148 154 155
143 150 155
71 80 90
207 215 228
208 212 231
199 203 222
190 197 212
187 197 207
178 194 200
170 186 192
171 184 192
174 186 198
175 182 199
171 176 197
177 181 205
216 222 241
205 214 228
210 223 231
15 32 35
123 141 142
144 155 155
139 146 149
145 150 151
151 155 155
153 155 155
155 154 155
155 155 155
155 155 155
155 155 155
155 155 155
155 155 154
155 155 154
153 155 154
151 155 154
151 155 152
151 155 152
153 155 155
155 155 155
155 155 155
155 155 155
155 155 155
155 155 155
155 155 155
155 155 155
155 155 155
155 155 155
155 155 155
155 155 155
155 155 155
155 155 155
155 155 155
155 155 155
155 155 155
155 155 155
155 155 155
155 155 155
155 155 155
155 155 155
155 155 155
155 155 155
155 155 155
155 155 155
155 155 155
155 155 155
155 155 155
155 155 155
155 155 155
155 155 155
155 155 155
155 155 155
155 155 155
155 155 155
155 155 155
155 155 155
155 155 155
155 155 155
155 155 155
155 155 155
155 155 155
155 155 155
155 155 155
155 155 155
155 155 155
155 155 155
155 155 155
155 155 155
155 154 155
151 148 150
153 153 155
146 153 155
134 150 155
54 77 92
2 30 47
223 0 19
203 237 4
180 214 237
159 190 213
162 188 212
188 209 231
214 228 251
236 247 13
253 9 33
1 18 44
249 13 38
240 4 29
234 254 23
233 253 22
227 247 16
218 238 7
210 232 1
186 207 234
175 196 223
167 188 215
164 185 212
160 181 208
156 174 201
156 174 201
156 180 208
167 197 226
171 205 235
177 211 240
187 221 250
191 228 0
200 237 7
205 243 11
213 251 19
230 11 33
206 241 5
184 217 237
159 189 208
158 185 205
179 205 222
207 231 249
0 16 33
18 23 38
33 30 45
43 41 53
51 51 63
30 30 42
28 28 40
254 2 13
2 8 21
12 21 35
20 32 50
18 33 52
11 32 54
27 51 75
51 81 106
54 84 113
34 68 98
36 74 108
18 56 90
250 31 65
220 254 28
240 10 40
17 40 66
40 60 85
24 42 65
25 39 61
220 234 0
166 180 202
176 193 214
225 243 10
177 200 222
212 234 3
206 229 255
188 212 240
208 232 6
212 236 10
208 232 6
209 234 10
203 228 4
199 226 4
216 243 21
211 238 16
197 224 2
198 226 5
208 236 15
209 237 16
220 248 27
237 10 47
245 18 55
186 214 249
183 209 245
156 179 215
156 176 210
211 236 14
215 240 16
161 185 215
229 253 25
254 21 47
246 14 38
227 249 18
195 218 240
193 214 235
200 221 242
202 224 242
188 212 230
176 203 224
170 198 222
167 197 222
171 201 228
156 190 220
174 209 242
161 199 234
164 206 243
168 210 252
163 205 247
194 236 22
178 222 7
172 214 0
207 249 35
189 232 15
156 190 232
188 227 16
209 247 39
195 233 25
173 213 5
157 197 245
156 186 233
168 209 2
195 238 31
164 210 2
156 185 233
156 182 230
166 215 7
218 11 61
164 215 9
156 205 255
10 62 108
9 65 100
13 68 99
216 10 46
222 13 51
193 235 21
213 255 41
218 4 46
198 242 27
175 220 1
202 245 22
242 26 54
253 31 54
57 80 96
139 153 155
144 149 155
153 153 155
153 154 155
153 155 155
155 154 155
155 155 155
155 155 154
155 155 154
155 155 154
155 155 154
150 148 148
155 155 155
153 154 155
148 151 155
138 141 149
147 153 155
146 152 155
108 116 129
237 242 1
204 211 226
178 187 200
173 189 196
178 197 202
177 197 202
180 195 204
186 197 211
178 184 203
174 177 198
187 188 209
184 186 204
208 214 225
242 255 1
80 100 95
141 155 152
144 154 154
138 143 146
148 152 153
153 155 155
155 154 155
155 154 155
155 153 153
155 155 155
155 155 155
155 155 155
155 155 154
153 155 154
151 155 154
150 155 154
150 155 152
150 155 152
153 155 155
155 155 155
155 155 155
155 155 155
155 155 155
155 155 155
155 155 155
155 155 155
155 155 155
155 155 155
155 155 155
155 155 155
155 155 155
155 155 155
155 155 155
155 155 155
155 155 155
155 155 155
155 155 155
155 155 155
155 155 155
155 155 155
155 155 155
155 155 155
155 155 155
155 155 155
155 155 155
155 155 155
155 155 155
155 155 155
155 155 155
155 155 155
155 155 155
155 155 155
155 155 155
155 155 155
155 155 155
155 155 155
155 155 155
155 155 155
155 155 155
155 155 155
155 155 155
155 155 155
155 155 155
155 155 155
155 155 155
155 155 155
155 155 155
155 155 155
155 154 155
153 148 149
152 153 155
146 154 155
130 147 155
100 124 136
26 56 73
7 40 59
242 20 43
218 252 19
205 236 3
202 228 252
196 217 239
186 202 225
178 189 211
165 177 201
179 196 222
170 191 218
169 190 217
169 190 217
170 191 218
170 191 218
168 189 216
163 186 212
170 193 219
165 188 214
165 188 214
172 195 221
178 201 227
182 205 231
193 215 243
202 229 0
195 232 4
196 236 9
212 254 27
229 16 43
247 36 63
2 48 72
11 58 80
9 56 78
252 41 62
6 49 68
252 38 57
227 9 27
193 229 247
168 201 220
156 182 198
189 212 228
8 11 26
35 30 45
51 47 59
36 34 46
26 24 36
30 30 42
6 8 19
244 247 5
0 7 22
238 251 11
239 254 17
251 16 38
251 19 43
231 2 28
227 255 29
235 13 43
217 255 33
205 243 21
212 249 27
228 6 36
20 46 76
26 49 75
33 53 78
32 50 73
22 36 58
226 240 6
181 195 217
156 159 180
232 250 17
185 208 230
207 229 254
212 235 5
198 222 250
192 216 246
204 229 5
196 221 253
201 226 2
210 235 11
189 216 250
199 226 4
211 239 18
198 226 5
202 230 9
213 241 20
212 241 22
221 250 31
237 10 47
243 16 53
214 241 22
172 200 235
168 196 231
169 197 231
227 254 32
250 22 53
28 54 84
4 31 58
18 43 69
38 62 86
10 32 57
239 6 28
182 206 226
192 216 236
183 205 223
187 213 230
171 202 223
166 200 223
169 205 229
165 202 228
165 205 234
173 214 247
165 210 244
176 221 2
175 221 6
165 214 254
197 245 31
203 253 39
183 232 16
205 254 38
217 10 50
184 227 14
167 205 253
192 229 23
190 227 21
177 217 10
161 201 250
156 195 244
179 220 13
199 242 35
156 201 252
156 195 246
156 193 244
231 24 74
183 232 26
156 193 243
233 26 76
48 100 146
13 69 104
4 61 92
217 13 49
231 22 60
208 252 37
219 6 49
223 10 53
198 243 30
191 238 20
188 234 12
225 11 40
13 49 73
101 125 143
136 152 155
146 150 155
151 153 155
153 153 155
153 155 155
155 154 155
155 155 155
155 155 154
155 155 154
155 155 154
155 155 154
151 149 149
155 155 155
153 154 155
151 154 155
150 153 155
140 146 153
136 142 153
144 153 155
144 152 155
120 129 142
70 85 94
35 54 61
14 36 42
251 19 25
234 252 7
220 235 251
221 228 248
213 216 237
230 231 252
255 2 17
67 75 82
112 126 124
139 155 149
139 155 149
148 155 155
149 152 155
151 155 155
149 151 152
152 151 153
155 154 155
153 151 151
155 155 155
155 155 155
155 155 155
155 155 154
153 155 154
150 155 154
148 155 154
148 155 152
150 155 152
153 155 155
155 155 155
155 155 155
155 155 155
155 155 155
155 155 155
155 155 155
155 155 155
155 155 155
155 155 155
155 155 155
155 155 155
155 155 155
155 155 155
155 155 155
155 155 155
155 155 155
155 155 155
155 155 155
155 155 155
155 155 155
155 155 155
155 155 155
155 155 155
155 155 155
155 155 155
155 155 155
155 155 155
155 155 155
155 155 155
155 155 155
155 155 155
155 155 155
155 155 155
155 155 155
155 155 155
155 155 155
155 155 155
155 155 155
155 155 155
155 155 155
155 155 155
155 155 155
155 155 155
155 155 155
155 155 155
155 155 155
155 155 155
155 155 155
155 155 154
155 155 154
153 151 150
137 139 139
136 143 146
143 155 155
136 154 155
94 117 132
6 32 49
24 51 72
1 29 53
249 21 45
239 8 34
214 237 7
204 225 252
214 233 4
216 235 6
194 218 246
187 214 241
187 214 241
188 215 242
186 213 240
187 214 241
185 214 241
180 209 236
194 223 250
189 218 245
190 219 246
198 228 253
203 232 3
209 238 9
221 250 21
233 9 38
230 16 45
223 15 43
241 35 65
254 48 76
21 71 99
22 76 101
28 82 107
18 70 93
22 74 97
19 69 91
14 64 86
238 31 53
247 38 59
205 250 15
174 217 236
189 221 240
8 17 31
16 14 26
41 39 51
34 33 43
38 34 45
17 13 24
0 255 9
248 249 3
238 241 255
6 13 28
25 37 55
21 38 59
12 34 59
18 45 71
34 64 91
43 77 106
16 51 84
3 38 71
243 21 51
227 1 30
13 40 67
25 48 74
35 56 78
32 51 72
5 22 43
231 248 13
178 192 214
156 156 173
220 238 5
215 236 2
204 226 251
226 249 19
209 233 7
181 204 236
198 223 1
189 214 246
200 223 255
220 243 19
188 211 243
188 213 245
204 229 5
192 219 253
201 228 6
216 244 22
221 249 28
231 5 40
249 22 59
0 30 65
14 42 77
247 18 52
210 237 15
156 159 193
6 34 65
47 75 106
32 60 90
29 57 87
3 30 57
21 48 74
45 69 93
7 31 53
215 238 4
158 181 203
166 187 208
179 202 224
171 199 223
171 202 227
181 214 240
161 197 227
174 215 247
173 218 252
173 221 1
179 231 12
171 225 10
188 244 29
202 1 44
228 27 70
222 20 61
202 0 41
218 14 55
213 7 49
156 188 235
174 215 8
180 223 16
176 219 12
162 205 254
160 203 252
188 231 24
201 246 41
156 189 240
156 199 250
199 248 42
192 241 35
177 226 18
197 249 40
19 71 118
25 78 121
25 81 116
4 58 91
228 25 58
238 30 66
216 6 47
222 11 54
218 7 51
195 243 29
227 20 60
202 250 30
219 4 36
46 80 104
128 153 155
141 153 155
137 141 146
155 154 155
155 154 155
153 155 155
155 154 155
155 155 155
155 155 155
155 155 154
155 155 154
155 155 154
149 147 147
155 155 155
155 154 155
143 144 148
142 145 150
150 154 155
148 154 155
148 153 155
139 146 155
143 152 155
143 155 155
137 153 155
137 155 155
137 155 155
138 154 155
123 135 147
140 147 155
148 150 155
147 147 155
150 152 155
137 144 147
146 155 154
138 155 144
139 155 145
150 155 155
153 155 155
153 155 155
147 146 148
147 146 148
155 154 155
152 150 150
155 155 155
155 155 155
155 155 155
155 155 154
153 155 154
151 155 154
150 155 154
148 155 154
150 155 154
153 155 155
155 155 155
155 155 155
155 155 155
155 155 155
155 155 155
155 155 155
155 155 155
155 155 155
155 155 155
155 155 155
155 155 155
155 155 155
155 155 155
155 155 155
155 155 155
155 155 155
155 155 155
155 155 155
155 155 155
155 155 155
155 155 155
155 155 155
155 155 155
155 155 155
155 155 155
155 155 155
155 155 155
155 155 155
155 155 155
155 155 155
155 155 155
155 155 155
155 155 155
155 155 155
155 155 155
155 155 155
155 155 155
155 155 155
155 155 155
155 155 155
155 155 155
155 155 155
155 155 155
155 155 155
155 155 155
155 155 155
155 155 155
155 155 155
155 155 154
152 155 150
152 155 150
151 155 150
149 154 152
148 153 154
145 151 155
143 149 155
140 148 155
5 16 36
22 38 61
15 36 63
247 15 43
233 6 37
230 7 40
223 2 35
214 252 28
207 245 21
204 242 18
200 238 14
197 235 11
196 234 8
198 236 10
201 239 13
203 241 15
207 246 18
208 247 19
210 249 21
215 255 24
222 5 33
230 14 39
238 22 47
240 27 54
240 36 66
246 46 75
4 59 90
16 74 103
25 83 112
28 86 115
28 86 115
26 84 113
15 73 102
14 75 101
9 70 96
251 56 82
231 34 60
211 14 40
197 0 26
202 249 15
237 2 17
15 24 33
28 34 41
33 35 43
53 51 57
25 18 25
243 235 242
22 15 22
19 13 24
4 4 16
233 240 255
227 241 3
236 4 24
227 255 23
214 248 16
222 1 27
186 218 247
203 233 6
224 253 24
222 249 19
17 41 65
34 57 79
45 66 88
46 65 86
30 49 70
10 30 48
182 199 218
156 156 171
161 182 203
248 13 34
197 218 240
218 239 10
207 229 8
199 222 4
203 225 5
198 220 255
192 213 245
206 226 1
209 230 2
186 207 234
195 216 243
192 214 242
214 238 10
231 1 31
236 9 40
6 37 70
13 45 80
239 14 47
160 186 216
156 168 196
156 178 205
169 198 225
38 66 96
10 40 69
26 58 87
21 53 82
33 63 92
14 44 71
240 11 38
219 244 14
219 242 12
188 210 235
156 169 194
161 178 205
165 181 210
167 185 216
170 193 225
176 204 239
179 217 252
183 228 10
184 236 20
183 242 26
203 8 52
191 0 44
187 252 40
198 5 49
218 21 66
230 31 76
228 27 70
219 18 61
188 246 32
156 199 244
174 229 18
188 242 33
171 225 16
172 223 17
206 1 51
199 249 45
156 195 247
193 244 38
198 249 43
173 227 18
202 1 46
6 61 104
20 78 120
3 60 99
23 77 112
15 68 101
239 34 67
231 23 57
252 44 80
217 10 50
165 215 1
181 230 18
218 12 54
241 32 70
0 41 74
111 143 155
134 154 155
146 155 155
148 146 138
152 150 140
155 155 154
155 155 155
155 155 155
155 155 155
155 155 155
155 155 155
155 155 155
155 155 155
155 155 155
155 155 155
155 155 155
155 154 155
153 155 155
153 155 155
153 155 155
153 154 155
151 154 155
151 154 155
151 155 155
150 155 155
150 155 155
150 155 155
150 155 155
150 155 155
151 154 155
153 153 155
153 153 155
153 154 155
153 155 155
151 155 155
151 155 154
151 155 154
153 155 155
155 155 155
155 155 155
155 155 155
155 155 155
155 155 155
155 155 155
155 155 155
155 155 155
155 155 155
155 155 155
155 155 155
153 155 155
153 155 155
153 155 155
153 155 155
155 155 155
155 155 155
155 155 155
155 155 155
155 155 155
155 155 155
155 155 155
155 155 155
155 155 155
155 155 155
155 155 155
155 155 155
155 155 155
155 155 155
155 155 155
155 155 155
155 155 155
155 155 155
155 155 155
155 155 155
155 155 155
155 155 155
155 155 155
155 155 155
155 155 155
155 155 155
155 155 155
155 155 155
155 155 155
155 155 155
155 155 155
155 155 155
155 155 155
155 155 155
155 155 155
155 155 155
155 155 155
155 155 155
155 155 155
155 155 155
155 155 155
155 155 155
155 155 155
155 155 155
155 155 155
155 155 155
155 155 155
155 155 155
155 155 155
153 155 154
150 155 148
149 155 148
152 155 150
151 155 150
153 153 153
152 151 155
150 149 155
148 148 155
138 142 155
40 49 69
238 253 23
253 19 47
6 37 68
250 32 64
234 19 52
219 5 40
216 3 36
216 3 36
216 3 36
216 3 36
216 3 36
216 4 35
217 4 37
215 5 36
214 4 35
219 9 40
227 18 46
235 26 54
241 32 60
245 36 64
246 37 64
245 37 65
240 33 65
247 42 74
5 56 88
18 69 101
24 78 109
25 79 110
22 76 107
19 73 104
35 90 121
25 80 111
4 61 92
234 35 66
212 13 44
200 1 32
200 1 32
214 5 32
241 12 26
246 6 13
18 28 35
35 41 46
63 63 69
42 35 42
235 227 234
5 253 4
222 214 224
2 1 11
12 18 31
254 11 27
251 16 37
254 27 48
248 26 49
248 26 50
243 16 43
221 248 19
208 233 3
205 229 253
3 25 50
25 48 70
21 42 63
249 14 35
254 18 36
254 18 36
204 224 242
156 159 177
156 156 177
221 242 7
211 232 254
193 214 241
237 3 39
209 231 16
200 223 5
202 224 3
195 214 247
196 214 243
203 222 249
203 220 246
186 206 231
168 190 215
205 228 254
9 36 63
33 61 91
22 51 82
232 8 43
177 208 241
156 174 201
158 183 209
156 183 209
235 9 34
56 86 113
35 68 94
32 64 93
18 52 81
17 49 78
29 59 86
3 32 59
250 21 47
239 6 32
198 217 244
177 194 221
171 185 213
163 172 205
169 179 213
174 190 226
179 205 241
184 220 2
188 232 17
187 241 26
186 246 32
213 22 67
204 16 61
198 10 55
197 8 53
207 13 59
219 23 69
231 34 80
238 41 86
219 24 68
202 9 53
156 216 4
164 224 14
184 242 35
180 237 32
223 22 73
162 217 12
182 235 30
194 249 44
201 254 48
212 12 59
243 44 89
7 67 109
18 79 119
30 90 126
33 85 121
20 68 102
36 83 115
241 34 66
170 218 252
156 188 226
192 242 28
183 232 20
208 1 45
249 39 80
20 58 92
113 141 155
137 154 155
142 149 146
155 155 141
155 155 143
155 155 151
155 155 155
155 155 155
155 155 155
155 155 155
155 155 155
155 155 155
155 155 155
155 155 155
155 155 155
155 155 155
155 155 155
155 155 155
155 155 155
155 155 155
155 155 155
155 155 155
155 155 155
155 155 155
155 155 155
155 155 155
155 155 155
155 155 155
155 155 155
155 155 155
155 155 155
155 155 155
155 155 155
155 155 155
155 155 155
155 155 155
155 155 155
155 155 155
155 155 155
155 155 155
155 155 155
155 155 155
155 155 155
155 155 155
155 155 155
155 155 155
155 155 155
155 155 155
155 155 155
155 155 155
155 155 155
155 155 155
155 155 155
155 155 155
155 155 155
155 155 155
155 155 155
155 155 155
155 155 155
155 155 155
155 155 155
155 155 155
155 155 155
155 155 155
155 155 155
155 155 155
155 155 155
155 155 155
155 155 155
155 155 155
155 155 155
155 155 155
155 155 155
155 155 155
155 155 155
155 155 155
155 155 155
155 155 155
155 155 155
155 155 155
155 155 155
155 155 155
155 155 155
155 155 155
155 155 155
155 155 155
155 155 155
155 155 155
155 155 155
155 155 155
155 155 155
155 155 155
155 155 155
155 155 155
155 155 155
155 155 155
155 155 155
155 155 155
155 155 155
155 155 155
155 155 155
155 155 155
153 155 154
150 155 150
149 155 148
152 155 150
152 155 153
153 153 153
153 152 155
152 149 155
148 148 155
132 135 150
119 126 145
51 64 86
248 12 37
255 26 52
14 46 75
1 37 67
248 31 63
251 36 69
248 34 69
244 33 67
241 30 64
237 26 60
233 22 55
229 18 52
226 17 49
240 31 63
239 30 62
239 30 62
243 34 66
247 40 72
1 50 82
10 59 91
19 64 97
4 42 77
6 40 76
5 39 75
4 38 74
3 37 73
4 38 74
2 38 74
3 39 75
248 30 65
255 37 72
6 44 79
6 44 79
252 36 71
243 27 62
237 21 56
240 21 49
5 29 47
241 3 14
10 25 34
21 30 39
59 61 71
64 63 72
254 249 2
254 246 0
248 243 252
223 221 233
203 209 222
215 225 242
226 246 8
219 243 9
214 245 12
234 9 32
193 220 246
214 239 9
248 15 41
1 25 49
14 36 61
21 44 66
42 63 84
39 60 81
24 43 64
255 18 39
212 232 250
156 168 186
156 156 173
199 218 239
235 254 19
183 204 231
239 8 42
229 255 36
224 248 28
218 240 19
212 233 9
214 235 7
204 223 250
178 197 224
190 210 235
195 217 242
240 7 33
6 30 58
212 238 12
156 183 214
156 171 206
156 177 210
156 180 210
176 203 230
164 191 218
33 62 89
47 77 104
42 75 101
23 56 82
15 48 74
228 2 29
243 17 44
217 244 15
229 254 24
232 253 24
203 223 248
193 210 236
156 168 194
156 164 194
162 173 205
171 188 221
181 208 242
189 225 5
195 240 22
195 249 34
193 253 39
211 20 65
213 24 69
212 24 71
206 16 64
201 9 57
208 14 62
226 29 78
241 45 91
231 37 83
220 26 72
196 2 48
165 227 19
187 246 40
198 255 51
196 253 49
167 224 20
184 238 35
193 250 45
202 2 51
220 23 69
253 56 101
12 74 115
15 77 117
24 83 122
41 91 127
15 61 95
16 61 94
168 213 246
156 162 196
156 182 219
156 191 232
194 242 28
212 3 47
4 46 88
27 64 98
112 138 155
137 152 155
140 145 143
155 155 145
155 155 143
155 155 151
155 155 155
155 155 155
155 155 155
155 155 155
155 155 155
155 155 155
155 155 155
155 155 155
155 155 155
155 155 155
155 155 155
155 155 155
155 155 155
155 155 155
155 155 155
155 155 155
155 155 155
155 155 155
155 155 155
155 155 155
155 155 155
155 155 155
155 155 155
155 155 155
155 155 155
155 155 155
155 155 155
155 155 155
155 155 155
155 155 155
155 155 155
155 155 155
155 155 155
155 155 155
155 155 155
155 155 155
155 155 155
155 155 155
155 155 155
155 155 155
155 155 155
155 155 155
155 155 155
155 155 155
155 155 155
155 155 155
155 155 155
155 155 155
155 155 155
155 155 155
155 155 155
155 155 155
155 155 155
155 155 155
155 155 155
155 155 155
155 155 155
155 155 155
155 155 155
155 155 155
155 155 155
155 155 155
155 155 155
155 155 155
155 155 155
155 155 155
155 155 155
155 155 155
155 155 155
155 155 155
155 155 155
155 155 155
155 155 155
155 155 155
155 155 155
155 155 155
155 155 155
155 155 155
155 155 155
155 155 155
155 155 155
155 155 155
155 155 155
155 155 155
155 155 155
155 155 155
155 155 155
155 155 155
155 155 155
155 155 155
155 155 155
155 155 155
155 155 155
155 155 155
155 155 155
155 155 155
153 155 154
151 155 151
150 155 151
150 155 151
152 155 153
154 154 154
153 152 154
153 151 155
151 150 155
150 152 155
146 151 155
133 143 155
74 91 110
244 11 33
221 249 17
247 22 47
248 27 53
239 22 54
236 21 54
235 22 55
236 22 57
239 25 60
241 30 64
245 34 68
247 37 71
239 29 63
243 35 69
252 44 78
0 50 86
1 51 87
252 46 82
245 39 75
243 32 69
207 243 23
210 242 22
209 241 21
209 241 21
212 244 24
217 249 29
220 254 34
223 1 37
238 18 54
243 23 59
248 28 64
248 28 64
243 25 60
241 23 58
243 25 60
252 30 60
7 34 54
255 23 35
9 26 39
7 21 33
38 47 57
64 66 77
13 12 22
224 220 231
242 240 252
251 251 7
249 252 11
237 247 8
237 252 15
241 6 27
241 9 31
239 9 33
23 49 73
244 11 37
217 240 10
224 248 16
254 21 43
35 58 80
66 87 108
53 74 95
43 62 83
249 12 33
203 223 241
157 177 195
156 156 173
168 187 208
239 2 23
213 233 2
211 236 12
218 246 25
227 253 33
226 251 29
219 242 18
216 238 10
209 230 2
198 217 244
215 235 4
240 5 32
232 254 26
168 192 222
156 156 182
156 181 212
179 207 241
160 188 222
177 205 235
179 208 235
183 211 241
34 64 91
11 44 70
13 46 72
251 28 54
1 31 58
225 255 26
230 4 29
208 233 3
214 238 6
218 238 7
204 222 245
189 205 228
156 156 175
156 157 185
156 167 197
168 186 217
181 208 242
194 228 8
200 243 26
202 254 39
198 1 46
195 4 49
205 15 63
215 27 74
214 26 73
207 17 66
203 11 59
208 13 63
215 21 69
212 18 66
198 4 52
224 29 79
198 3 53
196 254 50
187 244 43
170 227 26
181 238 37
182 239 38
198 0 52
209 12 62
231 34 83
9 69 115
25 87 128
23 85 126
27 84 123
28 76 112
40 83 116
156 184 217
156 165 198
156 178 213
156 181 218
156 195 237
194 237 24
235 22 65
6 46 88
17 49 84
114 138 155
139 154 155
151 155 154
155 155 145
155 151 138
155 155 152
155 155 155
155 155 155
155 155 155
155 155 155
155 155 155
155 155 155
155 155 155
155 155 155
155 155 155
155 155 155
155 155 155
155 155 155
155 155 155
155 155 155
155 155 155
155 155 155
155 155 155
155 155 155
155 155 155
155 155 155
155 155 155
155 155 155
155 155 155
155 155 155
155 155 155
155 155 155
155 155 155
155 155 155
155 155 155
155 155 155
155 155 155
155 155 155
155 155 155
155 155 155
155 155 155
155 155 155
155 155 155
155 155 155
155 155 155
155 155 155
155 155 155
155 155 155
155 155 155
155 155 155
155 155 155
155 155 155
155 155 155
155 155 155
155 155 155
155 155 155
155 155 155
155 155 155
155 155 155
155 155 155
155 155 155
155 155 155
155 155 155
155 155 155
155 155 155
155 155 155
155 155 155
155 155 155
155 155 155
155 155 155
155 155 155
155 155 155
155 155 155
155 155 155
155 155 155
155 155 155
155 155 155
155 155 155
155 155 155
155 155 155
155 155 155
155 155 155
155 155 155
155 155 155
155 155 155
155 155 155
155 155 155
155 155 155
155 155 155
155 155 155
155 155 155
155 155 155
155 155 155
155 155 155
155 155 155
155 155 155
155 155 155
155 155 155
155 155 155
155 155 155
155 155 155
155 155 155
153 155 154
151 155 152
150 155 152
151 155 152
152 155 153
154 154 154
154 153 155
155 151 155
153 151 155
144 143 153
150 152 155
144 151 155
139 152 155
126 145 155
43 66 82
229 253 15
223 252 17
229 7 36
220 2 34
213 252 28
209 247 25
208 249 26
214 255 32
219 5 40
222 11 45
246 35 72
243 35 71
241 33 69
235 28 66
229 22 60
219 15 52
211 6 46
208 1 39
4 49 86
13 55 90
20 65 99
28 73 107
30 75 109
26 71 105
18 64 98
14 60 94
9 57 91
6 54 88
254 46 80
242 34 68
228 23 56
224 19 52
227 22 55
237 28 56
221 255 22
243 16 31
242 9 25
10 29 44
39 52 66
52 59 74
35 38 52
225 226 240
244 244 2
246 246 6
238 241 0
217 225 242
204 218 237
220 237 2
243 8 29
254 21 43
212 234 3
204 226 251
201 223 248
230 252 21
244 9 31
6 27 49
27 48 70
16 37 59
9 28 49
238 1 22
203 220 239
166 183 202
156 162 181
156 156 173
220 237 0
243 8 30
232 1 33
218 246 25
229 1 35
0 28 59
1 27 57
234 2 30
242 8 36
21 42 69
17 38 65
203 224 251
156 177 205
159 180 211
164 187 219
161 186 218
167 192 226
176 203 237
185 213 244
166 196 225
223 252 27
21 53 82
252 29 55
241 18 44
222 253 22
230 5 30
213 243 12
223 251 19
232 0 24
220 243 9
209 227 250
200 217 238
176 190 212
156 161 185
156 156 183
156 164 194
164 182 213
177 205 236
191 226 4
199 243 24
202 254 39
200 3 48
190 255 44
197 7 55
208 19 68
215 26 75
212 22 73
205 15 64
199 6 57
196 0 52
198 2 54
191 251 47
195 255 53
214 18 72
199 2 58
158 217 17
182 241 41
159 218 18
186 246 44
191 251 47
207 12 62
242 48 96
18 80 126
17 81 122
13 77 118
33 90 129
36 81 115
234 16 50
156 156 184
156 181 213
156 186 220
156 194 229
184 223 6
207 247 33
253 37 79
4 40 80
15 46 79
124 146 155
141 153 155
153 155 155
155 155 147
155 154 141
155 155 152
155 155 155
155 155 155
155 155 155
155 155 155
155 155 155
155 155 155
155 155 155
155 155 155
155 155 155
155 155 155
155 155 155
155 155 155
155 155 155
155 155 155
155 155 155
155 155 155
155 155 155
155 155 155
155 155 155
155 155 155
155 155 155
155 155 155
155 155 155
155 155 155
155 155 155
155 155 155
155 155 155
155 155 155
155 155 155
155 155 155
155 155 155
155 155 155
155 155 155
155 155 155
155 155 155
155 155 155
155 155 155
155 155 155
155 155 155
155 155 155
155 155 155
155 155 155
155 155 155
155 155 155
155 155 155
155 155 155
155 155 155
155 155 155
155 155 155
155 155 155
155 155 155
155 155 155
155 155 155
155 155 155
155 155 155
155 155 155
155 155 155
155 155 155
155 155 155
155 155 155
155 155 155
155 155 155
155 155 155
155 155 155
155 155 155
155 155 155
155 155 155
155 155 155
155 155 155
155 155 155
155 155 155
155 155 155
155 155 155
155 155 155
155 155 155
155 155 155
155 155 155
155 155 155
155 155 155
155 155 155
155 155 155
155 155 155
155 155 155
155 155 155
155 155 155
155 155 155
155 155 155
155 155 155
155 155 155
155 155 155
155 155 155
155 155 155
155 155 155
155 155 155
155 155 155
155 155 155
153 155 155
151 155 154
150 155 154
151 155 154
153 155 154
154 154 154
154 154 154
155 153 155
155 152 155
155 153 155
144 143 152
145 150 155
141 150 155
129 141 151
134 150 155
116 134 145
57 80 95
216 244 12
212 245 15
215 247 20
215 249 22
217 251 25
216 252 26
215 253 29
214 252 30
209 250 27
194 239 17
178 224 2
165 213 249
162 209 247
167 216 254
179 228 12
188 237 19
210 255 36
219 9 43
233 23 57
245 37 71
1 49 83
7 55 89
10 58 92
8 59 92
26 77 110
27 80 113
26 79 112
18 71 104
2 55 88
241 39 72
231 29 62
232 26 56
222 4 28
244 20 39
230 2 19
19 44 60
51 69 86
47 60 76
61 68 85
17 21 39
239 241 3
222 224 242
225 229 247
241 247 10
234 244 6
225 239 2
241 0 19
3 20 41
23 44 66
253 18 40
218 238 7
3 24 46
34 55 77
54 75 97
55 76 98
29 50 72
10 29 50
252 15 36
207 224 243
160 177 196
156 167 186
156 156 171
201 217 234
242 5 26
230 2 32
212 243 20
213 242 17
243 16 47
11 39 69
247 17 47
215 239 11
208 231 1
161 183 211
157 179 207
156 171 202
156 172 203
164 187 219
187 210 242
193 218 252
186 211 245
176 204 238
160 191 222
8 39 70
23 55 84
0 32 61
227 4 30
204 235 4
204 235 2
191 219 243
203 230 251
222 245 11
217 238 3
213 230 251
197 211 233
157 170 192
156 156 176
156 159 186
156 166 194
159 180 208
170 198 229
180 217 251
191 235 16
197 249 34
199 0 45
201 7 53
196 6 55
197 7 58
200 13 63
207 17 68
205 15 66
199 7 61
194 0 54
204 8 62
186 245 45
204 7 63
192 250 53
169 227 30
156 214 17
171 231 34
159 220 20
181 242 42
204 11 62
224 29 79
241 47 95
6 69 113
15 77 118
12 74 114
23 78 115
31 73 108
156 177 211
156 180 213
156 174 207
156 187 220
179 214 248
164 200 238
215 251 35
255 35 75
255 32 71
42 69 103
130 150 155
143 152 155
153 155 155
155 153 142
155 155 147
155 155 152
155 155 155
155 155 155
155 155 155
155 155 155
155 155 155
155 155 155
155 155 155
155 155 155
155 155 155
155 155 155
155 155 155
155 155 155
155 155 155
155 155 155
155 155 155
155 155 155
155 155 155
155 155 155
155 155 155
155 155 155
155 155 155
155 155 155
155 155 155
155 155 155
155 155 155
155 155 155
155 155 155
155 155 155
155 155 155
155 155 155
155 155 155
155 155 155
155 155 155
155 155 155
155 155 155
155 155 155
155 155 155
155 155 155
155 155 155
155 155 155
155 155 155
155 155 155
155 155 155
155 155 155
155 155 155
155 155 155
155 155 155
155 155 155
155 155 155
155 155 155
155 155 155
155 155 155
155 155 155
155 155 155
155 155 155
155 155 155
155 155 155
155 155 155
155 155 155
155 155 155
155 155 155
155 155 155
155 155 155
155 155 155
155 155 155
155 155 155
155 155 155
155 155 155
155 155 155
155 155 155
155 155 155
155 155 155
155 155 155
155 155 155
155 155 155
155 155 155
155 155 155
155 155 155
155 155 155
155 155 155
155 155 155
155 155 155
155 155 155
155 155 155
155 155 155
155 155 155
155 155 155
155 155 155
155 155 155
155 155 155
155 155 155
155 155 155
155 155 155
155 155 155
155 155 155
155 155 155
153 155 155
151 155 155
150 155 155
151 155 155
153 155 155
155 155 155
155 154 154
155 153 155
155 153 155
155 152 155
155 154 155
149 149 155
145 149 154
148 154 155
144 154 155
140 152 155
139 154 155
132 152 155
93 118 138
36 60 82
237 8 29
208 236 4
206 237 4
223 254 23
236 13 39
231 9 38
229 11 41
232 15 47
235 20 53
237 23 58
237 26 60
238 27 61
238 27 61
207 249 28
202 245 22
195 238 15
187 230 7
182 225 2
177 222 255
177 222 255
177 222 255
161 206 239
169 216 248
183 230 6
195 244 20
208 1 33
224 17 49
241 34 66
0 46 77
249 31 55
4 37 57
236 11 32
16 43 63
47 68 89
44 61 80
60 71 91
40 47 66
235 241 4
249 253 16
254 2 21
233 239 2
221 227 246
250 4 22
29 41 59
31 45 64
250 11 32
241 4 25
211 229 252
13 34 56
56 77 99
73 94 116
67 88 110
47 68 90
10 28 51
247 10 31
203 220 239
162 179 198
157 173 190
156 165 181
188 203 219
227 247 9
234 8 33
240 18 48
232 8 37
227 1 30
245 19 48
237 9 39
186 212 242
156 164 192
169 193 223
165 189 219
165 189 219
175 198 230
184 206 241
185 207 242
185 207 242
189 214 248
185 213 247
188 219 252
25 56 87
20 52 81
241 15 44
209 240 9
195 226 249
190 221 242
203 230 251
217 242 6
211 235 255
216 238 0
218 235 254
181 196 215
156 158 177
156 156 173
156 166 192
156 170 197
156 177 205
162 190 221
170 206 242
182 225 8
192 242 28
194 251 40
197 3 51
189 255 48
185 251 46
185 253 50
190 2 55
195 5 58
195 4 59
193 1 56
206 11 67
188 246 49
223 25 84
167 224 29
156 209 13
164 224 28
156 213 16
183 247 46
198 3 59
237 44 95
255 60 110
249 55 101
4 66 107
17 78 118
15 77 115
18 71 108
238 20 55
156 179 214
156 166 200
156 173 204
177 205 236
167 195 229
176 205 242
200 231 14
252 29 68
250 23 60
79 104 136
132 149 155
143 152 155
153 152 154
155 152 143
155 155 147
155 155 152
155 155 155
155 155 155
155 155 155
155 155 155
155 155 155
155 155 155
155 155 155
155 155 155
155 155 155
155 155 155
155 155 155
155 155 155
155 155 155
155 155 155
155 155 155
155 155 155
155 155 155
155 155 155
155 155 155
155 155 155
155 155 155
155 155 155
155 155 155
155 155 155
155 155 155
155 155 155
155 155 155
155 155 155
155 155 155
155 155 155
155 155 155
155 155 155
155 155 155
155 155 155
155 155 155
155 155 155
155 155 155
155 155 155
155 155 155
155 155 155
155 155 155
155 155 155
155 155 155
155 155 155
155 155 155
155 155 155
155 155 155
155 155 155
155 155 155
155 155 155
155 155 155
155 155 155
155 155 155
155 155 155
155 155 155
155 155 155
155 155 155
155 155 155
155 155 155
155 155 155
155 155 155
155 155 155
155 155 155
155 155 155
155 155 155
155 155 155
155 155 155
155 155 155
155 155 155
155 155 155
155 155 155
155 155 155
155 155 155
155 155 155
155 155 155
155 155 155
155 155 155
155 155 155
155 155 155
155 155 155
155 155 155
155 155 155
155 155 155
155 155 155
155 155 155
155 155 155
155 155 155
155 155 155
155 155 155
155 155 155
155 155 155
155 155 155
155 155 155
155 155 155
155 155 155
155 155 155
153 155 155
151 155 155
150 155 155
151 155 155
153 155 155
155 155 155
155 155 155
155 153 155
155 153 155
155 154 155
155 154 155
155 154 155
153 155 155
145 149 150
145 149 150
148 153 154
143 152 155
134 146 155
137 153 155
136 153 155
130 149 155
97 116 131
42 65 81
246 12 30
210 235 255
212 239 4
212 243 10
216 247 16
216 251 21
217 251 24
213 250 22
207 246 18
202 242 15
212 254 27
208 252 27
203 249 24
200 246 21
199 245 20
200 246 21
201 248 23
202 249 24
194 241 16
194 244 18
194 244 18
190 240 14
180 232 6
175 227 1
176 228 2
182 231 1
207 248 15
227 6 26
225 0 21
252 25 46
41 65 85
62 81 102
64 79 98
48 59 79
12 19 39
237 243 6
232 238 1
251 1 20
4 10 29
6 12 31
250 1 20
224 234 252
193 207 226
217 234 255
207 224 245
6 25 46
21 39 62
255 20 42
230 251 17
214 235 1
212 230 253
203 221 244
196 213 234
180 196 213
160 175 191
156 159 173
177 190 204
229 247 8
239 11 35
2 35 61
246 23 49
207 239 12
186 216 245
173 203 232
169 197 227
181 207 237
173 199 229
174 199 231
169 194 226
172 195 227
188 210 245
204 226 5
211 233 12
213 238 16
207 237 16
222 255 32
21 52 83
9 39 68
207 237 8
186 216 241
189 220 241
190 220 239
180 205 225
215 239 1
199 221 239
210 230 248
202 219 238
156 165 184
156 161 180
156 169 191
156 171 197
156 172 199
156 176 206
156 184 218
164 200 236
176 219 2
187 237 23
193 248 37
183 242 35
177 242 37
176 242 39
176 244 41
178 245 44
181 248 47
185 250 49
187 251 50
204 6 65
213 15 74
193 250 55
163 220 25
173 233 37
158 218 21
170 230 33
192 253 53
212 18 72
230 35 85
247 50 99
2 61 106
3 62 102
244 46 82
244 44 79
17 65 99
213 248 26
156 176 210
165 190 222
168 191 223
166 189 221
187 212 244
183 209 245
211 238 19
254 27 64
245 17 52
103 126 155
121 138 155
144 152 155
152 153 155
155 155 148
155 155 148
155 155 152
155 155 155
155 155 155
155 155 155
155 155 155
155 155 155
155 155 155
155 155 155
155 155 155
155 155 155
155 155 155
155 155 155
155 155 155
155 155 155
155 155 155
155 155 155
155 155 155
155 155 155
155 155 155
155 155 155
155 155 155
155 155 155
155 155 155
155 155 155
155 155 155
155 155 155
155 155 155
155 155 155
155 155 155
155 155 155
155 155 155
155 155 155
155 155 155
155 155 155
155 155 155
155 155 155
155 155 155
155 155 155
155 155 155
155 155 155
155 155 155
155 155 155
155 155 155
155 155 155
155 155 155
155 155 155
155 155 155
155 155 155
155 155 155
155 155 155
155 155 155
155 155 155
155 155 155
155 155 155
155 155 155
155 155 155
155 155 155
155 155 155
155 155 155
155 155 155
155 155 155
155 155 155
155 155 155
155 155 155
155 155 155
155 155 155
155 155 155
155 155 155
155 155 155
155 155 155
155 155 155
155 155 155
155 155 155
155 155 155
155 155 155
155 155 155
155 155 155
155 155 155
155 155 155
155 155 155
155 155 155
155 155 155
155 155 155
155 155 155
155 155 155
155 155 155
155 155 155
155 155 155
155 155 155
155 155 155
155 155 155
155 155 155
155 155 155
155 155 155
155 155 155
155 155 155
155 155 155
153 155 155
151 155 155
151 155 155
153 155 155
153 155 155
155 155 155
155 155 155
155 154 155
155 154 155
155 154 155
155 154 155
155 154 155
155 155 155
155 155 154
155 155 154
155 155 154
153 155 155
150 155 155
148 154 155
145 154 155
143 154 155
143 153 155
139 152 155
139 151 155
135 151 155
58 75 88
19 40 55
233 0 16
212 238 255
217 243 4
223 250 14
219 249 12
206 241 5
202 251 17
195 252 18
195 252 18
194 251 17
193 251 17
192 250 16
192 250 16
192 250 16
195 255 21
195 255 21
196 0 22
194 1 22
192 255 20
189 252 17
183 248 13
188 245 10
214 0 19
204 236 255
220 252 15
247 18 38
51 76 96
39 60 81
30 47 68
73 88 107
51 62 82
4 13 33
217 224 243
224 230 249
246 253 14
231 235 253
211 218 235
224 232 249
250 6 24
22 36 55
30 45 64
9 26 47
5 23 46
28 46 69
37 57 82
26 46 71
18 35 61
222 240 7
194 211 232
177 193 210
156 169 185
156 156 170
177 186 199
236 251 11
227 254 19
235 10 35
242 17 42
227 1 28
197 227 254
174 204 233
168 198 227
174 202 233
172 200 231
175 202 236
181 208 242
191 216 250
199 224 2
204 229 7
207 229 8
205 230 8
191 219 253
9 40 73
9 38 69
2 32 61
210 240 9
196 224 248
161 188 208
172 198 215
176 200 218
192 215 231
192 215 231
202 222 240
156 171 190
156 171 192
156 171 192
156 159 182
166 185 212
165 187 215
163 188 220
159 189 224
156 193 231
160 204 245
170 219 7
178 232 23
177 236 30
174 237 32
172 236 34
172 238 35
173 238 37
174 239 38
175 241 38
176 240 39
211 13 72
193 249 52
173 229 32
161 219 22
158 218 21
165 225 28
184 245 45
204 8 62
218 21 71
233 35 84
245 47 89
247 46 85
250 48 83
239 34 67
7 56 88
99 140 155
241 16 49
157 179 214
162 183 215
174 195 226
163 183 214
182 203 234
200 223 255
222 247 25
237 7 44
240 10 46
120 141 155
133 149 155
143 152 155
152 153 155
155 150 145
155 155 149
155 155 154
155 155 155
155 155 155
155 155 155
155 155 155
155 155 155
155 155 155
155 155 155
155 155 155
155 155 155
155 155 155
155 155 155
155 155 155
155 155 155
155 155 155
155 155 155
155 155 155
155 155 155
155 155 155
155 155 155
155 155 155
155 155 155
155 155 155
155 155 155
155 155 155
155 155 155
155 155 155
155 155 155
155 155 155
155 155 155
155 155 155
155 155 155
155 155 155
155 155 155
155 155 155
155 155 155
155 155 155
155 155 155
155 155 155
155 155 155
155 155 155
155 155 155
155 155 155
155 155 155
155 155 155
155 155 155
155 155 155
155 155 155
155 155 155
155 155 155
155 155 155
155 155 155
155 155 155
155 155 155
155 155 155
155 155 155
155 155 155
155 155 155
155 155 155
155 155 155
155 155 155
155 155 155
155 155 155
155 155 155
155 155 155
155 155 155
155 155 155
155 155 155
155 155 155
155 155 155
155 155 155
155 155 155
155 155 155
155 155 155
155 155 155
155 155 155
155 155 155
155 155 155
155 155 155
155 155 155
155 155 155
155 155 155
155 155 155
155 155 155
155 155 155
155 155 155
155 155 155
155 155 155
155 155 155
155 155 155
155 155 155
155 155 155
155 155 155
155 155 155
155 155 155
155 155 155
155 155 155
155 155 155
153 155 155
153 155 155
153 155 155
155 154 155
155 155 155
155 155 155
155 154 155
155 154 155
155 155 154
155 155 154
155 155 154
155 155 154
155 155 152
155 155 152
155 155 152
155 155 152
155 155 154
155 155 154
155 155 154
152 155 153
150 155 154
149 154 155
148 153 155
144 153 155
144 154 155
141 152 155
122 137 146
104 121 130
82 100 111
51 71 82
18 37 50
244 14 28
210 248 10
204 247 10
204 247 10
204 247 10
201 247 9
201 247 9
201 247 9
200 246 8
194 242 4
199 247 9
202 252 14
206 0 18
205 255 17
200 250 12
193 245 6
193 239 1
210 244 4
237 9 26
235 5 22
235 5 22
226 250 12
20 41 62
43 62 83
27 41 63
42 56 75
39 50 70
255 8 28
212 219 238
212 219 236
239 243 5
11 16 31
33 40 55
8 18 35
10 22 40
12 26 44
23 38 57
41 58 79
53 71 94
42 62 87
23 43 68
242 3 29
223 239 6
209 223 245
180 194 212
160 170 187
156 165 178
161 170 180
179 193 205
198 223 243
199 230 253
205 236 3
204 234 3
196 226 253
189 219 248
188 217 248
189 218 249
197 225 3
198 226 4
197 225 3
188 216 250
179 206 240
173 200 234
177 202 236
181 206 240
179 207 241
26 55 86
28 58 87
39 69 94
7 35 59
238 9 29
182 208 225
156 158 174
156 174 190
178 201 217
201 221 238
156 159 177
156 160 181
156 156 175
163 180 206
162 181 208
165 189 217
164 192 223
167 195 229
163 197 233
161 200 239
164 208 249
171 220 10
175 229 20
174 233 27
172 232 28
169 233 31
171 235 33
173 237 35
174 238 36
175 239 37
178 240 38
193 250 50
179 234 35
166 221 22
160 217 17
158 217 17
162 222 20
178 236 32
193 252 46
216 16 63
231 30 73
241 37 77
238 33 66
222 12 43
6 48 77
90 130 155
116 150 155
232 1 33
163 184 216
163 183 214
171 189 218
168 186 215
187 205 234
187 207 238
190 213 245
209 233 13
248 17 51
82 103 134
134 150 155
143 152 155
151 154 155
154 149 146
155 151 146
155 155 154
155 155 155
155 155 155
155 155 155
155 155 155
155 155 155
155 155 155
155 155 155
155 155 155
155 155 155
155 155 155
155 155 155
155 155 155
155 155 155
155 155 155
155 155 155
155 155 155
155 155 155
155 155 155
155 155 155
155 155 155
155 155 155
155 155 155
155 155 155
155 155 155
155 155 155
155 155 155
155 155 155
155 155 155
155 155 155
155 155 155
155 155 155
155 155 155
155 155 155
155 155 155
155 155 155
155 155 155
155 155 155
155 155 155
155 155 155
155 155 155
155 155 155
155 155 155
155 155 155
155 155 155
155 155 155
155 155 155
155 155 155
155 155 155
155 155 155
155 155 155
155 155 155
155 155 155
155 155 155
155 155 155
155 155 155
155 155 155
155 155 155
155 155 155
155 155 155
155 155 155
155 155 155
155 155 155
155 155 155
155 155 155
155 155 155
155 155 155
155 155 155
155 155 155
155 155 155
155 155 155
155 155 155
155 155 155
155 155 155
155 155 155
155 155 155
155 155 155
155 155 155
155 155 155
155 155 155
155 155 155
155 155 155
155 155 155
155 155 155
155 155 155
155 155 155
155 155 155
155 155 155
155 155 155
155 155 155
155 155 155
155 155 155
155 155 155
155 155 155
155 155 155
155 155 155
155 155 155
155 155 155
155 154 155
155 154 155
155 154 155
155 154 155
155 155 155
155 155 155
155 155 155
155 155 155
155 155 154
155 155 154
155 155 154
155 155 154
155 155 152
155 155 152
155 155 152
155 155 152
155 155 151
155 155 149
155 155 151
155 155 151
155 155 151
155 154 153
155 154 153
151 153 153
148 153 152
150 155 155
148 155 155
146 155 155
144 153 155
139 150 154
141 151 155
143 154 155
143 152 155
143 150 155
143 150 155
143 150 155
143 150 155
142 149 155
140 150 155
140 150 155
139 151 155
139 151 155
139 151 155
136 148 155
122 136 154
105 119 137
88 102 120
76 92 108
32 51 66
210 231 246
207 228 243
225 245 6
209 229 246
218 238 0
219 236 1
38 55 76
42 56 78
51 65 84
10 21 41
208 218 236
216 223 240
5 12 29
18 23 38
253 4 19
11 20 34
6 16 33
6 18 36
22 36 55
42 59 80
41 59 82
7 27 52
227 246 17
211 228 254
206 222 245
201 215 237
178 190 208
166 175 189
165 173 186
157 162 171
156 161 171
156 173 191
156 170 191
156 168 192
156 173 199
156 181 208
156 185 214
156 181 212
156 177 210
175 205 240
191 221 0
207 237 16
207 237 16
193 221 0
176 204 239
169 196 230
169 196 230
201 229 4
56 84 114
60 87 113
86 112 136
82 106 128
79 103 121
45 70 86
236 3 18
156 164 179
165 185 202
156 171 187
156 166 187
157 178 200
159 178 205
156 165 193
172 196 226
167 196 227
169 201 236
173 207 243
173 210 248
168 210 252
169 214 1
171 220 12
173 226 20
169 226 21
167 228 22
169 229 25
169 232 27
172 235 30
174 237 32
176 239 34
179 239 35
188 245 41
173 229 28
160 216 15
156 211 10
156 212 8
157 216 10
171 229 22
188 245 34
223 21 62
207 3 40
219 9 43
222 8 37
24 61 87
105 139 155
122 151 155
125 151 155
191 212 243
156 173 206
160 178 209
161 177 206
162 176 204
172 189 216
162 180 209
162 183 214
188 210 245
252 18 53
42 63 94
109 127 150
141 152 155
150 154 155
155 155 154
155 152 147
155 155 154
155 155 155
155 155 155
155 155 155
155 155 155
155 155 155
155 155 155
155 155 155
155 155 155
155 155 155
155 155 155
155 155 155
155 155 155
155 155 155
155 155 155
155 155 155
155 155 155
155 155 155
155 155 155
155 155 155
155 155 155
155 155 155
155 155 155
155 155 155
155 155 155
155 155 155
155 155 155
155 155 155
155 155 155
155 155 155
155 155 155
155 155 155
155 155 155
155 155 155
155 155 155
155 155 155
155 155 155
155 155 155
155 155 155
155 155 155
155 155 155
155 155 155
155 155 155
155 155 155
155 155 155
155 155 155
155 155 155
155 155 155
155 155 155
155 155 155
155 155 155
155 155 155
155 155 155
155 155 155
155 155 155
155 155 155
155 155 155
155 155 155
155 155 155
155 155 155
155 155 155
155 155 155
155 155 155
155 155 155
155 155 155
155 155 155
155 155 155
155 155 155
155 155 155
155 155 155
155 155 155
155 155 155
155 155 155
155 155 155
155 155 155
155 155 155
155 155 155
155 155 155
155 155 155
155 155 155
155 155 155
155 155 155
155 155 155
155 155 155
155 155 155
155 155 155
155 155 155
155 155 155
155 155 155
155 155 155
155 155 155
155 155 155
155 155 155
155 155 155
155 155 155
155 155 155
155 155 155
155 155 155
155 154 155
155 154 155
155 154 155
155 154 155
155 155 155
155 155 155
155 155 155
155 155 155
155 155 155
155 155 154
155 155 154
155 155 154
155 155 154
155 155 152
155 155 154
155 155 152
155 155 151
155 155 149
155 155 151
155 155 151
155 155 151
155 154 151
155 155 151
155 155 151
155 153 152
155 155 154
153 155 155
151 155 155
147 152 151
141 145 146
144 149 150
151 154 155
155 150 155
155 149 155
155 149 155
155 149 155
155 148 155
155 148 155
154 147 155
154 147 155
140 136 148
145 141 153
153 149 155
155 151 155
153 151 155
153 151 155
153 151 155
150 152 155
134 144 154
139 154 155
80 94 106
252 12 25
214 230 246
156 172 189
186 203 222
238 255 20
220 234 0
10 24 46
20 34 53
234 246 8
213 220 239
230 237 254
244 251 10
239 246 5
26 33 48
29 38 52
21 31 48
11 25 44
24 38 60
36 54 77
23 40 67
248 11 38
222 239 9
195 211 234
182 196 218
173 185 203
168 177 191
162 168 179
156 157 167
160 169 179
160 178 195
156 173 193
156 170 192
156 174 198
156 182 208
160 188 218
157 188 219
156 185 218
160 192 227
182 217 251
212 247 25
227 6 40
224 0 35
208 240 19
196 227 4
190 219 250
243 15 45
59 86 112
59 85 109
78 103 123
83 107 125
101 124 140
101 123 135
76 98 110
23 45 57
156 156 169
156 162 180
156 177 197
156 172 199
162 184 212
167 190 222
166 193 227
169 204 238
174 212 247
180 219 2
182 222 8
177 222 9
172 221 11
174 223 15
173 226 20
166 223 18
166 225 19
168 227 21
169 230 24
172 233 27
175 237 29
179 238 31
180 239 32
171 226 21
162 217 12
156 211 6
157 214 9
164 220 13
169 225 16
183 238 27
198 252 37
201 250 32
221 10 43
216 0 29
45 79 103
123 152 155
128 153 155
134 153 155
117 134 153
156 165 194
156 156 188
156 166 198
156 166 194
156 163 189
156 161 187
156 157 184
156 177 205
191 214 246
246 13 45
23 44 75
65 83 106
139 152 155
140 146 153
155 155 155
155 155 152
155 155 154
155 155 155
155 155 155
155 155 155
155 155 155
155 155 155
155 155 155
155 155 155
155 155 155
155 155 155
155 155 155
155 155 155
155 155 155
155 155 155
155 155 155
155 155 155
155 155 155
155 155 155
155 155 155
155 155 155
155 155 155
155 155 155
155 155 155
155 155 155
155 155 155
155 155 155
155 155 155
155 155 155
155 155 155
155 155 155
155 155 155
155 155 155
155 155 155
155 155 155
155 155 155
155 155 155
155 155 155
155 155 155
155 155 155
155 155 155
155 155 155
155 155 155
155 155 155
155 155 155
155 155 155
155 155 155
155 155 155
155 155 155
155 155 155
155 155 155
155 155 155
155 155 155
155 155 155
155 155 155
155 155 155
155 155 155
154 154 154
154 154 154
154 154 154
154 154 154
154 154 154
154 154 154
154 154 154
154 154 154
155 155 155
155 155 155
155 155 155
155 155 155
155 155 155
155 155 155
155 155 155
155 155 155
155 155 155
155 155 155
155 155 155
155 155 155
155 155 155
155 155 155
155 155 155
155 155 155
155 155 155
155 155 155
155 155 155
155 155 155
155 155 155
155 155 155
155 155 155
155 155 155
155 155 155
155 155 155
155 155 155
155 155 155
155 155 155
155 155 155
155 155 155
155 155 155
155 155 155
155 155 155
155 154 155
155 154 155
155 154 155
155 154 155
155 154 155
155 154 155
155 154 155
155 155 155
155 155 155
155 155 155
155 155 155
155 155 155
155 154 155
155 155 154
155 154 155
155 155 154
155 155 152
155 155 152
155 155 152
155 155 152
155 155 152
155 155 154
155 154 153
155 154 153
147 145 144
154 152 151
155 155 154
155 155 154
155 155 154
153 155 155
153 155 155
155 155 155
155 154 155
155 153 155
155 153 155
155 153 155
155 153 155
155 153 155
155 153 155
155 153 155
155 154 155
155 154 155
153 154 155
152 153 155
150 151 155
149 150 154
149 150 154
147 150 154
146 151 154
130 136 141
146 153 155
129 139 149
140 152 155
46 62 75
175 191 208
180 195 214
29 46 67
63 77 99
62 77 96
5 19 37
212 224 242
223 233 250
12 21 35
39 46 61
39 47 60
52 60 73
57 67 84
56 68 86
59 73 95
59 77 100
43 60 87
18 37 64
245 6 33
204 219 245
182 196 218
171 183 201
167 175 188
159 164 173
156 156 164
168 173 182
156 166 182
156 171 189
156 176 198
159 183 207
165 190 216
169 197 227
176 207 240
180 212 247
166 200 236
171 207 243
180 216 252
187 223 3
190 225 3
184 219 253
178 211 244
174 205 236
12 39 65
24 48 70
32 56 76
51 73 91
63 83 100
78 100 112
76 96 107
92 112 123
76 95 108
41 62 77
156 156 171
166 189 211
156 179 207
156 168 200
170 196 232
156 185 222
173 210 248
175 218 1
185 227 14
186 231 19
183 229 20
178 227 19
176 227 21
176 229 24
170 225 20
168 225 20
170 227 22
172 230 23
174 232 25
176 235 25
178 237 26
180 237 26
175 229 20
168 222 13
165 219 10
167 223 14
171 226 15
171 227 12
178 233 16
192 242 22
207 252 29
236 20 48
87 119 142
127 153 155
131 150 155
139 153 155
140 149 155
116 127 141
156 164 192
156 157 188
156 163 192
156 168 196
156 165 191
156 156 177
156 156 177
159 177 206
198 219 251
235 3 33
16 38 66
42 63 85
117 132 148
145 153 155
151 153 153
155 155 152
155 155 154
155 155 155
155 155 155
155 155 155
155 155 155
155 155 155
155 155 155
155 155 155
155 155 155
155 155 155
155 155 155
155 155 155
155 155 155
155 155 155
155 155 155
155 155 155
155 155 155
155 155 155
155 155 155
155 155 155
155 155 155
155 155 155
155 155 155
155 155 155
155 155 155
155 155 155
155 155 155
155 155 155
155 155 155
155 155 155
155 155 155
155 155 155
155 155 155
155 155 155
155 155 155
155 155 155
155 155 155
155 155 155
155 155 155
155 155 155
155 155 155
155 155 155
155 155 155
155 155 155
155 155 155
155 155 155
155 155 155
155 155 155
155 155 155
155 155 155
155 155 155
155 155 155
155 155 155
155 155 155
155 155 155
155 155 155
154 154 154
154 154 154
154 154 154
154 154 154
154 154 154
154 154 154
154 154 154
154 154 154
155 155 155
155 155 155
155 155 155
155 155 155
155 155 155
155 155 155
155 155 155
155 155 155
155 155 155
155 155 155
155 155 155
155 155 155
155 155 155
155 155 155
155 155 155
155 155 155
155 155 155
155 155 155
155 155 155
155 155 155
155 155 155
155 155 155
155 155 155
155 155 155
155 155 155
155 155 155
155 155 155
155 155 155
155 155 155
155 155 155
155 155 155
155 155 155
155 155 155
155 155 155
155 154 155
155 154 155
155 154 155
155 154 155
155 154 155
155 154 155
155 154 155
155 154 155
155 155 155
155 155 155
155 155 155
155 155 155
155 154 155
155 154 155
155 154 155
155 154 155
155 154 155
155 154 155
155 154 155
155 154 155
155 154 155
155 154 155
155 154 155
155 155 155
155 155 155
155 155 154
155 155 155
155 154 153
155 155 154
155 155 154
155 155 154
155 155 154
155 155 154
155 155 154
155 155 154
155 155 154
155 155 154
155 155 154
155 155 154
155 155 154
155 155 154
155 155 154
153 154 152
149 152 150
150 153 151
153 155 154
153 155 154
153 155 154
146 146 146
155 154 155
137 140 144
148 154 155
144 153 155
141 153 155
106 121 137
61 77 94
52 69 88
53 70 91
39 56 75
8 23 42
248 6 24
13 26 42
28 39 53
17 26 39
23 29 40
22 30 43
37 46 60
58 70 88
63 77 99
42 57 83
10 27 54
245 8 35
226 243 14
203 218 244
187 201 223
170 182 200
167 175 188
172 177 186
165 167 175
168 171 179
156 166 180
162 178 195
174 193 214
178 200 225
179 204 230
182 210 240
193 224 1
200 235 13
197 233 13
191 229 8
184 222 1
180 218 253
178 216 250
179 216 250
177 215 247
181 213 242
28 54 78
1 22 43
11 33 51
35 55 72
62 81 94
80 98 109
73 92 100
101 120 128
74 94 105
85 106 121
25 47 65
156 156 176
173 199 229
175 201 237
156 169 209
184 216 1
172 214 0
177 222 9
183 230 18
187 233 24
183 232 24
180 231 25
180 233 28
183 236 31
175 230 25
175 230 25
176 232 25
176 232 23
177 233 24
177 234 23
179 234 21
180 235 22
187 240 27
175 228 15
165 218 5
164 219 6
169 225 10
179 234 15
198 250 30
221 12 44
247 34 61
91 128 150
125 152 155
134 153 155
139 151 155
137 143 150
153 153 155
91 95 106
184 197 223
162 180 211
158 174 203
170 185 211
174 186 210
157 171 194
156 163 189
156 175 202
190 211 242
221 245 19
4 26 54
47 68 90
87 102 118
143 154 155
136 141 140
153 154 152
155 155 155
155 155 155
155 155 155
155 155 155
155 155 155
155 155 155
155 155 155
155 155 155
155 155 155
155 155 155
155 155 155
155 155 155
155 155 155
155 155 155
155 155 155
155 155 155
155 155 155
155 155 155
155 155 155
155 155 155
155 155 155
155 155 155
155 155 155
155 155 155
155 155 155
155 155 155
155 155 155
155 155 155
155 155 155
155 155 155
155 155 155
155 155 155
155 155 155
155 155 155
155 155 155
155 155 155
155 155 155
155 155 155
155 155 155
155 155 155
155 155 155
155 155 155
155 155 155
155 155 155
155 155 155
155 155 155
155 155 155
155 155 155
155 155 155
155 155 155
155 155 155
155 155 155
155 155 155
155 155 155
155 155 155
155 155 155
153 153 153
153 153 153
153 153 153
153 153 153
153 153 153
153 153 153
153 153 153
153 153 153
155 155 155
155 155 155
155 155 155
155 155 155
155 155 155
155 155 155
155 155 155
155 155 155
155 155 155
155 155 155
155 155 155
155 155 155
155 155 155
155 155 155
155 155 155
155 155 155
155 155 155
155 155 155
155 155 155
155 155 155
155 155 155
155 155 155
155 155 155
155 155 155
155 155 155
155 155 155
155 155 155
155 155 155
155 155 155
155 155 155
155 155 155
155 155 155
155 155 155
155 155 155
155 154 155
155 154 155
155 154 155
155 154 155
155 154 155
155 154 155
153 155 155
153 155 155
153 155 155
153 155 155
153 155 155
155 154 155
155 154 155
155 154 155
155 153 155
155 153 155
155 153 155
155 153 155
155 154 155
155 154 155
155 153 155
155 153 155
155 154 155
155 154 155
140 139 141
146 146 146
153 152 154
155 155 155
155 155 155
155 155 155
152 152 152
152 150 149
155 155 152
155 155 151
155 155 151
155 155 150
155 155 150
155 155 150
155 155 149
155 155 149
155 155 151
155 155 151
155 155 151
154 155 150
152 154 148
152 154 148
150 154 148
153 155 149
155 155 152
154 149 148
155 155 155
153 154 155
148 154 155
119 128 138
18 31 45
250 10 27
22 39 58
25 45 63
37 57 75
33 50 69
12 28 45
254 13 29
234 247 5
204 213 226
231 237 248
217 223 234
213 220 235
226 236 254
232 245 11
221 236 6
208 225 252
203 221 250
193 210 237
189 204 230
187 200 222
169 179 197
168 174 187
180 182 192
171 171 177
164 166 174
156 163 177
162 176 194
176 193 214
183 204 226
183 206 232
184 210 240
188 219 252
193 228 6
191 229 8
190 229 11
188 227 9
183 223 2
177 218 251
176 214 248
177 216 248
184 218 247
22 46 68
1 21 39
253 17 34
9 28 43
34 52 63
56 73 82
71 88 97
88 107 115
96 116 127
72 93 108
81 105 123
237 7 31
156 171 202
178 205 242
192 222 7
191 226 14
172 217 5
174 223 13
181 230 20
183 232 24
183 232 26
183 233 29
185 238 33
190 242 39
184 237 32
184 237 32
183 236 30
181 235 26
180 235 24
179 234 21
180 234 19
179 233 18
170 224 9
163 217 2
165 219 4
179 234 17
197 252 33
220 18 53
249 44 76
19 66 94
58 99 122
121 153 155
130 153 155
113 127 139
148 154 155
155 154 155
147 141 142
101 98 107
196 208 232
180 198 229
179 196 223
189 204 230
191 203 227
180 194 217
170 185 211
157 176 203
182 203 234
203 227 1
244 12 40
37 60 82
60 76 92
141 154 155
141 146 147
147 150 148
155 155 155
155 155 155
155 155 155
155 155 155
155 155 155
155 155 155
155 155 155
155 155 155
155 155 155
155 155 155
155 155 155
155 155 155
155 155 155
155 155 155
155 155 155
155 155 155
155 155 155
155 155 155
155 155 155
155 155 155
155 155 155
155 155 155
155 155 155
155 155 155
155 155 155
155 155 155
155 155 155
155 155 155
155 155 155
155 155 155
155 155 155
155 155 155
155 155 155
155 155 155
155 155 155
155 155 155
155 155 155
155 155 155
155 155 155
155 155 155
155 155 155
155 155 155
155 155 155
155 155 155
155 155 155
155 155 155
155 155 155
155 155 155
155 155 155
155 155 155
155 155 155
155 155 155
155 155 155
155 155 155
155 155 155
155 155 155
153 153 153
153 153 153
153 153 153
153 153 153
153 153 153
153 153 153
153 153 153
153 153 153
155 155 155
155 155 155
155 155 155
155 155 155
155 155 155
155 155 155
155 155 155
155 155 155
155 155 155
155 155 155
155 155 155
155 155 155
155 155 155
155 155 155
155 155 155
155 155 155
155 155 155
155 155 155
155 155 155
155 155 155
155 155 155
155 155 155
155 155 155
155 155 155
155 155 155
155 155 155
155 155 155
155 155 155
155 155 155
155 155 155
155 155 155
155 155 155
155 155 155
155 155 155
155 154 155
155 154 155
155 154 155
155 154 155
155 154 155
155 154 155
153 155 155
153 155 155
153 155 155
153 155 155
153 155 155
153 155 155
155 154 155
155 154 155
155 153 155
155 154 155
155 153 155
153 153 155
153 154 155
153 154 155
155 154 155
155 154 155
155 154 155
155 154 155
153 152 154
155 154 155
155 154 155
155 154 155
152 152 152
149 149 149
152 152 152
155 155 154
155 155 151
155 154 149
155 154 149
155 154 149
155 153 148
154 154 148
154 154 148
151 153 147
152 154 148
154 155 150
155 155 151
153 155 151
153 155 152
153 155 152
151 155 150
151 152 148
155 155 152
155 150 150
155 151 152
153 154 155
130 136 143
225 235 245
159 174 190
243 5 22
219 239 1
189 210 231
184 205 226
196 215 236
204 221 240
228 243 6
8 22 40
26 39 55
26 35 48
31 39 52
33 41 58
27 39 57
19 32 54
6 20 43
241 0 26
222 239 9
191 206 232
187 201 224
187 198 218
169 179 197
163 168 183
165 169 180
156 156 166
156 156 163
156 156 171
157 169 187
173 188 207
184 202 225
189 212 238
189 217 248
193 223 2
192 228 8
190 229 12
195 236 19
199 240 23
191 233 14
181 221 0
175 216 249
183 222 254
196 230 3
237 9 33
247 15 35
240 6 24
242 6 23
4 23 36
30 50 61
78 97 105
83 102 110
92 112 123
95 117 129
80 104 122
88 114 138
244 14 44
157 185 219
176 205 242
176 212 252
169 218 6
169 224 13
177 229 20
180 232 23
180 231 25
184 234 30
192 240 36
196 246 42
193 241 37
190 241 35
188 240 31
186 238 28
181 236 23
178 234 19
176 232 17
175 231 16
168 224 9
174 230 15
195 249 34
223 20 57
242 39 72
255 46 77
10 53 80
23 62 84
84 117 133
128 154 155
131 148 155
144 154 155
150 153 155
149 147 147
155 154 154
122 120 126
180 194 217
180 201 232
192 210 239
196 215 242
190 207 233
185 205 230
181 202 229
161 183 211
179 203 233
186 212 242
236 4 32
14 37 59
46 64 81
117 132 141
146 155 155
147 152 153
153 155 155
155 155 154
155 155 154
155 155 155
155 155 155
155 155 155
155 155 155
155 155 155
155 155 155
155 155 155
155 155 155
155 155 155
155 155 155
155 155 155
155 155 155
155 155 155
155 155 155
155 155 155
155 155 155
155 155 155
155 155 155
155 155 155
155 155 155
155 155 155
155 155 155
155 155 155
155 155 155
155 155 155
155 155 155
155 155 155
155 155 155
155 155 155
155 155 155
155 155 155
155 155 155
155 155 155
155 155 155
155 155 155
155 155 155
155 155 155
155 155 155
155 155 155
155 155 155
155 155 155
155 155 155
155 155 155
155 155 155
155 155 155
155 155 155
155 155 155
155 155 155
155 155 155
155 155 155
155 155 155
155 155 155
155 155 155
153 153 153
153 153 153
153 153 153
153 153 153
153 153 153
153 153 153
153 153 153
153 153 153
155 155 155
155 155 155
155 155 155
155 155 155
155 155 155
155 155 155
155 155 155
155 155 155
155 155 155
155 155 155
154 154 154
154 154 154
155 155 155
155 155 155
155 155 155
155 155 155
155 155 155
155 155 155
155 155 155
155 155 155
155 155 155
155 155 155
155 155 155
155 155 155
155 155 155
155 155 155
155 155 155
155 155 155
155 155 155
155 155 155
155 155 155
155 155 155
155 155 155
155 155 155
155 155 155
155 155 155
155 155 155
155 155 155
155 155 155
155 155 155
155 155 155
155 155 155
155 155 155
155 155 155
155 155 155
155 155 155
155 154 155
155 155 155
155 154 155
155 154 155
155 154 155
155 154 155
155 154 155
155 154 155
155 154 155
155 154 155
155 154 155
155 155 155
155 155 155
155 155 155
155 155 155
155 155 155
155 155 155
155 155 155
155 155 155
155 155 155
155 155 155
155 155 155
155 155 155
155 155 154
155 155 154
155 155 152
155 155 152
153 155 152
153 155 152
153 155 154
153 155 154
149 154 153
141 145 146
151 154 155
151 154 155
153 154 155
155 154 155
142 135 138
154 153 155
147 151 155
44 53 62
60 74 86
8 26 43
248 14 32
10 33 55
18 42 64
15 37 62
239 5 30
222 239 9
249 9 32
25 39 62
27 40 62
253 11 29
252 8 26
248 6 24
250 8 27
252 10 29
249 7 26
240 253 19
232 246 9
206 217 237
201 212 232
194 204 222
190 198 215
191 198 215
192 197 212
185 188 203
172 178 191
178 185 200
171 181 198
167 181 200
173 191 214
185 209 237
196 224 2
200 233 16
199 235 19
183 222 10
180 222 9
168 210 252
166 209 248
181 223 2
185 226 3
181 220 252
188 224 254
201 233 6
211 241 12
221 252 19
230 1 22
239 9 26
3 28 44
34 57 72
59 81 93
75 97 109
89 111 123
79 104 120
74 99 119
87 114 135
42 69 95
172 201 228
177 216 248
164 218 3
167 227 17
172 231 21
189 243 34
178 227 21
184 231 26
188 233 28
202 247 42
195 238 33
191 237 29
187 235 27
194 246 36
194 249 36
181 242 26
180 242 26
178 242 27
169 231 21
184 244 34
210 12 54
248 45 82
7 53 84
5 45 70
31 63 82
58 84 96
136 155 155
141 155 155
146 155 155
150 155 155
151 155 155
155 155 155
155 155 155
148 154 155
205 223 246
196 222 252
183 208 240
178 203 235
195 223 254
192 220 251
207 235 13
169 197 231
159 186 220
190 218 249
212 236 8
254 20 45
47 67 85
90 105 121
141 153 155
146 154 155
153 155 155
151 150 146
151 150 146
155 155 154
155 155 154
155 155 155
153 155 155
151 153 154
153 155 155
153 155 155
155 154 155
155 154 155
155 155 155
155 155 155
155 155 155
155 155 155
155 155 155
155 155 155
155 155 155
155 155 155
155 155 155
155 155 155
155 155 155
155 155 155
155 155 155
155 155 155
155 155 155
155 155 155
155 155 155
155 155 155
155 155 155
155 155 155
155 155 155
155 155 155
155 155 155
155 155 155
155 155 155
155 155 155
155 155 155
155 155 155
155 155 155
155 155 155
155 155 155
155 155 155
155 155 155
155 155 155
155 155 155
155 155 155
155 155 155
155 155 155
155 155 155
154 154 154
152 152 152
150 150 150
149 149 149
149 149 149
155 155 155
155 155 155
155 155 155
155 155 155
155 155 155
155 155 155
155 155 155
155 155 155
152 152 152
152 152 152
155 155 155
155 155 155
155 155 155
155 155 155
155 155 155
155 155 155
155 155 155
155 155 155
154 154 154
154 154 154
154 154 154
155 155 155
155 155 155
155 155 155
155 155 155
155 155 155
155 155 155
155 155 155
155 155 155
155 155 155
155 155 155
155 155 155
155 155 155
155 155 155
155 155 155
155 155 155
155 155 155
155 155 155
155 155 155
155 155 155
155 155 155
155 155 155
155 155 155
155 155 155
155 155 155
155 155 155
155 155 155
155 155 155
155 155 155
155 155 155
155 155 155
155 155 155
155 155 155
155 155 155
155 155 155
155 155 155
155 155 155
155 155 155
155 155 155
155 155 155
155 155 155
155 155 155
155 155 155
155 155 155
155 155 155
155 155 155
155 155 155
155 155 155
155 155 155
155 155 155
155 155 155
155 155 155
155 155 155
155 155 155
155 154 155
155 154 155
155 154 155
155 155 155
155 155 155
155 155 154
153 155 154
153 155 154
151 155 154
151 155 154
151 155 155
149 152 155
148 152 155
150 153 155
150 152 155
147 149 155
150 146 152
155 153 155
152 152 155
148 153 155
43 55 67
68 85 98
29 52 68
236 4 24
241 9 31
233 3 27
223 247 15
204 226 251
203 220 247
234 249 19
0 13 39
246 4 27
251 9 31
2 17 36
7 22 41
3 18 37
246 4 23
230 244 7
221 233 251
216 228 246
214 224 242
211 221 239
204 212 229
194 202 219
193 200 217
194 201 218
187 191 209
171 178 195
183 192 206
180 190 207
179 193 212
182 200 223
188 212 242
194 225 2
200 233 16
199 237 23
180 222 9
180 223 10
169 213 254
165 208 247
176 218 255
179 220 253
178 217 249
186 224 254
180 216 246
186 222 252
197 230 0
206 237 6
218 247 12
238 9 29
10 35 51
30 53 68
56 79 94
39 62 77
68 93 109
73 99 116
41 68 88
69 98 119
41 72 95
198 237 9
167 222 5
162 222 12
174 233 23
176 230 21
173 222 16
175 220 15
189 232 27
192 235 30
172 215 8
185 231 23
194 243 33
196 249 36
194 250 35
192 253 37
197 3 43
195 3 44
216 22 68
204 8 54
233 33 74
248 42 78
250 34 62
7 40 60
51 77 91
134 152 155
144 155 155
148 155 155
151 155 154
153 155 154
153 155 155
153 155 155
153 155 155
146 153 155
74 93 114
176 203 230
177 203 233
190 218 249
180 208 242
200 231 8
210 240 19
210 240 19
156 175 209
167 195 226
216 240 12
242 8 33
49 68 89
67 85 102
125 140 155
142 153 155
151 155 155
154 154 148
154 153 149
155 155 152
155 155 154
155 155 155
153 155 155
153 155 155
153 155 155
153 155 155
155 154 155
155 154 155
155 155 155
155 155 155
155 154 155
155 155 155
155 155 155
155 155 155
155 155 155
155 155 155
155 155 155
155 155 155
155 155 155
155 155 155
155 155 155
155 155 155
155 155 155
155 155 155
155 155 155
155 155 155
155 155 155
155 155 155
155 155 155
155 155 155
155 155 155
155 155 155
155 155 155
155 155 155
155 155 155
155 155 155
155 155 155
155 155 155
155 155 155
155 155 155
155 155 155
155 155 155
155 155 155
155 155 155
155 155 155
154 154 154
154 154 154
153 153 153
153 153 153
152 152 152
151 151 151
151 151 151
155 155 155
155 155 155
155 155 155
155 155 155
155 155 155
155 155 155
155 155 155
155 155 155
152 152 152
152 152 152
155 155 155
155 155 155
155 155 155
155 155 155
155 155 155
155 155 155
155 155 155
155 155 155
154 154 154
154 154 154
154 154 154
154 154 154
155 155 155
155 155 155
155 155 155
155 155 155
155 155 155
155 155 155
155 155 155
155 155 155
155 155 155
155 155 155
155 155 155
155 155 155
155 155 155
155 155 155
155 155 155
155 155 155
155 155 155
155 155 155
155 155 155
155 155 155
155 155 155
155 155 155
155 155 155
155 155 155
155 155 155
155 155 155
155 155 155
155 155 155
155 155 155
155 155 155
155 155 155
155 155 155
155 155 155
155 155 155
155 155 155
155 155 155
155 155 155
155 155 155
155 155 155
155 155 155
155 155 155
155 155 155
155 155 155
155 155 155
155 155 155
155 155 155
155 155 155
155 155 155
155 155 155
155 155 155
155 155 155
155 155 155
155 154 155
155 154 155
155 154 155
155 155 155
155 155 155
155 155 154
153 155 154
153 155 154
151 155 154
149 154 152
145 149 150
150 153 155
150 154 155
150 153 155
144 146 155
145 146 155
150 147 155
155 152 155
150 151 155
102 108 119
53 64 78
30 46 62
65 88 104
253 21 41
193 217 239
200 224 246
192 215 237
166 187 209
175 190 216
233 247 14
20 32 56
15 28 50
16 31 50
9 24 43
251 10 29
231 246 9
215 229 248
209 223 242
215 227 245
221 233 251
214 224 242
213 223 241
208 216 233
199 207 224
197 204 221
197 204 221
190 197 214
180 187 204
183 192 206
186 196 213
186 201 220
186 207 229
186 210 240
186 217 250
191 224 7
192 230 16
180 219 7
182 224 11
173 215 1
164 207 246
169 211 248
170 211 244
174 213 245
186 225 1
184 222 254
185 221 251
185 219 248
186 219 245
191 222 245
200 229 250
214 240 1
222 247 7
10 35 51
2 27 43
22 47 63
45 71 88
51 78 98
73 102 123
90 121 144
21 58 86
184 235 19
164 219 8
178 230 21
171 223 14
177 225 17
174 222 14
197 242 37
190 235 30
193 241 33
189 237 29
185 235 25
181 234 21
186 242 27
198 1 41
205 11 49
209 14 54
216 15 58
244 42 83
242 35 73
5 49 80
15 53 77
38 68 85
111 133 144
141 155 155
146 155 155
150 155 155
153 155 154
155 155 154
155 155 155
155 155 155
155 154 155
148 154 155
131 146 155
251 19 43
187 210 236
202 226 254
178 204 234
184 212 242
208 237 12
191 219 250
180 208 239
156 179 209
181 206 232
212 235 1
29 50 71
60 78 95
110 126 142
141 153 155
149 153 154
155 155 152
155 155 154
155 155 154
155 155 155
153 155 155
153 155 155
153 155 155
155 154 155
155 154 155
155 154 155
155 154 155
155 155 155
155 155 155
155 154 155
155 155 155
155 155 155
155 155 155
155 155 155
155 155 155
155 155 155
155 155 155
155 155 155
155 155 155
155 155 155
155 155 155
155 155 155
155 155 155
155 155 155
155 155 155
155 155 155
155 155 155
155 155 155
155 155 155
155 155 155
155 155 155
155 155 155
155 155 155
155 155 155
155 155 155
155 155 155
155 155 155
155 155 155
155 155 155
155 155 155
155 155 155
155 155 155
155 155 155
151 151 151
151 151 151
152 152 152
153 153 153
153 153 153
154 154 154
154 154 154
155 155 155
154 154 154
154 154 154
154 154 154
154 154 154
154 154 154
154 154 154
154 154 154
154 154 154
153 153 153
153 153 153
154 154 154
154 154 154
154 154 154
154 154 154
154 154 154
154 154 154
154 154 154
154 154 154
153 153 153
153 153 153
154 154 154
154 154 154
154 154 154
155 155 155
155 155 155
155 155 155
154 154 154
154 154 154
154 154 154
154 154 154
154 154 154
154 154 154
154 154 154
154 154 154
154 154 154
154 154 154
154 154 154
154 154 154
154 154 154
154 154 154
154 154 154
154 154 154
154 154 154
154 154 154
154 154 154
154 154 154
154 154 154
154 154 154
154 154 154
154 154 154
154 154 154
154 154 154
154 154 154
154 154 154
154 154 154
154 154 154
154 154 154
154 154 154
155 155 155
155 155 155
155 155 155
155 155 155
155 155 155
155 155 155
155 155 155
155 155 155
155 155 155
155 155 155
155 155 155
155 155 155
155 155 155
155 155 155
155 155 155
155 155 155
155 154 155
155 154 155
155 154 155
155 155 155
155 155 155
155 155 154
153 155 154
153 155 154
151 155 154
148 153 151
146 150 151
151 154 155
150 154 155
149 152 155
147 149 155
150 152 155
151 152 155
132 133 143
117 121 132
67 75 88
45 58 74
239 1 18
49 71 89
22 46 66
218 242 6
178 201 223
156 173 195
168 187 208
228 242 8
46 59 81
88 99 119
84 95 115
74 88 107
73 88 107
72 87 106
64 79 98
45 59 78
9 23 42
226 238 0
199 211 229
212 222 240
205 215 233
202 210 227
203 211 228
200 208 225
192 199 216
188 195 212
188 196 213
179 187 204
185 195 212
189 204 223
185 205 230
179 203 233
176 204 238
176 209 248
178 217 0
177 217 3
182 224 10
175 217 3
165 208 247
167 209 246
166 206 241
171 209 243
186 225 1
194 232 10
189 227 3
184 220 250
179 213 242
178 208 235
176 207 230
174 203 224
174 201 221
213 239 0
233 3 20
239 9 26
9 36 56
75 104 125
63 94 115
67 98 121
79 113 142
233 20 59
187 233 24
180 226 17
183 229 21
185 233 25
182 230 22
193 242 36
186 235 27
194 246 37
183 235 25
186 239 26
190 244 29
195 249 34
200 255 38
200 255 38
214 11 48
231 24 62
234 23 60
5 46 78
253 34 60
39 70 91
117 143 155
137 154 155
144 155 155
149 154 155
152 154 154
154 155 153
154 155 153
155 154 154
154 154 154
154 153 155
149 152 155
139 152 155
128 148 155
225 244 9
169 190 212
198 220 245
188 213 239
175 200 226
209 233 5
190 214 242
160 185 211
176 200 224
221 244 10
252 17 38
38 58 76
65 83 100
133 147 155
136 141 142
153 155 154
155 155 154
152 155 153
153 155 155
152 154 154
152 154 154
153 155 155
155 154 155
155 154 155
155 154 155
155 154 155
155 155 155
155 155 155
155 154 155
155 155 155
155 155 155
155 155 155
155 155 155
155 155 155
155 155 155
155 155 155
155 155 155
155 155 155
155 155 155
155 155 155
155 155 155
155 155 155
155 155 155
155 155 155
155 155 155
155 155 155
155 155 155
155 155 155
155 155 155
155 155 155
155 155 155
155 155 155
155 155 155
155 155 155
155 155 155
155 155 155
155 155 155
155 155 155
155 155 155
155 155 155
155 155 155
155 155 155
149 149 149
149 149 149
150 150 150
152 152 152
154 154 154
155 155 155
155 155 155
155 155 155
153 153 153
153 153 153
153 153 153
153 153 153
153 153 153
153 153 153
153 153 153
153 153 153
154 154 154
154 154 154
154 154 154
154 154 154
154 154 154
154 154 154
154 154 154
154 154 154
154 154 154
154 154 154
153 153 153
153 153 153
153 153 153
154 154 154
154 154 154
154 154 154
155 155 155
155 155 155
154 154 154
154 154 154
154 154 154
154 154 154
154 154 154
154 154 154
154 154 154
154 154 154
154 154 154
154 154 154
154 154 154
154 154 154
154 154 154
154 154 154
154 154 154
154 154 154
154 154 154
154 154 154
154 154 154
154 154 154
154 154 154
154 154 154
154 154 154
154 154 154
154 154 154
154 154 154
154 154 154
154 154 154
154 154 154
154 154 154
154 154 154
154 154 154
155 155 155
155 155 155
155 155 155
155 155 155
155 155 155
155 155 155
155 155 155
155 155 155
155 155 155
155 155 155
155 155 155
155 155 155
155 155 155
155 155 155
155 155 155
155 155 155
155 154 155
155 154 155
155 154 155
155 155 155
155 155 155
155 155 154
153 155 154
153 155 154
149 154 152
150 155 153
151 155 155
151 154 155
149 153 155
148 151 155
150 152 155
150 152 155
138 142 153
97 103 116
66 73 88
71 81 98
15 29 47
236 253 16
240 6 24
12 33 54
10 31 52
198 219 240
178 197 218
225 242 5
14 28 46
35 45 63
51 59 76
62 72 89
28 42 60
20 36 53
13 29 46
7 23 40
4 18 36
251 9 27
241 253 15
232 244 6
216 228 246
200 212 230
197 207 225
203 213 231
194 204 222
174 181 200
170 177 196
182 190 207
180 188 205
185 197 215
192 206 228
189 209 234
181 205 235
173 201 235
169 203 239
170 206 246
174 212 254
182 222 8
176 218 4
169 212 251
171 213 250
167 209 244
170 211 244
183 224 1
181 221 0
179 219 254
180 218 252
180 218 248
183 217 246
182 215 241
178 209 234
175 206 229
181 210 231
197 224 244
234 5 25
253 26 47
56 85 106
72 103 126
69 99 124
60 92 121
25 60 100
220 0 46
182 221 10
195 237 28
191 235 26
185 234 24
175 227 18
176 230 21
182 238 29
179 236 25
192 247 34
184 238 23
185 237 21
201 253 34
212 6 42
236 26 60
232 17 49
7 44 72
14 48 72
69 98 119
113 136 152
128 146 155
143 155 155
146 153 155
152 154 154
154 155 153
155 154 153
155 154 153
155 153 154
155 154 154
155 153 155
150 153 155
136 145 155
139 152 155
138 151 155
32 48 64
166 183 202
175 194 215
171 192 214
179 202 224
211 233 2
178 202 226
167 190 212
190 213 235
212 233 255
8 27 48
9 28 49
45 61 74
114 121 124
147 152 151
153 155 155
151 153 153
153 155 155
152 154 154
152 152 152
155 155 155
155 155 155
155 155 155
155 155 155
155 155 155
155 155 155
155 155 155
155 154 155
155 154 155
155 155 155
155 155 155
155 155 155
155 155 155
155 155 155
155 155 155
155 155 155
155 155 155
155 155 155
155 155 155
155 155 155
155 155 155
155 155 155
155 155 155
155 155 155
155 155 155
155 155 155
155 155 155
155 155 155
155 155 155
155 155 155
155 155 155
155 155 155
155 155 155
155 155 155
155 155 155
155 155 155
155 155 155
155 155 155
155 155 155
155 155 155
155 155 155
149 149 149
149 149 149
150 150 150
152 152 152
154 154 154
155 155 155
155 155 155
155 155 155
152 152 152
152 152 152
152 152 152
152 152 152
152 152 152
152 152 152
152 152 152
152 152 152
154 154 154
154 154 154
153 153 153
153 153 153
153 153 153
153 153 153
153 153 153
153 153 153
153 153 153
153 153 153
152 152 152
152 152 152
153 153 153
153 153 153
154 154 154
154 154 154
154 154 154
154 154 154
153 153 153
153 153 153
153 153 153
153 153 153
153 153 153
153 153 153
153 153 153
153 153 153
153 153 153
153 153 153
153 153 153
153 153 153
153 153 153
153 153 153
153 153 153
153 153 153
153 153 153
153 153 153
153 153 153
153 153 153
153 153 153
153 153 153
153 153 153
153 153 153
153 153 153
153 153 153
153 153 153
153 153 153
153 153 153
153 153 153
153 153 153
153 153 153
155 155 155
155 155 155
155 155 155
155 155 155
155 155 155
155 155 155
155 155 155
155 155 155
155 155 155
155 155 155
155 155 155
155 155 155
155 155 155
155 155 155
155 155 155
155 155 155
155 154 155
155 154 155
155 154 155
155 155 155
155 155 155
155 155 154
153 155 154
153 155 154
151 155 154
150 155 153
151 155 155
151 154 155
141 145 150
150 153 155
150 152 155
141 145 155
95 101 114
60 69 83
40 50 67
38 52 70
251 10 29
231 250 15
202 223 244
229 250 15
0 21 42
250 13 34
6 23 42
18 34 51
7 17 34
248 1 15
243 250 9
239 248 6
241 254 14
248 8 25
3 19 36
5 21 38
253 11 29
240 254 16
231 243 5
226 238 0
220 232 250
206 218 236
202 212 230
201 211 229
185 195 213
160 170 188
156 164 182
164 174 192
185 195 213
190 202 220
196 210 232
195 215 240
189 213 243
181 208 242
173 205 241
167 204 242
169 208 247
177 217 3
177 218 1
174 217 0
181 223 4
177 219 254
174 214 249
179 221 0
171 213 250
177 219 0
186 226 5
193 231 9
195 231 5
193 227 0
191 224 250
191 222 247
181 212 235
176 207 230
216 247 14
252 27 50
40 71 94
60 91 114
49 80 105
38 68 97
32 58 98
239 10 54
187 218 7
194 231 19
189 231 20
188 237 27
174 229 18
189 246 35
193 252 41
185 245 31
194 250 35
179 234 17
193 242 24
223 15 49
221 10 44
230 14 43
5 36 61
42 69 90
113 137 155
131 152 155
137 153 155
143 154 155
137 144 147
142 146 147
153 154 152
155 153 152
155 153 152
155 153 152
155 152 153
155 152 153
155 152 154
153 152 155
148 154 155
124 133 142
126 135 144
143 153 155
111 124 138
15 30 46
184 200 217
170 187 206
201 220 241
184 205 226
184 205 227
191 212 234
240 5 27
31 52 74
42 63 85
42 58 75
86 94 101
136 141 142
150 155 155
149 153 154
151 155 155
152 154 154
149 149 149
155 155 155
155 155 155
155 155 155
155 155 155
155 155 155
155 155 155
155 155 155
155 154 155
155 154 155
155 155 155
155 155 155
155 155 155
155 155 155
155 155 155
155 155 155
155 155 155
155 155 155
155 155 155
155 155 155
155 155 155
155 155 155
155 155 155
155 155 155
155 155 155
155 155 155
155 155 155
155 155 155
155 155 155
155 155 155
155 155 155
155 155 155
155 155 155
155 155 155
155 155 155
155 155 155
155 155 155
155 155 155
155 155 155
155 155 155
155 155 155
155 155 155
151 151 151
151 151 151
152 152 152
153 153 153
153 153 153
154 154 154
154 154 154
155 155 155
152 152 152
152 152 152
152 152 152
152 152 152
152 152 152
152 152 152
152 152 152
152 152 152
155 155 155
155 155 155
152 152 152
152 152 152
152 152 152
152 152 152
152 152 152
152 152 152
152 152 152
152 152 152
152 152 152
152 152 152
152 152 152
153 153 153
153 153 153
154 154 154
154 154 154
154 154 154
153 153 153
153 153 153
153 153 153
153 153 153
153 153 153
153 153 153
153 153 153
153 153 153
153 153 153
153 153 153
153 153 153
153 153 153
153 153 153
153 153 153
153 153 153
153 153 153
152 152 152
152 152 152
152 152 152
152 152 152
152 152 152
152 152 152
152 152 152
152 152 152
153 153 153
153 153 153
153 153 153
153 153 153
153 153 153
153 153 153
153 153 153
153 153 153
155 155 155
155 155 155
155 155 155
155 155 155
155 155 155
155 155 155
155 155 155
155 155 155
155 155 155
155 155 155
155 155 155
155 155 155
155 155 155
155 155 155
155 155 155
155 155 155
155 154 155
155 154 155
155 154 155
155 155 155
155 155 155
155 155 154
153 155 154
153 155 154
151 155 154
148 153 151
151 155 155
151 154 155
138 142 147
150 153 155
147 149 155
92 96 107
52 60 77
33 45 63
19 33 52
251 9 31
236 253 18
224 242 9
196 217 239
196 217 239
237 0 21
1 18 37
16 32 49
8 23 39
8 17 31
22 30 43
16 22 33
236 244 1
207 220 234
216 231 247
230 245 5
236 251 11
233 248 8
225 240 0
220 234 252
218 232 250
206 220 238
208 222 240
206 217 237
191 202 222
175 186 206
165 176 196
160 171 191
159 170 190
184 195 215
186 200 219
190 207 228
194 214 239
193 217 245
186 214 245
172 204 239
161 197 235
167 203 243
173 214 253
176 217 0
182 223 6
193 235 16
189 231 10
177 219 254
177 219 254
170 213 252
182 225 8
197 239 20
203 243 22
199 237 15
191 229 5
189 225 255
191 225 254
189 222 248
185 218 244
194 225 250
253 28 53
20 51 76
254 29 54
255 30 53
35 62 89
31 50 87
14 32 73
220 244 30
191 223 10
190 229 17
189 236 24
187 240 27
206 8 50
196 0 42
179 239 25
203 4 43
212 8 45
224 14 48
233 18 50
219 1 33
244 18 45
76 100 118
129 145 155
137 153 155
139 151 155
135 143 150
141 146 149
153 155 155
153 154 152
155 153 152
155 153 150
155 153 150
155 153 152
155 152 153
155 152 153
155 152 154
155 152 154
140 142 143
151 155 155
150 155 155
148 154 155
144 153 155
143 153 155
116 129 143
11 26 42
176 192 209
172 189 208
177 196 217
217 238 4
1 22 44
24 46 71
52 74 99
70 90 108
59 69 79
124 130 135
148 155 155
148 153 155
151 155 155
153 155 155
147 147 147
155 155 155
155 155 154
155 155 154
155 155 155
155 155 155
155 154 155
155 154 155
155 154 155
155 154 155
155 155 155
155 155 155
155 155 155
155 155 155
155 155 155
155 155 155
155 155 155
155 155 155
155 155 155
155 155 155
155 155 155
155 155 155
155 155 155
155 155 155
155 155 155
155 155 155
155 155 155
155 155 155
155 155 155
155 155 155
155 155 155
155 155 155
155 155 155
155 155 155
155 155 155
155 155 155
155 155 155
155 155 155
155 155 155
155 155 155
155 155 155
155 155 155
155 155 155
154 154 154
154 154 154
153 153 153
153 153 153
152 152 152
151 151 151
151 151 151
151 151 151
151 151 151
151 151 151
151 151 151
151 151 151
151 151 151
151 151 151
151 151 151
155 155 155
155 155 155
152 152 152
152 152 152
152 152 152
152 152 152
152 152 152
152 152 152
152 152 152
152 152 152
152 152 152
152 152 152
152 152 152
153 153 153
153 153 153
153 153 153
154 154 154
154 154 154
153 153 153
153 153 153
153 153 153
153 153 153
153 153 153
153 153 153
153 153 153
153 153 153
153 153 153
153 153 153
153 153 153
153 153 153
153 153 153
153 153 153
153 153 153
153 153 153
152 152 152
152 152 152
152 152 152
152 152 152
152 152 152
152 152 152
152 152 152
152 152 152
153 153 153
153 153 153
153 153 153
153 153 153
153 153 153
153 153 153
153 153 153
153 153 153
155 155 155
155 155 155
155 155 155
155 155 155
155 155 155
155 155 155
155 155 155
155 155 155
155 155 155
155 155 155
155 155 155
155 155 155
155 155 155
155 155 155
155 155 155
155 155 155
155 154 155
155 154 155
155 154 155
155 155 155
155 155 155
155 155 154
153 155 154
153 155 154
151 155 154
146 151 149
151 155 155
151 154 155
138 142 147
150 153 155
136 138 148
49 55 68
14 26 44
27 42 61
243 1 23
252 13 34
216 234 1
237 255 22
188 206 229
182 200 223
220 237 2
226 241 4
241 255 17
243 0 14
234 243 0
243 252 6
15 20 29
23 32 42
5 16 30
245 4 20
228 243 3
215 230 246
208 223 239
204 219 235
198 212 230
193 207 225
186 200 218
206 220 238
206 220 239
181 195 214
171 182 202
177 191 210
179 190 210
164 178 197
177 191 210
178 192 214
182 198 221
188 208 233
191 215 243
184 212 243
169 199 234
156 187 223
164 201 239
172 211 250
174 215 254
185 226 9
202 244 25
198 240 21
181 223 4
174 218 255
164 209 247
181 225 10
200 243 26
206 248 29
199 239 18
192 230 8
190 228 4
195 231 5
190 226 0
194 228 1
193 226 252
2 33 58
227 2 27
193 224 247
235 10 33
17 42 68
52 65 97
59 71 107
13 32 69
198 224 8
193 229 13
180 226 11
187 239 24
203 3 44
212 15 55
181 238 21
207 4 41
218 10 44
204 245 21
198 235 7
240 13 40
89 112 134
137 153 155
139 148 155
140 148 155
144 150 155
148 151 155
150 149 151
149 147 146
155 155 154
155 153 150
155 153 150
155 153 150
155 153 150
155 152 153
155 152 153
155 152 154
155 152 153
155 155 154
137 138 136
153 155 155
135 139 140
143 148 151
134 142 149
132 141 150
141 153 155
114 127 141
10 26 43
158 175 194
224 243 8
5 28 50
36 60 84
42 66 90
67 88 109
40 54 66
113 123 130
146 154 155
146 152 155
150 155 155
151 155 155
145 145 145
155 155 154
155 155 154
155 155 154
155 155 155
155 155 155
155 154 155
155 154 155
155 154 155
155 154 155
155 155 155
155 155 155
155 155 155
155 155 155
155 155 155
155 155 155
155 155 155
155 155 155
155 155 155
155 155 155
155 155 155
155 155 155
155 155 155
155 155 155
155 155 155
155 155 155
155 155 155
155 155 155
155 155 155
155 155 155
155 155 155
155 155 155
155 155 155
155 155 155
155 155 155
155 155 155
155 155 155
155 155 155
155 155 155
155 155 155
155 155 155
155 155 155
155 155 155
155 155 155
155 155 155
154 154 154
152 152 152
150 150 150
149 149 149
149 149 149
150 150 150
150 150 150
150 150 150
150 150 150
150 150 150
150 150 150
150 150 150
150 150 150
155 155 155
155 155 155
153 153 153
153 153 153
152 152 152
152 152 152
152 152 152
151 151 151
151 151 151
151 151 151
153 153 153
153 153 153
152 152 152
152 152 152
152 152 152
151 151 151
151 151 151
151 151 151
155 155 155
155 155 155
154 154 154
153 153 153
151 151 151
149 149 149
148 148 148
147 147 147
152 152 152
152 152 152
152 152 152
152 152 152
152 152 152
152 152 152
152 152 152
152 152 152
152 152 152
152 152 152
152 152 152
152 152 152
152 152 152
152 152 152
152 152 152
152 152 152
152 152 152
152 152 152
152 152 152
153 153 153
153 153 153
153 153 153
154 154 154
154 154 154
155 155 155
155 155 155
155 155 155
155 155 155
155 155 155
155 155 155
155 155 155
155 155 155
155 155 155
155 155 155
155 155 155
155 155 155
155 155 155
155 155 155
155 155 155
155 155 155
155 154 155
155 154 155
155 154 155
155 155 155
155 155 155
155 155 154
153 155 154
153 155 154
150 155 153
151 155 154
149 153 154
143 146 150
145 149 154
145 148 155
116 118 128
9 15 28
243 1 19
243 4 25
220 236 3
220 238 5
234 252 19
252 14 37
2 20 43
215 231 254
161 178 199
214 229 248
3 15 33
246 1 15
245 255 9
236 245 254
242 248 255
228 237 246
207 219 231
232 248 5
229 245 2
225 241 254
206 221 237
178 193 209
184 198 216
190 204 222
192 206 224
192 206 224
213 227 246
210 225 244
163 176 198
199 213 235
172 185 207
160 174 196
171 185 207
180 194 216
187 203 226
189 209 234
195 217 245
196 222 252
185 213 247
168 200 235
156 192 228
167 206 244
170 212 249
168 210 247
180 223 6
202 246 27
200 244 25
180 224 5
175 220 2
195 239 24
205 248 31
190 232 13
170 212 249
174 214 249
195 235 14
217 255 33
219 255 29
211 245 18
203 236 6
245 20 45
244 19 44
185 216 239
189 218 239
232 255 21
33 44 72
40 48 78
58 73 106
20 42 77
203 237 17
195 237 18
213 6 44
221 17 57
202 1 38
218 16 51
228 20 54
215 0 32
212 247 17
221 252 19
110 133 155
135 151 155
141 150 155
147 152 155
148 151 155
150 152 153
152 152 152
154 152 151
155 152 151
155 152 149
155 152 149
155 152 149
155 152 149
155 152 149
155 151 152
155 151 152
155 151 152
155 152 151
155 153 149
155 153 148
154 153 149
152 153 151
150 152 152
147 152 153
145 151 155
141 150 155
141 153 155
134 149 155
77 93 110
244 7 28
29 52 74
30 54 78
56 79 105
55 78 100
68 83 99
103 113 123
139 148 155
146 154 155
146 151 154
149 153 154
155 155 155
152 150 149
155 155 154
155 155 152
155 155 154
155 154 155
155 154 155
155 154 155
155 154 155
153 155 155
155 155 155
155 155 155
155 155 155
155 155 155
155 155 155
155 155 155
155 155 155
155 155 155
155 155 155
155 155 155
155 155 155
155 155 155
155 155 155
155 155 155
155 155 155
155 155 155
155 155 155
155 155 155
155 155 155
155 155 155
155 155 155
155 155 155
155 155 155
155 155 155
155 155 155
155 155 155
155 155 155
154 154 154
154 154 154
153 153 153
152 152 152
152 152 152
155 155 155
155 155 155
154 154 154
153 153 153
152 152 152
152 152 152
151 151 151
151 151 151
155 155 155
150 150 150
146 146 146
148 148 148
153 153 153
155 155 155
151 151 151
145 145 145
155 155 155
155 155 155
153 153 153
153 153 153
152 152 152
152 152 152
152 152 152
151 151 151
151 151 151
151 151 151
153 153 153
153 153 153
152 152 152
152 152 152
152 152 152
151 151 151
151 151 151
151 151 151
154 154 154
153 153 153
153 153 153
152 152 152
151 151 151
151 151 151
150 150 150
150 150 150
152 152 152
152 152 152
152 152 152
152 152 152
152 152 152
152 152 152
152 152 152
152 152 152
152 152 152
152 152 152
152 152 152
152 152 152
152 152 152
152 152 152
152 152 152
152 152 152
152 152 152
152 152 152
152 152 152
153 153 153
153 153 153
153 153 153
154 154 154
154 154 154
155 155 155
155 155 155
155 155 155
155 155 155
155 155 155
155 155 155
155 155 155
155 155 155
155 155 155
155 155 155
155 155 155
155 155 155
155 155 155
155 155 155
155 155 155
155 155 155
155 154 155
155 154 155
155 154 155
155 155 155
155 155 155
155 155 154
153 155 154
153 155 154
150 155 153
151 155 154
148 152 153
146 149 153
146 150 155
147 150 155
92 94 104
4 12 25
11 25 43
240 3 24
226 244 11
236 254 21
13 31 54
24 42 65
243 3 26
204 220 243
186 200 222
193 207 226
221 233 251
244 255 13
236 246 0
234 243 252
224 232 239
197 207 214
216 228 238
223 239 252
212 228 241
217 233 246
229 244 4
227 242 2
217 231 249
186 200 218
189 203 221
176 192 209
213 228 247
208 223 242
171 185 207
156 161 183
158 172 194
170 184 206
175 189 211
181 197 220
185 202 228
187 207 232
190 212 240
189 215 245
177 206 237
159 192 225
164 201 235
174 212 247
173 212 250
165 207 244
172 215 254
188 231 14
183 226 9
164 209 247
161 206 244
178 222 7
186 229 12
178 221 4
179 221 2
191 233 14
203 242 24
204 245 22
210 248 24
202 238 12
201 234 4
216 247 16
236 11 34
224 253 18
196 223 243
199 221 239
1 9 32
29 34 59
59 71 99
58 79 107
11 40 71
226 7 41
215 4 38
210 2 38
214 6 40
224 15 47
229 15 44
225 4 30
237 9 33
116 138 155
136 152 155
141 153 155
147 152 155
152 152 152
152 152 152
154 152 152
155 152 151
155 152 151
155 152 149
155 152 149
155 152 149
155 152 149
155 152 149
155 152 149
155 152 151
155 151 152
155 151 152
155 152 151
155 153 148
155 154 146
155 153 148
154 154 148
152 153 149
150 152 152
147 152 155
143 152 155
127 136 146
134 147 155
118 134 151
233 252 17
8 31 53
16 39 65
29 53 81
39 61 86
60 78 95
92 106 118
143 153 155
144 153 155
147 153 155
149 153 154
155 155 155
153 151 150
155 155 152
155 155 152
155 155 154
155 155 154
155 155 155
155 154 155
153 154 155
153 154 155
155 154 155
155 155 155
155 155 155
155 155 155
155 155 155
155 155 155
155 155 155
155 155 155
155 155 155
155 155 155
155 155 155
155 155 155
155 155 155
155 155 155
155 155 155
155 155 155
155 155 155
155 155 155
155 155 155
155 155 155
155 155 155
155 155 155
155 155 155
155 155 155
155 155 155
155 155 155
155 155 155
154 154 154
154 154 154
153 153 153
152 152 152
152 152 152
155 155 155
155 155 155
154 154 154
153 153 153
153 153 153
152 152 152
151 151 151
151 151 151
155 155 155
151 151 151
147 147 147
148 148 148
153 153 153
155 155 155
151 151 151
146 146 146
153 153 153
153 153 153
153 153 153
153 153 153
152 152 152
152 152 152
152 152 152
151 151 151
151 151 151
151 151 151
153 153 153
153 153 153
152 152 152
152 152 152
152 152 152
151 151 151
151 151 151
151 151 151
150 150 150
150 150 150
151 151 151
151 151 151
152 152 152
153 153 153
153 153 153
154 154 154
152 152 152
152 152 152
152 152 152
152 152 152
152 152 152
152 152 152
152 152 152
152 152 152
152 152 152
152 152 152
152 152 152
152 152 152
152 152 152
152 152 152
152 152 152
152 152 152
152 152 152
152 152 152
152 152 152
153 153 153
153 153 153
153 153 153
154 154 154
154 154 154
155 155 155
155 155 155
155 155 155
155 155 155
155 155 155
155 155 155
155 155 155
155 155 155
155 155 155
155 155 155
155 155 155
155 155 155
155 155 155
155 155 155
155 155 155
155 155 155
155 154 155
155 154 155
155 154 155
155 155 155
155 155 155
155 155 154
153 155 154
153 155 154
150 155 153
151 155 154
146 150 151
151 154 155
148 152 155
150 153 155
54 56 66
1 9 22
233 247 9
243 7 25
255 18 39
12 31 52
252 12 35
220 236 3
229 243 10
250 8 31
220 233 255
186 200 219
194 206 224
238 249 7
221 230 243
223 234 242
208 218 225
182 194 200
197 209 219
212 226 238
219 233 245
224 238 250
218 234 247
215 231 244
213 229 245
193 209 226
165 181 198
192 207 226
227 241 7
206 223 244
168 184 207
166 182 205
169 185 208
156 168 191
169 185 208
176 192 215
179 196 222
181 201 226
184 206 234
187 211 241
175 203 234
159 190 223
171 206 240
178 214 250
176 215 253
168 210 247
171 214 253
183 226 9
179 224 6
165 210 248
170 215 253
188 231 14
193 236 19
183 226 9
186 229 12
201 245 26
204 246 27
192 232 11
182 219 253
187 223 253
214 247 17
223 254 21
252 25 46
5 31 48
202 227 243
176 195 210
210 218 235
248 255 16
3 14 34
33 51 74
50 75 101
26 56 85
251 33 65
220 2 36
217 0 32
210 248 22
204 237 7
5 32 53
109 129 146
137 153 155
136 146 155
125 131 136
150 152 153
154 152 151
154 152 151
155 152 151
155 152 151
155 152 151
155 153 149
155 153 149
155 153 149
155 153 149
155 152 149
155 153 149
155 152 151
155 152 151
155 152 151
155 152 151
155 153 148
155 153 148
155 153 148
155 153 148
154 153 149
152 153 151
148 152 153
145 152 155
142 149 155
135 147 155
73 88 104
16 33 52
46 69 91
57 80 106
7 31 59
3 26 52
50 70 88
78 93 109
141 153 155
144 153 155
148 154 155
148 152 153
154 154 154
154 152 151
155 155 152
155 155 151
155 155 152
155 155 154
155 155 155
155 154 155
153 154 155
153 154 155
155 154 155
155 155 155
155 155 155
155 155 155
155 155 155
155 155 155
155 155 155
155 155 155
155 155 155
155 155 155
155 155 155
155 155 155
155 155 155
155 155 155
155 155 155
155 155 155
155 155 155
155 155 155
155 155 155
155 155 155
155 155 155
155 155 155
155 155 155
155 155 155
155 155 155
155 155 155
155 155 155
154 154 154
154 154 154
153 153 153
152 152 152
152 152 152
155 155 155
155 155 155
154 154 154
154 154 154
153 153 153
152 152 152
152 152 152
151 151 151
155 155 155
151 151 151
149 149 149
150 150 150
153 153 153
154 154 154
151 151 151
147 147 147
151 151 151
151 151 151
153 153 153
153 153 153
152 152 152
152 152 152
152 152 152
151 151 151
151 151 151
151 151 151
153 153 153
153 153 153
152 152 152
152 152 152
152 152 152
151 151 151
151 151 151
151 151 151
147 147 147
148 148 148
149 149 149
151 151 151
153 153 153
154 154 154
155 155 155
155 155 155
152 152 152
152 152 152
152 152 152
152 152 152
152 152 152
152 152 152
152 152 152
152 152 152
152 152 152
152 152 152
152 152 152
152 152 152
152 152 152
152 152 152
152 152 152
152 152 152
152 152 152
152 152 152
152 152 152
153 153 153
153 153 153
153 153 153
154 154 154
154 154 154
155 155 155
155 155 155
155 155 155
155 155 155
155 155 155
155 155 155
155 155 155
155 155 155
155 155 155
155 155 155
155 155 155
155 155 155
155 155 155
155 155 155
155 155 155
155 155 155
155 154 155
155 154 155
155 154 155
155 155 155
155 155 155
155 155 154
153 155 154
153 155 154
150 155 153
149 154 152
146 150 151
151 154 155
150 154 155
150 153 155
18 20 30
254 4 15
230 245 5
241 5 23
235 255 17
0 17 38
219 236 1
193 207 230
1 15 38
18 30 54
240 253 19
209 220 240
200 212 230
224 234 251
212 224 236
206 218 228
197 210 218
192 205 213
206 221 230
199 214 223
197 211 223
202 216 228
202 218 231
205 221 234
205 221 237
195 211 227
192 207 226
185 202 221
224 241 6
196 213 234
179 195 218
166 184 207
168 185 211
170 187 213
161 177 200
166 184 207
170 190 215
173 194 221
183 204 231
187 211 239
178 206 236
164 195 226
169 202 235
174 211 245
177 215 250
173 215 252
179 222 5
191 236 18
192 238 23
186 232 17
175 218 1
196 239 22
201 244 27
186 229 12
184 227 10
201 245 26
208 250 31
198 238 17
209 246 24
209 245 19
223 0 26
221 252 19
224 251 15
226 251 11
208 231 246
215 233 244
202 212 222
17 26 36
8 19 33
6 22 39
20 41 63
16 41 67
33 61 91
30 59 90
17 47 76
208 237 8
110 134 155
125 145 155
139 153 155
125 134 143
145 151 155
153 155 155
154 152 152
155 152 151
155 152 151
154 152 151
155 152 151
154 152 151
154 152 151
154 153 149
154 152 151
154 153 149
155 153 149
155 153 149
155 152 151
155 152 151
155 152 151
155 153 149
154 153 149
154 154 148
154 153 149
154 153 149
154 153 149
152 153 151
150 152 152
147 152 155
129 137 144
143 153 155
53 66 82
61 78 97
57 78 100
31 54 80
244 15 42
255 24 50
36 57 78
61 79 96
139 152 155
143 153 155
146 154 155
148 152 153
150 150 150
155 154 150
155 155 151
155 155 151
155 155 152
155 155 154
155 155 155
155 154 155
153 153 155
153 154 155
155 154 155
155 155 155
155 155 155
155 155 155
155 155 155
155 155 155
155 155 155
155 155 155
155 155 155
155 155 155
155 155 155
155 155 155
155 155 155
155 155 155
155 155 155
155 155 155
155 155 155
155 155 155
155 155 155
155 155 155
155 155 155
155 155 155
155 155 155
155 155 155
155 155 155
155 155 155
155 155 155
154 154 154
154 154 154
153 153 153
152 152 152
152 152 152
155 155 155
155 155 155
155 155 155
154 154 154
153 153 153
153 153 153
152 152 152
152 152 152
153 153 153
152 152 152
151 151 151
151 151 151
152 152 152
152 152 152
151 151 151
150 150 150
150 150 150
150 150 150
153 153 153
153 153 153
152 152 152
152 152 152
152 152 152
151 151 151
151 151 151
151 151 151
153 153 153
153 153 153
152 152 152
152 152 152
152 152 152
151 151 151
151 151 151
151 151 151
147 147 147
148 148 148
149 149 149
151 151 151
153 153 153
154 154 154
155 155 155
155 155 155
152 152 152
152 152 152
152 152 152
152 152 152
152 152 152
152 152 152
152 152 152
152 152 152
152 152 152
152 152 152
152 152 152
152 152 152
152 152 152
152 152 152
152 152 152
152 152 152
152 152 152
152 152 152
152 152 152
153 153 153
153 153 153
153 153 153
154 154 154
154 154 154
155 155 155
155 155 155
155 155 155
155 155 155
155 155 155
155 155 155
155 155 155
155 155 155
155 155 155
155 155 155
155 155 155
155 155 155
155 155 155
155 155 155
155 155 155
155 155 155
155 154 155
155 154 155
155 154 155
155 155 155
155 155 155
155 155 154
153 155 154
153 155 154
150 155 153
150 155 153
146 150 151
151 154 155
150 154 155
150 153 155
254 0 10
249 255 10
249 9 22
237 255 16
234 252 13
215 230 249
190 204 226
235 248 14
29 41 65
7 17 41
238 249 15
228 239 3
212 224 242
201 214 230
218 231 245
200 214 226
187 201 213
190 205 214
205 220 229
205 220 229
202 217 226
191 205 217
190 206 219
202 218 231
205 221 237
205 221 237
172 189 208
189 206 225
7 24 45
189 208 229
201 219 242
202 222 247
189 209 234
157 177 202
165 182 208
171 188 214
173 192 219
173 194 221
181 202 229
185 209 237
179 205 235
165 194 225
166 197 230
169 204 238
173 211 246
174 216 253
180 223 6
192 237 19
198 244 29
200 246 31
195 238 21
207 249 30
203 245 26
185 227 8
182 224 5
197 239 20
205 244 26
197 238 15
203 241 17
224 2 31
233 8 33
236 9 30
210 236 253
182 205 220
196 216 227
206 224 231
178 190 194
232 243 247
201 214 222
182 198 210
191 209 226
199 218 239
239 5 30
4 25 52
48 67 94
43 60 86
136 151 155
141 152 155
127 134 143
150 155 155
141 143 143
146 144 143
154 152 151
154 152 152
154 152 152
152 152 152
154 152 152
152 152 152
152 152 152
152 153 151
152 152 152
152 153 151
154 152 151
154 152 151
154 153 149
154 153 149
155 153 149
154 153 149
152 153 149
152 153 149
152 153 151
152 153 151
152 153 151
152 153 151
150 152 152
147 152 153
143 149 154
136 147 155
49 62 76
32 50 67
24 45 67
9 32 58
204 231 2
213 237 9
20 43 65
46 66 84
124 139 155
141 153 155
146 154 155
148 153 155
151 152 150
155 155 151
155 155 151
155 155 151
155 155 152
155 155 154
155 155 155
155 154 155
153 153 155
153 153 155
155 154 155
155 155 155
155 155 155
155 155 155
155 155 155
155 155 155
155 155 155
155 155 155
155 155 155
155 155 155
155 155 155
155 155 155
155 155 155
155 155 155
155 155 155
155 155 155
155 155 155
155 155 155
155 155 155
155 155 155
155 155 155
155 155 155
155 155 155
155 155 155
155 155 155
155 155 155
155 155 155
154 154 154
154 154 154
153 153 153
152 152 152
152 152 152
155 155 155
155 155 155
155 155 155
155 155 155
154 154 154
153 153 153
152 152 152
152 152 152
152 152 152
153 153 153
154 154 154
153 153 153
151 151 151
150 150 150
151 151 151
152 152 152
150 150 150
150 150 150
153 153 153
153 153 153
152 152 152
152 152 152
152 152 152
151 151 151
151 151 151
151 151 151
153 153 153
153 153 153
152 152 152
152 152 152
152 152 152
151 151 151
151 151 151
151 151 151
150 150 150
150 150 150
151 151 151
151 151 151
152 152 152
153 153 153
153 153 153
154 154 154
152 152 152
152 152 152
152 152 152
152 152 152
152 152 152
152 152 152
152 152 152
152 152 152
152 152 152
152 152 152
152 152 152
152 152 152
152 152 152
152 152 152
152 152 152
152 152 152
152 152 152
152 152 152
152 152 152
153 153 153
153 153 153
153 153 153
154 154 154
154 154 154
155 155 155
155 155 155
155 155 155
155 155 155
155 155 155
155 155 155
155 155 155
155 155 155
155 155 155
155 155 155
155 155 155
155 155 155
155 155 155
155 155 155
155 155 155
155 155 155
155 154 155
155 154 155
155 154 155
155 155 155
155 155 155
155 155 154
153 155 154
153 155 154
149 154 152
151 155 154
149 153 154
151 154 155
150 154 155
150 153 155
251 253 7
244 250 5
234 250 7
221 240 255
252 12 28
180 196 213
174 188 207
15 28 50
9 19 43
237 247 15
228 239 5
230 241 7
206 217 237
183 195 213
222 235 251
205 221 234
180 196 209
172 188 200
175 190 199
211 226 235
226 241 250
202 217 226
193 209 221
196 212 225
187 203 219
195 211 227
168 185 204
53 70 89
132 151 155
39 57 80
176 196 221
197 217 242
180 200 225
180 200 225
184 201 227
187 204 230
184 203 230
179 200 227
181 202 229
182 207 233
173 200 227
158 188 217
166 197 228
167 202 235
171 209 243
171 213 250
174 217 0
179 225 10
189 234 21
197 243 28
212 0 37
207 249 30
196 238 19
190 232 13
197 239 20
209 251 32
214 254 33
210 248 26
196 234 10
210 244 17
194 225 250
184 211 231
157 182 198
156 178 190
208 227 235
221 240 245
186 202 201
188 202 200
159 174 177
167 183 190
179 195 208
173 189 206
195 209 231
210 224 247
209 221 245
18 26 49
83 90 107
148 152 155
144 147 152
152 152 152
155 155 150
155 155 151
154 152 151
152 152 152
152 152 152
150 152 152
150 152 152
150 152 152
150 152 152
150 152 152
150 152 152
152 152 152
152 153 151
152 153 151
154 153 149
154 154 148
155 153 148
154 154 148
150 153 151
150 152 152
150 152 152
152 153 151
152 153 151
150 153 151
148 153 152
147 152 153
140 146 151
103 112 121
81 94 108
64 80 97
251 16 38
19 42 68
156 159 186
200 227 254
6 28 53
37 56 77
92 108 125
139 152 155
144 153 155
149 154 155
155 155 154
155 155 151
155 155 151
155 155 149
155 155 152
155 155 154
155 155 155
153 154 155
153 153 155
151 154 155
155 154 155
155 155 155
155 155 155
155 155 155
155 155 155
155 155 155
155 155 155
155 155 155
155 155 155
155 155 155
155 155 155
155 155 155
155 155 155
155 155 155
155 155 155
155 155 155
155 155 155
155 155 155
155 155 155
155 155 155
155 155 155
155 155 155
155 155 155
155 155 155
155 155 155
155 155 155
155 155 155
154 154 154
154 154 154
153 153 153
152 152 152
152 152 152
155 155 155
155 155 155
155 155 155
155 155 155
154 154 154
154 154 154
153 153 153
153 153 153
151 151 151
154 154 154
155 155 155
154 154 154
150 150 150
149 149 149
151 151 151
154 154 154
152 152 152
152 152 152
153 153 153
153 153 153
152 152 152
152 152 152
152 152 152
151 151 151
151 151 151
151 151 151
153 153 153
153 153 153
152 152 152
152 152 152
152 152 152
151 151 151
151 151 151
151 151 151
154 154 154
153 153 153
153 153 153
152 152 152
151 151 151
151 151 151
150 150 150
150 150 150
152 152 152
152 152 152
152 152 152
152 152 152
152 152 152
152 152 152
152 152 152
152 152 152
152 152 152
152 152 152
152 152 152
152 152 152
152 152 152
152 152 152
152 152 152
152 152 152
152 152 152
152 152 152
152 152 152
153 153 153
153 153 153
153 153 153
154 154 154
154 154 154
155 155 155
155 155 155
155 155 155
155 155 155
155 155 155
155 155 155
155 155 155
155 155 155
155 155 155
155 155 155
155 155 155
155 155 155
155 155 155
155 155 155
155 155 155
155 155 155
155 154 155
155 154 155
155 154 155
155 155 155
155 155 155
155 155 154
153 155 154
153 155 154
149 154 152
151 155 154
151 155 155
147 150 154
149 153 155
150 153 155
3 5 15
241 247 2
222 236 248
212 229 242
208 223 239
168 182 200
221 232 252
32 43 63
241 252 18
220 231 253
237 248 14
226 237 3
190 204 223
174 188 206
201 216 232
205 222 235
188 205 218
176 194 205
174 191 200
196 212 219
205 220 229
198 213 222
212 228 240
209 225 238
196 212 228
233 249 9
100 117 136
134 151 155
123 142 155
119 137 155
2 22 47
218 238 7
164 185 212
176 197 224
195 214 241
197 216 243
193 212 239
185 206 233
185 206 233
184 209 235
174 201 228
160 188 218
171 202 233
170 205 238
173 211 245
174 216 253
173 216 255
175 221 6
186 231 18
198 244 29
205 247 28
196 236 15
191 231 10
198 238 17
200 242 23
199 241 22
203 243 22
211 249 27
156 193 225
163 197 226
172 203 226
171 197 214
156 176 191
163 183 194
192 210 217
199 216 219
195 215 210
189 206 202
205 221 220
220 235 238
192 207 216
164 177 193
178 187 207
201 207 230
212 216 240
170 174 193
39 40 54
150 149 155
138 135 137
155 155 152
155 155 148
152 149 141
154 152 151
150 152 153
150 152 153
148 152 153
148 152 153
148 152 153
148 152 153
148 152 153
148 153 152
150 152 152
150 153 151
150 153 151
152 153 149
152 154 148
154 154 148
152 154 148
148 153 152
148 152 153
148 152 153
150 152 152
150 152 152
150 152 152
148 152 153
147 152 155
148 154 155
39 48 57
64 77 91
63 79 96
64 85 107
106 129 155
156 178 205
167 194 221
249 17 41
28 49 71
57 74 93
135 148 155
139 148 155
150 155 155
155 155 154
155 155 151
155 155 151
155 155 149
155 155 152
155 155 154
155 155 155
153 154 155
153 153 155
151 154 155
155 154 155
155 155 155
155 155 155
155 155 155
155 155 155
155 155 155
155 155 155
155 155 155
155 155 155
155 155 155
155 155 155
155 155 155
155 155 155
155 155 155
155 155 155
155 155 155
155 155 155
155 155 155
155 155 155
155 155 155
155 155 155
155 155 155
155 155 155
155 155 155
155 155 155
155 155 155
155 155 155
154 154 154
154 154 154
153 153 153
152 152 152
152 152 152
155 155 155
155 155 155
155 155 155
155 155 155
155 155 155
154 154 154
153 153 153
153 153 153
150 150 150
155 155 155
155 155 155
155 155 155
150 150 150
148 148 148
151 151 151
155 155 155
155 155 155
155 155 155
153 153 153
153 153 153
152 152 152
152 152 152
152 152 152
151 151 151
151 151 151
151 151 151
153 153 153
153 153 153
152 152 152
152 152 152
152 152 152
151 151 151
151 151 151
151 151 151
155 155 155
155 155 155
154 154 154
153 153 153
151 151 151
149 149 149
148 148 148
147 147 147
152 152 152
152 152 152
152 152 152
152 152 152
152 152 152
152 152 152
152 152 152
152 152 152
152 152 152
152 152 152
152 152 152
152 152 152
152 152 152
152 152 152
152 152 152
152 152 152
152 152 152
152 152 152
152 152 152
153 153 153
153 153 153
153 153 153
154 154 154
154 154 154
155 155 155
155 155 155
155 155 155
155 155 155
155 155 155
155 155 155
155 155 155
155 155 155
155 155 155
155 155 155
155 155 155
155 155 155
155 155 155
155 155 155
155 155 155
155 155 155
155 154 155
155 154 155
155 154 155
155 155 155
155 155 154
155 155 154
155 155 154
155 155 152
151 154 152
153 155 154
153 155 155
144 148 149
150 153 155
148 152 155
12 15 23
240 247 0
208 223 232
225 242 255
167 183 199
194 210 227
19 34 53
5 19 41
238 252 19
249 7 30
252 10 33
223 237 4
182 196 218
175 190 209
173 189 206
201 217 233
203 219 235
197 216 229
167 188 203
179 200 215
193 212 227
195 214 227
204 221 234
195 211 223
238 254 11
113 126 140
128 141 155
137 150 155
137 152 155
137 151 155
121 136 155
237 251 17
216 233 254
187 205 228
196 215 242
196 217 245
193 214 241
188 209 236
189 211 236
191 215 239
185 209 233
172 198 222
179 206 232
179 209 236
184 216 245
187 222 255
186 223 1
189 226 8
201 240 22
218 255 37
221 2 36
210 247 25
206 243 21
202 239 17
177 214 248
156 182 216
156 175 209
156 189 222
170 202 231
156 183 208
173 200 221
163 187 205
156 166 181
156 173 186
165 183 194
185 203 210
195 215 216
178 198 199
215 232 235
236 252 3
213 227 239
206 216 233
210 217 236
211 216 237
41 45 64
144 147 155
118 118 130
149 149 155
146 146 146
145 144 140
146 147 138
155 155 149
152 153 151
150 152 153
150 152 153
148 152 153
148 152 153
148 152 153
148 152 153
148 152 153
148 153 152
150 152 152
150 153 151
150 153 151
152 153 149
152 153 149
154 154 148
152 153 149
150 152 153
148 151 155
150 152 153
150 152 153
150 152 153
150 152 153
150 152 153
148 151 155
105 111 116
248 2 9
95 105 115
13 26 40
132 148 155
126 145 155
242 9 31
168 191 213
243 9 34
26 47 69
36 53 72
132 145 155
137 144 153
151 154 155
155 155 154
155 155 151
155 155 151
155 155 149
155 155 152
155 155 154
155 155 155
153 154 155
151 154 155
151 154 155
153 155 155
155 155 155
155 155 155
155 155 155
155 155 155
155 155 155
155 155 155
155 155 155
155 155 155
155 155 155
155 155 155
155 155 155
155 155 155
155 155 155
155 155 155
155 155 155
155 155 155
155 155 155
155 155 155
155 155 155
155 155 155
155 155 155
155 155 155
155 155 155
155 155 155
155 155 155
155 155 155
154 154 154
154 154 154
153 153 153
152 152 152
152 152 152
155 155 155
155 155 155
155 155 155
155 155 155
155 155 155
154 154 154
153 153 153
153 153 153
149 149 149
155 155 155
155 155 155
155 155 155
150 150 150
147 147 147
151 151 151
155 155 155
155 155 155
155 155 155
153 153 153
153 153 153
153 153 153
153 153 153
153 153 153
153 153 153
153 153 153
153 153 153
153 153 153
153 153 153
153 153 153
153 153 153
153 153 153
153 153 153
153 153 153
153 153 153
153 153 153
153 153 153
153 153 153
153 153 153
153 153 153
153 153 153
153 153 153
153 153 153
153 153 153
153 153 153
153 153 153
153 153 153
153 153 153
153 153 153
153 153 153
153 153 153
154 154 154
154 154 154
153 153 153
153 153 153
153 153 153
152 152 152
152 152 152
152 152 152
152 152 152
152 152 152
152 152 152
153 153 153
153 153 153
153 153 153
154 154 154
154 154 154
155 155 155
155 155 155
155 155 155
155 155 155
155 155 155
155 155 155
155 155 155
155 155 155
155 155 155
155 155 155
155 155 155
155 155 155
155 155 155
155 155 155
155 155 155
155 155 155
153 155 155
153 155 155
155 154 155
155 155 155
155 155 154
155 155 152
155 155 152
155 155 151
155 155 152
155 155 152
155 155 154
154 154 154
153 155 155
149 152 155
67 70 75
206 214 221
230 247 0
206 228 240
165 186 201
204 224 242
8 27 48
225 245 14
229 248 19
232 250 23
234 252 25
214 230 3
188 205 232
177 193 216
179 193 215
184 198 217
184 197 213
174 191 210
156 183 208
156 180 206
196 226 251
184 211 232
212 235 251
219 237 248
57 69 79
144 154 155
138 144 149
147 153 155
147 151 155
137 143 150
146 153 155
118 124 135
232 240 253
228 240 2
190 209 236
193 217 247
192 214 242
184 206 231
184 205 227
181 203 221
176 196 214
174 194 211
190 210 227
201 221 238
203 225 243
207 228 250
206 227 254
194 216 244
186 207 238
167 190 222
187 215 249
175 206 239
160 191 224
156 177 208
156 169 200
156 170 200
156 176 203
156 181 207
156 177 201
158 181 203
163 184 205
159 180 201
156 174 192
156 171 189
158 176 193
163 181 198
186 206 223
180 198 215
181 197 214
192 208 225
186 200 218
219 231 249
225 232 251
222 229 246
99 106 121
138 144 155
145 153 155
145 154 155
148 155 155
144 155 153
146 155 155
129 138 135
152 154 154
154 154 154
154 154 154
152 154 154
152 154 154
152 154 154
152 154 154
152 154 154
151 153 153
153 153 153
153 153 153
153 153 153
153 154 152
153 154 152
153 154 152
153 153 153
145 144 146
149 148 152
145 144 148
82 81 85
130 129 133
153 154 155
153 154 155
147 150 154
47 52 55
200 206 211
160 169 173
101 111 118
144 153 155
138 149 155
109 121 131
158 174 187
21 40 61
38 56 79
64 79 98
139 152 155
137 144 153
151 154 155
155 155 154
155 155 151
155 155 151
155 155 149
155 155 152
155 155 154
155 155 155
153 154 155
150 154 155
150 154 155
153 155 155
155 155 155
155 155 155
155 155 155
155 155 155
155 155 155
155 155 155
155 155 155
155 155 155
155 155 155
155 155 155
155 155 155
155 155 155
155 155 155
155 155 155
155 155 155
155 155 155
155 155 155
155 155 155
155 155 155
155 155 155
155 155 155
155 155 155
155 155 155
155 155 155
155 155 155
155 155 155
155 155 155
155 155 155
155 155 155
155 155 155
155 155 155
153 153 153
153 153 153
153 153 153
153 153 153
153 153 153
153 153 153
153 153 153
153 153 153
149 149 149
149 149 149
149 149 149
150 150 150
150 150 150
150 150 150
151 151 151
151 151 151
152 152 152
152 152 152
153 153 153
153 153 153
153 153 153
153 153 153
153 153 153
153 153 153
153 153 153
153 153 153
153 153 153
153 153 153
153 153 153
153 153 153
153 153 153
153 153 153
153 153 153
153 153 153
153 153 153
153 153 153
153 153 153
153 153 153
153 153 153
153 153 153
153 153 153
153 153 153
153 153 153
153 153 153
153 153 153
153 153 153
153 153 153
153 153 153
153 153 153
153 153 153
154 154 154
154 154 154
154 154 154
153 153 153
153 153 153
152 152 152
152 152 152
152 152 152
152 152 152
152 152 152
152 152 152
153 153 153
153 153 153
154 154 154
154 154 154
154 154 154
155 155 155
155 155 155
155 155 155
155 155 155
155 155 155
155 155 155
155 155 155
155 155 155
155 155 155
155 155 155
155 155 155
155 155 155
155 155 155
155 155 155
155 155 155
155 155 155
153 155 155
153 155 155
155 155 155
155 155 154
155 155 154
155 155 152
155 155 151
155 155 151
155 155 151
155 155 152
155 155 154
154 155 153
155 154 155
153 155 155
93 96 100
211 219 226
213 230 239
193 217 229
176 199 215
237 5 23
6 28 53
221 244 14
225 246 21
243 8 40
207 227 6
194 213 246
179 197 228
172 189 216
172 187 213
174 188 210
172 186 205
163 181 204
162 193 224
156 179 213
193 227 1
214 244 13
207 231 249
206 224 235
105 116 124
142 149 152
150 154 155
140 142 142
140 140 140
151 150 152
138 139 143
148 151 155
125 128 136
233 240 255
188 205 231
208 230 2
189 210 237
201 222 244
224 244 6
2 21 36
10 27 40
49 65 77
58 74 86
81 97 109
85 101 114
213 227 245
156 165 187
156 156 176
156 164 192
163 179 208
163 186 218
158 186 217
156 184 215
157 183 213
158 182 210
160 183 209
162 184 209
163 186 208
160 181 203
163 182 203
164 183 204
162 181 202
159 178 199
158 177 198
160 179 200
160 181 203
181 202 224
186 207 229
187 205 228
203 220 241
179 194 213
203 215 233
222 232 249
3 12 26
122 130 143
142 151 155
128 138 145
141 152 155
144 155 155
135 148 150
122 136 135
73 85 85
150 155 154
154 154 154
154 154 154
154 154 154
154 154 154
154 154 154
154 154 154
154 154 154
153 153 153
153 153 153
153 153 153
153 153 153
153 153 153
153 153 153
153 153 153
153 153 153
154 151 153
146 142 147
155 153 155
73 69 74
156 156 159
170 169 173
5 6 10
12 15 19
207 212 215
194 201 204
218 225 228
146 155 155
146 155 155
146 155 155
129 138 142
176 189 197
24 41 60
27 45 68
100 115 134
138 149 155
145 152 155
138 141 145
155 153 152
155 155 151
155 155 151
155 155 149
155 155 152
155 155 154
155 155 155
151 154 155
150 154 155
150 154 155
153 155 155
155 155 155
155 155 155
155 155 155
155 155 155
155 155 155
155 155 155
155 155 155
155 155 155
155 155 155
155 155 155
155 155 155
155 155 155
155 155 155
155 155 155
155 155 155
155 155 155
155 155 155
155 155 155
155 155 155
155 155 155
155 155 155
155 155 155
155 155 155
155 155 155
155 155 155
155 155 155
155 155 155
155 155 155
155 155 155
155 155 155
155 155 155
153 153 153
153 153 153
153 153 153
153 153 153
153 153 153
153 153 153
153 153 153
153 153 153
151 151 151
151 151 151
151 151 151
151 151 151
152 152 152
152 152 152
152 152 152
153 153 153
155 155 155
155 155 155
153 153 153
153 153 153
153 153 153
153 153 153
153 153 153
153 153 153
153 153 153
153 153 153
153 153 153
153 153 153
153 153 153
153 153 153
153 153 153
153 153 153
153 153 153
153 153 153
153 153 153
153 153 153
153 153 153
153 153 153
153 153 153
153 153 153
153 153 153
153 153 153
153 153 153
153 153 153
153 153 153
153 153 153
153 153 153
153 153 153
153 153 153
153 153 153
154 154 154
154 154 154
154 154 154
154 154 154
153 153 153
153 153 153
152 152 152
152 152 152
152 152 152
152 152 152
153 153 153
153 153 153
154 154 154
154 154 154
154 154 154
154 154 154
155 155 155
155 155 155
155 155 155
155 155 155
155 155 155
155 155 155
155 155 155
155 155 155
155 155 155
155 155 155
155 155 155
155 155 155
155 155 155
155 155 155
155 155 155
155 155 155
153 155 155
153 155 155
155 155 155
155 155 154
155 155 154
155 155 152
155 155 151
155 155 151
155 155 151
155 152 148
155 155 154
154 155 153
155 154 155
153 155 155
128 131 135
216 226 233
204 222 233
180 203 218
186 208 226
3 27 47
242 9 35
198 222 250
193 216 248
210 232 11
184 206 242
179 201 237
174 194 229
170 190 221
168 187 214
168 185 211
168 184 207
160 182 207
159 190 221
183 218 251
182 214 243
220 248 16
210 232 250
226 242 254
123 134 142
148 155 155
146 150 151
151 153 153
143 143 143
152 151 153
150 151 155
146 149 154
150 153 155
69 77 90
175 189 211
194 214 239
202 220 243
193 210 229
78 94 111
134 150 155
139 153 155
136 151 155
139 154 155
131 145 155
116 129 143
187 201 219
157 171 193
164 177 203
160 174 202
156 171 200
156 180 210
156 182 212
159 185 215
163 187 215
163 187 215
163 186 212
161 183 208
159 182 204
166 187 209
164 185 207
162 183 205
163 184 206
166 187 209
166 187 209
164 185 207
161 182 204
178 199 221
184 205 227
167 185 208
177 194 215
163 178 197
184 196 214
193 203 220
224 233 246
244 253 7
54 61 70
122 130 137
111 120 124
96 105 108
40 52 54
156 167 167
111 121 121
150 155 154
154 154 154
154 154 154
154 154 154
154 154 154
154 154 154
154 154 154
154 154 154
153 153 153
153 153 153
153 153 153
153 153 153
153 153 153
153 153 153
153 153 153
153 153 153
152 149 151
155 154 155
155 154 155
151 148 150
109 108 112
15 14 18
162 162 168
187 190 195
203 207 212
36 42 47
141 150 154
133 143 150
144 154 155
130 142 148
107 119 125
200 215 224
253 13 30
25 42 63
32 46 64
139 150 155
133 140 149
151 154 155
155 155 154
155 152 147
155 155 151
155 155 149
155 155 152
155 155 154
155 155 155
151 154 155
150 154 155
150 154 155
153 155 155
155 155 155
155 155 155
155 155 155
155 155 155
155 155 155
155 155 155
155 155 155
155 155 155
155 155 155
155 155 155
155 155 155
155 155 155
155 155 155
155 155 155
155 155 155
155 155 155
155 155 155
155 155 155
155 155 155
155 155 155
155 155 155
155 155 155
155 155 155
155 155 155
155 155 155
155 155 155
155 155 155
155 155 155
155 155 155
155 155 155
155 155 155
153 153 153
153 153 153
153 153 153
153 153 153
153 153 153
153 153 153
153 153 153
153 153 153
153 153 153
153 153 153
154 154 154
154 154 154
154 154 154
155 155 155
155 155 155
155 155 155
155 155 155
155 155 155
154 154 154
154 154 154
154 154 154
154 154 154
154 154 154
154 154 154
154 154 154
154 154 154
154 154 154
154 154 154
154 154 154
154 154 154
154 154 154
154 154 154
154 154 154
154 154 154
154 154 154
154 154 154
154 154 154
154 154 154
154 154 154
154 154 154
154 154 154
154 154 154
154 154 154
154 154 154
154 154 154
154 154 154
154 154 154
154 154 154
154 154 154
154 154 154
155 155 155
155 155 155
154 154 154
154 154 154
154 154 154
153 153 153
153 153 153
153 153 153
153 153 153
153 153 153
153 153 153
154 154 154
154 154 154
154 154 154
155 155 155
155 155 155
155 155 155
155 155 155
155 155 155
155 155 155
155 155 155
155 155 155
155 155 155
155 155 155
155 155 155
155 155 155
155 155 155
155 155 155
155 155 155
155 155 155
155 155 155
155 155 155
153 155 155
153 155 155
155 155 155
155 155 154
155 155 154
155 155 152
155 155 151
155 155 151
155 153 149
151 148 144
155 155 154
154 154 154
153 155 155
151 154 155
150 154 155
221 230 239
198 217 230
171 196 212
200 224 244
2 26 50
236 4 32
207 232 8
204 228 8
201 227 8
177 202 242
175 201 238
174 197 235
172 194 229
170 191 222
171 192 220
174 195 222
174 199 225
172 203 234
190 224 254
197 226 253
170 196 220
215 235 252
1 17 29
144 154 155
148 155 155
148 152 153
153 155 155
155 155 155
145 145 145
153 154 155
148 149 153
132 135 140
146 152 155
35 47 65
156 159 181
156 156 170
217 232 248
139 153 155
133 145 155
140 151 155
143 154 155
143 154 155
130 142 152
97 108 122
189 201 219
173 186 208
170 183 209
162 176 204
167 183 212
168 191 217
165 190 216
166 189 215
165 188 214
163 186 212
163 185 210
162 185 207
162 185 207
170 191 213
166 187 209
163 184 206
165 188 210
174 195 217
173 196 218
170 190 215
161 184 206
162 185 207
190 214 234
183 204 225
180 197 216
179 195 212
180 193 209
175 186 200
175 183 196
211 217 228
236 242 249
0 6 13
240 246 251
220 227 230
205 213 213
120 130 130
148 155 155
153 155 155
155 155 155
155 155 155
155 155 155
155 155 155
155 155 155
155 155 155
155 155 155
154 154 154
154 154 154
154 154 154
154 154 154
154 154 154
154 154 154
154 154 154
154 154 154
155 154 155
145 140 142
155 152 154
155 154 155
150 149 153
152 153 155
148 151 155
128 132 137
137 143 148
141 149 155
144 154 155
100 111 119
59 69 79
95 107 117
5 17 27
213 227 239
252 12 29
235 250 13
31 44 60
132 141 154
143 149 155
151 154 155
145 143 142
155 155 152
155 155 151
155 155 151
155 155 152
155 155 154
155 155 155
151 154 155
150 154 155
150 154 155
153 155 155
155 155 155
155 155 155
155 155 155
155 155 155
155 155 155
155 155 155
155 155 155
155 155 155
155 155 155
155 155 155
155 155 155
155 155 155
155 155 155
155 155 155
155 155 155
155 155 155
155 155 155
155 155 155
155 155 155
155 155 155
155 155 155
155 155 155
155 155 155
155 155 155
155 155 155
155 155 155
155 155 155
155 155 155
155 155 155
155 155 155
155 155 155
153 153 153
153 153 153
153 153 153
153 153 153
153 153 153
153 153 153
153 153 153
153 153 153
155 155 155
155 155 155
155 155 155
155 155 155
155 155 155
155 155 155
155 155 155
155 155 155
155 155 155
155 155 155
154 154 154
154 154 154
154 154 154
154 154 154
154 154 154
154 154 154
154 154 154
154 154 154
154 154 154
154 154 154
154 154 154
154 154 154
154 154 154
154 154 154
154 154 154
154 154 154
154 154 154
154 154 154
154 154 154
154 154 154
154 154 154
154 154 154
154 154 154
154 154 154
154 154 154
154 154 154
154 154 154
154 154 154
154 154 154
154 154 154
154 154 154
154 154 154
155 155 155
155 155 155
155 155 155
154 154 154
154 154 154
154 154 154
153 153 153
153 153 153
153 153 153
153 153 153
154 154 154
154 154 154
154 154 154
155 155 155
155 155 155
155 155 155
155 155 155
155 155 155
155 155 155
155 155 155
155 155 155
155 155 155
155 155 155
155 155 155
155 155 155
155 155 155
155 155 155
155 155 155
155 155 155
155 155 155
155 155 155
155 155 155
153 155 155
153 155 155
155 155 155
155 155 154
155 155 154
155 155 152
155 155 152
155 155 152
155 153 149
151 148 144
155 155 154
154 154 154
150 153 155
150 154 155
150 154 155
220 230 240
189 210 225
179 204 224
223 247 15
231 0 26
212 238 12
199 226 4
205 232 13
191 216 2
177 204 248
174 202 243
171 196 238
167 193 230
165 191 227
172 197 229
180 206 236
187 213 243
193 222 253
178 208 237
182 209 235
172 196 216
172 190 207
81 95 107
144 154 155
143 148 151
151 155 155
152 154 154
155 155 155
146 146 146
144 145 149
153 154 155
132 135 140
148 153 155
144 152 155
112 123 137
102 111 124
125 134 144
135 144 153
139 147 154
142 151 155
146 155 155
144 154 155
144 153 155
60 72 84
190 203 219
166 179 201
156 167 193
158 172 201
171 187 216
169 189 214
170 191 213
171 192 214
172 193 215
172 193 215
169 192 214
168 191 213
167 190 212
167 189 214
164 186 211
164 186 211
169 193 217
177 199 224
177 201 225
171 192 219
163 187 211
164 189 209
186 210 228
184 206 224
174 192 209
178 194 211
156 168 184
167 176 190
169 177 190
157 161 172
185 188 196
168 171 179
189 193 198
245 250 253
107 112 113
150 155 155
135 140 139
153 155 155
155 155 155
155 155 155
155 155 155
155 155 155
155 155 155
155 155 155
155 155 155
154 154 154
154 154 154
154 154 154
154 154 154
154 154 154
154 154 154
154 154 154
154 154 154
155 154 155
155 154 155
155 155 155
144 141 143
142 141 145
153 154 155
151 154 155
150 154 155
146 154 155
134 143 152
143 153 155
67 79 91
156 156 167
156 161 174
174 190 203
202 217 233
177 191 209
196 210 228
175 186 200
133 142 152
148 154 155
153 155 155
153 153 153
155 155 152
155 155 151
155 155 151
155 155 152
155 155 154
155 155 155
151 154 155
150 154 155
151 154 155
153 155 155
155 155 155
155 155 155
155 155 155
155 155 155
155 155 155
155 155 155
155 155 155
155 155 155
155 155 155
155 155 155
155 155 155
155 155 155
155 155 155
155 155 155
155 155 155
155 155 155
155 155 155
155 155 155
155 155 155
155 155 155
155 155 155
155 155 155
155 155 155
155 155 155
155 155 155
155 155 155
155 155 155
155 155 155
155 155 155
155 155 155
155 155 155
153 153 153
153 153 153
153 153 153
153 153 153
153 153 153
153 153 153
153 153 153
153 153 153
155 155 155
155 155 155
155 155 155
155 155 155
155 155 155
155 155 155
155 155 155
155 155 155
152 152 152
152 152 152
155 155 155
155 155 155
155 155 155
155 155 155
155 155 155
155 155 155
155 155 155
155 155 155
155 155 155
155 155 155
155 155 155
155 155 155
155 155 155
155 155 155
155 155 155
155 155 155
155 155 155
155 155 155
155 155 155
155 155 155
155 155 155
155 155 155
155 155 155
155 155 155
155 155 155
155 155 155
155 155 155
155 155 155
155 155 155
155 155 155
155 155 155
155 155 155
155 155 155
155 155 155
155 155 155
155 155 155
154 154 154
154 154 154
154 154 154
154 154 154
154 154 154
154 154 154
154 154 154
154 154 154
155 155 155
155 155 155
155 155 155
155 155 155
155 155 155
155 155 155
155 155 155
155 155 155
155 155 155
155 155 155
155 155 155
155 155 155
155 155 155
155 155 155
155 155 155
155 155 155
155 155 155
155 155 155
155 155 155
155 155 155
153 155 155
153 155 155
155 155 155
155 155 154
155 155 152
155 155 152
155 155 152
155 155 152
155 154 150
151 149 148
155 155 155
151 153 154
149 153 155
148 154 155
124 130 137
214 224 234
177 197 215
196 223 244
243 12 38
201 227 1
178 205 239
181 208 245
186 214 255
175 204 248
175 204 249
167 198 243
161 190 234
157 187 228
162 191 230
170 200 235
179 207 241
184 212 243
190 218 248
181 208 234
165 189 211
176 198 216
216 232 248
141 153 155
141 149 155
148 153 155
150 152 153
151 153 153
146 146 146
155 155 155
142 144 145
153 154 155
146 149 154
145 148 153
136 141 150
131 136 145
148 154 155
150 154 155
150 155 155
150 155 155
150 155 155
148 153 155
140 146 151
146 153 155
16 25 38
182 192 209
175 188 210
177 190 216
176 190 219
165 179 207
174 190 213
178 195 214
182 199 218
181 200 221
178 197 218
168 189 211
157 180 202
156 174 196
162 184 209
163 187 211
167 191 215
172 195 221
177 200 226
176 199 225
171 194 220
167 191 215
180 205 225
199 224 240
206 226 243
200 219 234
174 189 205
159 172 186
14 22 35
118 124 135
119 121 131
102 104 112
107 110 115
122 123 127
153 155 155
153 155 155
150 152 152
153 155 155
155 155 155
155 155 155
155 155 155
155 155 155
155 155 155
155 155 155
155 155 155
155 155 155
155 155 155
155 155 155
155 155 155
155 155 155
155 155 155
155 155 155
155 155 155
155 155 155
144 140 139
155 155 154
152 150 150
155 155 155
155 154 155
151 154 155
137 141 146
148 154 155
137 144 153
143 153 155
140 152 155
139 152 155
209 224 240
156 161 178
173 189 206
182 198 215
175 190 206
15 28 44
110 119 132
143 150 155
150 154 155
137 139 140
146 146 146
155 155 154
155 155 152
155 155 151
155 155 152
155 155 154
155 155 155
153 155 155
151 154 155
151 154 155
153 155 155
155 155 155
155 155 155
155 155 155
155 155 155
155 155 155
155 155 155
155 155 155
155 155 155
155 155 155
155 155 155
155 155 155
155 155 155
155 155 155
155 155 155
155 155 155
155 155 155
155 155 155
155 155 155
155 155 155
155 155 155
155 155 155
155 155 155
155 155 155
155 155 155
155 155 155
155 155 155
155 155 155
155 155 155
155 155 155
155 155 155
155 155 155
153 153 153
153 153 153
153 153 153
153 153 153
153 153 153
153 153 153
153 153 153
153 153 153
153 153 153
153 153 153
154 154 154
154 154 154
154 154 154
155 155 155
155 155 155
155 155 155
150 150 150
150 150 150
155 155 155
155 155 155
155 155 155
155 155 155
155 155 155
155 155 155
155 155 155
155 155 155
155 155 155
155 155 155
155 155 155
155 155 155
155 155 155
155 155 155
155 155 155
155 155 155
155 155 155
155 155 155
155 155 155
155 155 155
155 155 155
155 155 155
155 155 155
155 155 155
155 155 155
155 155 155
155 155 155
155 155 155
155 155 155
155 155 155
155 155 155
155 155 155
155 155 155
155 155 155
155 155 155
155 155 155
155 155 155
154 154 154
154 154 154
154 154 154
154 154 154
154 154 154
154 154 154
155 155 155
155 155 155
155 155 155
155 155 155
155 155 155
155 155 155
155 155 155
155 155 155
155 155 155
155 155 155
155 155 155
155 155 155
155 155 155
155 155 155
155 155 155
155 155 155
155 155 155
155 155 155
155 155 155
155 155 155
155 155 155
155 155 155
155 155 155
155 155 155
155 155 154
155 155 152
155 155 152
155 155 152
155 155 152
155 154 153
155 153 152
152 154 155
148 151 155
150 154 155
146 152 155
86 93 102
204 216 228
167 188 209
211 237 5
245 16 43
191 219 250
175 205 240
199 230 13
187 219 6
189 222 12
169 202 248
162 195 241
157 187 234
159 191 234
169 199 240
175 206 245
176 205 242
175 203 237
183 207 235
173 196 218
179 200 221
179 197 214
100 113 127
134 144 154
146 152 155
150 155 155
140 142 143
155 155 155
146 146 146
155 155 155
153 155 155
133 135 136
144 145 149
153 154 155
153 154 155
141 142 146
153 154 155
138 137 139
153 153 153
138 139 137
153 155 154
151 155 155
136 141 144
148 154 155
17 26 36
189 197 214
179 190 212
173 186 212
172 186 215
170 184 212
180 194 213
181 196 212
181 197 214
178 194 211
169 189 207
158 179 200
156 170 192
156 164 189
156 177 203
161 184 210
170 193 219
173 198 224
173 198 224
170 195 221
171 194 220
170 194 218
180 204 222
182 208 222
216 237 252
86 103 116
130 143 155
127 139 151
145 151 155
148 153 155
151 152 155
153 152 155
141 139 145
155 154 155
141 140 142
155 154 155
143 143 143
155 155 155
155 155 155
155 155 155
155 155 155
155 155 155
155 155 155
155 155 155
155 155 155
155 155 155
155 155 155
155 155 155
155 155 155
155 155 155
155 155 155
155 155 155
155 155 155
155 155 155
150 146 145
155 155 152
146 144 143
148 148 148
155 154 155
151 154 155
143 147 152
145 153 155
144 153 155
129 138 151
138 149 155
139 152 155
86 102 119
176 193 212
192 209 228
205 221 238
223 236 252
128 137 150
143 152 155
146 153 155
141 145 150
146 148 149
155 155 155
148 146 145
155 155 152
155 155 152
155 155 154
155 155 154
155 155 155
153 155 155
151 154 155
151 154 155
153 155 155
155 155 155
155 155 155
155 155 155
155 155 155
155 155 155
155 155 155
155 155 155
155 155 155
155 155 155
155 155 155
155 155 155
155 155 155
155 155 155
155 155 155
155 155 155
155 155 155
155 155 155
155 155 155
155 155 155
155 155 155
155 155 155
155 155 155
155 155 155
155 155 155
155 155 155
155 155 155
155 155 155
155 155 155
155 155 155
155 155 155
155 155 155
153 153 153
153 153 153
153 153 153
153 153 153
153 153 153
153 153 153
153 153 153
153 153 153
151 151 151
151 151 151
151 151 151
151 151 151
152 152 152
152 152 152
152 152 152
153 153 153
152 152 152
152 152 152
155 155 155
155 155 155
155 155 155
155 155 155
155 155 155
155 155 155
155 155 155
155 155 155
155 155 155
155 155 155
155 155 155
155 155 155
155 155 155
155 155 155
155 155 155
155 155 155
155 155 155
155 155 155
155 155 155
155 155 155
155 155 155
155 155 155
155 155 155
155 155 155
155 155 155
155 155 155
155 155 155
155 155 155
155 155 155
155 155 155
155 155 155
155 155 155
155 155 155
155 155 155
155 155 155
155 155 155
155 155 155
155 155 155
154 154 154
154 154 154
154 154 154
154 154 154
155 155 155
155 155 155
155 155 155
155 155 155
155 155 155
155 155 155
155 155 155
155 155 155
155 155 155
155 155 155
155 155 155
155 155 155
155 155 155
155 155 155
155 155 155
155 155 155
155 155 155
155 155 155
155 155 155
155 155 155
155 155 155
155 155 155
155 155 155
155 155 155
155 155 154
155 155 154
155 155 152
155 155 152
155 155 152
155 155 152
155 155 154
155 155 155
151 152 155
147 151 155
148 154 155
141 148 155
58 67 77
196 209 225
169 192 214
217 244 15
229 1 32
178 206 240
169 198 237
202 234 19
163 194 239
168 201 247
169 202 251
162 195 244
159 192 238
166 199 244
179 211 252
183 216 255
176 208 244
171 199 230
180 202 227
175 192 213
156 169 188
14 29 45
140 149 155
146 153 155
148 154 155
148 151 155
151 153 154
147 147 147
155 155 155
153 153 153
146 148 149
144 146 147
153 155 155
150 149 151
152 149 151
155 155 155
155 152 153
149 145 144
155 155 152
155 155 152
155 155 151
148 149 147
151 155 155
150 154 155
5 11 22
177 186 200
183 194 216
176 187 214
170 181 211
177 189 217
175 187 205
172 185 199
167 180 194
161 177 193
158 176 193
156 176 197
156 179 201
157 181 205
156 173 199
160 183 209
170 194 222
175 200 226
171 196 222
169 192 218
170 193 219
173 196 218
193 216 232
208 230 242
236 255 12
128 144 155
141 153 155
144 153 155
146 151 155
147 150 155
153 152 155
147 145 151
155 153 155
148 144 149
155 154 155
155 153 155
155 155 155
153 151 151
155 155 155
155 155 155
155 155 155
155 155 155
155 155 155
155 155 155
155 155 155
155 155 155
155 155 155
155 155 155
155 155 155
155 155 155
155 155 155
155 155 155
155 155 155
155 155 154
155 155 152
149 146 142
155 155 154
155 155 154
147 147 147
59 63 64
100 104 109
146 154 155
130 139 149
143 152 155
139 150 155
77 90 106
207 223 240
229 246 9
234 251 16
240 255 18
76 87 101
144 153 155
132 139 148
148 154 155
151 154 155
153 155 155
146 146 146
155 155 154
155 155 154
155 155 152
155 155 154
155 155 155
153 155 155
153 155 155
151 154 155
153 155 155
155 155 155
155 155 155
155 155 155
155 155 155
155 155 155
155 155 155
155 155 155
155 155 155
155 155 155
155 155 155
155 155 155
155 155 155
155 155 155
155 155 155
155 155 155
155 155 155
155 155 155
155 155 155
155 155 155
155 155 155
155 155 155
155 155 155
155 155 155
155 155 155
155 155 155
155 155 155
155 155 155
155 155 155
155 155 155
155 155 155
155 155 155
155 155 155
153 153 153
153 153 153
153 153 153
153 153 153
153 153 153
153 153 153
153 153 153
153 153 153
149 149 149
149 149 149
149 149 149
150 150 150
150 150 150
150 150 150
151 151 151
151 151 151
155 155 155
155 155 155
155 155 155
155 155 155
155 155 155
155 155 155
155 155 155
155 155 155
155 155 155
155 155 155
155 155 155
155 155 155
155 155 155
155 155 155
155 155 155
155 155 155
155 155 155
155 155 155
155 155 155
155 155 155
155 155 155
155 155 155
155 155 155
155 155 155
155 155 155
155 155 155
155 155 155
155 155 155
155 155 155
155 155 155
155 155 155
155 155 155
155 155 155
155 155 155
155 155 155
155 155 155
155 155 155
155 155 155
155 155 155
155 155 155
155 155 155
155 155 155
155 155 155
155 155 155
155 155 155
155 155 155
155 155 155
155 155 155
155 155 155
155 155 155
155 155 155
155 155 155
155 155 155
155 155 155
155 155 155
155 155 155
155 155 155
155 155 155
155 155 155
155 155 155
155 155 155
155 155 155
155 155 155
155 155 155
155 155 155
155 155 155
155 155 155
155 155 155
155 155 154
155 155 154
155 155 152
155 155 152
155 155 152
155 155 152
154 152 151
147 149 149
151 154 155
150 154 155
142 149 155
144 153 155
248 1 14
200 214 232
175 199 223
244 16 46
214 241 19
181 209 244
198 226 11
197 229 16
185 215 6
156 185 234
164 197 246
169 203 249
163 196 241
166 200 243
168 201 240
166 198 234
181 212 245
177 203 233
182 199 220
170 182 200
4 17 33
133 142 155
144 153 155
138 144 151
140 144 149
146 149 153
153 155 155
155 154 155
155 155 155
155 155 155
155 155 155
155 155 155
155 155 155
155 155 155
155 155 154
155 155 152
152 147 144
155 155 151
155 155 151
155 155 151
142 139 134
155 154 150
153 155 155
141 144 149
238 242 253
185 192 207
194 202 225
176 187 214
165 176 206
172 185 211
176 189 205
173 185 195
163 176 190
156 170 186
156 167 184
156 168 189
156 172 194
156 176 200
187 210 236
176 200 228
169 194 220
184 209 235
179 202 228
175 197 222
179 201 226
185 206 227
201 223 235
183 202 210
86 103 112
133 148 155
143 153 155
146 153 155
150 152 155
150 152 155
155 153 155
155 153 155
155 153 155
155 154 155
155 154 155
155 154 155
155 155 155
155 155 155
155 155 155
155 155 155
155 155 155
155 155 155
155 155 155
155 155 155
155 155 155
155 155 155
155 155 155
155 155 155
155 155 155
155 155 155
155 155 155
155 155 155
155 155 155
155 155 154
155 155 152
153 150 145
155 155 152
155 155 154
154 154 154
127 131 132
236 240 245
156 156 162
198 204 215
184 193 206
194 205 219
167 180 196
159 173 191
187 202 221
205 219 241
249 7 25
144 152 155
148 154 155
148 154 155
150 154 155
151 154 155
153 155 155
155 155 155
155 155 154
155 155 154
155 155 154
155 155 155
155 155 155
153 155 155
153 155 155
153 155 155
153 155 155
155 155 155
155 155 155
155 155 155
155 155 155
155 155 155
155 155 155
155 155 155
155 155 155
155 155 155
155 155 155
155 155 155
155 155 155
155 155 155
155 155 155
155 155 155
155 155 155
155 155 155
155 155 155
155 155 155
155 155 155
155 155 155
155 155 155
155 155 155
155 155 155
155 155 155
155 155 155
155 155 155
155 155 155
155 155 155
155 155 155
155 155 155
155 155 155
155 155 155
155 155 155
155 155 155
155 155 155
155 155 155
155 155 155
155 155 155
155 155 155
155 155 155
155 155 155
155 155 155
155 155 155
155 155 155
155 155 155
155 155 155
155 155 155
155 155 155
155 155 155
155 155 155
155 155 155
155 155 155
155 155 155
155 155 155
155 155 155
155 155 155
155 155 155
155 155 155
155 155 155
155 155 155
155 155 155
155 155 155
155 155 155
155 155 155
155 155 155
155 155 155
155 155 155
155 155 155
155 155 155
155 155 155
155 155 155
155 155 155
155 155 155
155 155 155
155 155 155
155 155 155
155 155 155
155 155 155
155 155 155
155 155 155
155 155 155
155 155 155
155 155 155
155 155 155
155 155 155
155 155 155
155 155 155
155 155 155
155 155 155
155 155 155
155 155 155
155 155 155
155 155 155
155 155 155
155 155 155
155 155 155
155 155 155
155 155 155
155 155 155
155 155 155
155 155 155
155 155 155
155 155 155
155 155 155
155 155 155
155 155 155
155 155 155
155 155 155
155 155 155
155 155 155
155 155 155
155 155 155
155 155 155
155 155 155
155 155 155
155 155 154
155 155 154
155 155 152
155 155 152
155 155 152
155 155 154
155 155 155
153 155 155
145 148 153
143 149 155
137 146 155
142 151 155
239 250 8
195 210 229
209 232 2
234 6 37
191 219 254
177 204 241
195 223 8
187 216 4
178 208 255
159 192 238
168 201 247
156 188 233
156 187 230
172 203 242
167 197 232
181 210 241
184 214 243
171 195 219
156 170 188
22 31 45
132 140 153
146 152 155
148 153 155
150 153 155
151 154 155
153 154 155
155 154 155
155 154 155
155 155 155
155 155 155
155 155 155
155 155 155
155 155 155
155 155 154
155 155 154
155 155 152
149 142 139
155 155 150
155 155 151
153 147 140
155 155 151
155 155 152
116 116 116
40 43 47
2 7 16
193 200 215
160 169 189
172 181 208
189 200 230
156 167 194
167 178 192
164 176 186
159 173 185
156 170 186
156 172 189
156 176 197
160 182 207
164 187 213
176 200 228
164 188 216
194 219 245
173 197 221
157 179 204
162 183 205
181 200 221
193 211 228
176 194 205
26 42 49
128 141 149
142 154 155
146 153 155
148 154 155
141 143 151
153 153 155
155 153 155
155 153 155
155 154 155
155 154 155
155 154 155
155 154 155
155 155 155
155 155 155
155 155 155
155 155 155
155 155 155
155 155 155
155 155 155
155 155 155
155 155 155
155 155 155
155 155 155
155 155 155
155 155 155
155 155 155
155 155 155
155 155 155
155 155 155
155 155 154
148 147 143
150 150 144
155 155 152
150 151 147
153 155 155
153 155 155
125 128 132
83 87 92
183 190 199
167 176 186
174 183 196
160 169 183
183 193 210
1 13 31
73 85 103
141 151 155
146 153 155
150 154 155
151 154 155
151 154 155
153 155 155
153 155 155
155 155 155
155 155 155
155 155 154
155 155 154
155 155 155
155 155 155
153 155 155
153 155 155
153 155 155
153 155 155
155 155 155
155 155 155
155 155 155
155 155 155
155 155 155
155 155 155
155 155 155
155 155 155
155 155 155
155 155 155
155 155 155
155 155 155
155 155 155
155 155 155
155 155 155
155 155 155
155 155 155
155 155 155
155 155 155
155 155 155
155 155 155
155 155 155
155 155 155
155 155 155
155 155 155
155 155 155
155 155 155
155 155 155
155 155 155
155 155 155
155 155 155
155 155 155
155 155 155
155 155 155
155 155 155
155 155 155
155 155 155
155 155 155
155 155 155
155 155 155
155 155 155
155 155 155
155 155 155
155 155 155
155 155 155
155 155 155
155 155 155
155 155 155
155 155 155
155 155 155
155 155 155
155 155 155
155 155 155
155 155 155
155 155 155
155 155 155
155 155 155
155 155 155
155 155 155
155 155 155
155 155 155
155 155 155
155 155 155
155 155 155
155 155 155
155 155 155
155 155 155
155 155 155
155 155 155
155 155 155
155 155 155
155 155 155
155 155 155
155 155 155
155 155 155
155 155 155
155 155 155
155 155 155
155 155 155
155 155 155
155 155 155
155 155 155
155 155 155
155 155 155
155 155 155
155 155 155
155 155 155
155 155 155
155 155 155
155 155 155
155 155 155
155 155 155
155 155 155
155 155 155
155 155 155
155 155 155
155 155 155
155 155 155
155 155 155
155 155 155
155 155 155
155 155 155
155 155 155
155 155 155
155 155 155
155 155 155
155 155 155
155 155 155
155 155 155
155 155 155
155 155 155
155 155 155
155 155 155
155 155 155
155 155 154
155 155 154
155 155 154
155 155 154
155 155 152
155 155 152
155 155 154
155 155 154
155 155 155
151 155 155
150 154 155
143 150 155
142 151 155
70 81 95
214 227 243
194 211 232
237 5 33
214 241 19
168 196 231
177 204 241
193 221 6
172 201 245
170 199 244
168 197 242
156 185 229
161 191 232
172 201 238
179 207 241
163 191 221
182 209 235
170 196 220
161 181 199
58 67 81
144 148 155
150 152 155
139 141 151
145 147 155
151 153 155
148 151 155
147 148 152
155 154 155
155 154 155
155 155 155
155 155 155
155 155 154
155 155 154
155 155 154
155 155 154
155 155 154
148 143 140
155 155 152
145 139 134
155 153 148
155 155 151
153 149 144
136 133 129
38 36 35
8 9 13
246 248 2
182 187 202
166 173 193
169 179 203
170 181 209
157 168 195
156 167 181
156 168 178
156 168 180
156 171 187
158 178 196
163 186 208
172 195 221
175 199 227
179 203 231
185 209 237
159 182 208
174 196 221
181 200 221
173 190 209
186 202 219
172 188 201
238 251 3
129 141 147
144 154 155
142 151 155
142 145 153
151 154 155
152 150 155
155 153 155
155 153 155
155 154 155
155 154 155
155 154 155
155 155 155
155 155 155
155 155 155
155 155 155
155 155 155
155 155 155
155 155 155
155 155 155
155 155 155
155 155 155
155 155 155
155 155 155
155 155 155
155 155 155
155 155 155
155 155 155
155 155 155
155 155 155
155 155 155
155 155 154
147 146 142
155 155 151
155 155 152
142 143 139
151 153 153
147 149 149
151 155 155
145 150 153
150 154 155
118 124 131
106 113 122
97 103 114
116 124 137
143 152 155
142 151 155
144 153 155
150 154 155
153 155 155
153 155 155
153 155 155
155 155 155
155 155 155
155 155 155
155 155 155
155 155 155
155 155 155
155 155 155
155 155 155
155 155 155
155 155 155
153 155 155
153 155 155
155 155 155
155 155 155
155 155 155
155 155 155
155 155 155
155 155 155
155 155 155
155 155 155
155 155 155
155 155 155
155 155 155
155 155 155
155 155 155
155 155 155
155 155 155
155 155 155
155 155 155
155 155 155
155 155 155
155 155 155
155 155 155
155 155 155
155 155 155
155 155 155
155 155 155
155 155 155
155 155 155
155 155 155
155 155 155
155 155 155
155 155 155
155 155 155
155 155 155
155 155 155
155 155 155
155 155 155
155 155 155
155 155 155
155 155 155
155 155 155
155 155 155
155 155 155
155 155 155
155 155 155
155 155 155
155 155 155
155 155 155
155 155 155
155 155 155
155 155 155
155 155 155
155 155 155
155 155 155
155 155 155
155 155 155
155 155 155
155 155 155
155 155 155
155 155 155
155 155 155
155 155 155
155 155 155
155 155 155
155 155 155
155 155 155
155 155 155
155 155 155
155 155 155
155 155 155
155 155 155
155 155 155
155 155 155
155 155 155
155 155 155
155 155 155
155 155 155
155 155 155
155 155 155
155 155 155
155 155 155
155 155 155
155 155 155
155 155 155
155 155 155
155 155 155
155 155 155
155 155 155
155 155 155
155 155 155
155 155 155
155 155 155
155 155 155
155 155 155
155 155 155
155 155 155
155 155 155
155 155 155
155 155 155
155 155 155
155 155 155
155 155 155
155 155 155
155 155 155
155 155 155
155 155 155
155 155 155
155 155 155
155 155 155
155 155 155
155 155 155
155 155 155
155 155 155
155 155 155
155 155 155
155 155 154
155 155 154
155 155 154
155 155 154
155 155 152
155 155 152
155 155 154
155 155 155
153 155 155
145 148 152
150 153 155
146 153 155
94 103 116
245 2 18
196 210 228
223 240 5
231 255 29
192 218 254
161 188 225
186 213 250
192 221 4
167 195 236
166 193 237
169 196 240
156 182 222
188 214 251
179 204 238
172 196 224
192 216 238
178 202 220
215 238 254
110 126 139
145 151 155
151 153 155
153 152 155
150 149 155
153 152 155
149 149 155
135 136 140
153 154 155
155 154 155
155 154 155
155 155 155
155 155 155
155 155 154
155 155 154
155 155 154
155 155 154
155 155 154
143 138 137
150 145 144
155 155 152
155 151 148
155 153 148
144 140 135
248 245 241
0 254 254
26 27 31
200 202 212
174 180 193
181 188 208
166 173 198
156 156 184
160 170 194
156 163 180
156 166 178
156 168 182
158 174 190
163 182 203
170 193 215
178 201 227
181 205 233
173 197 225
169 192 218
167 189 214
160 181 203
160 177 196
180 196 213
169 182 196
239 251 5
104 114 121
148 154 155
142 146 151
150 154 155
132 132 138
152 151 155
155 153 155
155 149 154
155 154 155
155 154 155
155 154 155
155 154 155
155 155 155
155 155 155
155 155 155
155 155 155
155 155 155
155 155 155
155 155 155
155 155 155
155 155 155
155 155 155
155 155 155
155 155 155
155 155 155
155 155 155
155 155 155
155 155 155
155 155 155
155 155 155
155 155 155
155 155 154
152 153 149
155 155 151
155 155 152
153 154 150
153 155 154
147 149 149
153 155 155
134 138 139
151 154 155
144 147 152
150 153 155
150 153 155
148 153 155
148 152 155
141 145 155
141 144 152
153 155 155
155 155 155
155 155 155
155 155 155
155 155 155
155 155 155
155 155 155
155 155 155
155 155 155
155 155 155
155 155 155
155 155 155
155 155 155
155 155 155
153 155 155
153 155 155
155 155 155
155 155 155
155 155 155
155 155 155
155 155 155
155 155 155
155 155 155
155 155 155
155 155 155
155 155 155
155 155 155
155 155 155
155 155 155
155 155 155
155 155 155
155 155 155
155 155 155
155 155 155
155 155 155
155 155 155
155 155 155
155 155 155
155 155 155
155 155 155
155 155 155
155 155 155
155 155 155
155 155 155
155 155 155
155 155 155
155 155 155
155 155 155
155 155 155
155 155 155
155 155 155
155 155 155
155 155 155
155 155 155
155 155 155
155 155 155
155 155 155
155 155 155
155 155 155
155 155 155
155 155 155
155 155 155
155 155 155
155 155 155
155 155 155
155 155 155
155 155 155
155 155 155
155 155 155
155 155 155
155 155 155
155 155 155
155 155 155
155 155 155
155 155 155
155 155 155
155 155 155
155 155 155
155 155 155
155 155 155
155 155 155
155 155 155
155 155 155
155 155 155
155 155 155
155 155 155
155 155 155
155 155 155
155 155 155
155 155 155
155 155 155
155 155 155
155 155 155
155 155 155
155 155 155
155 155 155
155 155 155
155 155 155
155 155 155
155 155 155
155 155 155
155 155 155
155 155 155
155 155 155
155 155 155
155 155 155
155 155 155
155 155 155
155 155 155
155 155 155
155 155 155
155 155 155
155 155 155
155 155 155
155 155 155
155 155 155
155 155 155
155 155 155
155 155 155
155 155 155
155 155 155
155 155 155
155 155 155
155 155 155
155 155 155
155 155 155
155 155 155
155 155 155
155 155 155
155 155 155
155 155 154
155 155 154
155 155 152
155 155 152
155 155 152
155 155 152
155 155 154
155 155 155
153 155 155
150 155 155
132 138 145
115 124 134
14 25 39
242 255 15
232 246 8
246 8 31
197 220 252
174 200 236
170 197 234
194 221 2
191 217 1
169 195 235
165 190 232
166 191 231
158 182 218
156 179 211
182 203 231
167 188 210
187 205 222
35 53 64
133 151 155
142 154 155
142 144 152
151 147 153
155 152 155
155 153 155
155 153 155
155 153 155
154 153 155
155 154 155
155 154 155
155 154 155
155 155 155
155 155 155
155 155 154
155 155 152
155 155 152
155 155 152
150 148 148
155 154 155
155 152 154
144 139 140
155 155 154
126 123 119
238 235 231
206 203 199
17 15 15
237 238 242
175 176 186
179 182 196
163 168 189
162 167 192
161 168 195
156 156 181
159 169 186
159 173 185
160 175 191
162 180 197
165 186 208
170 194 218
175 199 227
177 203 233
168 192 220
177 200 226
171 194 216
166 185 206
195 211 228
156 161 175
20 30 40
140 148 155
150 154 155
149 152 155
146 147 151
153 154 155
151 147 152
154 151 153
155 154 155
149 142 145
155 153 155
155 154 155
155 154 155
155 155 155
155 155 155
153 155 155
153 155 155
153 155 155
155 155 155
155 155 155
155 155 155
155 155 155
155 155 155
155 155 155
155 155 155
155 155 155
155 155 155
155 155 155
155 155 155
155 155 155
155 155 155
155 155 155
155 155 155
155 155 154
155 155 152
153 155 152
153 155 152
152 155 151
150 151 149
155 155 154
153 153 153
152 154 154
153 155 155
151 153 154
153 154 155
149 150 154
149 149 155
153 153 155
150 150 155
155 154 155
155 155 155
155 155 154
155 155 154
155 155 154
155 155 155
155 155 155
155 155 155
155 155 155
153 155 155
153 155 155
153 155 155
153 155 155
155 155 155
155 155 155
155 155 155
155 155 155
155 155 155
155 155 155
155 155 155
155 155 155
155 155 155
155 155 155
155 155 155
155 155 155
155 155 155
155 155 155
155 155 155
155 155 155
155 155 155
155 155 155
155 155 155
155 155 155
155 155 155
155 155 155
155 155 155
155 155 155
155 155 155
155 155 155
155 155 155
155 155 155
155 155 155
155 155 155
155 155 155
155 155 155
155 155 155
155 155 155
155 155 155
155 155 155
155 155 155
155 155 155
155 155 155
155 155 155
155 155 155
155 155 155
155 155 155
155 155 155
155 155 155
155 155 155
155 155 155
155 155 155
155 155 155
155 155 155
155 155 155
155 155 155
155 155 155
155 155 155
155 155 155
155 155 155
155 155 155
155 155 155
155 155 155
155 155 155
155 155 155
155 155 155
155 155 155
155 155 155
155 155 155
155 155 155
155 155 155
155 155 155
155 155 155
155 155 155
155 155 155
155 155 155
155 155 155
155 155 155
155 155 155
155 155 155
155 155 155
155 155 155
155 155 155
155 155 155
155 155 155
155 155 155
155 155 155
155 155 155
155 155 155
155 155 155
155 155 155
155 155 155
155 155 155
155 155 155
155 155 155
155 155 155
155 155 155
155 155 155
155 155 155
155 155 155
155 155 155
155 155 155
155 155 155
155 155 155
155 155 155
155 155 155
155 155 155
155 155 155
155 155 155
155 155 155
155 155 155
155 155 155
155 155 155
155 155 155
155 155 155
155 155 155
155 155 155
155 155 155
155 155 155
155 155 155
155 155 155
155 155 155
155 155 154
155 155 154
155 155 152
155 155 152
155 155 152
155 155 152
155 155 154
155 155 155
153 155 155
148 152 155
137 143 150
36 45 55
6 17 31
16 30 48
32 47 66
218 236 3
171 194 226
170 196 232
180 207 244
189 216 253
182 208 248
169 194 234
164 189 229
164 188 224
185 208 240
170 191 219
165 183 206
2 18 35
112 128 140
141 155 155
138 150 152
145 153 153
155 154 155
154 148 153
155 152 155
155 153 155
152 148 154
155 153 155
155 154 155
149 148 152
155 154 155
155 154 155
155 155 155
155 155 154
155 155 154
155 155 152
155 155 151
155 155 152
153 150 152
155 154 155
153 149 154
155 154 155
60 58 58
234 230 229
228 224 223
234 232 231
8 8 8
172 173 177
176 177 187
158 161 175
156 160 179
167 171 195
165 169 197
156 161 186
166 176 193
166 179 193
166 182 199
166 186 204
169 190 212
171 194 220
171 198 225
173 199 229
168 192 220
170 193 219
180 201 223
191 208 227
171 187 200
103 113 123
146 154 155
150 154 155
151 152 155
150 149 153
155 153 155
155 154 155
155 154 155
154 147 150
155 149 152
155 153 155
155 153 155
155 154 155
155 154 155
155 155 155
153 155 155
151 155 155
151 155 155
151 155 155
153 155 155
155 155 155
155 155 155
155 155 155
155 155 155
155 155 155
155 155 155
155 155 155
155 155 155
155 155 155
155 155 155
155 155 155
155 155 155
155 155 155
155 155 155
155 155 155
153 155 154
153 155 152
152 155 151
151 155 150
138 139 137
155 155 154
143 143 143
155 155 155
155 155 155
154 152 152
148 146 146
151 149 149
155 154 155
155 154 155
155 152 154
148 143 144
155 155 154
155 155 152
155 155 154
155 155 154
155 155 155
155 155 155
155 155 155
155 155 155
153 155 155
153 155 155
153 155 155
153 155 155
155 155 155
155 155 155
155 155 155
155 155 155
155 155 155
155 155 155
155 155 155
155 155 155
155 155 155
155 155 155
155 155 155
155 155 155
155 155 155
155 155 155
155 155 155
155 155 155
155 155 155
155 155 155
155 155 155
155 155 155
155 155 155
155 155 155
155 155 155
155 155 155
155 155 155
155 155 155
155 155 155
155 155 155
155 155 155
155 155 155
155 155 155
155 155 155
155 155 155
155 155 155
155 155 155
155 155 155
155 155 155
155 155 155
155 155 155
155 155 155
155 155 155
155 155 155
155 155 155
155 155 155
155 155 155
155 155 155
155 155 155
155 155 155
155 155 155
155 155 155
155 155 155
155 155 155
155 155 155
155 155 155
155 155 155
155 155 155
155 155 155
155 155 155
155 155 155
155 155 155
155 155 155
155 155 155
155 155 155
155 155 155
155 155 155
155 155 155
155 155 155
155 155 155
155 155 155
155 155 155
155 155 155
155 155 155
155 155 155
155 155 155
155 155 155
155 155 155
155 155 155
155 155 155
155 155 155
155 155 155
155 155 155
155 155 155
155 155 155
155 155 155
155 155 155
155 155 155
155 155 155
155 155 155
155 155 155
155 155 155
155 155 155
155 155 155
155 155 155
155 155 155
155 155 155
155 155 155
155 155 155
155 155 155
155 155 155
155 155 155
155 155 155
155 155 155
155 155 155
155 155 155
155 155 155
155 155 155
155 155 155
155 155 155
155 155 155
155 155 155
155 155 155
155 155 155
155 155 155
155 155 155
155 155 155
155 155 155
155 155 155
155 155 155
155 155 154
155 155 154
155 155 152
155 155 152
155 155 152
155 155 152
155 155 154
155 155 155
153 155 155
139 143 148
135 142 151
252 5 18
25 38 54
16 30 48
15 30 49
181 201 226
173 196 228
177 203 239
180 206 243
173 199 236
167 193 230
163 189 226
162 185 223
167 189 224
156 174 205
180 200 225
201 216 235
89 103 115
143 155 155
144 155 155
143 152 149
151 155 154
150 145 147
150 143 146
155 153 155
155 153 155
155 153 155
152 148 153
155 154 155
155 154 155
155 154 155
155 154 155
155 155 155
155 155 154
155 155 154
155 155 152
155 155 151
155 155 154
155 154 155
153 152 155
155 153 155
72 71 75
216 214 214
210 208 208
250 248 248
27 25 25
214 213 215
162 163 167
178 179 189
156 158 172
167 171 190
172 176 200
158 162 190
170 177 202
167 179 197
167 182 198
168 186 203
168 189 210
170 192 217
171 196 222
171 198 225
173 199 229
163 187 215
172 195 221
164 185 206
215 231 248
139 151 155
131 140 149
136 142 147
151 154 155
151 150 152
155 154 155
155 154 155
155 148 151
155 153 155
155 147 148
155 152 153
155 154 155
155 154 155
155 154 155
155 154 155
155 155 155
153 155 155
151 155 155
150 155 155
150 155 155
153 155 155
155 155 155
155 155 155
155 155 155
155 155 155
155 155 155
155 155 155
155 155 155
155 155 155
155 155 155
155 155 155
155 155 155
155 155 155
155 155 155
155 155 155
155 155 155
153 155 154
151 155 154
152 155 153
153 155 154
155 155 154
155 155 154
155 155 154
155 155 154
155 155 154
155 155 154
155 155 154
155 155 154
155 151 150
152 147 146
155 154 154
155 154 154
155 155 152
155 155 151
155 155 152
155 155 152
155 155 154
155 155 155
155 155 155
153 155 155
153 155 155
153 155 155
153 155 155
153 155 155
155 155 155
155 155 155
155 155 155
155 155 155
155 155 155
155 155 155
155 155 155
155 155 155
155 155 155
155 155 155
155 155 155
155 155 155
155 155 155
155 155 155
155 155 155
155 155 155
155 155 155
155 155 155
155 155 155
155 155 155
155 155 155
155 155 155
155 155 155
155 155 155
155 155 155
155 155 155
155 155 155
155 155 155
155 155 155
155 155 155
155 155 155
155 155 155
155 155 155
155 155 155
155 155 155
155 155 155
155 155 155
155 155 155
155 155 155
155 155 155
155 155 155
155 155 155
155 155 155
155 155 155
155 155 155
155 155 155
155 155 155
155 155 155
155 155 155
155 155 155
155 155 155
155 155 155
155 155 155
155 155 155
155 155 155
155 155 155
155 155 155
155 155 155
155 155 155
155 155 155
155 155 155
155 155 155
155 155 155
155 155 155
155 155 155
155 155 155
155 155 155
155 155 155
155 155 155
155 155 155
155 155 155
155 155 155
155 155 155
155 155 155
155 155 155
155 155 155
155 155 155
155 155 155
155 155 155
155 155 155
155 155 155
155 155 155
155 155 155
155 155 155
155 155 155
155 155 155
155 155 155
155 155 155
155 155 155
155 155 155
155 155 155
155 155 155
155 155 155
155 155 155
155 155 155
155 155 155
155 155 155
155 155 155
155 155 155
155 155 155
155 155 155
155 155 155
155 155 155
155 155 155
155 155 155
155 155 155
155 155 155
155 155 155
155 155 155
155 155 155
155 155 155
155 155 155
155 155 155
155 155 155
155 155 155
155 155 155
155 155 155
155 155 155
155 155 154
155 155 152
155 155 152
155 155 152
155 155 154
155 155 154
155 155 155
153 155 155
151 154 155
146 152 155
102 111 121
17 26 40
5 17 35
252 11 30
198 215 236
183 202 229
186 211 245
184 211 248
174 201 238
156 182 219
156 182 217
158 184 220
158 183 217
173 194 225
168 187 214
190 207 228
215 228 244
143 154 155
146 155 155
150 155 155
152 155 151
153 154 150
155 154 155
155 153 155
148 143 145
148 143 145
155 154 155
155 154 155
154 153 155
155 154 155
155 154 155
155 154 155
155 155 155
155 155 155
155 155 154
155 155 152
155 155 152
155 155 154
153 151 155
153 152 155
116 116 122
243 244 248
199 198 200
14 13 15
64 63 65
239 241 242
172 173 177
176 179 184
171 176 185
186 192 205
164 171 188
168 175 195
172 178 201
170 181 203
164 179 198
164 181 200
166 186 204
170 191 212
172 194 219
175 199 223
177 200 226
178 201 227
162 182 207
182 200 223
34 49 68
139 152 155
130 140 150
146 154 155
150 155 155
147 151 152
155 154 155
155 152 154
148 143 145
155 154 155
155 154 155
155 151 152
155 154 155
143 137 138
155 154 155
155 154 155
155 155 155
155 155 155
153 155 155
151 155 155
150 155 155
151 155 155
153 155 155
155 155 155
155 155 155
155 155 155
155 155 155
155 155 155
155 155 155
155 155 155
155 155 155
155 155 155
155 155 155
155 155 155
155 155 155
155 155 155
155 155 155
155 155 155
148 151 149
153 155 154
137 140 138
153 155 154
155 155 154
144 145 143
155 155 154
142 140 139
155 153 152
154 151 147
148 144 143
155 155 151
155 155 154
155 155 152
155 154 154
150 145 142
155 155 152
155 155 152
155 155 152
155 155 154
155 155 154
155 155 155
155 155 155
153 155 155
153 155 155
153 155 155
153 155 155
153 155 155
155 155 155
155 155 155
155 155 155
155 155 155
155 155 155
155 155 155
155 155 155
155 155 155
155 155 155
155 155 155
155 155 155
155 155 155
155 155 155
155 155 155
155 155 155
155 155 155
155 155 155
155 155 155
155 155 155
155 155 155
155 155 155
155 155 155
155 155 155
155 155 155
155 155 155
155 155 155
155 155 155
155 155 155
155 155 155
155 155 155
155 155 155
155 155 155
155 155 155
155 155 155
155 155 155
155 155 155
155 155 155
155 155 155
155 155 155
155 155 155
155 155 155
155 155 155
155 155 155
155 155 155
155 155 155
155 155 155
155 155 155
155 155 155
155 155 155
155 155 155
155 155 155
155 155 155
155 155 155
155 155 155
155 155 155
155 155 155
155 155 155
155 155 155
155 155 155
155 155 155
155 155 155
155 155 155
155 155 155
155 155 155
155 155 155
155 155 155
155 155 155
155 155 155
155 155 155
155 155 155
155 155 155
155 155 155
155 155 155
155 155 155
155 155 155
155 155 155
155 155 155
155 155 155
155 155 155
155 155 155
155 155 155
155 155 155
155 155 155
155 155 155
155 155 155
155 155 155
155 155 155
155 155 155
155 155 155
155 155 155
155 155 155
155 155 155
155 155 155
155 155 155
155 155 155
155 155 155
155 155 155
155 155 155
155 155 155
155 155 155
155 155 155
155 155 155
155 155 155
155 155 155
155 155 155
155 155 155
155 155 155
155 155 155
155 155 155
155 155 155
155 155 155
155 155 155
155 155 155
155 155 155
155 155 155
155 155 155
155 155 155
155 155 154
155 155 152
155 155 152
155 155 152
155 155 154
155 154 155
155 154 155
153 154 155
151 154 155
150 152 155
144 150 155
22 31 45
246 0 18
234 248 11
230 244 11
192 208 231
226 247 19
200 226 6
181 212 251
168 200 236
161 193 228
157 188 221
156 184 215
163 190 217
176 200 222
183 205 223
202 218 234
12 24 34
146 154 155
151 154 155
155 155 155
155 154 153
155 155 154
155 155 155
155 155 155
155 155 155
155 155 155
155 155 155
155 155 155
155 154 155
155 155 155
155 155 155
155 155 155
155 155 155
155 155 155
155 155 155
155 155 154
155 155 154
155 155 155
155 154 155
155 153 155
52 53 57
225 226 230
233 234 238
74 77 81
243 246 251
172 176 181
182 188 195
179 186 195
176 185 195
175 184 197
173 184 198
171 184 200
172 185 201
170 186 203
177 198 220
156 176 198
165 188 210
198 219 241
167 185 208
169 186 207
189 203 225
156 161 180
2 12 30
110 120 137
144 152 155
137 146 155
143 151 155
148 154 155
148 155 155
150 155 155
155 154 155
155 155 155
155 155 155
155 155 155
155 155 155
155 155 155
155 155 155
155 155 155
155 155 155
155 155 155
155 155 155
155 155 155
155 155 155
153 155 155
153 155 155
153 155 155
155 155 155
155 155 155
155 155 155
155 155 155
155 155 155
155 155 155
155 155 155
155 155 155
155 155 155
155 155 155
155 155 155
155 155 155
155 155 155
155 155 155
155 155 155
155 155 155
155 155 155
155 155 155
155 155 155
155 155 155
155 155 155
155 155 155
155 155 155
155 155 155
155 155 155
155 155 154
155 155 155
155 155 154
155 155 155
155 155 154
155 155 155
155 155 154
155 155 154
155 155 154
155 155 154
155 155 155
155 155 155
155 155 155
155 155 155
155 155 155
155 155 155
155 155 155
155 155 155
155 155 155
155 155 155
155 155 155
155 155 155
155 155 155
155 155 155
155 155 155
155 155 155
155 155 155
155 155 155
155 155 155
155 155 155
155 155 155
155 155 155
155 155 155
155 155 155
155 155 155
155 155 155
155 155 155
155 155 155
155 155 155
155 155 155
155 155 155
155 155 155
155 155 155
155 155 155
155 155 155
155 155 155
155 155 155
155 155 155
155 155 155
155 155 155
155 155 155
155 155 155
155 155 155
155 155 155
155 155 155
155 155 155
155 155 155
155 155 155
155 155 155
155 155 155
155 155 155
155 155 155
155 155 155
155 155 155
155 155 155
155 155 155
155 155 155
155 155 155
155 155 155
155 155 155
155 155 155
155 155 155
155 155 155
155 155 155
155 155 155
155 155 155
155 155 155
155 155 155
155 155 155
155 155 155
155 155 155
155 155 155
155 155 155
155 155 155
155 155 155
155 155 155
155 155 155
155 155 155
155 155 155
155 155 155
155 155 155
155 155 155
155 155 155
155 155 155
155 155 155
155 155 155
155 155 155
155 155 155
155 155 155
155 155 155
155 155 155
155 155 155
155 155 155
155 155 155
155 155 155
155 155 155
155 155 155
155 155 155
155 155 155
155 155 155
155 155 155
155 155 155
155 155 155
155 155 155
155 155 155
155 155 155
155 155 155
155 155 155
155 155 155
155 155 155
155 155 155
155 155 155
155 155 155
155 155 155
155 155 155
155 155 155
155 155 155
155 155 155
155 155 155
155 155 155
155 155 155
155 155 155
155 155 155
155 155 155
155 155 155
155 155 155
155 155 154
155 155 152
155 155 151
155 155 152
155 155 154
155 154 155
155 154 155
153 153 155
150 152 155
148 152 155
127 134 149
249 1 18
234 245 9
0 13 35
24 38 61
2 17 43
238 3 31
225 251 31
202 234 14
181 213 248
169 202 235
165 194 225
163 192 219
176 202 226
191 215 233
189 210 225
198 214 226
40 51 59
148 154 155
153 154 155
155 154 155
155 151 152
155 153 152
155 155 155
155 155 155
155 155 155
155 155 155
155 155 155
155 155 155
155 155 155
155 155 155
155 155 155
155 155 155
155 155 155
155 155 155
155 155 155
155 155 155
155 155 155
155 155 155
148 147 151
151 150 154
10 11 15
211 212 216
10 13 18
2 6 11
180 183 191
183 191 198
188 194 205
184 194 204
182 191 204
177 189 201
172 185 199
169 182 196
164 180 193
160 178 195
156 169 191
180 204 228
168 190 215
156 174 196
181 195 217
159 173 192
240 247 10
99 106 123
136 142 155
148 152 155
148 153 155
140 146 153
150 154 155
148 155 155
144 151 154
144 149 150
153 155 155
155 155 155
155 155 155
155 155 155
155 155 155
155 155 155
155 155 155
155 155 155
155 155 155
155 155 155
155 155 155
155 155 155
155 155 155
155 155 155
155 155 155
155 155 155
155 155 155
155 155 155
155 155 155
155 155 155
155 155 155
155 155 155
155 155 155
155 155 155
155 155 155
155 155 155
155 155 155
155 155 155
155 155 155
155 155 155
155 155 155
155 155 155
155 155 155
155 155 155
155 155 155
155 155 155
155 155 155
155 155 155
155 155 155
155 155 155
155 155 155
155 155 155
155 155 155
155 155 155
155 155 155
155 155 155
155 155 155
155 155 155
155 155 155
155 155 155
155 155 155
155 155 155
155 155 155
155 155 155
155 155 155
155 155 155
155 155 155
155 155 155
155 155 155
155 155 155
155 155 155
155 155 155
155 155 155
155 155 155
155 155 155
155 155 155
155 155 155
155 155 155
155 155 155
155 155 155
155 155 155
155 155 155
155 155 155
155 155 155
155 155 155
155 155 155
155 155 155
155 155 155
155 155 155
155 155 155
155 155 155
155 155 155
155 155 155
155 155 155
155 155 155
155 155 155
155 155 155
155 155 155
155 155 155
155 155 155
155 155 155
155 155 155
155 155 155
155 155 155
155 155 155
155 155 155
155 155 155
155 155 155
155 155 155
155 155 155
155 155 155
155 155 155
155 155 155
155 155 155
155 155 155
155 155 155
155 155 155
155 155 155
155 155 155
155 155 155
155 155 155
155 155 155
155 155 155
155 155 155
155 155 155
155 155 155
155 155 155
155 155 155
155 155 155
155 155 155
155 155 155
155 155 155
155 155 155
155 155 155
155 155 155
155 155 155
155 155 155
155 155 155
155 155 155
155 155 155
155 155 155
155 155 155
155 155 155
155 155 155
155 155 155
155 155 155
155 155 155
155 155 155
155 155 155
155 155 155
155 155 155
155 155 155
155 155 155
155 155 155
155 155 155
155 155 155
155 155 155
155 155 155
155 155 155
155 155 155
155 155 155
155 155 155
155 155 155
155 155 155
155 155 155
155 155 155
155 155 155
155 155 155
155 155 155
155 155 155
155 155 155
155 155 155
155 155 155
155 155 155
155 155 155
155 155 155
155 155 155
155 155 155
155 155 155
155 155 155
155 155 155
155 155 155
155 155 155
155 155 155
155 155 155
155 155 155
155 155 155
155 155 154
155 155 152
155 155 151
155 155 152
155 155 154
155 154 155
155 154 155
153 153 155
150 152 155
147 151 155
83 90 105
224 232 249
248 3 23
9 22 44
7 21 43
4 20 43
235 254 25
203 228 4
191 219 253
186 215 246
186 216 245
185 212 239
181 207 231
183 208 228
191 214 230
195 214 227
197 212 221
80 89 98
146 152 155
150 151 155
155 153 155
155 152 153
155 150 151
155 155 155
155 155 155
155 155 155
155 155 155
155 155 155
155 155 155
155 155 155
155 155 155
155 155 155
155 155 155
155 155 155
155 155 155
155 155 155
155 155 155
155 155 155
155 155 155
150 149 153
141 140 144
238 239 243
231 232 236
39 42 47
203 207 212
167 170 178
205 213 220
194 200 211
188 198 208
182 191 204
175 187 199
171 184 198
171 184 198
171 187 200
171 187 203
171 192 213
173 196 218
157 178 200
174 193 214
192 206 225
57 69 87
139 146 155
141 146 155
148 152 155
150 152 155
142 145 153
148 152 155
151 154 155
149 154 155
148 153 154
151 155 155
153 155 155
155 155 155
155 155 155
155 155 155
155 155 155
155 155 155
155 155 155
155 155 155
155 155 155
155 155 155
155 155 155
155 155 155
155 155 155
155 155 155
155 155 155
155 155 155
155 155 155
155 155 155
155 155 155
155 155 155
155 155 155
155 155 155
155 155 155
155 155 155
155 155 155
155 155 155
155 155 155
155 155 155
155 155 155
155 155 155
155 155 155
155 155 155
155 155 155
155 155 155
155 155 155
155 155 155
155 155 155
155 155 155
155 155 155
155 155 155
155 155 155
155 155 155
155 155 155
155 155 155
155 155 155
155 155 155
155 155 155
155 155 155
155 155 155
155 155 155
155 155 155
155 155 155
155 155 155
155 155 155
155 155 155
155 155 155
155 155 155
155 155 155
155 155 155
155 155 155
155 155 155
155 155 155
155 155 155
155 155 155
155 155 155
155 155 155
155 155 155
155 155 155
155 155 155
155 155 155
155 155 155
155 155 155
155 155 155
155 155 155
155 155 155
155 155 155
155 155 155
155 155 155
155 155 155
155 155 155
155 155 155
155 155 155
155 155 155
155 155 155
155 155 155
155 155 155
155 155 155
155 155 155
155 155 155
155 155 155
155 155 155
155 155 155
155 155 155
155 155 155
155 155 155
155 155 155
155 155 155
155 155 155
155 155 155
155 155 155
155 155 155
155 155 155
155 155 155
155 155 155
155 155 155
155 155 155
155 155 155
155 155 155
155 155 155
155 155 155
155 155 155
155 155 155
155 155 155
155 155 155
155 155 155
155 155 155
155 155 155
155 155 155
155 155 155
155 155 155
155 155 155
155 155 155
155 155 155
155 155 155
155 155 155
155 155 155
155 155 155
155 155 155
155 155 155
155 155 155
155 155 155
155 155 155
155 155 155
155 155 155
155 155 155
155 155 155
155 155 155
155 155 155
155 155 155
155 155 155
155 155 155
155 155 155
155 155 155
155 155 155
155 155 155
155 155 155
155 155 155
155 155 155
155 155 155
155 155 155
155 155 155
155 155 155
155 155 155
155 155 155
155 155 155
155 155 155
155 155 155
155 155 155
155 155 155
155 155 155
155 155 155
155 155 155
155 155 155
155 155 155
155 155 155
155 155 155
155 155 155
155 155 155
155 155 155
155 155 155
155 155 155
155 155 155
155 155 155
155 155 155
155 155 155
155 155 155
155 155 155
155 155 154
155 155 152
155 155 152
155 155 154
155 155 154
155 154 155
155 154 155
153 153 155
150 153 155
137 141 152
47 55 68
241 249 10
17 29 47
12 23 43
235 248 14
223 237 4
199 216 242
221 244 14
201 225 253
182 206 234
172 197 223
169 193 215
172 196 216
186 208 226
203 224 239
197 215 226
209 221 231
116 126 133
142 148 153
148 149 153
155 154 155
155 154 155
155 154 155
155 155 155
155 155 155
155 155 155
155 155 155
155 155 155
155 155 155
155 155 155
155 155 155
155 155 155
155 155 155
155 155 155
155 155 155
155 155 155
155 155 155
155 155 155
155 155 155
155 154 155
129 128 132
236 237 241
14 15 19
18 21 26
193 197 202
203 206 214
203 211 218
182 188 199
178 188 198
177 186 199
173 185 197
169 182 196
168 181 195
164 180 193
163 179 195
168 188 205
165 187 205
161 178 197
215 230 249
134 146 155
143 151 155
146 151 155
148 152 155
144 146 155
144 146 154
151 154 155
151 154 155
142 144 145
139 144 143
148 153 152
148 153 152
153 155 155
155 155 155
155 155 155
155 155 155
155 155 155
155 155 155
155 155 155
155 155 155
155 155 155
155 155 155
155 155 155
155 155 155
155 155 155
155 155 155
155 155 155
155 155 155
155 155 155
155 155 155
155 155 155
155 155 155
155 155 155
155 155 155
155 155 155
155 155 155
155 155 155
155 155 155
155 155 155
155 155 155
155 155 155
155 155 155
155 155 155
155 155 155
155 155 155
155 155 155
155 155 155
155 155 155
155 155 155
155 155 155
155 155 155
155 155 155
155 155 155
155 155 155
155 155 155
155 155 155
155 155 155
155 155 155
155 155 155
155 155 155
155 155 155
155 155 155
155 155 155
155 155 155
155 155 155
155 155 155
155 155 155
155 155 155
155 155 155
155 155 155
155 155 155
155 155 155
155 155 155
155 155 155
155 155 155
155 155 155
155 155 155
155 155 155
155 155 155
155 155 155
155 155 155
155 155 155
155 155 155
155 155 155
155 155 155
155 155 155
155 155 155
155 155 155
155 155 155
155 155 155
155 155 155
155 155 155
155 155 155
155 155 155
155 155 155
155 155 155
155 155 155
155 155 155
155 155 155
155 155 155
155 155 155
155 155 155
155 155 155
155 155 155
155 155 155
155 155 155
155 155 155
155 155 155
155 155 155
155 155 155
155 155 155
155 155 155
155 155 155
155 155 155
155 155 155
155 155 155
155 155 155
155 155 155
155 155 155
155 155 155
155 155 155
155 155 155
155 155 155
155 155 155
155 155 155
155 155 155
155 155 155
155 155 155
155 155 155
155 155 155
155 155 155
155 155 155
155 155 155
155 155 155
155 155 155
155 155 155
155 155 155
155 155 155
155 155 155
155 155 155
155 155 155
155 155 155
155 155 155
155 155 155
155 155 155
155 155 155
155 155 155
155 155 155
155 155 155
155 155 155
155 155 155
155 155 155
155 155 155
155 155 155
155 155 155
155 155 155
155 155 155
155 155 155
155 155 155
155 155 155
155 155 155
155 155 155
155 155 155
155 155 155
155 155 155
155 155 155
155 155 155
155 155 155
155 155 155
155 155 155
155 155 155
155 155 155
155 155 155
155 155 155
155 155 155
155 155 155
155 155 155
155 155 155
155 155 155
155 155 155
155 155 155
155 155 155
155 155 155
155 155 155
155 155 155
155 155 155
155 155 155
155 155 155
155 155 155
155 155 154
155 155 152
155 155 152
155 155 154
155 155 154
155 154 155
155 154 155
153 153 155
150 153 155
137 141 152
25 33 46
242 250 11
221 233 251
217 228 248
229 243 6
229 243 9
217 234 255
177 195 218
172 193 215
178 199 221
189 210 231
197 217 235
197 217 234
202 221 236
211 229 240
201 216 225
244 255 7
139 147 154
143 147 152
148 149 153
155 154 155
155 154 155
155 154 155
155 155 155
155 155 155
155 155 155
155 155 155
155 155 155
155 155 155
155 155 155
155 155 155
155 155 155
155 155 155
155 155 155
155 155 155
155 155 155
155 155 155
155 155 155
155 155 155
151 150 154
131 130 134
249 250 254
26 27 31
230 233 238
193 197 202
205 208 216
179 187 194
169 175 186
169 179 189
174 183 196
175 187 199
173 186 200
171 184 198
165 181 194
161 178 191
164 180 196
157 175 192
235 250 10
127 140 155
141 152 155
144 152 155
142 146 155
151 152 155
153 152 155
153 154 155
153 154 155
152 154 155
143 143 143
153 155 154
153 155 154
149 152 150
155 155 155
155 155 155
155 155 155
155 155 155
155 155 155
155 155 155
155 155 155
155 155 155
155 155 155
155 155 155
155 155 155
155 155 155
155 155 155
155 155 155
155 155 155
155 155 155
155 155 155
155 155 155
155 155 155
155 155 155
155 155 155
155 155 155
155 155 155
155 155 155
155 155 155
155 155 155
155 155 155
155 155 155
155 155 155
155 155 155
155 155 155
155 155 155
155 155 155
155 155 155
155 155 155
155 155 155
155 155 155
155 155 155
155 155 155
155 155 155
155 155 155
155 155 155
155 155 155
155 155 155
155 155 155
155 155 155
155 155 155
155 155 155
155 155 155
155 155 155
155 155 155
155 155 155
155 155 155
155 155 155
155 155 155
155 155 155
155 155 155
155 155 155
155 155 155
155 155 155
155 155 155
155 155 155
155 155 155
155 155 155
155 155 155
155 155 155
155 155 155
155 155 155
155 155 155
155 155 155
155 155 155
155 155 155
155 155 155
155 155 155
155 155 155
155 155 155
155 155 155
155 155 155
155 155 155
155 155 155
155 155 155
155 155 155
155 155 155
155 155 155
155 155 155
155 155 155
155 155 155
155 155 155
155 155 155
155 155 155
155 155 155
155 155 155
155 155 155
155 155 155
155 155 155
155 155 155
155 155 155
155 155 155
155 155 155
155 155 155
155 155 155
155 155 155
155 155 155
155 155 155
155 155 155
155 155 155
155 155 155
155 155 155
155 155 155
155 155 155
155 155 155
155 155 155
155 155 155
155 155 155
155 155 155
155 155 155
155 155 155
155 155 155
155 155 155
155 155 155
155 155 155
155 155 155
155 155 155
155 155 155
155 155 155
155 155 155
155 155 155
155 155 155
155 155 155
155 155 155
155 155 155
155 155 155
155 155 155
155 155 155
155 155 155
155 155 155
155 155 155
155 155 155
155 155 155
155 155 155
155 155 155
155 155 155
155 155 155
155 155 155
155 155 155
155 155 155
155 155 155
155 155 155
155 155 155
155 155 155
155 155 155
155 155 155
155 155 155
155 155 155
155 155 155
155 155 155
155 155 155
155 155 155
155 155 155
155 155 155
155 155 155
155 155 155
155 155 155
155 155 155
155 155 155
155 155 155
155 155 155
155 155 155
155 155 155
155 155 155
155 155 155
155 155 155
155 155 155
155 155 155
155 155 155
155 155 155
155 155 155
155 155 154
155 155 154
155 155 152
155 155 154
155 155 154
155 154 155
153 155 155
151 154 155
150 153 155
135 140 149
13 22 32
246 255 13
193 203 220
173 185 203
169 183 202
173 187 206
193 208 227
194 210 227
180 196 213
169 185 202
167 183 199
168 185 198
172 189 202
186 202 214
200 217 226
211 224 232
45 57 63
146 155 155
145 150 153
149 150 154
155 154 155
155 154 155
155 154 155
155 155 155
155 155 155
155 155 155
155 155 155
155 155 155
155 155 155
155 155 155
155 155 155
155 155 155
155 155 155
155 155 155
155 155 155
155 155 155
155 155 155
155 155 155
155 155 155
154 153 155
155 154 155
38 39 43
16 17 21
214 217 222
191 195 200
172 175 183
172 180 187
175 181 192
169 179 189
167 176 189
169 181 193
178 191 205
195 208 222
210 226 239
221 237 250
217 233 246
230 246 3
91 103 115
139 148 155
143 152 155
138 142 153
151 152 155
146 145 154
155 154 155
146 145 147
152 149 151
155 155 155
153 151 150
155 155 152
155 155 152
155 155 152
155 155 154
155 155 155
155 155 155
155 155 155
155 155 155
155 155 155
155 155 155
155 155 155
155 155 155
155 155 155
155 155 155
155 155 155
155 155 155
155 155 155
155 155 155
155 155 155
155 155 155
155 155 155
155 155 155
155 155 155
155 155 155
155 155 155
155 155 155
155 155 155
155 155 155
155 155 155
155 155 155
155 155 155
155 155 155
155 155 155
155 155 155
155 155 155
155 155 155
155 155 155
155 155 155
155 155 155
155 155 155
155 155 155
155 155 155
155 155 155
155 155 155
155 155 155
155 155 155
155 155 155
155 155 155
155 155 155
155 155 155
155 155 155
155 155 155
155 155 155
155 155 155
155 155 155
155 155 155
155 155 155
155 155 155
155 155 155
155 155 155
155 155 155
155 155 155
155 155 155
155 155 155
155 155 155
155 155 155
155 155 155
155 155 155
155 155 155
155 155 155
155 155 155
155 155 155
155 155 155
155 155 155
155 155 155
155 155 155
155 155 155
155 155 155
155 155 155
155 155 155
155 155 155
155 155 155
155 155 155
155 155 155
155 155 155
155 155 155
155 155 155
155 155 155
155 155 155
155 155 155
155 155 155
155 155 155
155 155 155
155 155 155
155 155 155
155 155 155
155 155 155
155 155 155
155 155 155
155 155 155
155 155 155
155 155 155
155 155 155
155 155 155
155 155 155
155 155 155
155 155 155
155 155 155
155 155 155
155 155 155
155 155 155
155 155 155
155 155 155
155 155 155
155 155 155
155 155 155
155 155 155
155 155 155
155 155 155
155 155 155
155 155 155
155 155 155
155 155 155
155 155 155
155 155 155
155 155 155
155 155 155
155 155 155
155 155 155
155 155 155
155 155 155
155 155 155
155 155 155
155 155 155
155 155 155
155 155 155
155 155 155
155 155 155
155 155 155
155 155 155
155 155 155
155 155 155
155 155 155
155 155 155
155 155 155
155 155 155
155 155 155
155 155 155
155 155 155
155 155 155
155 155 155
155 155 155
155 155 155
155 155 155
155 155 155
155 155 155
155 155 155
155 155 155
155 155 155
155 155 155
155 155 155
155 155 155
155 155 155
155 155 155
155 155 155
155 155 155
155 155 155
155 155 155
155 155 155
155 155 155
155 155 155
155 155 155
155 155 155
155 155 155
155 155 155
155 155 155
155 155 155
155 155 155
155 155 155
155 155 155
155 155 154
155 155 154
155 155 152
155 155 154
155 155 154
155 154 155
153 155 155
151 154 155
150 153 155
118 123 132
23 32 42
23 32 45
242 253 11
222 235 251
159 173 191
156 156 170
156 156 170
156 162 176
156 161 173
156 167 179
168 180 190
175 190 199
178 193 202
184 200 207
195 209 215
229 241 247
111 122 126
148 154 155
150 153 155
150 151 155
155 154 155
155 154 155
155 154 155
155 155 155
155 155 155
155 155 155
155 155 155
155 155 155
155 155 155
155 155 155
155 155 155
155 155 155
155 155 155
155 155 155
155 155 155
155 155 155
155 155 155
155 155 155
155 155 155
155 154 155
155 154 155
109 110 114
1 2 6
209 212 217
186 190 195
159 162 170
177 185 192
174 180 191
164 174 184
156 165 178
157 169 181
172 185 199
202 215 229
232 248 5
252 12 24
22 34 46
21 33 43
74 83 92
143 150 155
148 154 155
151 153 155
146 146 152
155 153 155
153 150 152
152 150 150
155 154 155
155 155 154
155 153 149
149 149 143
154 154 148
155 155 152
155 155 154
155 155 155
155 155 155
155 155 155
155 155 155
155 155 155
155 155 155
155 155 155
155 155 155
155 155 155
155 155 155
155 155 155
155 155 155
155 155 155
155 155 155
155 155 155
155 155 155
155 155 155
155 155 155
155 155 155
155 155 155
155 155 155
155 155 155
155 155 155
155 155 155
155 155 155
155 155 155
155 155 155
155 155 155
155 155 155
155 155 155
155 155 155
155 155 155
155 155 155
155 155 155
155 155 155
155 155 155
155 155 155
155 155 155
155 155 155
155 155 155
155 155 155
155 155 155
155 155 155
155 155 155
155 155 155
155 155 155
155 155 155
155 155 155
155 155 155
155 155 155
155 155 155
155 155 155
155 155 155
155 155 155
155 155 155
155 155 155
155 155 155
155 155 155
155 155 155
155 155 155
155 155 155
155 155 155
155 155 155
155 155 155
155 155 155
155 155 155
155 155 155
155 155 155
155 155 155
155 155 155
155 155 155
155 155 155
155 155 155
155 155 155
155 155 155
155 155 155
155 155 155
155 155 155
155 155 155
155 155 155
155 155 155
155 155 155
155 155 155
155 155 155
155 155 155
155 155 155
155 155 155
155 155 155
155 155 155
155 155 155
155 155 155
155 155 155
155 155 155
155 155 155
155 155 155
155 155 155
155 155 155
155 155 155
155 155 155
155 155 155
155 155 155
155 155 155
155 155 155
155 155 155
155 155 155
155 155 155
155 155 155
155 155 155
155 155 155
155 155 155
155 155 155
155 155 155
155 155 155
155 155 155
155 155 155
155 155 155
155 155 155
155 155 155
155 155 155
155 155 155
155 155 155
155 155 155
155 155 155
155 155 155
155 155 155
155 155 155
155 155 155
155 155 155
155 155 155
155 155 155
155 155 155
155 155 155
155 155 155
155 155 155
155 155 155
155 155 155
155 155 155
155 155 155
155 155 155
155 155 155
155 155 155
155 155 155
155 155 155
155 155 155
155 155 155
155 155 155
155 155 155
155 155 155
155 155 155
155 155 155
155 155 155
155 155 155
155 155 155
155 155 155
155 155 155
155 155 155
155 155 155
155 155 155
155 155 155
155 155 155
155 155 155
155 155 155
155 155 155
155 155 155
155 155 155
155 155 155
155 155 155
155 155 155
155 155 155
155 155 155
155 155 155
155 155 155
155 155 155
155 155 155
155 155 155
155 155 155
155 155 155
155 155 154
155 155 152
155 155 154
155 155 155
155 154 155
153 155 155
151 154 155
148 154 155
109 115 122
40 47 56
22 31 41
248 1 14
26 37 51
254 11 27
236 249 9
206 219 233
210 219 229
197 206 215
184 193 202
176 188 194
166 177 185
156 167 173
156 166 172
159 171 175
242 253 1
146 155 155
148 155 155
151 154 155
150 151 155
155 154 155
151 146 148
153 150 152
155 155 155
155 155 155
155 155 155
155 155 155
155 155 155
155 155 155
155 155 155
155 155 155
155 155 155
155 155 155
155 155 155
155 155 155
155 155 155
155 155 155
155 155 155
155 155 155
149 148 152
145 144 148
153 154 155
242 243 247
193 196 201
175 179 184
169 172 180
174 182 189
156 161 172
156 159 169
156 157 170
156 163 175
161 174 188
179 192 206
195 211 224
209 223 235
240 251 3
241 251 2
74 82 89
139 145 150
149 152 155
147 148 152
155 153 155
155 154 155
155 154 155
155 155 154
155 155 154
155 155 152
155 155 151
155 155 151
155 155 151
153 152 148
155 155 154
155 155 155
155 155 155
155 155 155
155 155 155
155 155 155
155 155 155
155 155 155
155 155 155
155 155 155
155 155 155
155 155 155
155 155 155
155 155 155
155 155 155
155 155 155
155 155 155
155 155 155
155 155 155
155 155 155
155 155 155
155 155 155
155 155 155
155 155 155
155 155 155
155 155 155
155 155 155
155 155 155
155 155 155
155 155 155
155 155 155
155 155 155
155 155 155
155 155 155
155 155 155
155 155 155
155 155 155
155 155 155
155 155 155
155 155 155
155 155 155
155 155 155
155 155 155
155 155 155
155 155 155
155 155 155
155 155 155
155 155 155
155 155 155
155 155 155
155 155 155
155 155 155
155 155 155
155 155 155
155 155 155
155 155 155
155 155 155
155 155 155
155 155 155
155 155 155
155 155 155
155 155 155
155 155 155
155 155 155
155 155 155
155 155 155
155 155 155
155 155 155
155 155 155
155 155 155
155 155 155
155 155 155
155 155 155
155 155 155
155 155 155
155 155 155
155 155 155
155 155 155
155 155 155
155 155 155
155 155 155
155 155 155
155 155 155
155 155 155
155 155 155
155 155 155
155 155 155
155 155 155
155 155 155
155 155 155
155 155 155
155 155 155
155 155 155
155 155 155
155 155 155
155 155 155
155 155 155
155 155 155
155 155 155
155 155 155
155 155 155
155 155 155
155 155 155
155 155 155
155 155 155
155 155 155
155 155 155
155 155 155
155 155 155
155 155 155
155 155 155
155 155 155
155 155 155
155 155 155
155 155 155
155 155 155
155 155 155
155 155 155
155 155 155
155 155 155
155 155 155
155 155 155
155 155 155
155 155 155
155 155 155
155 155 155
155 155 155
155 155 155
155 155 155
155 155 155
155 155 155
155 155 155
155 155 155
155 155 155
155 155 155
155 155 155
155 155 155
155 155 155
155 155 155
155 155 155
155 155 155
155 155 155
155 155 155
155 155 155
155 155 155
155 155 155
155 155 155
155 155 155
155 155 155
155 155 155
155 155 155
155 155 155
155 155 155
155 155 155
155 155 155
155 155 155
155 155 155
155 155 155
155 155 155
155 155 155
155 155 155
155 155 155
155 155 155
155 155 155
155 155 155
155 155 155
155 155 155
155 155 155
155 155 155
155 155 155
155 155 155
155 155 155
155 155 155
155 155 155
155 155 155
155 155 155
155 155 155
155 155 155
155 155 154
154 152 151
153 151 151
155 155 155
155 154 155
153 155 155
144 147 151
139 145 150
95 101 108
37 44 53
24 33 43
4 13 26
8 20 32
21 32 46
255 10 24
192 204 216
176 183 192
171 179 186
165 173 180
174 185 189
181 191 198
183 195 199
180 191 195
188 200 202
36 48 50
146 155 155
143 150 153
145 149 150
153 155 155
155 154 155
155 152 154
155 153 155
155 155 155
155 155 155
155 155 155
155 155 155
155 155 155
155 155 155
155 155 155
155 155 155
155 155 155
155 155 155
155 155 155
155 155 155
155 155 155
155 155 155
155 155 155
155 155 155
152 151 155
155 154 155
152 153 155
42 43 47
177 180 185
188 192 197
195 198 206
184 192 199
170 176 187
168 178 188
164 173 186
161 173 185
156 156 167
156 156 168
171 187 200
164 178 190
198 210 216
204 213 217
126 132 137
142 147 150
136 137 141
155 154 155
155 154 155
155 154 155
155 154 155
155 155 154
155 155 154
155 155 152
155 155 151
155 155 151
155 155 151
155 155 152
155 155 154
155 155 155
155 155 155
155 155 155
155 155 155
155 155 155
155 155 155
155 155 155
155 155 155
155 155 155
155 155 155
155 155 155
155 155 155
155 155 155
155 155 155
155 155 155
155 155 155
155 155 155
155 155 155
155 155 155
155 155 155
155 155 155
155 155 155
155 155 155
155 155 155
155 155 155
155 155 155
155 155 155
155 155 155
155 155 155
155 155 155
155 155 155
155 155 155
155 155 155
155 155 155
155 155 155
155 155 155
155 155 155
155 155 155
155 155 155
155 155 155
155 155 155
155 155 155
155 155 155
155 155 155
155 155 155
155 155 155
155 155 155
155 155 155
155 155 155
155 155 155
155 155 155
155 155 155
155 155 155
155 155 155
155 155 155
155 155 155
155 155 155
155 155 155
155 155 155
155 155 155
155 155 155
155 155 155
155 155 155
155 155 155
155 155 155
155 155 155
155 155 155
155 155 155
155 155 155
155 155 155
155 155 155
155 155 155
155 155 155
155 155 155
155 155 155
155 155 155
155 155 155
155 155 155
155 155 155
155 155 155
155 155 155
155 155 155
155 155 155
155 155 155
155 155 155
155 155 155
155 155 155
155 155 155
155 155 155
155 155 155
155 155 155
155 155 155
155 155 155
155 155 155
155 155 155
155 155 155
155 155 155
155 155 155
155 155 155
155 155 155
155 155 155
155 155 155
155 155 155
155 155 155
155 155 155
155 155 155
155 155 155
155 155 155
155 155 155
155 155 155
155 155 155
155 155 155
155 155 155
155 155 155
155 155 155
155 155 155
155 155 155
155 155 155
155 155 155
155 155 155
155 155 155
155 155 155
155 155 155
155 155 155
155 155 155
155 155 155
155 155 155
155 155 155
155 155 155
155 155 155
155 155 155
155 155 155
155 155 155
155 155 155
155 155 155
155 155 155
155 155 155
155 155 155
155 155 155
155 155 155
155 155 155
155 155 155
155 155 155
155 155 155
155 155 155
155 155 155
155 155 155
155 155 155
155 155 155
155 155 155
155 155 155
155 155 155
155 155 155
155 155 155
155 155 155
155 155 155
155 155 155
155 155 155
155 155 155
155 155 155
155 155 155
155 155 155
155 155 155
155 155 155
155 155 155
155 155 155
155 155 155
155 155 155
155 155 155
155 155 155
155 155 155
155 155 155
155 155 155
155 155 155
155 155 155
155 155 155
155 155 155
155 155 154
154 155 153
154 154 154
153 155 155
153 155 155
151 155 155
147 152 155
148 153 155
90 96 101
30 38 45
24 33 42
10 19 29
246 255 12
233 245 1
250 6 18
3 13 23
239 247 254
225 234 238
206 215 219
201 210 214
195 206 210
193 204 208
195 207 209
205 217 219
39 48 51
145 152 155
149 154 155
147 151 152
155 154 155
155 154 155
155 154 155
155 151 153
155 155 155
155 155 155
155 155 155
155 155 155
155 155 155
155 155 155
155 155 155
155 155 155
155 155 155
155 155 155
155 155 155
155 155 155
155 155 155
155 155 155
155 155 155
155 155 155
150 149 153
155 154 155
153 154 155
93 94 98
193 196 201
206 210 215
208 211 219
180 188 195
190 196 207
197 207 217
203 212 225
208 220 232
181 194 208
160 173 187
183 199 212
198 213 222
216 227 231
245 252 255
137 142 145
151 154 155
152 154 155
155 154 155
154 149 150
153 148 149
155 155 154
155 155 154
155 155 152
155 155 152
155 155 152
155 155 151
155 155 151
155 155 152
155 155 154
155 155 155
155 155 155
155 155 155
155 155 155
155 155 155
155 155 155
155 155 155
155 155 155
155 155 155
155 155 155
155 155 155
155 155 155
155 155 155
155 155 155
155 155 155
155 155 155
155 155 155
155 155 155
155 155 155
155 155 155
155 155 155
155 155 155
155 155 155
155 155 155
155 155 155
155 155 155
155 155 155
155 155 155
155 155 155
155 155 155
155 155 155
155 155 155
155 155 155
155 155 155
155 155 155
155 155 155
155 155 155
155 155 155
155 155 155
155 155 155
155 155 155
155 155 155
155 155 155
155 155 155
155 155 155
155 155 155
155 155 155
155 155 155
155 155 155
155 155 155
155 155 155
155 155 155
155 155 155
155 155 155
155 155 155
155 155 155
155 155 155
155 155 155
155 155 155
155 155 155
155 155 155
155 155 155
155 155 155
155 155 155
155 155 155
155 155 155
155 155 155
155 155 155
155 155 155
155 155 155
155 155 155
155 155 155
155 155 155
155 155 155
155 155 155
155 155 155
155 155 155
155 155 155
155 155 155
155 155 155
155 155 155
155 155 155
155 155 155
155 155 155
155 155 155
155 155 155
155 155 155
155 155 155
155 155 155
155 155 155
155 155 155
155 155 155
155 155 155
155 155 155
155 155 155
155 155 155
155 155 155
155 155 155
155 155 155
155 155 155
155 155 155
155 155 155
155 155 155
155 155 155
155 155 155
155 155 155
155 155 155
155 155 155
155 155 155
155 155 155
155 155 155
155 155 155
155 155 155
155 155 155
155 155 155
155 155 155
155 155 155
155 155 155
155 155 155
155 155 155
155 155 155
155 155 155
155 155 155
155 155 155
155 155 155
155 155 155
155 155 155
155 155 155
155 155 155
155 155 155
155 155 155
155 155 155
155 155 155
155 155 155
155 155 155
155 155 155
155 155 155
155 155 155
155 155 155
155 155 155
155 155 155
155 155 155
155 155 155
155 155 155
155 155 155
155 155 155
155 155 155
155 155 155
155 155 155
155 155 155
155 155 155
155 155 155
155 155 155
155 155 155
155 155 155
155 155 155
155 155 155
155 155 155
155 155 155
155 155 155
155 155 155
155 155 155
155 155 155
155 155 155
155 155 155
155 155 155
155 155 155
155 155 155
155 155 155
155 155 155
155 155 155
155 155 155
155 155 155
155 155 155
155 155 155
155 155 155
155 155 155
155 155 154
155 155 154
155 155 155
153 155 155
153 155 155
151 155 155
150 155 155
150 155 155
92 98 103
34 42 49
23 32 41
17 26 35
23 33 43
4 14 24
222 232 242
176 186 196
193 201 208
192 200 207
203 211 218
211 221 228
212 223 227
203 214 218
202 214 216
203 215 217
58 67 70
144 151 154
150 155 155
149 153 154
148 148 148
155 155 155
155 154 155
155 151 152
155 155 155
155 155 155
155 155 155
155 155 155
155 155 155
155 155 155
155 155 155
155 155 155
155 155 155
155 155 155
155 155 155
155 155 155
155 155 155
155 155 155
155 155 155
155 155 155
155 154 155
155 154 155
151 152 155
137 138 142
220 223 228
219 223 228
228 231 239
195 203 210
183 189 200
188 198 208
203 212 225
235 247 3
233 246 4
208 221 235
228 244 1
18 33 42
30 41 45
51 59 59
147 152 153
151 155 155
152 154 155
155 154 155
155 154 155
155 154 155
155 155 154
155 155 154
155 155 154
155 155 152
155 155 152
155 155 152
155 155 152
155 155 152
155 155 154
155 155 155
155 155 155
155 155 155
155 155 155
155 155 155
155 155 155
155 155 155
155 155 155
155 155 155
155 155 155
155 155 155
155 155 155
155 155 155
155 155 155
155 155 155
155 155 155
155 155 155
155 155 155
155 155 155
155 155 155
155 155 155
155 155 155
155 155 155
155 155 155
155 155 155
155 155 155
155 155 155
155 155 155
155 155 155
155 155 155
155 155 155
155 155 155
155 155 155
155 155 155
155 155 155
155 155 155
155 155 155
155 155 155
155 155 155
155 155 155
155 155 155
155 155 155
155 155 155
155 155 155
155 155 155
155 155 155
155 155 155
155 155 155
155 155 155
155 155 155
155 155 155
155 155 155
155 155 155
155 155 155
155 155 155
155 155 155
155 155 155
155 155 155
155 155 155
155 155 155
155 155 155
155 155 155
155 155 155
155 155 155
155 155 155
155 155 155
155 155 155
155 155 155
155 155 155
155 155 155
155 155 155
155 155 155
155 155 155
155 155 155
155 155 155
155 155 155
155 155 155
155 155 155
155 155 155
155 155 155
155 155 155
155 155 155
155 155 155
155 155 155
155 155 155
155 155 155
155 155 155
155 155 155
155 155 155
155 155 155
155 155 155
155 155 155
155 155 155
155 155 155
155 155 155
155 155 155
155 155 155
155 155 155
155 155 155
155 155 155
155 155 155
155 155 155
155 155 155
155 155 155
155 155 155
155 155 155
155 155 155
155 155 155
155 155 155
155 155 155
155 155 155
155 155 155
155 155 155
155 155 155
155 155 155
155 155 155
155 155 155
155 155 155
155 155 155
155 155 155
155 155 155
155 155 155
155 155 155
155 155 155
155 155 155
155 155 155
155 155 155
155 155 155
155 155 155
155 155 155
155 155 155
155 155 155
155 155 155
155 155 155
155 155 155
155 155 155
155 155 155
155 155 155
155 155 155
155 155 155
155 155 155
155 155 155
155 155 155
155 155 155
155 155 155
155 155 155
155 155 155
155 155 155
155 155 155
155 155 155
155 155 155
155 155 155
155 155 155
155 155 155
155 155 155
155 155 155
155 155 155
155 155 155
155 155 155
155 155 155
155 155 155
155 155 155
155 155 155
155 155 155
155 155 155
155 155 155
155 155 155
155 155 155
155 155 155
155 155 155
155 155 155
155 155 155
155 155 155
155 155 155
155 155 155
155 155 155
155 155 155
154 155 153
153 155 154
153 155 155
153 155 155
148 152 153
151 155 155
150 155 155
150 155 155
62 68 73
35 41 46
31 39 46
18 27 36
48 57 66
63 73 83
45 55 65
10 21 29
238 247 0
217 226 235
211 220 229
195 207 213
191 201 208
191 203 207
222 233 237
239 251 253
100 109 112
148 155 155
147 152 153
153 155 155
146 146 146
155 152 153
155 154 155
155 153 154
155 155 155
155 155 155
155 155 155
155 155 155
155 155 155
155 155 155
155 155 155
155 155 155
155 155 155
155 155 155
155 155 155
155 155 155
155 155 155
155 155 155
155 155 155
155 155 155
155 154 155
155 154 155
150 151 155
153 154 155
24 27 32
222 226 231
234 237 245
210 218 225
199 205 216
193 203 213
201 210 223
237 249 5
237 250 8
173 186 200
156 158 171
177 192 201
186 195 199
213 221 221
98 102 103
138 142 143
155 154 155
155 154 155
151 146 147
147 142 143
155 154 155
155 155 154
155 155 154
155 155 154
155 155 154
155 155 152
155 155 154
155 155 154
155 155 155
155 155 155
155 155 155
155 155 155
155 155 155
155 155 155
155 155 155
155 155 155
155 155 155
155 155 155
155 155 155
155 155 155
155 155 155
155 155 155
155 155 155
155 155 155
155 155 155
155 155 155
155 155 155
155 155 155
155 155 155
155 155 155
155 155 155
155 155 155
155 155 155
155 155 155
155 155 155
155 155 155
155 155 155
155 155 155
155 155 155
155 155 155
155 155 155
155 155 155
155 155 155
155 155 155
155 155 155
155 155 155
155 155 155
155 155 155
155 155 155
155 155 155
155 155 155
155 155 155
155 155 155
155 155 155
155 155 155
155 155 155
155 155 155
155 155 155
155 155 155
155 155 155
155 155 155
155 155 155
155 155 155
155 155 155
155 155 155
155 155 155
155 155 155
155 155 155
155 155 155
155 155 155
155 155 155
155 155 155
155 155 155
155 155 155
155 155 155
155 155 155
155 155 155
155 155 155
155 155 155
155 155 155
155 155 155
155 155 155
155 155 155
155 155 155
155 155 155
155 155 155
155 155 155
155 155 155
155 155 155
155 155 155
155 155 155
155 155 155
155 155 155
155 155 155
155 155 155
155 155 155
155 155 155
155 155 155
155 155 155
155 155 155
155 155 155
155 155 155
155 155 155
155 155 155
155 155 155
155 155 155
155 155 155
155 155 155
155 155 155
155 155 155
155 155 155
155 155 155
155 155 155
155 155 155
155 155 155
155 155 155
155 155 155
155 155 155
155 155 155
155 155 155
155 155 155
155 155 155
155 155 155
155 155 155
155 155 155
155 155 155
155 155 155
155 155 155
155 155 155
155 155 155
155 155 155
155 155 155
155 155 155
155 155 155
155 155 155
155 155 155
155 155 155
155 155 155
155 155 155
155 155 155
155 155 155
155 155 155
155 155 155
155 155 155
155 155 155
155 155 155
155 155 155
155 155 155
155 155 155
155 155 155
155 155 155
155 155 155
155 155 155
155 155 155
155 155 155
155 155 155
155 155 155
155 155 155
155 155 155
155 155 155
155 155 155
155 155 155
155 155 155
155 155 155
155 155 155
155 155 155
155 155 155
155 155 155
155 155 155
155 155 155
155 155 155
155 155 155
155 155 155
155 155 155
155 155 155
155 155 155
155 155 155
155 155 155
155 155 155
155 155 155
155 155 155
155 155 155
155 155 155
155 155 155
155 155 155
155 155 155
151 153 153
153 155 155
153 155 155
149 154 153
148 152 153
151 155 155
150 155 155
149 154 155
40 46 51
29 35 40
27 35 42
2 12 19
11 21 28
1 10 19
245 254 7
239 250 2
208 218 228
206 216 226
237 247 1
237 250 2
235 246 254
215 229 235
235 247 253
234 246 250
139 151 153
148 155 155
141 146 147
153 155 155
151 149 149
155 152 153
155 153 152
155 155 154
155 155 155
155 155 155
155 155 155
155 155 155
155 155 155
155 155 155
155 155 155
155 155 155
155 155 155
155 155 155
155 155 155
155 155 155
155 155 155
155 155 155
155 155 155
155 155 155
155 154 155
147 146 150
153 154 155
153 154 155
105 108 113
229 233 238
226 229 237
210 218 225
184 190 201
177 187 197
194 203 216
246 2 14
23 36 50
241 254 12
215 231 244
4 19 28
30 39 43
23 31 31
151 155 155
151 155 155
151 150 152
144 143 145
155 154 155
155 154 155
155 154 155
155 154 155
155 154 155
155 155 155
155 155 155
153 155 154
153 155 155
153 155 155
155 155 155
155 155 155
155 155 155
155 155 155
155 155 155
155 155 155
155 155 155
155 155 155
155 155 155
155 155 155
155 155 155
155 155 155
155 155 155
155 155 155
155 155 155
155 155 155
155 155 155
155 155 155
155 155 155
155 155 155
155 155 155
155 155 155
155 155 155
155 155 155
155 155 155
155 155 155
155 155 155
155 155 155
155 155 155
155 155 155
155 155 155
155 155 155
155 155 155
155 155 155
155 155 155
155 155 155
155 155 155
155 155 155
155 155 155
155 155 155
155 155 155
155 155 155
155 155 155
155 155 155
155 155 155
155 155 155
155 155 155
155 155 155
155 155 155
155 155 155
155 155 155
155 155 155
155 155 155
155 155 155
155 155 155
155 155 155
155 155 155
155 155 155
155 155 155
155 155 155
155 155 155
155 155 155
155 155 155
155 155 155
155 155 155
155 155 155
155 155 155
155 155 155
155 155 155
155 155 155
155 155 155
155 155 155
155 155 155
155 155 155
155 155 155
155 155 155
155 155 155
155 155 155
155 155 155
155 155 155
155 155 155
155 155 155
155 155 155
155 155 155
155 155 155
155 155 155
155 155 155
155 155 155
155 155 155
155 155 155
155 155 155
155 155 155
155 155 155
155 155 155
155 155 155
155 155 155
155 155 155
155 155 155
155 155 155
155 155 155
155 155 155
155 155 155
155 155 155
155 155 155
155 155 155
155 155 155
155 155 155
155 155 155
155 155 155
155 155 155
155 155 155
155 155 155
155 155 155
155 155 155
155 155 155
155 155 155
155 155 155
155 155 155
155 155 155
155 155 155
155 155 155
155 155 155
155 155 155
155 155 155
155 155 155
155 155 155
155 155 155
155 155 155
155 155 155
155 155 155
155 155 155
155 155 155
155 155 155
155 155 155
155 155 155
155 155 155
155 155 155
155 155 155
155 155 155
155 155 155
155 155 155
155 155 155
155 155 155
155 155 155
155 155 155
155 155 155
155 155 155
155 155 155
155 155 155
155 155 155
155 155 155
155 155 155
155 155 155
155 155 155
155 155 155
155 155 155
155 155 155
155 155 155
155 155 155
155 155 155
155 155 155
155 155 155
155 155 155
155 155 155
155 155 155
155 155 155
155 155 155
155 155 155
155 155 155
155 155 155
155 155 155
155 155 155
155 155 155
155 155 155
155 155 155
155 155 155
155 155 155
155 155 155
151 153 153
153 155 155
151 155 155
146 151 150
150 154 155
151 155 155
150 155 155
132 137 140
60 66 71
51 57 62
23 31 38
234 242 249
5 15 22
25 35 42
18 27 36
8 19 27
247 3 15
236 250 6
11 23 35
251 10 19
236 248 2
208 221 229
233 246 254
232 246 252
143 154 155
148 155 155
143 148 149
153 155 155
153 151 151
155 155 154
155 149 149
155 155 154
155 155 155
155 155 155
155 155 155
155 155 155
155 155 155
155 155 155
155 155 155
155 155 155
155 155 155
155 155 155
155 155 155
155 155 155
155 155 155
155 155 155
155 155 155
155 155 155
155 154 155
147 146 150
153 154 155
148 149 153
147 150 155
249 253 2
225 228 236
213 221 228
203 209 220
194 204 214
202 211 224
228 240 252
251 8 22
222 235 249
192 208 221
227 242 251
30 39 43
39 47 47
147 152 153
151 155 155
153 155 155
135 134 136
151 148 150
155 154 155
155 154 155
155 155 155
155 155 155
155 155 155
153 155 155
151 155 155
151 155 155
151 155 155
153 155 155
155 155 155
155 155 155
155 155 155
155 155 155
155 155 155
155 155 155
155 155 155
155 155 155
155 155 155
155 155 155
155 155 155
155 155 155
155 155 155
155 155 155
155 155 155
155 155 155
155 155 155
155 155 155
155 155 155
155 155 155
155 155 155
155 155 155
155 155 155
155 155 155
155 155 155
155 155 155
155 155 155
155 155 155
155 155 155
155 155 155
155 155 155
155 155 155
155 155 155
155 155 155
155 155 155
155 155 155
155 155 155
155 155 155
155 155 155
155 155 155
155 155 155
155 155 155
155 155 155
155 155 155
155 155 155
155 155 155
155 155 155
155 155 155
155 155 155
155 155 155
155 155 155
155 155 155
155 155 155
155 155 155
155 155 155
155 155 155
155 155 155
155 155 155
155 155 155
155 155 155
155 155 155
155 155 155
155 155 155
155 155 155
155 155 155
155 155 155
155 155 155
155 155 155
155 155 155
155 155 155
155 155 155
155 155 155
155 155 155
155 155 155
155 155 155
155 155 155
155 155 155
155 155 155
155 155 155
155 155 155
155 155 155
155 155 155
155 155 155
155 155 155
155 155 155
155 155 155
155 155 155
155 155 155
155 155 155
155 155 155
155 155 155
155 155 155
155 155 155
155 155 155
155 155 155
155 155 155
155 155 155
155 155 155
155 155 155
155 155 155
155 155 155
155 155 155
155 155 155
155 155 155
155 155 155
155 155 155
155 155 155
155 155 155
155 155 155
155 155 155
155 155 155
155 155 155
155 155 155
155 155 155
155 155 155
155 155 155
155 155 155
155 155 155
155 155 155
155 155 155
155 155 155
155 155 155
155 155 155
155 155 155
155 155 155
155 155 155
155 155 155
155 155 155
155 155 155
155 155 155
155 155 155
155 155 155
155 155 155
155 155 155
155 155 155
155 155 155
155 155 155
155 155 155
155 155 155
155 155 155
155 155 155
155 155 155
155 155 155
155 155 155
155 155 155
155 155 155
155 155 155
155 155 155
155 155 155
155 155 155
155 155 155
155 155 155
155 155 155
155 155 155
155 155 155
155 155 155
155 155 155
155 155 155
155 155 155
155 155 155
155 155 155
155 155 155
155 155 155
155 155 155
155 155 155
155 155 155
155 155 155
155 155 155
155 155 155
155 155 155
155 155 155
155 155 155
155 155 155
155 155 155
155 155 155
155 155 155
155 155 155
152 154 154
151 155 155
151 155 155
144 149 148
150 155 155
150 155 155
143 148 151
113 118 121
2 9 12
19 26 29
6 15 19
221 230 234
7 17 24
33 43 50
15 25 32
250 5 13
208 222 234
199 215 228
243 0 14
231 247 4
222 236 248
198 213 222
236 252 3
239 253 3
108 119 123
144 153 155
150 155 155
153 155 155
152 150 150
155 155 154
155 150 150
155 154 154
155 155 155
155 155 155
155 155 155
155 155 155
155 155 155
155 155 155
155 155 155
155 155 155
155 155 155
155 155 155
155 155 155
155 155 155
155 155 155
155 155 155
155 155 155
155 155 155
155 154 155
155 154 155
153 154 155
142 143 147
148 151 155
29 33 38
236 239 247
211 219 226
183 189 200
185 195 205
207 216 229
234 246 2
10 23 37
0 13 27
209 225 238
208 223 232
21 30 34
55 62 65
80 85 88
145 148 152
153 154 155
150 149 153
155 152 154
155 153 155
155 154 155
155 154 155
155 154 155
155 154 155
153 155 155
151 155 155
151 155 155
151 155 155
153 155 155
155 155 155
155 155 155
155 155 155
155 155 155
155 155 155
155 155 155
155 155 155
155 155 155
155 155 155
155 155 155
155 155 155
155 155 155
155 155 155
155 155 155
155 155 155
155 155 155
155 155 155
155 155 155
155 155 155
155 155 155
155 155 155
155 155 155
155 155 155
155 155 155
155 155 155
155 155 155
155 155 155
155 155 155
155 155 155
155 155 155
155 155 155
155 155 155
155 155 155
155 155 155
155 155 155
155 155 155
155 155 155
155 155 155
155 155 155
155 155 155
155 155 155
155 155 155
155 155 155
155 155 155
155 155 155
155 155 155
155 155 155
155 155 155
155 155 155
155 155 155
155 155 155
155 155 155
155 155 155
155 155 155
155 155 155
155 155 155
155 155 155
155 155 155
155 155 155
155 155 155
155 155 155
155 155 155
155 155 155
155 155 155
155 155 155
155 155 155
155 155 155
155 155 155
155 155 155
155 155 155
155 155 155
155 155 155
155 155 155
155 155 155
155 155 155
155 155 155
155 155 155
155 155 155
155 155 155
155 155 155
155 155 155
155 155 155
155 155 155
155 155 155
155 155 155
155 155 155
155 155 155
155 155 155
155 155 155
155 155 155
155 155 155
155 155 155
155 155 155
155 155 155
155 155 155
155 155 155
155 155 155
155 155 155
155 155 155
155 155 155
155 155 155
155 155 155
155 155 155
155 155 155
155 155 155
155 155 155
155 155 155
155 155 155
155 155 155
155 155 155
155 155 155
155 155 155
155 155 155
155 155 155
155 155 155
155 155 155
155 155 155
155 155 155
155 155 155
155 155 155
155 155 155
155 155 155
155 155 155
155 155 155
155 155 155
155 155 155
155 155 155
155 155 155
155 155 155
155 155 155
155 155 155
155 155 155
155 155 155
155 155 155
155 155 155
155 155 155
155 155 155
155 155 155
155 155 155
155 155 155
155 155 155
155 155 155
155 155 155
155 155 155
155 155 155
155 155 155
155 155 155
155 155 155
155 155 155
155 155 155
155 155 155
155 155 155
155 155 155
155 155 155
155 155 155
155 155 155
155 155 155
155 155 155
155 155 155
155 155 155
155 155 155
155 155 155
155 155 155
155 155 155
155 155 155
155 155 155
155 155 155
155 155 155
155 155 155
155 155 155
155 155 155
155 155 155
155 155 155
155 155 155
155 155 155
155 155 155
155 155 155
152 154 154
153 155 155
151 153 153
143 148 147
151 155 155
150 155 155
139 144 147
101 106 109
66 73 76
21 30 34
223 232 236
195 205 212
3 12 21
26 37 45
13 24 32
18 28 38
216 228 240
214 227 241
10 26 39
2 19 32
242 3 16
203 223 234
233 252 4
225 243 250
67 81 87
135 146 150
148 155 155
150 154 155
148 148 148
155 155 154
155 152 151
155 155 154
155 155 155
155 155 155
155 155 155
155 155 155
155 155 155
155 155 155
155 155 155
155 155 155
155 155 155
155 155 155
155 155 155
155 155 155
155 155 155
155 155 155
155 155 155
155 155 155
146 145 147
155 154 155
153 154 155
153 154 155
146 149 154
65 68 73
243 247 252
198 204 211
198 205 214
180 189 198
175 185 195
182 194 204
225 237 249
242 0 12
201 215 227
184 196 206
10 19 23
53 60 63
241 246 249
88 93 96
151 154 155
153 155 155
155 154 155
155 155 155
155 154 155
155 155 155
155 155 155
153 155 155
153 155 155
151 155 155
151 155 155
151 155 155
153 155 155
153 155 155
153 155 155
153 155 155
153 155 155
153 155 155
153 155 155
155 155 155
155 155 155
155 155 155
155 155 155
155 155 155
155 155 155
155 155 155
155 155 155
155 155 155
155 155 155
155 155 155
155 155 155
155 155 155
155 155 155
155 155 155
155 155 155
155 155 155
155 155 155
155 155 155
155 155 155
155 155 155
155 155 155
155 155 155
155 155 155
155 155 155
155 155 155
155 155 155
155 155 155
155 155 155
155 155 155
155 155 155
155 155 155
155 155 155
155 155 155
155 155 155
155 155 155
155 155 155
155 155 155
155 155 155
155 155 155
155 155 155
155 155 155
155 155 155
155 155 155
155 155 155
155 155 155
155 155 155
155 155 155
155 155 155
155 155 155
155 155 155
155 155 155
155 155 155
155 155 155
155 155 155
155 155 155
155 155 155
155 155 155
155 155 155
155 155 155
155 155 155
155 155 155
155 155 155
155 155 155
155 155 155
155 155 155
155 155 155
155 155 155
155 155 155
155 155 155
155 155 155
155 155 155
155 155 155
155 155 155
155 155 155
155 155 155
155 155 155
155 155 155
155 155 155
155 155 155
155 155 155
155 155 155
155 155 155
155 155 155
155 155 155
155 155 155
155 155 155
155 155 155
155 155 155
155 155 155
155 155 155
155 155 155
155 155 155
155 155 155
155 155 155
155 155 155
155 155 155
155 155 155
155 155 155
155 155 155
155 155 155
155 155 155
155 155 155
155 155 155
155 155 155
155 155 155
155 155 155
155 155 155
155 155 155
155 155 155
155 155 155
155 155 155
155 155 155
155 155 155
155 155 155
155 155 155
155 155 155
155 155 155
155 155 155
155 155 155
155 155 155
155 155 155
155 155 155
155 155 155
155 155 155
155 155 155
155 155 155
155 155 155
155 155 155
155 155 155
155 155 155
155 155 155
155 155 155
155 155 155
155 155 155
155 155 155
155 155 155
155 155 155
155 155 155
155 155 155
155 155 155
155 155 155
155 155 155
155 155 155
155 155 155
155 155 155
155 155 155
155 155 155
155 155 155
155 155 155
155 155 155
155 155 155
155 155 155
155 155 155
155 155 155
155 155 155
155 155 155
155 155 155
155 155 155
155 155 155
155 155 155
155 155 155
155 155 155
155 155 155
155 155 155
155 155 155
155 155 155
155 155 155
155 155 155
155 155 155
155 155 155
153 154 152
148 149 147
155 155 154
153 155 155
142 144 145
151 155 155
132 137 140
246 251 254
253 3 8
240 248 255
204 213 222
204 215 223
12 22 32
238 250 4
242 254 10
219 228 241
200 208 221
221 229 242
16 30 42
245 8 21
215 239 251
216 242 254
234 3 13
233 255 10
24 41 50
128 141 149
144 152 155
150 154 155
151 155 155
150 155 154
144 149 147
153 155 154
155 155 155
155 155 155
155 155 155
155 155 155
155 155 155
155 155 155
155 155 155
155 155 155
155 155 155
155 155 155
155 155 155
155 155 155
155 155 155
155 155 155
155 155 155
155 155 155
151 150 152
152 151 153
153 155 155
151 153 154
143 146 150
87 90 94
220 225 228
213 219 224
173 179 184
188 196 203
192 202 209
209 221 227
16 27 35
220 233 241
157 170 178
179 191 197
222 231 234
58 66 66
27 35 35
111 119 119
144 149 150
150 155 155
151 155 155
141 146 144
153 155 155
153 155 154
153 155 154
146 149 147
147 150 148
153 155 154
153 155 152
148 153 151
150 155 155
150 154 155
151 154 155
151 154 155
151 154 155
151 154 155
151 154 155
153 155 155
153 155 155
153 155 155
155 154 155
155 154 155
155 155 155
155 155 155
155 155 155
155 155 155
155 155 155
155 155 155
155 155 155
155 155 155
155 155 155
155 155 155
155 155 155
155 155 155
155 155 155
155 155 155
155 155 155
155 155 155
155 155 155
155 155 155
155 155 155
155 155 155
155 155 155
155 155 155
155 155 155
155 155 155
155 155 155
155 155 155
155 155 155
155 155 155
155 155 155
155 155 155
155 155 155
155 155 155
155 155 155
155 155 155
155 155 155
155 155 155
155 155 155
155 155 155
155 155 155
155 155 155
155 155 155
155 155 155
155 155 155
155 155 155
155 155 155
155 155 155
155 155 155
155 155 155
155 155 155
155 155 155
155 155 155
155 155 155
155 155 155
155 155 155
155 155 155
155 155 155
155 155 155
155 155 155
155 155 155
155 155 155
155 155 155
155 155 155
155 155 155
155 155 155
155 155 155
155 155 155
155 155 155
155 155 155
155 155 155
155 155 155
155 155 155
155 155 155
155 155 155
155 155 155
155 155 155
155 155 155
155 155 155
155 155 155
155 155 155
155 155 155
155 155 155
155 155 155
155 155 155
155 155 155
155 155 155
155 155 155
155 155 155
155 155 155
155 155 155
155 155 155
155 155 155
155 155 155
155 155 155
155 155 155
155 155 155
155 155 155
155 155 155
155 155 155
155 155 155
155 155 155
155 155 155
155 155 155
155 155 155
155 155 155
155 155 155
155 155 155
155 155 155
155 155 155
155 155 155
155 155 155
155 155 155
155 155 155
155 155 155
155 155 155
155 155 155
155 155 155
155 155 155
155 155 155
155 155 155
155 155 155
155 155 155
155 155 155
155 155 155
155 155 155
155 155 155
155 155 155
155 155 155
155 155 155
155 155 155
155 155 155
155 155 155
155 155 155
155 155 155
155 155 155
155 155 155
155 155 155
155 155 155
155 155 155
155 155 155
155 155 155
155 155 155
155 155 155
155 155 155
155 155 155
155 155 155
155 155 155
155 155 155
155 155 155
155 155 155
155 155 155
155 155 155
155 155 155
155 155 155
155 155 155
155 155 155
155 155 155
155 155 155
155 155 155
155 155 155
155 155 155
155 155 155
155 155 155
155 155 155
155 155 155
155 155 155
155 155 155
155 155 154
146 147 143
155 155 154
134 136 136
153 155 155
150 154 155
128 133 136
50 56 61
25 33 40
231 241 248
171 180 190
217 227 237
39 51 63
44 56 68
31 44 58
11 20 33
222 225 239
220 226 237
12 26 38
11 31 42
246 16 28
226 0 11
227 255 10
222 246 2
227 245 0
117 129 139
146 153 155
148 152 155
146 151 154
150 155 155
146 152 151
143 150 147
153 155 155
155 155 155
155 155 155
155 155 155
155 155 155
155 155 155
155 155 155
155 155 155
155 155 155
155 155 155
155 155 155
155 155 155
155 155 155
155 155 155
155 155 155
155 155 155
155 154 155
155 154 155
153 155 155
153 155 155
147 150 154
100 103 107
234 239 242
207 212 215
171 177 182
170 179 183
199 208 212
204 215 219
251 7 13
26 38 44
207 219 225
173 184 188
232 241 244
30 38 38
30 38 38
13 21 21
140 148 147
148 155 155
150 155 155
147 154 151
147 152 150
139 144 142
144 150 145
151 155 152
153 155 152
142 146 141
144 148 142
153 155 154
150 155 155
150 154 155
150 154 155
150 154 155
151 154 155
151 154 155
151 154 155
151 154 155
153 155 155
153 155 155
155 154 155
155 154 155
155 155 155
155 155 155
155 155 155
155 155 155
155 155 155
155 155 155
155 155 155
155 155 155
155 155 155
155 155 155
155 155 155
155 155 155
155 155 155
155 155 155
155 155 155
155 155 155
155 155 155
155 155 155
155 155 155
155 155 155
155 155 155
155 155 155
155 155 155
155 155 155
155 155 155
155 155 155
155 155 155
155 155 155
155 155 155
155 155 155
155 155 155
155 155 155
155 155 155
155 155 155
155 155 155
155 155 155
155 155 155
155 155 155
155 155 155
155 155 155
155 155 155
155 155 155
155 155 155
155 155 155
155 155 155
155 155 155
155 155 155
155 155 155
155 155 155
155 155 155
155 155 155
155 155 155
155 155 155
155 155 155
155 155 155
155 155 155
155 155 155
155 155 155
155 155 155
155 155 155
155 155 155
155 155 155
155 155 155
155 155 155
155 155 155
155 155 155
155 155 155
155 155 155
155 155 155
155 155 155
155 155 155
155 155 155
155 155 155
155 155 155
155 155 155
155 155 155
155 155 155
155 155 155
155 155 155
155 155 155
155 155 155
155 155 155
155 155 155
155 155 155
155 155 155
155 155 155
155 155 155
155 155 155
155 155 155
155 155 155
155 155 155
155 155 155
155 155 155
155 155 155
155 155 155
155 155 155
155 155 155
155 155 155
155 155 155
155 155 155
155 155 155
155 155 155
155 155 155
155 155 155
155 155 155
155 155 155
155 155 155
155 155 155
155 155 155
155 155 155
155 155 155
155 155 155
155 155 155
155 155 155
155 155 155
155 155 155
155 155 155
155 155 155
155 155 155
155 155 155
155 155 155
155 155 155
155 155 155
155 155 155
155 155 155
155 155 155
155 155 155
155 155 155
155 155 155
155 155 155
155 155 155
155 155 155
155 155 155
155 155 155
155 155 155
155 155 155
155 155 155
155 155 155
155 155 155
155 155 155
155 155 155
155 155 155
155 155 155
155 155 155
155 155 155
155 155 155
155 155 155
155 155 155
155 155 155
155 155 155
155 155 155
155 155 155
155 155 155
155 155 155
155 155 155
155 155 155
155 155 155
155 155 155
155 155 155
155 155 155
155 155 155
155 155 155
155 155 155
155 155 155
155 155 155
155 155 155
155 155 154
155 155 154
153 153 153
145 147 147
153 155 155
151 155 155
55 60 63
13 19 24
5 13 20
221 231 238
167 176 186
221 231 241
244 0 12
239 251 7
205 218 232
189 198 211
186 189 203
230 234 245
18 30 42
228 246 1
194 220 232
211 239 250
225 251 7
192 216 228
206 222 234
95 105 115
139 144 153
150 153 155
151 154 155
151 155 155
145 151 150
145 150 148
153 155 155
155 155 155
155 155 155
155 155 155
155 155 155
155 155 155
155 155 155
155 155 155
155 155 155
155 155 155
155 155 155
155 155 155
155 155 155
155 155 155
155 155 155
155 155 155
155 154 155
145 144 146
152 154 155
153 155 155
150 153 155
111 114 118
246 251 254
209 214 217
166 172 177
156 158 162
173 182 186
179 190 194
233 245 251
35 47 53
190 202 208
164 175 179
177 184 187
242 247 248
25 30 31
209 214 215
67 72 73
137 143 142
145 150 149
151 155 155
153 155 154
153 155 154
153 155 154
152 155 153
155 155 152
155 155 152
155 155 152
153 155 154
153 155 155
151 154 155
151 154 155
151 154 155
153 154 155
153 155 155
153 155 155
153 155 155
155 154 155
155 154 155
155 155 155
155 155 155
155 155 155
155 155 155
155 155 155
155 155 155
155 155 155
155 155 155
155 155 155
155 155 155
155 155 155
155 155 155
155 155 155
155 155 155
155 155 155
155 155 155
155 155 155
155 155 155
155 155 155
155 155 155
155 155 155
155 155 155
155 155 155
155 155 155
155 155 155
155 155 155
155 155 155
155 155 155
155 155 155
155 155 155
155 155 155
155 155 155
155 155 155
155 155 155
155 155 155
155 155 155
155 155 155
155 155 155
155 155 155
155 155 155
155 155 155
155 155 155
155 155 155
155 155 155
155 155 155
155 155 155
155 155 155
155 155 155
155 155 155
155 155 155
155 155 155
155 155 155
155 155 155
155 155 155
155 155 155
155 155 155
155 155 155
155 155 155
155 155 155
155 155 155
155 155 155
155 155 155
155 155 155
155 155 155
155 155 155
155 155 155
155 155 155
155 155 155
155 155 155
155 155 155
155 155 155
155 155 155
155 155 155
155 155 155
155 155 155
155 155 155
155 155 155
155 155 155
155 155 155
155 155 155
155 155 155
155 155 155
155 155 155
155 155 155
155 155 155
155 155 155
155 155 155
155 155 155
155 155 155
155 155 155
155 155 155
155 155 155
155 155 155
155 155 155
155 155 155
155 155 155
155 155 155
155 155 155
155 155 155
155 155 155
155 155 155
155 155 155
155 155 155
155 155 155
155 155 155
155 155 155
155 155 155
155 155 155
155 155 155
155 155 155
155 155 155
155 155 155
155 155 155
155 155 155
155 155 155
155 155 155
155 155 155
155 155 155
155 155 155
155 155 155
155 155 155
155 155 155
155 155 155
155 155 155
155 155 155
155 155 155
155 155 155
155 155 155
155 155 155
155 155 155
155 155 155
155 155 155
155 155 155
155 155 155
155 155 155
155 155 155
155 155 155
155 155 155
155 155 155
155 155 155
155 155 155
155 155 155
155 155 155
155 155 155
155 155 155
155 155 155
155 155 155
155 155 155
155 155 155
155 155 155
155 155 155
155 155 155
155 155 155
155 155 155
155 155 155
155 155 155
155 155 155
155 155 155
155 155 155
155 155 155
155 155 155
155 155 155
155 155 155
155 155 155
155 155 155
155 155 155
155 155 155
155 155 155
147 147 147
153 155 155
140 142 142
151 155 155
151 155 155
142 147 150
24 30 35
246 255 3
192 200 207
164 173 182
156 163 173
247 3 13
42 54 66
78 90 102
57 70 84
30 39 52
177 178 192
226 228 239
32 41 54
14 30 42
231 255 11
213 239 251
214 240 252
187 209 221
170 184 196
71 80 90
133 135 145
151 154 155
153 154 155
153 155 155
149 154 153
151 155 154
153 155 155
155 155 155
155 155 155
155 155 155
155 155 155
155 155 155
155 155 155
155 155 155
155 155 155
155 155 155
155 155 155
155 155 155
155 155 155
155 155 155
155 155 155
155 155 155
155 154 155
154 153 155
151 153 154
153 155 155
148 151 155
93 96 100
218 223 226
198 203 206
216 222 227
156 156 160
190 199 203
220 231 235
223 235 241
34 46 52
250 6 12
175 186 190
194 201 204
248 253 254
58 63 64
254 3 4
42 47 48
143 148 149
144 148 149
135 140 139
127 129 129
153 155 154
153 155 154
153 155 154
155 155 154
149 150 146
151 152 148
155 155 154
155 155 155
155 155 155
155 155 155
155 155 155
155 155 155
153 155 155
155 155 155
155 154 155
155 154 155
155 154 155
155 155 155
155 155 155
155 155 155
155 155 155
155 155 155
155 155 155
155 155 155
155 155 155
155 155 155
155 155 155
155 155 155
155 155 155
155 155 155
155 155 155
155 155 155
155 155 155
155 155 155
155 155 155
155 155 155
155 155 155
155 155 155
155 155 155
155 155 155
155 155 155
155 155 155
155 155 155
155 155 155
155 155 155
155 155 155
155 155 155
155 155 155
155 155 155
155 155 155
155 155 155
155 155 155
155 155 155
155 155 155
155 155 155
155 155 155
155 155 155
155 155 155
155 155 155
155 155 155
155 155 155
155 155 155
155 155 155
155 155 155
155 155 155
155 155 155
155 155 155
155 155 155
155 155 155
155 155 155
155 155 155
155 155 155
155 155 155
155 155 155
155 155 155
155 155 155
155 155 155
155 155 155
155 155 155
155 155 155
155 155 155
155 155 155
155 155 155
155 155 155
155 155 155
155 155 155
155 155 155
155 155 155
155 155 155
155 155 155
155 155 155
155 155 155
155 155 155
155 155 155
155 155 155
155 155 155
155 155 155
155 155 155
155 155 155
155 155 155
155 155 155
155 155 155
155 155 155
155 155 155
155 155 155
155 155 155
155 155 155
155 155 155
155 155 155
155 155 155
155 155 155
155 155 155
155 155 155
155 155 155
155 155 155
155 155 155
155 155 155
155 155 155
155 155 155
155 155 155
155 155 155
155 155 155
155 155 155
155 155 155
155 155 155
155 155 155
155 155 155
155 155 155
155 155 155
155 155 155
155 155 155
155 155 155
155 155 155
155 155 155
155 155 155
155 155 155
155 155 155
155 155 155
155 155 155
155 155 155
155 155 155
155 155 155
155 155 155
155 155 155
155 155 155
155 155 155
155 155 155
155 155 155
155 155 155
155 155 155
155 155 155
155 155 155
155 155 155
155 155 155
155 155 155
155 155 155
155 155 155
155 155 155
155 155 155
155 155 155
155 155 155
155 155 155
155 155 155
155 155 155
155 155 155
155 155 155
155 155 155
155 155 155
155 155 155
155 155 155
155 155 155
155 155 155
155 155 155
155 155 155
155 155 155
155 155 155
155 155 155
155 155 155
155 155 155
155 155 155
155 155 155
155 155 155
155 155 155
155 155 155
155 155 155
153 155 155
150 154 155
138 142 143
148 153 154
150 155 155
96 103 106
54 60 65
13 22 26
242 250 1
169 178 187
185 195 205
34 46 56
53 65 77
8 22 34
227 240 254
208 217 230
180 181 195
212 212 224
249 1 14
233 247 3
208 230 242
203 227 239
212 236 248
179 198 211
156 165 177
82 91 101
150 152 155
147 147 153
141 140 144
153 155 155
153 155 155
153 155 154
155 155 155
155 155 155
155 155 155
155 155 155
155 155 155
155 155 155
155 155 155
155 155 155
155 155 155
155 155 155
155 155 155
155 155 155
155 155 155
155 155 155
155 155 155
155 155 155
153 152 154
155 154 155
148 150 151
147 149 150
151 154 155
89 92 96
211 216 219
223 228 231
196 202 207
161 170 174
156 165 169
168 179 183
212 224 230
3 15 21
252 8 14
173 184 188
196 203 206
230 235 238
58 61 65
238 241 245
171 174 178
2 6 7
131 133 134
153 155 155
155 155 155
155 155 155
147 147 147
154 155 153
155 155 154
149 147 146
142 140 139
155 155 154
155 155 154
155 155 154
155 155 154
155 155 154
155 155 154
155 155 154
155 155 154
155 155 155
155 155 155
155 155 155
155 155 155
155 155 155
153 155 155
153 155 155
153 155 155
153 155 155
155 155 155
155 155 155
155 155 155
155 155 155
155 155 155
155 155 155
155 155 155
155 155 155
155 155 155
155 155 155
155 155 155
155 155 155
155 155 155
155 155 155
155 155 155
155 155 155
155 155 155
155 155 155
155 155 155
155 155 155
155 155 155
155 155 155
155 155 155
155 155 155
155 155 155
155 155 155
155 155 155
155 155 155
155 155 155
155 155 155
155 155 155
155 155 155
155 155 155
155 155 155
155 155 155
155 155 155
155 155 155
155 155 155
155 155 155
155 155 155
155 155 155
155 155 155
155 155 155
155 155 155
155 155 155
155 155 155
155 155 155
155 155 155
155 155 155
155 155 155
155 155 155
155 155 155
155 155 155
155 155 155
155 155 155
155 155 155
155 155 155
155 155 155
155 155 155
155 155 155
155 155 155
155 155 155
155 155 155
155 155 155
155 155 155
155 155 155
155 155 155
155 155 155
155 155 155
155 155 155
155 155 155
155 155 155
155 155 155
155 155 155
155 155 155
155 155 155
155 155 155
155 155 155
155 155 155
155 155 155
155 155 155
155 155 155
155 155 155
155 155 155
155 155 155
155 155 155
155 155 155
155 155 155
155 155 155
155 155 155
155 155 155
155 155 155
155 155 155
155 155 155
155 155 155
155 155 155
155 155 155
155 155 155
155 155 155
155 155 155
155 155 155
155 155 155
155 155 155
155 155 155
155 155 155
155 155 155
155 155 155
155 155 155
155 155 155
155 155 155
155 155 155
155 155 155
155 155 155
155 155 155
155 155 155
155 155 155
155 155 155
155 155 155
155 155 155
155 155 155
155 155 155
155 155 155
155 155 155
155 155 155
155 155 155
155 155 155
155 155 155
155 155 155
155 155 155
155 155 155
155 155 155
155 155 155
155 155 155
155 155 155
155 155 155
155 155 155
155 155 155
155 155 155
155 155 155
155 155 155
155 155 155
155 155 155
155 155 155
155 155 155
155 155 155
155 155 155
155 155 155
155 155 155
155 155 155
155 155 155
155 155 155
155 155 155
155 155 155
155 155 155
155 155 155
155 155 155
155 155 155
155 155 155
155 155 155
155 155 155
155 155 155
153 155 155
142 146 147
150 155 155
150 155 155
148 155 155
47 54 57
208 217 220
208 217 221
204 214 221
177 186 195
156 165 173
187 199 209
211 223 233
216 230 242
240 254 10
248 5 19
188 197 210
156 156 164
211 211 223
10 16 29
246 4 16
222 241 254
218 242 254
225 247 3
169 186 199
2 14 26
133 139 150
151 152 155
146 144 150
147 146 150
155 155 155
155 155 155
152 155 153
155 155 155
155 155 155
155 155 155
155 155 155
155 155 155
155 155 155
155 155 155
155 155 155
155 155 155
155 155 155
155 155 155
155 155 155
155 155 155
155 155 155
155 155 155
155 155 155
138 137 139
154 153 155
147 149 150
146 148 149
151 154 155
114 117 121
250 255 2
11 16 19
14 20 25
184 193 197
159 168 172
200 211 215
215 227 233
245 1 7
46 58 64
193 203 210
185 191 196
210 215 218
21 24 28
49 52 56
195 198 202
247 250 254
96 97 101
120 122 123
147 146 148
155 155 155
149 149 149
144 144 144
155 155 155
155 155 154
154 152 151
155 155 154
155 155 152
155 155 151
155 155 152
155 155 152
155 155 152
155 155 152
155 155 154
155 155 154
155 155 155
155 155 155
155 155 155
153 155 155
153 155 155
153 155 155
153 155 155
153 155 155
155 155 155
155 155 155
155 155 155
155 155 155
155 155 155
155 155 155
155 155 155
155 155 155
155 155 155
155 155 155
155 155 155
155 155 155
155 155 155
155 155 155
155 155 155
155 155 155
155 155 155
155 155 155
155 155 155
155 155 155
155 155 155
155 155 155
155 155 155
155 155 155
155 155 155
155 155 155
155 155 155
155 155 155
155 155 155
155 155 155
155 155 155
155 155 155
155 155 155
155 155 155
155 155 155
155 155 155
155 155 155
155 155 155
155 155 155
155 155 155
155 155 155
155 155 155
155 155 155
155 155 155
155 155 155
155 155 155
155 155 155
155 155 155
155 155 155
155 155 155
155 155 155
155 155 155
155 155 155
155 155 155
155 155 155
155 155 155
155 155 155
155 155 155
155 155 155
155 155 155
155 155 155
155 155 155
155 155 155
155 155 155
155 155 155
155 155 155
155 155 155
155 155 155
155 155 155
155 155 155
155 155 155
155 155 155
155 155 155
155 155 155
155 155 155
155 155 155
155 155 155
155 155 155
155 155 155
155 155 155
155 155 155
155 155 155
155 155 155
155 155 155
155 155 155
155 155 155
155 155 155
155 155 155
155 155 155
155 155 155
155 155 155
155 155 155
155 155 155
155 155 155
155 155 155
155 155 155
155 155 155
155 155 155
155 155 155
155 155 155
155 155 155
155 155 155
155 155 155
155 155 155
155 155 155
155 155 155
155 155 155
155 155 155
155 155 155
155 155 155
155 155 155
155 155 155
155 155 155
155 155 155
155 155 155
155 155 155
155 155 155
155 155 155
155 155 155
155 155 155
155 155 155
155 155 155
155 155 155
155 155 155
155 155 155
155 155 155
155 155 155
155 155 155
155 155 155
155 155 155
155 155 155
155 155 155
155 155 155
155 155 155
155 155 155
155 155 155
155 155 155
155 155 155
155 155 155
155 155 155
155 155 155
155 155 155
155 155 155
155 155 155
155 155 155
155 155 155
155 155 155
155 155 155
155 155 155
155 155 155
155 155 155
155 155 155
155 155 155
155 155 155
155 155 155
155 155 155
155 155 155
155 155 155
155 155 155
155 155 155
155 155 155
153 155 155
150 155 155
148 155 155
137 144 147
130 139 143
61 70 74
40 49 53
10 18 25
230 240 247
181 190 199
156 156 163
206 218 228
58 70 80
69 83 95
38 52 64
20 34 46
234 243 0
167 167 179
201 199 211
251 254 12
6 18 30
232 249 6
197 219 231
228 247 4
225 242 255
82 91 104
148 152 155
147 146 155
152 148 154
155 153 155
155 155 155
148 148 148
155 155 154
155 155 155
155 155 155
155 155 155
155 155 155
155 155 155
155 155 155
155 155 155
155 155 155
155 155 155
155 155 155
155 155 155
155 155 155
155 155 155
155 155 155
155 155 155
155 155 155
155 154 155
155 154 155
153 155 155
149 151 152
151 154 155
134 137 141
29 34 37
11 16 19
22 28 33
210 219 223
156 156 160
175 186 190
202 214 220
212 224 230
10 22 28
218 228 235
156 156 162
189 193 198
234 237 242
67 70 75
212 215 220
190 193 197
233 234 238
49 51 52
9 8 10
115 114 116
155 154 155
155 155 155
155 155 155
155 155 155
155 154 154
155 155 154
155 155 151
155 155 149
155 155 151
155 155 151
155 155 151
155 155 151
155 155 152
155 155 152
155 155 154
155 155 154
153 155 155
153 155 155
153 155 155
151 155 155
151 155 155
153 155 155
155 155 155
155 155 155
155 155 155
155 155 155
155 155 155
155 155 155
155 155 155
155 155 155
155 155 155
155 155 155
155 155 155
155 155 155
155 155 155
155 155 155
155 155 155
155 155 155
155 155 155
155 155 155
155 155 155
155 155 155
155 155 155
155 155 155
155 155 155
155 155 155
155 155 155
155 155 155
155 155 155
155 155 155
155 155 155
155 155 155
155 155 155
155 155 155
155 155 155
155 155 155
155 155 155
155 155 155
155 155 155
155 155 155
155 155 155
155 155 155
155 155 155
155 155 155
155 155 155
155 155 155
155 155 155
155 155 155
155 155 155
155 155 155
155 155 155
155 155 155
155 155 155
155 155 155
155 155 155
155 155 155
155 155 155
155 155 155
155 155 155
155 155 155
155 155 155
155 155 155
155 155 155
155 155 155
155 155 155
155 155 155
155 155 155
155 155 155
155 155 155
155 155 155
155 155 155
155 155 155
155 155 155
155 155 155
155 155 155
155 155 155
155 155 155
155 155 155
155 155 155
155 155 155
155 155 155
155 155 155
155 155 155
155 155 155
155 155 155
155 155 155
155 155 155
155 155 155
155 155 155
155 155 155
155 155 155
155 155 155
155 155 155
155 155 155
155 155 155
155 155 155
155 155 155
155 155 155
155 155 155
155 155 155
155 155 155
155 155 155
155 155 155
155 155 155
155 155 155
155 155 155
155 155 155
155 155 155
155 155 155
155 155 155
155 155 155
155 155 155
155 155 155
155 155 155
155 155 155
155 155 155
155 155 155
155 155 155
155 155 155
155 155 155
155 155 155
155 155 155
155 155 155
155 155 155
155 155 155
155 155 155
155 155 155
155 155 155
155 155 155
155 155 155
155 155 155
155 155 155
155 155 155
155 155 155
155 155 155
155 155 155
155 155 155
155 155 155
155 155 155
155 155 155
155 155 155
155 155 155
155 155 155
155 155 155
155 155 155
155 155 155
155 155 155
155 155 155
155 155 155
155 155 155
155 155 155
155 155 155
155 155 155
155 155 155
155 155 155
155 155 155
155 155 155
155 155 155
155 155 155
155 155 155
155 155 155
155 155 155
155 155 155
153 155 155
141 148 151
143 152 155
146 155 155
23 34 38
210 221 225
189 199 206
199 209 216
172 184 190
157 168 176
156 166 174
236 248 2
15 27 37
221 235 247
216 230 242
216 230 242
163 172 185
161 159 171
203 201 213
249 252 10
0 12 24
241 2 15
224 246 2
245 8 21
213 229 242
30 39 52
143 147 155
155 151 155
154 150 155
155 153 155
155 155 155
155 153 153
155 155 154
155 155 155
155 155 155
155 155 155
155 155 155
155 155 155
155 155 155
155 155 155
155 155 155
155 155 155
155 155 155
155 155 155
155 155 155
155 155 155
155 155 155
155 155 155
155 155 155
155 154 155
154 153 155
153 155 155
146 148 149
138 141 145
151 154 155
62 67 70
6 11 14
15 21 26
228 237 241
159 168 172
179 190 194
175 187 193
227 239 245
41 53 59
249 3 10
156 157 164
170 173 181
220 223 231
51 54 59
50 53 58
191 194 199
188 191 196
4 5 9
25 26 30
107 106 108
151 150 152
153 152 154
155 154 155
155 155 155
150 148 148
155 155 154
155 155 151
155 155 149
155 155 151
155 155 151
155 155 151
155 155 152
155 155 152
155 155 152
155 155 154
153 155 154
153 155 155
153 155 155
151 155 155
151 155 155
151 155 155
151 155 155
155 155 155
155 155 155
155 155 155
155 155 155
155 155 155
155 155 155
155 155 155
155 155 155
155 155 155
155 155 155
155 155 155
155 155 155
155 155 155
155 155 155
155 155 155
155 155 155
155 155 155
155 155 155
155 155 155
155 155 155
155 155 155
155 155 155
155 155 155
155 155 155
155 155 155
155 155 155
155 155 155
155 155 155
155 155 155
155 155 155
155 155 155
155 155 155
155 155 155
155 155 155
155 155 155
155 155 155
155 155 155
155 155 155
155 155 155
155 155 155
155 155 155
155 155 155
155 155 155
155 155 155
155 155 155
155 155 155
155 155 155
155 155 155
155 155 155
155 155 155
155 155 155
155 155 155
155 155 155
155 155 155
155 155 155
155 155 155
155 155 155
155 155 155
155 155 155
155 155 155
155 155 155
155 155 155
155 155 155
155 155 155
155 155 155
155 155 155
155 155 155
155 155 155
155 155 155
155 155 155
155 155 155
155 155 155
155 155 155
155 155 155
155 155 155
155 155 155
155 155 155
155 155 155
155 155 155
155 155 155
155 155 155
155 155 155
155 155 155
155 155 155
155 155 155
155 155 155
155 155 155
155 155 155
155 155 155
155 155 155
155 155 155
155 155 155
155 155 155
155 155 155
155 155 155
155 155 155
155 155 155
155 155 155
155 155 155
155 155 155
155 155 155
155 155 155
155 155 155
155 155 155
155 155 155
155 155 155
155 155 155
155 155 155
155 155 155
155 155 155
155 155 155
155 155 155
155 155 155
155 155 155
155 155 155
155 155 155
155 155 155
155 155 155
155 155 155
155 155 155
155 155 155
155 155 155
155 155 155
155 155 155
155 155 155
155 155 155
155 155 155
155 155 155
155 155 155
155 155 155
155 155 155
155 155 155
155 155 155
155 155 155
155 155 155
155 155 155
155 155 155
155 155 155
154 154 154
154 154 154
155 155 155
155 155 155
155 155 155
155 155 155
155 155 155
155 155 155
155 155 155
155 155 155
155 155 155
155 155 155
155 155 155
155 155 155
155 155 155
155 155 155
148 148 148
155 155 155
155 155 155
155 155 155
145 145 145
141 141 141
152 152 152
151 155 155
146 155 155
141 151 155
83 93 100
58 70 76
48 60 66
247 2 10
182 193 201
156 156 163
156 156 164
173 185 195
231 243 253
8 23 32
29 44 53
20 35 44
4 19 28
211 221 231
158 156 168
156 156 164
249 252 10
255 11 23
213 230 243
199 221 233
230 249 6
205 221 234
224 233 246
120 124 135
151 147 155
155 153 155
154 148 153
140 138 138
155 155 155
155 155 154
155 155 155
155 155 155
155 155 155
155 155 155
155 155 155
155 155 155
155 155 155
155 155 155
155 155 155
155 155 155
155 155 155
155 155 155
155 155 155
155 155 155
155 155 155
155 155 155
155 154 155
145 144 146
148 150 151
153 155 155
151 154 155
138 141 145
35 40 43
13 18 21
58 64 69
226 235 239
170 179 183
161 172 176
190 202 208
202 214 220
242 254 4
32 42 49
156 160 169
170 175 184
165 170 179
202 205 213
26 29 37
183 186 194
178 181 189
188 191 196
231 234 239
43 44 48
146 147 151
135 136 140
153 154 155
151 150 152
145 144 146
153 153 153
150 149 145
154 154 148
152 151 147
155 155 151
155 155 152
154 155 153
147 148 146
153 155 154
153 155 155
150 152 152
148 150 150
151 155 155
151 155 155
151 155 155
148 152 153
142 146 147
155 155 155
155 155 155
155 155 155
155 155 155
155 155 155
155 155 155
155 155 155
155 155 155
155 155 155
155 155 155
155 155 155
155 155 155
155 155 155
155 155 155
154 154 154
154 154 154
152 152 152
152 152 152
152 152 152
152 152 152
152 152 152
152 152 152
152 152 152
152 152 152
154 154 154
154 154 154
155 155 155
155 155 155
155 155 155
155 155 155
155 155 155
155 155 155
155 155 155
155 155 155
155 155 155
155 155 155
155 155 155
155 155 155
155 155 155
155 155 155
155 155 155
155 155 155
155 155 155
155 155 155
155 155 155
155 155 155
155 155 155
155 155 155
155 155 155
155 155 155
155 155 155
155 155 155
155 155 155
155 155 155
155 155 155
155 155 155
155 155 155
155 155 155
155 155 155
155 155 155
155 155 155
155 155 155
155 155 155
155 155 155
155 155 155
155 155 155
155 155 155
155 155 155
155 155 155
155 155 155
155 155 155
155 155 155
155 155 155
155 155 155
155 155 155
155 155 155
155 155 155
155 155 155
155 155 155
155 155 155
155 155 155
155 155 155
155 155 155
155 155 155
155 155 155
155 155 155
155 155 155
155 155 155
155 155 155
155 155 155
155 155 155
155 155 155
155 155 155
155 155 155
155 155 155
155 155 155
155 155 155
155 155 155
155 155 155
155 155 155
155 155 155
155 155 155
155 155 155
155 155 155
155 155 155
155 155 155
155 155 155
155 155 155
155 155 155
155 155 155
155 155 155
155 155 155
155 155 155
155 155 155
155 155 155
155 155 155
155 155 155
155 155 155
155 155 155
155 155 155
155 155 155
155 155 155
155 155 155
155 155 155
155 155 155
155 155 155
155 155 155
155 155 155
155 155 155
155 155 155
155 155 155
155 155 155
155 155 155
155 155 155
155 155 155
155 155 155
155 155 155
155 155 155
154 154 154
154 154 154
154 154 154
155 155 155
155 155 155
155 155 155
155 155 155
155 155 155
155 155 155
155 155 155
155 155 155
155 155 155
155 155 155
155 155 155
155 155 155
155 155 155
155 155 155
147 147 147
149 149 149
155 155 155
155 155 155
155 155 155
155 155 155
151 155 155
144 155 155
117 131 137
57 70 78
25 38 46
10 23 31
233 246 254
197 210 218
168 181 189
172 184 194
208 220 230
4 19 28
18 33 42
27 42 51
15 30 39
242 1 10
182 192 202
156 156 166
180 178 190
227 230 244
228 240 252
27 44 57
251 17 29
225 244 1
195 212 225
156 158 171
84 88 99
153 152 155
155 153 155
155 153 155
155 155 155
155 155 155
152 153 151
155 155 155
155 155 155
155 155 155
155 155 155
155 155 155
155 155 155
155 155 155
155 155 155
155 155 155
155 155 155
155 155 155
155 155 155
155 155 155
155 155 155
155 155 155
155 155 155
155 154 155
155 154 155
153 155 155
153 155 155
133 136 140
103 106 110
175 180 183
238 243 246
27 33 38
221 230 234
156 160 164
190 201 205
186 198 204
197 209 215
200 212 218
254 8 15
226 233 242
156 162 171
192 199 208
201 206 215
44 49 58
32 38 45
174 180 187
193 196 204
1 4 12
64 67 72
125 128 133
151 154 155
149 152 155
153 154 155
153 154 155
145 147 148
153 155 155
153 155 154
145 148 146
147 150 148
153 155 155
153 155 155
150 155 154
151 155 155
151 155 155
151 155 155
150 155 154
151 155 155
151 155 155
151 155 155
150 155 154
150 155 154
155 155 155
155 155 155
155 155 155
155 155 155
155 155 155
155 155 155
155 155 155
155 155 155
155 155 155
155 155 155
155 155 155
155 155 155
155 155 155
154 154 154
154 154 154
154 154 154
155 155 155
155 155 155
155 155 155
155 155 155
155 155 155
155 155 155
155 155 155
155 155 155
154 154 154
154 154 154
154 154 154
155 155 155
155 155 155
155 155 155
155 155 155
155 155 155
155 155 155
155 155 155
155 155 155
155 155 155
155 155 155
155 155 155
155 155 155
155 155 155
155 155 155
155 155 155
155 155 155
155 155 155
155 155 155
155 155 155
155 155 155
155 155 155
155 155 155
155 155 155
155 155 155
155 155 155
155 155 155
155 155 155
155 155 155
155 155 155
155 155 155
155 155 155
155 155 155
155 155 155
155 155 155
155 155 155
155 155 155
155 155 155
155 155 155
155 155 155
155 155 155
155 155 155
155 155 155
155 155 155
155 155 155
155 155 155
155 155 155
155 155 155
155 155 155
155 155 155
155 155 155
155 155 155
155 155 155
155 155 155
155 155 155
155 155 155
155 155 155
155 155 155
155 155 155
155 155 155
155 155 155
155 155 155
155 155 155
155 155 155
155 155 155
155 155 155
155 155 155
155 155 155
155 155 155
155 155 155
155 155 155
155 155 155
155 155 155
155 155 155
155 155 155
155 155 155
155 155 155
155 155 155
155 155 155
155 155 155
155 155 155
155 155 155
155 155 155
155 155 155
155 155 155
155 155 155
155 155 155
155 155 155
155 155 155
155 155 155
155 155 155
155 155 155
155 155 155
155 155 155
155 155 155
155 155 155
155 155 155
155 155 155
155 155 155
155 155 155
155 155 155
155 155 155
155 155 155
155 155 155
155 155 155
155 155 155
155 155 155
155 155 155
155 155 155
155 155 155
155 155 155
155 155 155
154 154 154
154 154 154
154 154 154
154 154 154
155 155 155
155 155 155
155 155 155
155 155 155
155 155 155
155 155 155
155 155 155
155 155 155
155 155 155
155 155 155
155 155 155
155 155 155
155 155 155
154 154 154
149 149 149
150 150 150
154 154 154
155 155 155
155 155 155
151 155 155
131 143 149
80 96 103
47 62 71
19 34 43
240 255 8
204 219 228
165 180 189
156 162 171
204 219 228
227 242 251
31 46 55
47 62 71
44 59 68
25 40 49
249 8 17
187 197 207
156 156 164
156 156 164
197 203 216
8 22 34
245 8 21
1 25 37
251 17 29
212 229 242
156 156 166
104 110 121
147 148 155
154 152 155
152 151 155
143 143 143
155 155 155
153 155 154
155 155 155
155 155 155
155 155 155
155 155 155
155 155 155
155 155 155
155 155 155
155 155 155
155 155 155
155 155 155
155 155 155
155 155 155
155 155 155
155 155 155
155 155 155
155 155 155
146 145 147
155 154 155
150 152 153
148 150 151
151 154 155
49 52 56
212 217 220
238 243 246
234 240 245
199 208 212
156 156 160
207 218 222
201 213 219
189 201 207
173 185 191
218 230 236
9 18 27
160 169 179
182 191 201
180 187 196
176 183 192
14 21 30
29 36 45
182 188 195
226 232 239
29 33 38
46 50 55
150 154 155
150 154 155
141 144 149
151 154 155
148 153 155
148 155 155
148 155 155
148 155 155
148 155 155
148 155 155
148 155 155
144 149 150
145 150 151
148 153 154
150 154 155
150 155 154
150 155 154
149 154 153
149 154 153
150 155 154
151 155 155
155 155 155
155 155 155
155 155 155
155 155 155
155 155 155
155 155 155
155 155 155
155 155 155
155 155 155
155 155 155
155 155 155
155 155 155
154 154 154
154 154 154
154 154 154
154 154 154
155 155 155
155 155 155
155 155 155
155 155 155
155 155 155
155 155 155
155 155 155
155 155 155
154 154 154
154 154 154
154 154 154
154 154 154
155 155 155
155 155 155
155 155 155
155 155 155
155 155 155
155 155 155
155 155 155
155 155 155
155 155 155
155 155 155
155 155 155
155 155 155
155 155 155
155 155 155
155 155 155
155 155 155
155 155 155
155 155 155
155 155 155
155 155 155
155 155 155
155 155 155
155 155 155
155 155 155
155 155 155
155 155 155
155 155 155
155 155 155
155 155 155
155 155 155
155 155 155
155 155 155
155 155 155
155 155 155
155 155 155
155 155 155
155 155 155
155 155 155
155 155 155
155 155 155
155 155 155
155 155 155
155 155 155
155 155 155
155 155 155
155 155 155
155 155 155
155 155 155
155 155 155
155 155 155
155 155 155
155 155 155
155 155 155
155 155 155
155 155 155
155 155 155
155 155 155
155 155 155
155 155 155
155 155 155
155 155 155
155 155 155
155 155 155
155 155 155
155 155 155
155 155 155
155 155 155
155 155 155
155 155 155
155 155 155
155 155 155
155 155 155
155 155 155
155 155 155
155 155 155
155 155 155
155 155 155
155 155 155
155 155 155
155 155 155
155 155 155
155 155 155
155 155 155
155 155 155
155 155 155
155 155 155
155 155 155
155 155 155
155 155 155
155 155 155
155 155 155
155 155 155
155 155 155
155 155 155
155 155 155
155 155 155
155 155 155
155 155 155
155 155 155
155 155 155
154 154 154
154 154 154
154 154 154
154 154 154
154 154 154
154 154 154
154 154 154
154 154 154
154 154 154
154 154 154
153 153 153
153 153 153
154 154 154
154 154 154
154 154 154
155 155 155
155 155 155
155 155 155
155 155 155
155 155 155
155 155 155
155 155 155
155 155 155
155 155 155
155 155 155
155 155 155
147 147 147
155 155 155
155 155 155
147 147 147
154 154 154
155 155 155
155 155 155
145 150 153
85 98 106
16 33 42
254 15 24
228 245 254
191 208 217
179 196 205
172 187 196
180 195 204
255 14 23
223 238 247
25 40 49
80 95 104
103 118 127
87 102 111
31 46 55
196 206 216
156 158 169
156 156 164
170 178 191
202 216 228
1 23 35
241 9 21
0 24 36
249 12 25
76 90 102
144 153 155
150 152 155
153 153 155
155 154 155
153 155 155
135 137 137
144 147 145
155 155 155
155 155 155
155 155 155
155 155 155
155 155 155
155 155 155
155 155 155
155 155 155
155 155 155
155 155 155
155 155 155
155 155 155
155 155 155
155 155 155
155 155 155
155 155 155
155 154 155
146 145 147
145 147 148
153 155 155
120 123 127
156 156 159
215 220 223
242 247 250
188 194 199
166 175 179
156 156 160
191 202 206
222 234 240
181 193 199
180 192 198
199 210 218
224 234 244
245 255 9
156 156 165
156 162 172
223 233 243
232 243 251
36 45 54
28 37 46
245 252 5
247 255 6
33 41 48
32 41 45
67 73 78
139 145 150
141 147 152
135 143 150
138 150 155
143 154 155
143 154 155
135 145 152
140 150 155
143 154 155
144 153 155
146 155 155
136 143 146
144 149 150
148 154 153
149 154 153
151 155 155
151 155 154
149 154 152
145 148 146
155 155 155
155 155 155
155 155 155
155 155 155
155 155 155
155 155 155
155 155 155
155 155 155
155 155 155
155 155 155
155 155 155
154 154 154
154 154 154
154 154 154
153 153 153
153 153 153
155 155 155
155 155 155
155 155 155
155 155 155
155 155 155
155 155 155
155 155 155
155 155 155
153 153 153
153 153 153
154 154 154
154 154 154
154 154 154
155 155 155
155 155 155
155 155 155
155 155 155
155 155 155
155 155 155
155 155 155
155 155 155
155 155 155
155 155 155
155 155 155
155 155 155
155 155 155
155 155 155
155 155 155
155 155 155
155 155 155
155 155 155
155 155 155
155 155 155
155 155 155
155 155 155
155 155 155
155 155 155
155 155 155
155 155 155
155 155 155
155 155 155
155 155 155
155 155 155
155 155 155
155 155 155
155 155 155
155 155 155
155 155 155
155 155 155
155 155 155
155 155 155
155 155 155
155 155 155
155 155 155
155 155 155
155 155 155
155 155 155
155 155 155
155 155 155
155 155 155
155 155 155
155 155 155
155 155 155
155 155 155
155 155 155
155 155 155
155 155 155
155 155 155
155 155 155
155 155 155
155 155 155
155 155 155
155 155 155
155 155 155
155 155 155
155 155 155
155 155 155
155 155 155
155 155 155
155 155 155
155 155 155
155 155 155
155 155 155
155 155 155
155 155 155
155 155 155
155 155 155
155 155 155
155 155 155
155 155 155
155 155 155
155 155 155
155 155 155
155 155 155
155 155 155
155 155 155
155 155 155
155 155 155
155 155 155
155 155 155
155 155 155
155 155 155
155 155 155
155 155 155
155 155 155
155 155 155
155 155 155
155 155 155
155 155 155
155 155 155
155 155 155
154 154 154
154 154 154
154 154 154
154 154 154
154 154 154
154 154 154
154 154 154
154 154 154
154 154 154
154 154 154
154 154 154
153 153 153
153 153 153
153 153 153
154 154 154
154 154 154
154 154 154
155 155 155
155 155 155
155 155 155
155 155 155
155 155 155
155 155 155
155 155 155
155 155 155
155 155 155
155 155 155
148 148 148
155 155 155
150 150 150
146 146 146
155 155 155
143 143 143
94 94 94
51 56 59
32 45 53
219 237 248
208 226 237
190 208 219
162 180 191
174 192 203
196 212 224
220 236 248
230 247 0
253 14 23
99 116 125
113 130 139
61 78 87
26 43 52
17 34 43
245 1 11
156 156 164
158 160 171
156 156 166
193 209 221
213 237 249
14 40 52
25 51 63
45 67 79
70 84 96
136 145 155
137 139 149
151 154 155
145 146 150
146 148 148
151 155 155
151 155 154
153 155 155
155 155 155
155 155 155
155 155 155
155 155 155
155 155 155
155 155 155
155 155 155
155 155 155
155 155 155
155 155 155
155 155 155
155 155 155
155 155 155
155 155 155
155 155 155
154 153 155
144 143 145
153 155 155
153 155 155
103 106 110
179 182 186
222 227 230
177 182 185
171 177 182
156 156 160
156 156 160
165 176 180
214 226 232
177 189 195
187 199 205
184 195 203
212 224 234
222 234 246
193 205 217
204 216 226
1 13 23
4 16 26
25 35 45
224 235 243
176 185 194
215 225 232
6 16 23
242 252 3
179 187 194
198 206 213
25 33 40
59 70 78
76 90 102
98 114 127
103 119 132
98 112 124
106 121 130
121 134 142
137 148 155
144 154 155
143 152 155
148 155 155
150 155 155
149 154 153
151 155 154
153 155 154
153 155 154
144 145 143
155 155 155
155 155 155
155 155 155
155 155 155
155 155 155
155 155 155
155 155 155
155 155 155
155 155 155
155 155 155
154 154 154
154 154 154
154 154 154
153 153 153
153 153 153
153 153 153
152 152 152
152 152 152
152 152 152
152 152 152
152 152 152
152 152 152
152 152 152
152 152 152
153 153 153
153 153 153
153 153 153
154 154 154
154 154 154
154 154 154
155 155 155
155 155 155
155 155 155
155 155 155
155 155 155
155 155 155
155 155 155
155 155 155
155 155 155
155 155 155
155 155 155
155 155 155
155 155 155
155 155 155
155 155 155
155 155 155
155 155 155
155 155 155
155 155 155
155 155 155
155 155 155
155 155 155
155 155 155
155 155 155
155 155 155
155 155 155
155 155 155
155 155 155
155 155 155
155 155 155
155 155 155
155 155 155
155 155 155
155 155 155
155 155 155
155 155 155
155 155 155
155 155 155
155 155 155
155 155 155
155 155 155
155 155 155
155 155 155
155 155 155
155 155 155
155 155 155
155 155 155
155 155 155
155 155 155
155 155 155
155 155 155
155 155 155
155 155 155
155 155 155
155 155 155
155 155 155
155 155 155
155 155 155
155 155 155
155 155 155
155 155 155
155 155 155
155 155 155
155 155 155
155 155 155
155 155 155
155 155 155
155 155 155
155 155 155
155 155 155
155 155 155
155 155 155
155 155 155
155 155 155
155 155 155
155 155 155
155 155 155
155 155 155
155 155 155
155 155 155
155 155 155
155 155 155
155 155 155
155 155 155
155 155 155
155 155 155
155 155 155
155 155 155
155 155 155
155 155 155
155 155 155
155 155 155
155 155 155
155 155 155
155 155 155
155 155 155
154 154 154
154 154 154
154 154 154
153 153 153
153 153 153
153 153 153
153 153 153
153 153 153
153 153 153
153 153 153
153 153 153
153 153 153
152 152 152
152 152 152
153 153 153
153 153 153
154 154 154
154 154 154
154 154 154
154 154 154
155 155 155
155 155 155
155 155 155
155 155 155
155 155 155
155 155 155
155 155 155
155 155 155
155 155 155
155 155 155
147 147 147
154 154 154
150 150 150
89 89 89
22 22 22
254 3 6
249 6 14
205 223 234
202 220 231
197 215 226
173 191 202
178 196 207
196 214 225
204 222 233
220 237 246
37 54 63
105 122 131
37 54 63
224 241 250
200 217 226
213 230 239
241 253 7
156 156 164
161 165 176
171 183 195
156 162 173
221 247 3
254 26 37
23 49 61
42 66 78
9 25 37
34 44 54
128 133 142
125 128 133
134 137 141
151 155 155
150 155 155
147 152 150
153 155 155
155 155 155
155 155 155
155 155 155
155 155 155
155 155 155
155 155 155
155 155 155
155 155 155
155 155 155
155 155 155
155 155 155
155 155 155
155 155 155
155 155 155
155 155 155
154 153 155
147 146 148
145 147 148
153 155 155
131 134 138
156 156 159
18 23 26
121 126 129
191 197 202
156 159 163
156 156 160
156 166 170
185 197 203
181 193 199
179 191 197
169 182 190
181 196 205
197 213 225
200 214 226
183 197 209
215 230 239
246 5 14
240 255 8
156 156 164
158 171 179
187 200 208
176 187 195
240 252 2
249 5 11
203 215 221
188 198 205
243 255 9
0 19 34
248 12 30
210 228 245
169 188 203
180 197 210
231 247 3
35 50 59
81 94 102
135 146 150
146 155 155
148 155 155
150 155 155
150 153 151
153 155 152
155 155 152
150 151 147
155 155 154
155 155 155
155 155 155
155 155 155
155 155 155
155 155 155
155 155 155
155 155 155
154 154 154
154 154 154
154 154 154
154 154 154
153 153 153
153 153 153
152 152 152
152 152 152
150 150 150
150 150 150
150 150 150
150 150 150
150 150 150
150 150 150
150 150 150
150 150 150
152 152 152
152 152 152
153 153 153
153 153 153
154 154 154
154 154 154
154 154 154
154 154 154
155 155 155
155 155 155
155 155 155
155 155 155
155 155 155
155 155 155
155 155 155
155 155 155
155 155 155
155 155 155
155 155 155
155 155 155
155 155 155
155 155 155
155 155 155
155 155 155
155 155 155
155 155 155
155 155 155
155 155 155
155 155 155
155 155 155
155 155 155
155 155 155
155 155 155
155 155 155
155 155 155
155 155 155
155 155 155
155 155 155
155 155 155
155 155 155
155 155 155
155 155 155
155 155 155
155 155 155
155 155 155
155 155 155
155 155 155
155 155 155
155 155 155
155 155 155
155 155 155
155 155 155
155 155 155
155 155 155
155 155 155
155 155 155
155 155 155
155 155 155
155 155 155
155 155 155
155 155 155
155 155 155
155 155 155
155 155 155
155 155 155
155 155 155
155 155 155
155 155 155
155 155 155
155 155 155
155 155 155
155 155 155
155 155 155
155 155 155
155 155 155
155 155 155
155 155 155
155 155 155
155 155 155
155 155 155
155 155 155
155 155 155
155 155 155
155 155 155
155 155 155
155 155 155
155 155 155
155 155 155
155 155 155
155 155 155
155 155 155
155 155 155
155 155 155
155 155 155
155 155 155
155 155 155
155 155 155
155 155 155
155 155 155
155 155 155
155 155 155
154 154 154
154 154 154
154 154 154
153 153 153
153 153 153
153 153 153
153 153 153
153 153 153
153 153 153
153 153 153
153 153 153
153 153 153
153 153 153
152 152 152
152 152 152
152 152 152
153 153 153
153 153 153
154 154 154
154 154 154
154 154 154
155 155 155
155 155 155
155 155 155
155 155 155
155 155 155
155 155 155
155 155 155
155 155 155
155 155 155
155 155 155
155 155 155
155 155 155
148 148 148
68 68 68
5 5 5
5 10 13
230 245 254
204 223 236
189 208 221
183 202 215
168 187 200
174 193 206
202 220 231
198 216 227
201 220 228
54 73 81
65 82 91
210 227 236
200 217 226
182 199 208
163 181 188
233 246 254
216 222 233
156 160 171
175 189 201
179 199 210
190 216 228
253 27 38
0 28 39
221 245 1
49 67 78
67 79 89
59 66 75
0 4 9
220 225 228
7 13 12
105 111 110
150 155 154
153 155 155
155 155 155
155 155 155
155 155 155
155 155 155
155 155 155
155 155 155
155 155 155
155 155 155
155 155 155
155 155 155
155 155 155
155 155 155
155 155 155
155 155 155
155 155 155
152 151 153
155 154 155
140 142 143
143 145 146
151 154 155
161 164 168
45 50 53
150 155 155
236 242 247
160 169 173
156 161 165
162 173 177
179 191 197
193 205 211
181 193 199
175 188 196
177 193 205
177 194 207
156 169 181
181 197 209
201 217 229
198 214 226
205 222 231
159 174 183
156 165 174
157 173 180
192 205 213
177 190 198
251 9 15
52 66 72
216 228 234
250 11 20
225 247 9
225 248 14
200 221 242
172 194 212
187 207 224
222 241 0
247 7 19
5 20 29
70 82 88
113 124 128
148 155 155
150 155 155
149 152 150
153 155 152
155 155 152
155 155 152
155 155 154
155 155 155
155 155 155
155 155 155
155 155 155
155 155 155
155 155 155
155 155 155
154 154 154
154 154 154
154 154 154
153 153 153
153 153 153
152 152 152
152 152 152
152 152 152
152 152 152
152 152 152
152 152 152
152 152 152
152 152 152
152 152 152
152 152 152
152 152 152
152 152 152
152 152 152
152 152 152
153 153 153
153 153 153
154 154 154
154 154 154
154 154 154
155 155 155
155 155 155
155 155 155
155 155 155
155 155 155
155 155 155
155 155 155
155 155 155
155 155 155
155 155 155
155 155 155
155 155 155
155 155 155
155 155 155
155 155 155
155 155 155
155 155 155
155 155 155
155 155 155
155 155 155
155 155 155
155 155 155
155 155 155
155 155 155
155 155 155
155 155 155
155 155 155
155 155 155
155 155 155
155 155 155
155 155 155
155 155 155
155 155 155
155 155 155
155 155 155
155 155 155
155 155 155
155 155 155
155 155 155
155 155 155
155 155 155
155 155 155
155 155 155
155 155 155
155 155 155
155 155 155
155 155 155
155 155 155
155 155 155
155 155 155
155 155 155
155 155 155
155 155 155
155 155 155
155 155 155
155 155 155
155 155 155
155 155 155
155 155 155
155 155 155
155 155 155
155 155 155
155 155 155
155 155 155
155 155 155
155 155 155
155 155 155
155 155 155
155 155 155
155 155 155
155 155 155
155 155 155
155 155 155
155 155 155
155 155 155
155 155 155
155 155 155
155 155 155
155 155 155
155 155 155
155 155 155
155 155 155
155 155 155
155 155 155
155 155 155
155 155 155
155 155 155
155 155 155
155 155 155
155 155 155
155 155 155
155 155 155
154 154 154
154 154 154
154 154 154
153 153 153
153 153 153
153 153 153
153 153 153
153 153 153
153 153 153
153 153 153
153 153 153
153 153 153
153 153 153
153 153 153
152 152 152
152 152 152
152 152 152
153 153 153
153 153 153
153 153 153
154 154 154
154 154 154
155 155 155
155 155 155
155 155 155
155 155 155
155 155 155
155 155 155
155 155 155
155 155 155
155 155 155
155 155 155
151 151 151
152 152 152
134 134 134
47 47 47
217 217 217
193 198 201
218 230 240
209 226 239
187 204 217
183 200 213
171 188 201
170 187 200
192 208 220
173 189 201
221 238 247
44 61 70
244 5 14
171 188 197
39 54 63
26 43 52
168 183 192
200 212 222
221 227 238
175 181 192
207 219 231
180 200 211
234 2 14
235 6 20
223 250 8
0 26 40
17 39 51
31 47 60
8 18 28
233 242 251
196 205 209
18 25 28
46 54 54
129 135 134
153 155 155
155 155 155
155 155 155
155 155 155
155 155 155
155 155 155
155 155 155
155 155 155
155 155 155
155 155 155
155 155 155
155 155 155
155 155 155
155 155 155
155 155 155
155 155 155
154 153 155
154 153 155
155 154 155
153 155 155
149 150 154
254 1 5
20 23 27
143 148 151
15 21 26
164 173 177
170 179 183
170 181 185
195 207 211
204 216 220
195 207 213
192 205 213
190 206 218
182 199 212
184 202 213
203 221 232
199 215 227
214 230 242
170 187 196
156 160 169
156 166 175
156 160 170
156 165 175
179 192 200
220 231 239
254 9 17
77 88 96
217 231 243
221 242 7
216 240 6
188 211 233
167 189 207
191 211 229
225 244 3
236 252 9
234 249 2
249 4 12
65 76 80
136 144 144
151 155 154
151 154 152
152 155 151
155 155 151
154 155 151
155 155 154
155 155 155
155 155 155
155 155 155
155 155 155
155 155 155
155 155 155
155 155 155
154 154 154
154 154 154
153 153 153
153 153 153
153 153 153
152 152 152
152 152 152
152 152 152
155 155 155
155 155 155
155 155 155
155 155 155
155 155 155
155 155 155
155 155 155
155 155 155
152 152 152
152 152 152
152 152 152
153 153 153
153 153 153
153 153 153
154 154 154
154 154 154
155 155 155
155 155 155
155 155 155
155 155 155
155 155 155
155 155 155
155 155 155
155 155 155
155 155 155
155 155 155
155 155 155
155 155 155
155 155 155
155 155 155
155 155 155
155 155 155
155 155 155
155 155 155
155 155 155
155 155 155
155 155 155
155 155 155
155 155 155
155 155 155
155 155 155
155 155 155
155 155 155
155 155 155
155 155 155
155 155 155
155 155 155
155 155 155
155 155 155
155 155 155
155 155 155
155 155 155
155 155 155
155 155 155
155 155 155
155 155 155
155 155 155
155 155 155
155 155 155
155 155 155
155 155 155
155 155 155
155 155 155
155 155 155
155 155 155
155 155 155
155 155 155
155 155 155
155 155 155
155 155 155
155 155 155
155 155 155
155 155 155
155 155 155
155 155 155
155 155 155
155 155 155
155 155 155
155 155 155
155 155 155
155 155 155
155 155 155
155 155 155
155 155 155
155 155 155
155 155 155
155 155 155
155 155 155
155 155 155
155 155 155
155 155 155
155 155 155
155 155 155
155 155 155
155 155 155
155 155 155
155 155 155
155 155 155
155 155 155
155 155 155
155 155 155
155 155 155
155 155 155
155 155 155
155 155 155
155 155 155
155 155 155
155 155 155
151 151 151
149 149 149
149 149 149
151 151 151
155 155 155
155 155 155
155 155 155
155 155 155
155 155 155
154 154 154
154 154 154
154 154 154
153 153 153
153 153 153
150 150 150
152 152 152
154 154 154
155 155 155
155 155 155
154 154 154
152 152 152
150 150 150
155 155 155
155 155 155
155 155 155
154 154 154
154 154 154
154 154 154
153 153 153
153 153 153
151 151 151
155 155 155
155 155 155
154 154 154
69 69 69
220 220 220
191 191 191
192 195 199
210 221 229
206 220 232
183 197 209
166 180 192
168 182 194
156 156 166
156 158 170
217 231 243
254 12 24
39 53 65
202 216 228
183 197 209
65 77 89
51 65 77
205 217 229
217 227 237
222 228 239
194 200 211
195 204 217
188 204 217
195 214 229
210 233 249
219 243 5
253 23 40
246 14 32
6 26 43
251 11 27
196 209 223
190 202 212
228 237 246
2 10 17
58 62 67
153 155 155
152 152 152
145 145 145
155 155 155
155 155 155
152 152 152
155 155 155
153 153 153
155 155 155
155 155 155
155 155 155
155 155 155
155 155 155
155 155 155
155 155 155
155 155 155
150 147 149
155 153 155
153 149 154
154 153 155
155 154 155
101 102 106
250 253 1
148 153 155
59 66 69
182 191 194
180 189 192
201 213 215
187 200 202
216 229 231
218 233 236
186 202 208
186 205 213
178 198 209
192 212 223
200 220 231
199 217 228
214 230 242
198 214 226
156 158 170
158 170 182
156 163 176
167 175 188
182 191 201
188 194 205
205 211 222
71 75 86
8 17 31
215 234 255
204 227 249
192 215 237
186 208 226
187 207 225
191 210 225
195 211 224
199 211 221
200 209 218
245 254 2
80 85 86
149 154 152
139 142 140
155 155 152
155 155 151
155 155 152
155 155 154
155 155 155
155 155 155
155 155 155
155 155 155
155 155 155
154 154 154
154 154 154
153 153 153
153 153 153
153 153 153
153 153 153
153 153 153
153 153 153
153 153 153
153 153 153
155 155 155
155 155 155
155 155 155
154 154 154
154 154 154
154 154 154
153 153 153
153 153 153
155 155 155
155 155 155
155 155 155
154 154 154
154 154 154
153 153 153
153 153 153
153 153 153
155 155 155
155 155 155
155 155 155
154 154 154
154 154 154
154 154 154
153 153 153
153 153 153
155 155 155
155 155 155
155 155 155
155 155 155
155 155 155
155 155 155
155 155 155
155 155 155
155 155 155
155 155 155
155 155 155
155 155 155
155 155 155
155 155 155
155 155 155
155 155 155
155 155 155
155 155 155
155 155 155
155 155 155
155 155 155
155 155 155
155 155 155
155 155 155
154 154 154
154 154 154
155 155 155
155 155 155
155 155 155
155 155 155
155 155 155
155 155 155
155 155 155
155 155 155
155 155 155
155 155 155
155 155 155
155 155 155
155 155 155
155 155 155
155 155 155
155 155 155
155 155 155
155 155 155
155 155 155
155 155 155
155 155 155
155 155 155
155 155 155
155 155 155
155 155 155
155 155 155
155 155 155
155 155 155
155 155 155
155 155 155
155 155 155
155 155 155
155 155 155
155 155 155
155 155 155
155 155 155
155 155 155
155 155 155
155 155 155
155 155 155
155 155 155
155 155 155
155 155 155
155 155 155
155 155 155
155 155 155
155 155 155
155 155 155
155 155 155
155 155 155
155 155 155
155 155 155
155 155 155
155 155 155
155 155 155
155 155 155
155 155 155
154 154 154
151 151 151
149 149 149
149 149 149
151 151 151
154 154 154
155 155 155
155 155 155
155 155 155
154 154 154
154 154 154
154 154 154
153 153 153
153 153 153
153 153 153
150 150 150
152 152 152
154 154 154
155 155 155
155 155 155
154 154 154
152 152 152
150 150 150
155 155 155
155 155 155
154 154 154
154 154 154
154 154 154
153 153 153
153 153 153
153 153 153
155 155 155
147 147 147
150 150 150
142 142 142
250 250 250
196 196 196
177 177 177
226 229 233
214 223 232
197 209 219
179 188 201
156 160 170
156 156 166
246 2 12
136 145 155
141 153 155
95 104 117
247 3 13
222 231 244
186 198 208
30 39 52
36 48 58
251 4 17
199 209 219
216 221 230
200 207 216
190 199 209
173 187 199
173 188 204
185 203 220
191 213 231
204 228 246
209 233 251
233 255 17
227 245 6
173 189 205
162 174 186
205 215 225
243 248 1
4 8 13
135 137 138
155 155 155
154 154 154
155 155 155
154 154 154
146 146 146
155 155 155
155 155 155
155 155 155
155 155 155
155 155 155
155 155 155
155 155 155
155 155 155
155 155 155
155 155 155
153 148 150
155 153 155
155 153 155
155 153 155
155 154 155
144 145 149
72 73 77
150 155 155
150 155 155
77 84 87
6 15 18
206 218 220
203 215 217
213 226 228
199 212 214
218 235 238
199 218 225
194 215 223
208 228 239
216 235 243
212 230 241
228 245 254
220 234 246
175 187 197
174 183 196
156 159 169
156 156 167
156 156 166
169 172 186
188 192 203
24 25 39
44 51 66
206 221 240
226 247 13
222 241 6
182 202 220
182 198 215
241 0 16
59 73 85
102 112 122
57 67 74
230 236 241
251 0 1
147 152 151
147 148 146
144 145 141
155 155 152
155 155 152
155 155 154
155 155 155
155 155 155
155 155 155
155 155 155
155 155 155
154 154 154
154 154 154
153 153 153
153 153 153
153 153 153
153 153 153
153 153 153
153 153 153
153 153 153
153 153 153
155 155 155
155 155 155
154 154 154
154 154 154
154 154 154
153 153 153
153 153 153
153 153 153
155 155 155
155 155 155
155 155 155
154 154 154
154 154 154
153 153 153
153 153 153
153 153 153
155 155 155
155 155 155
154 154 154
154 154 154
154 154 154
153 153 153
153 153 153
153 153 153
155 155 155
155 155 155
155 155 155
155 155 155
155 155 155
155 155 155
155 155 155
155 155 155
155 155 155
155 155 155
155 155 155
155 155 155
155 155 155
155 155 155
155 155 155
155 155 155
155 155 155
155 155 155
155 155 155
155 155 155
155 155 155
155 155 155
155 155 155
155 155 155
154 154 154
154 154 154
154 154 154
155 155 155
155 155 155
155 155 155
155 155 155
155 155 155
155 155 155
155 155 155
155 155 155
155 155 155
155 155 155
155 155 155
155 155 155
155 155 155
155 155 155
155 155 155
155 155 155
155 155 155
155 155 155
155 155 155
155 155 155
155 155 155
155 155 155
155 155 155
155 155 155
155 155 155
155 155 155
155 155 155
155 155 155
155 155 155
155 155 155
155 155 155
155 155 155
155 155 155
155 155 155
155 155 155
155 155 155
155 155 155
155 155 155
155 155 155
155 155 155
155 155 155
155 155 155
155 155 155
155 155 155
155 155 155
155 155 155
155 155 155
155 155 155
155 155 155
155 155 155
155 155 155
155 155 155
155 155 155
155 155 155
155 155 155
155 155 155
154 154 154
152 152 152
151 151 151
151 151 151
152 152 152
154 154 154
155 155 155
154 154 154
154 154 154
154 154 154
153 153 153
153 153 153
153 153 153
152 152 152
152 152 152
150 150 150
152 152 152
154 154 154
155 155 155
155 155 155
154 154 154
152 152 152
150 150 150
155 155 155
154 154 154
154 154 154
154 154 154
153 153 153
153 153 153
153 153 153
153 153 153
145 145 145
150 150 150
155 155 155
86 86 86
230 230 230
242 242 242
192 192 192
215 219 220
188 196 203
176 187 195
252 5 15
64 75 83
112 121 131
143 154 155
135 144 154
139 150 155
100 109 119
235 246 254
230 239 249
157 168 176
252 5 15
50 61 69
11 20 30
197 206 215
202 205 213
170 176 183
156 156 163
156 158 168
156 156 170
156 156 169
156 172 187
179 202 218
201 224 240
195 216 231
200 216 232
216 232 245
205 215 225
174 183 192
200 203 211
240 243 248
97 99 100
149 149 149
155 155 155
155 155 155
155 155 155
150 150 150
154 154 154
155 155 155
154 154 154
154 154 154
154 154 154
154 154 154
154 154 154
154 154 154
154 154 154
154 154 154
155 154 155
155 154 155
155 154 155
155 154 155
152 151 153
153 155 155
139 141 142
150 155 155
150 155 155
148 155 155
52 62 62
166 178 178
156 164 164
189 203 202
176 190 189
183 198 200
184 203 208
182 201 208
193 212 220
195 213 220
187 204 213
200 216 223
199 211 221
169 180 188
156 156 164
156 156 163
160 166 177
156 156 163
161 163 174
173 175 185
208 208 220
38 44 57
164 178 196
156 162 181
156 156 170
156 172 188
9 22 36
126 138 150
143 153 155
132 141 150
138 147 151
129 136 139
58 63 64
127 132 131
155 155 154
155 155 152
150 149 145
153 152 148
155 155 154
155 155 155
155 155 155
155 155 155
155 155 155
155 155 155
154 154 154
154 154 154
153 153 153
153 153 153
153 153 153
153 153 153
153 153 153
153 153 153
153 153 153
153 153 153
154 154 154
154 154 154
154 154 154
153 153 153
153 153 153
153 153 153
152 152 152
152 152 152
155 155 155
155 155 155
155 155 155
154 154 154
154 154 154
153 153 153
153 153 153
153 153 153
155 155 155
154 154 154
154 154 154
154 154 154
153 153 153
153 153 153
153 153 153
153 153 153
154 154 154
154 154 154
154 154 154
154 154 154
154 154 154
154 154 154
154 154 154
154 154 154
154 154 154
154 154 154
154 154 154
154 154 154
154 154 154
154 154 154
154 154 154
154 154 154
154 154 154
154 154 154
154 154 154
154 154 154
154 154 154
154 154 154
154 154 154
154 154 154
153 153 153
153 153 153
154 154 154
154 154 154
154 154 154
155 155 155
155 155 155
155 155 155
154 154 154
154 154 154
154 154 154
154 154 154
154 154 154
154 154 154
154 154 154
154 154 154
154 154 154
154 154 154
154 154 154
154 154 154
154 154 154
154 154 154
154 154 154
154 154 154
154 154 154
154 154 154
154 154 154
154 154 154
154 154 154
154 154 154
154 154 154
154 154 154
155 155 155
155 155 155
155 155 155
155 155 155
155 155 155
155 155 155
155 155 155
155 155 155
155 155 155
155 155 155
155 155 155
155 155 155
155 155 155
155 155 155
155 155 155
155 155 155
155 155 155
155 155 155
155 155 155
155 155 155
155 155 155
155 155 155
155 155 155
155 155 155
155 155 155
155 155 155
154 154 154
153 153 153
153 153 153
152 152 152
152 152 152
153 153 153
153 153 153
154 154 154
153 153 153
153 153 153
153 153 153
152 152 152
152 152 152
152 152 152
151 151 151
151 151 151
150 150 150
152 152 152
154 154 154
155 155 155
155 155 155
154 154 154
152 152 152
150 150 150
154 154 154
154 154 154
154 154 154
153 153 153
153 153 153
153 153 153
152 152 152
152 152 152
152 152 152
155 155 155
155 155 155
47 47 47
93 93 93
115 115 115
252 252 252
185 187 188
250 0 5
134 144 151
146 154 155
133 143 150
145 153 155
144 154 155
146 154 155
144 154 155
146 154 155
174 184 191
182 190 197
202 212 219
191 199 206
3 13 20
6 14 21
179 187 194
226 229 234
84 87 92
106 112 119
54 63 72
32 44 54
42 58 70
247 8 21
156 156 167
156 169 182
156 169 182
183 199 211
175 187 197
156 156 163
252 2 9
83 86 91
225 226 230
74 73 75
141 141 141
155 155 155
155 155 155
155 155 155
155 155 155
155 155 155
155 155 155
153 153 153
153 153 153
153 153 153
153 153 153
153 153 153
153 153 153
153 153 153
153 153 153
155 154 155
155 150 152
145 142 144
155 154 155
149 148 150
153 155 155
152 154 155
148 152 153
150 155 155
148 155 155
148 155 155
124 134 134
100 110 110
84 96 96
57 69 69
47 62 64
251 12 15
242 5 10
238 254 4
216 232 238
187 201 207
175 189 195
166 178 184
156 156 162
156 158 165
156 156 163
156 158 165
191 194 202
29 32 40
94 96 104
53 55 63
70 72 82
103 112 125
116 129 143
130 143 155
136 148 155
140 150 155
144 153 155
143 152 155
140 148 155
148 155 155
150 155 155
130 135 134
153 155 155
142 145 143
148 149 147
155 155 154
155 155 154
155 155 155
155 155 155
155 155 155
155 155 155
155 155 155
155 155 155
154 154 154
154 154 154
153 153 153
153 153 153
153 153 153
153 153 153
153 153 153
153 153 153
153 153 153
153 153 153
153 153 153
153 153 153
153 153 153
152 152 152
152 152 152
152 152 152
151 151 151
151 151 151
155 155 155
155 155 155
155 155 155
154 154 154
154 154 154
153 153 153
153 153 153
153 153 153
154 154 154
154 154 154
154 154 154
153 153 153
153 153 153
153 153 153
152 152 152
152 152 152
153 153 153
153 153 153
153 153 153
153 153 153
153 153 153
153 153 153
153 153 153
153 153 153
153 153 153
153 153 153
153 153 153
153 153 153
153 153 153
153 153 153
153 153 153
153 153 153
153 153 153
153 153 153
153 153 153
153 153 153
153 153 153
153 153 153
153 153 153
153 153 153
152 152 152
152 152 152
153 153 153
153 153 153
154 154 154
154 154 154
154 154 154
154 154 154
153 153 153
153 153 153
153 153 153
153 153 153
153 153 153
153 153 153
153 153 153
153 153 153
153 153 153
153 153 153
153 153 153
153 153 153
153 153 153
153 153 153
153 153 153
153 153 153
153 153 153
153 153 153
153 153 153
153 153 153
153 153 153
153 153 153
153 153 153
153 153 153
154 154 154
154 154 154
155 155 155
155 155 155
155 155 155
155 155 155
155 155 155
155 155 155
155 155 155
155 155 155
155 155 155
155 155 155
155 155 155
155 155 155
155 155 155
155 155 155
155 155 155
155 155 155
155 155 155
155 155 155
155 155 155
155 155 155
155 155 155
155 155 155
155 155 155
155 155 155
152 152 152
153 153 153
153 153 153
154 154 154
154 154 154
153 153 153
153 153 153
152 152 152
152 152 152
152 152 152
152 152 152
151 151 151
151 151 151
151 151 151
150 150 150
150 150 150
150 150 150
152 152 152
154 154 154
155 155 155
155 155 155
154 154 154
152 152 152
150 150 150
154 154 154
154 154 154
153 153 153
153 153 153
152 152 152
152 152 152
152 152 152
152 152 152
147 147 147
155 155 155
146 146 146
55 55 55
127 127 127
146 146 146
143 143 143
151 153 154
150 155 155
137 146 150
148 154 155
146 155 155
148 154 155
146 155 155
141 147 152
146 155 155
145 151 155
95 104 108
1 7 12
193 202 206
211 217 222
243 252 0
232 238 243
38 45 48
144 145 149
153 154 155
150 154 155
145 153 155
140 149 155
134 147 155
139 154 155
115 131 143
45 61 73
12 27 36
228 241 249
0 9 18
68 76 83
138 142 147
153 154 155
81 80 82
95 95 95
149 149 149
155 155 155
150 150 150
155 155 155
155 155 155
152 152 152
150 150 150
152 152 152
152 152 152
152 152 152
152 152 152
152 152 152
152 152 152
152 152 152
152 152 152
155 153 155
155 154 155
140 137 139
155 154 155
150 149 151
138 140 141
145 147 148
149 153 154
150 155 155
130 138 138
142 150 150
146 155 155
140 150 150
137 149 149
144 155 155
143 155 155
141 155 155
141 155 155
141 155 155
141 155 155
136 148 152
138 149 153
144 153 155
138 147 151
124 130 135
150 154 155
144 148 153
143 146 151
144 147 152
153 153 155
136 136 142
137 140 145
142 148 155
135 144 153
141 150 155
146 154 155
146 154 155
148 154 155
146 152 155
150 155 155
150 155 155
141 145 146
147 152 151
153 155 155
153 155 155
148 151 149
153 154 152
155 155 154
155 155 155
155 155 155
155 155 155
155 155 155
155 155 155
155 155 155
154 154 154
154 154 154
153 153 153
153 153 153
153 153 153
153 153 153
153 153 153
153 153 153
153 153 153
153 153 153
152 152 152
152 152 152
152 152 152
151 151 151
151 151 151
151 151 151
150 150 150
150 150 150
155 155 155
155 155 155
155 155 155
154 154 154
154 154 154
153 153 153
153 153 153
153 153 153
154 154 154
154 154 154
153 153 153
153 153 153
152 152 152
152 152 152
152 152 152
152 152 152
152 152 152
152 152 152
152 152 152
152 152 152
152 152 152
152 152 152
152 152 152
152 152 152
152 152 152
152 152 152
152 152 152
152 152 152
152 152 152
152 152 152
152 152 152
152 152 152
152 152 152
152 152 152
152 152 152
152 152 152
152 152 152
152 152 152
152 152 152
152 152 152
151 151 151
152 152 152
152 152 152
152 152 152
153 153 153
153 153 153
153 153 153
153 153 153
152 152 152
152 152 152
152 152 152
152 152 152
152 152 152
152 152 152
152 152 152
152 152 152
152 152 152
152 152 152
152 152 152
152 152 152
152 152 152
152 152 152
152 152 152
152 152 152
152 152 152
152 152 152
152 152 152
152 152 152
152 152 152
152 152 152
152 152 152
152 152 152
152 152 152
152 152 152
155 155 155
155 155 155
155 155 155
155 155 155
155 155 155
155 155 155
155 155 155
155 155 155
155 155 155
155 155 155
155 155 155
155 155 155
155 155 155
155 155 155
155 155 155
155 155 155
155 155 155
155 155 155
155 155 155
155 155 155
155 155 155
155 155 155
155 155 155
155 155 155
151 151 151
152 152 152
154 154 154
155 155 155
155 155 155
154 154 154
152 152 152
151 151 151
151 151 151
151 151 151
151 151 151
151 151 151
150 150 150
150 150 150
149 149 149
149 149 149
150 150 150
152 152 152
154 154 154
155 155 155
155 155 155
154 154 154
152 152 152
150 150 150
153 153 153
153 153 153
153 153 153
152 152 152
152 152 152
152 152 152
151 151 151
151 151 151
155 155 155
149 149 149
155 155 155
143 143 143
153 153 153
155 155 155
155 155 155
151 153 153
144 148 149
140 145 146
136 141 144
150 155 155
139 144 147
133 138 139
150 155 155
130 135 136
138 143 146
150 155 155
149 154 155
147 152 153
150 155 155
72 77 78
58 63 66
151 155 155
154 153 155
148 147 149
141 144 148
150 154 155
148 154 155
133 143 150
136 147 155
139 152 155
137 150 155
143 154 155
144 154 155
146 155 155
149 153 155
138 141 145
149 148 150
153 152 154
139 139 139
155 155 155
151 151 151
140 140 140
145 145 145
144 144 144
148 148 148
148 148 148
152 152 152
152 152 152
152 152 152
152 152 152
152 152 152
152 152 152
152 152 152
152 152 152
140 137 139
155 154 155
148 145 147
150 147 149
153 152 154
146 145 147
151 153 154
151 155 155
146 150 151
150 155 155
147 152 153
131 139 139
143 151 151
146 155 155
145 155 155
143 155 155
142 154 154
143 155 155
144 155 155
144 155 155
143 152 155
144 154 154
148 155 155
150 155 155
151 154 155
151 155 155
151 154 155
153 155 155
144 145 149
155 154 155
155 154 155
155 154 155
151 154 155
150 155 155
139 144 147
141 146 149
151 155 155
151 155 155
151 155 155
147 151 152
146 150 151
153 155 155
153 155 155
131 133 133
153 155 155
153 155 155
145 145 145
153 153 153
155 155 155
155 155 155
155 155 155
155 155 155
155 155 155
155 155 155
154 154 154
154 154 154
153 153 153
153 153 153
153 153 153
153 153 153
153 153 153
153 153 153
153 153 153
153 153 153
151 151 151
151 151 151
151 151 151
151 151 151
150 150 150
150 150 150
149 149 149
149 149 149
155 155 155
155 155 155
155 155 155
154 154 154
154 154 154
153 153 153
153 153 153
153 153 153
153 153 153
153 153 153
153 153 153
152 152 152
152 152 152
152 152 152
151 151 151
151 151 151
152 152 152
152 152 152
152 152 152
152 152 152
152 152 152
152 152 152
152 152 152
152 152 152
152 152 152
152 152 152
152 152 152
152 152 152
152 152 152
152 152 152
152 152 152
152 152 152
152 152 152
152 152 152
152 152 152
152 152 152
152 152 152
152 152 152
152 152 152
152 152 152
150 150 150
151 151 151
151 151 151
151 151 151
152 152 152
152 152 152
152 152 152
153 153 153
152 152 152
152 152 152
152 152 152
152 152 152
152 152 152
152 152 152
152 152 152
152 152 152
152 152 152
152 152 152
152 152 152
152 152 152
152 152 152
152 152 152
152 152 152
152 152 152
152 152 152
152 152 152
152 152 152
152 152 152
152 152 152
152 152 152
152 152 152
152 152 152
151 151 151
151 151 151
155 155 155
155 155 155
155 155 155
155 155 155
155 155 155
155 155 155
155 155 155
155 155 155
155 155 155
155 155 155
155 155 155
155 155 155
155 155 155
155 155 155
155 155 155
155 155 155
155 155 155
155 155 155
155 155 155
155 155 155
155 155 155
155 155 155
155 155 155
155 155 155
149 149 149
151 151 151
154 154 154
155 155 155
155 155 155
154 154 154
151 151 151
149 149 149
151 151 151
151 151 151
150 150 150
150 150 150
149 149 149
149 149 149
149 149 149
149 149 149
150 150 150
152 152 152
154 154 154
155 155 155
155 155 155
154 154 154
152 152 152
150 150 150
153 153 153
153 153 153
152 152 152
152 152 152
152 152 152
151 151 151
151 151 151
151 151 151
142 142 142
138 138 138
155 155 155
155 155 155
135 135 135
146 146 146
155 155 155
147 147 147
142 144 144
148 153 152
151 155 155
143 148 147
139 143 144
149 154 153
142 146 147
151 155 155
143 147 148
134 139 138
148 152 153
151 155 155
151 155 155
148 153 152
151 155 155
147 149 149
155 155 155
153 150 152
151 150 152
139 142 146
139 144 147
144 151 154
143 152 155
146 155 155
146 155 155
146 155 155
136 143 146
130 135 138
153 154 155
155 154 155
136 133 135
155 155 155
155 155 155
155 155 155
151 151 151
146 146 146
142 142 142
137 137 137
149 149 149
152 152 152
151 151 151
151 151 151
151 151 151
151 151 151
151 151 151
151 151 151
151 151 151
151 151 151
140 138 138
155 155 155
152 152 152
148 148 148
155 155 155
154 154 154
153 155 155
151 155 155
151 155 155
150 155 155
143 149 148
148 155 155
148 155 155
148 155 155
137 145 144
148 155 155
147 155 154
145 153 152
143 151 151
146 154 153
150 155 155
147 153 152
145 149 150
147 152 151
153 155 155
152 154 154
143 145 146
153 153 153
148 147 149
154 152 152
149 146 148
152 150 150
149 147 147
151 152 150
153 154 152
152 153 151
154 154 154
155 155 155
153 153 153
149 149 149
155 155 155
137 137 137
155 155 155
155 155 155
139 141 141
137 139 139
153 155 155
147 149 149
155 155 155
155 155 155
155 155 155
155 155 155
155 155 155
155 155 155
154 154 154
154 154 154
153 153 153
153 153 153
153 153 153
153 153 153
153 153 153
153 153 153
153 153 153
153 153 153
151 151 151
151 151 151
150 150 150
150 150 150
149 149 149
149 149 149
149 149 149
149 149 149
155 155 155
155 155 155
155 155 155
154 154 154
154 154 154
153 153 153
153 153 153
153 153 153
153 153 153
153 153 153
152 152 152
152 152 152
152 152 152
151 151 151
151 151 151
151 151 151
151 151 151
151 151 151
151 151 151
151 151 151
151 151 151
151 151 151
151 151 151
151 151 151
151 151 151
151 151 151
151 151 151
151 151 151
151 151 151
151 151 151
151 151 151
151 151 151
151 151 151
151 151 151
151 151 151
151 151 151
151 151 151
151 151 151
151 151 151
151 151 151
150 150 150
150 150 150
150 150 150
151 151 151
151 151 151
151 151 151
152 152 152
152 152 152
151 151 151
151 151 151
151 151 151
151 151 151
151 151 151
151 151 151
151 151 151
151 151 151
151 151 151
151 151 151
151 151 151
151 151 151
151 151 151
151 151 151
151 151 151
151 151 151
151 151 151
151 151 151
151 151 151
151 151 151
151 151 151
151 151 151
151 151 151
151 151 151
150 150 150
150 150 150
155 155 155
155 155 155
155 155 155
155 155 155
155 155 155
155 155 155
155 155 155
155 155 155
155 155 155
155 155 155
155 155 155
155 155 155
155 155 155
155 155 155
155 155 155
155 155 155
155 155 155
155 155 155
155 155 155
155 155 155
155 155 155
155 155 155
155 155 155
155 155 155
149 149 149
151 151 151
155 155 155
155 155 155
155 155 155
155 155 155
151 151 151
149 149 149
150 150 150
150 150 150
150 150 150
150 150 150
149 149 149
149 149 149
148 148 148
148 148 148
150 150 150
152 152 152
154 154 154
155 155 155
155 155 155
154 154 154
152 152 152
150 150 150
153 153 153
153 153 153
152 152 152
152 152 152
151 151 151
151 151 151
151 151 151
151 151 151
155 155 155
135 135 135
151 151 151
150 150 150
155 155 155
155 155 155
145 145 145
153 153 153
144 146 146
150 153 151
143 145 145
144 147 145
149 151 151
148 151 149
153 155 155
153 155 154
153 155 155
153 155 154
151 153 153
153 155 154
151 153 153
153 155 154
146 148 148
153 153 153
155 153 153
146 141 142
155 154 155
151 150 152
147 151 152
150 155 155
137 142 143
148 153 154
147 152 153
125 130 131
151 155 155
151 155 155
135 134 136
155 153 155
155 154 155
151 149 149
146 144 144
151 151 151
153 153 153
155 155 155
152 152 152
140 140 140
153 153 153
155 155 155
150 150 150
150 150 150
150 150 150
150 150 150
150 150 150
150 150 150
150 150 150
150 150 150
153 151 151
150 148 148
152 152 152
153 153 153
155 155 155
151 151 151
149 151 151
144 146 146
151 155 155
151 155 155
151 155 155
147 153 152
146 152 151
146 154 153
150 155 155
141 147 146
150 155 155
148 153 151
146 151 150
151 155 154
151 155 155
153 155 154
153 155 155
153 155 154
155 155 155
155 155 154
155 155 155
148 149 147
155 154 154
155 155 154
150 148 148
155 155 154
151 148 144
151 148 143
155 153 149
155 155 152
155 155 152
155 155 154
155 155 154
155 155 154
145 143 143
155 155 155
148 148 148
155 155 155
152 154 154
147 149 149
153 155 155
146 148 149
155 155 155
155 155 155
155 155 155
155 155 155
155 155 155
155 155 155
154 154 154
154 154 154
153 153 153
153 153 153
153 153 153
153 153 153
153 153 153
153 153 153
153 153 153
153 153 153
150 150 150
150 150 150
150 150 150
150 150 150
149 149 149
149 149 149
148 148 148
148 148 148
155 155 155
155 155 155
155 155 155
154 154 154
154 154 154
153 153 153
153 153 153
153 153 153
153 153 153
153 153 153
152 152 152
152 152 152
151 151 151
151 151 151
151 151 151
151 151 151
150 150 150
150 150 150
150 150 150
150 150 150
150 150 150
150 150 150
150 150 150
150 150 150
150 150 150
150 150 150
150 150 150
150 150 150
150 150 150
150 150 150
150 150 150
150 150 150
150 150 150
150 150 150
150 150 150
150 150 150
150 150 150
150 150 150
150 150 150
150 150 150
149 149 149
150 150 150
150 150 150
150 150 150
151 151 151
151 151 151
151 151 151
151 151 151
150 150 150
150 150 150
150 150 150
150 150 150
150 150 150
150 150 150
150 150 150
150 150 150
150 150 150
150 150 150
150 150 150
150 150 150
150 150 150
150 150 150
150 150 150
150 150 150
150 150 150
150 150 150
150 150 150
150 150 150
150 150 150
150 150 150
150 150 150
150 150 150
149 149 149
149 149 149
155 155 155
155 155 155
155 155 155
155 155 155
155 155 155
155 155 155
155 155 155
155 155 155
155 155 155
155 155 155
155 155 155
155 155 155
155 155 155
155 155 155
155 155 155
155 155 155
155 155 155
155 155 155
155 155 155
155 155 155
155 155 155
155 155 155
155 155 155
155 155 155
152 152 152
152 152 152
153 153 153
154 154 154
154 154 154
155 155 155
155 155 155
155 155 155
152 152 152
152 152 152
152 152 152
152 152 152
152 152 152
152 152 152
152 152 152
152 152 152
152 152 152
152 152 152
152 152 152
152 152 152
152 152 152
152 152 152
152 152 152
152 152 152
155 155 155
155 155 155
155 155 155
154 154 154
154 154 154
153 153 153
153 153 153
153 153 153
151 151 151
151 151 151
151 151 151
151 151 151
152 152 152
152 152 152
153 153 153
153 153 153
148 149 147
148 149 145
149 150 148
149 150 146
150 151 149
150 151 147
150 151 149
150 151 147
151 152 150
151 152 148
151 152 150
151 152 148
151 152 150
151 152 148
151 152 150
151 152 150
153 151 151
155 150 151
153 151 151
151 151 151
151 151 151
149 151 151
149 151 151
147 152 151
145 150 149
146 151 150
148 150 150
150 150 150
151 151 151
153 151 151
155 150 151
154 152 152
149 147 147
147 147 147
147 147 147
147 147 147
148 148 148
148 148 148
148 148 148
149 149 149
152 152 152
152 152 152
152 152 152
152 152 152
152 152 152
152 152 152
152 152 152
152 152 152
151 151 151
151 151 151
151 151 151
151 151 151
152 152 152
152 152 152
151 153 153
151 153 153
153 155 155
151 155 155
151 155 155
151 155 155
151 155 155
150 155 155
151 155 155
151 155 155
151 155 154
153 155 152
153 155 154
153 155 152
153 155 154
155 155 152
155 155 154
155 155 152
155 155 154
155 155 152
155 155 154
155 155 152
155 155 154
155 155 152
155 155 154
155 155 152
155 155 151
155 155 149
155 155 151
155 155 151
155 155 151
155 155 152
155 155 152
155 155 152
155 155 154
155 155 154
155 155 155
155 155 155
155 154 155
155 154 155
153 155 155
153 155 155
155 155 155
155 155 155
155 155 155
154 154 154
154 154 154
153 153 153
153 153 153
153 153 153
151 151 151
153 153 153
155 155 155
155 155 155
155 155 155
155 155 155
153 153 153
151 151 151
153 153 153
153 153 153
153 153 153
153 153 153
153 153 153
153 153 153
153 153 153
153 153 153
152 152 152
152 152 152
152 152 152
152 152 152
152 152 152
152 152 152
152 152 152
152 152 152
154 154 154
153 153 153
153 153 153
152 152 152
151 151 151
150 150 150
150 150 150
150 150 150
152 152 152
151 151 151
151 151 151
151 151 151
150 150 150
150 150 150
150 150 150
149 149 149
149 149 149
150 150 150
150 150 150
150 150 150
151 151 151
151 151 151
151 151 151
152 152 152
149 149 149
150 150 150
150 150 150
150 150 150
151 151 151
151 151 151
151 151 151
152 152 152
151 151 151
151 151 151
151 151 151
151 151 151
151 151 151
151 151 151
151 151 151
151 151 151
149 149 149
149 149 149
149 149 149
149 149 149
149 149 149
149 149 149
149 149 149
149 149 149
149 149 149
150 150 150
150 150 150
150 150 150
151 151 151
151 151 151
151 151 151
152 152 152
152 152 152
152 152 152
152 152 152
152 152 152
152 152 152
152 152 152
152 152 152
152 152 152
150 150 150
150 150 150
155 155 155
155 155 155
155 155 155
155 155 155
155 155 155
155 155 155
155 155 155
155 155 155
155 155 155
155 155 155
155 155 155
155 155 155
155 155 155
155 155 155
155 155 155
155 155 155
155 155 155
155 155 155
155 155 155
155 155 155
155 155 155
155 155 155
155 155 155
155 155 155
152 152 152
152 152 152
153 153 153
154 154 154
154 154 154
155 155 155
155 155 155
155 155 155
152 152 152
152 152 152
152 152 152
152 152 152
152 152 152
152 152 152
152 152 152
152 152 152
152 152 152
152 152 152
152 152 152
152 152 152
152 152 152
152 152 152
152 152 152
152 152 152
155 155 155
155 155 155
155 155 155
154 154 154
154 154 154
153 153 153
153 153 153
153 153 153
151 151 151
151 151 151
151 151 151
152 152 152
152 152 152
152 152 152
153 153 153
153 154 152
149 150 148
149 150 146
149 150 146
149 150 146
150 151 147
150 151 147
151 152 148
151 152 148
151 152 148
151 152 148
151 152 148
151 152 148
151 152 148
151 152 148
151 152 148
151 152 150
155 150 151
155 150 151
153 151 151
153 151 151
153 151 150
151 152 150
151 152 150
149 152 150
150 151 149
150 151 149
150 151 149
151 152 150
153 151 151
153 151 151
155 151 152
154 152 152
155 153 153
153 153 153
153 153 153
154 154 154
154 154 154
155 155 155
155 155 155
155 155 155
152 152 152
152 152 152
152 152 152
152 152 152
152 152 152
152 152 152
152 152 152
152 152 152
151 151 151
151 151 151
151 151 151
152 152 152
152 152 152
152 152 152
151 153 153
151 153 153
153 155 155
153 155 155
153 155 155
151 155 155
153 155 155
151 155 155
153 155 155
153 155 154
153 155 152
153 155 152
155 155 152
155 155 152
155 155 152
155 155 152
155 155 152
155 155 152
155 155 152
155 155 152
155 155 152
155 155 152
155 155 152
155 155 152
155 155 152
155 155 152
155 155 151
155 155 149
155 155 151
155 155 151
155 155 151
155 155 151
155 155 152
155 155 152
155 155 154
155 155 154
155 155 155
155 155 155
155 154 155
155 154 155
153 155 155
153 155 155
155 155 155
155 155 155
155 155 155
154 154 154
154 154 154
153 153 153
153 153 153
153 153 153
151 151 151
153 153 153
155 155 155
155 155 155
155 155 155
155 155 155
153 153 153
151 151 151
153 153 153
153 153 153
153 153 153
153 153 153
153 153 153
153 153 153
153 153 153
153 153 153
152 152 152
152 152 152
152 152 152
152 152 152
152 152 152
152 152 152
152 152 152
152 152 152
154 154 154
154 154 154
153 153 153
152 152 152
151 151 151
151 151 151
150 150 150
150 150 150
152 152 152
152 152 152
151 151 151
151 151 151
151 151 151
150 150 150
150 150 150
150 150 150
150 150 150
150 150 150
150 150 150
151 151 151
151 151 151
151 151 151
152 152 152
152 152 152
150 150 150
150 150 150
150 150 150
151 151 151
151 151 151
151 151 151
152 152 152
152 152 152
151 151 151
151 151 151
151 151 151
151 151 151
151 151 151
151 151 151
151 151 151
151 151 151
150 150 150
150 150 150
150 150 150
150 150 150
150 150 150
150 150 150
150 150 150
150 150 150
150 150 150
150 150 150
150 150 150
151 151 151
151 151 151
151 151 151
152 152 152
152 152 152
152 152 152
152 152 152
152 152 152
152 152 152
152 152 152
152 152 152
152 152 152
152 152 152
152 152 152
152 152 152
155 155 155
155 155 155
155 155 155
155 155 155
155 155 155
155 155 155
155 155 155
155 155 155
155 155 155
155 155 155
155 155 155
155 155 155
155 155 155
155 155 155
155 155 155
155 155 155
155 155 155
155 155 155
155 155 155
155 155 155
155 155 155
155 155 155
155 155 155
155 155 155
152 152 152
152 152 152
153 153 153
154 154 154
154 154 154
155 155 155
155 155 155
155 155 155
151 151 151
151 151 151
151 151 151
151 151 151
151 151 151
151 151 151
151 151 151
151 151 151
152 152 152
152 152 152
152 152 152
152 152 152
152 152 152
152 152 152
152 152 152
152 152 152
155 155 155
155 155 155
155 155 155
154 154 154
154 154 154
153 153 153
153 153 153
153 153 153
151 151 151
151 151 151
152 152 152
152 152 152
152 152 152
153 153 153
153 153 153
153 154 152
149 150 148
149 150 146
150 151 147
150 151 147
151 152 148
151 152 148
151 152 148
151 152 148
151 152 148
151 152 148
151 152 148
151 152 148
151 152 148
151 152 148
151 152 148
151 152 150
155 150 152
155 150 152
155 150 151
153 151 151
153 151 150
153 151 150
153 152 148
151 152 148
152 151 147
152 151 147
152 150 149
153 151 150
155 150 151
155 151 152
155 151 153
154 151 153
147 145 145
145 145 145
146 146 146
146 146 146
146 146 146
147 147 147
147 147 147
147 147 147
152 152 152
152 152 152
152 152 152
152 152 152
152 152 152
152 152 152
152 152 152
152 152 152
151 152 150
151 152 150
152 153 151
152 153 151
152 153 151
153 154 152
153 154 152
153 154 152
155 155 154
155 155 154
155 155 154
153 155 154
155 155 154
153 155 154
155 155 154
155 155 154
155 155 152
155 155 152
155 155 152
155 155 152
155 155 152
155 155 152
155 155 152
155 155 152
155 155 152
155 155 152
155 155 152
155 155 152
155 155 152
155 155 152
155 155 152
155 155 152
155 155 152
155 155 151
155 155 152
155 155 152
155 155 152
155 155 152
155 155 154
155 155 154
155 155 155
155 155 155
155 155 155
155 155 155
155 154 155
155 154 155
155 154 155
155 154 155
155 155 155
155 155 155
155 155 155
154 154 154
154 154 154
153 153 153
153 153 153
153 153 153
151 151 151
153 153 153
155 155 155
155 155 155
155 155 155
155 155 155
153 153 153
151 151 151
152 152 152
152 152 152
152 152 152
152 152 152
152 152 152
152 152 152
152 152 152
152 152 152
152 152 152
152 152 152
152 152 152
152 152 152
152 152 152
152 152 152
152 152 152
152 152 152
154 154 154
154 154 154
153 153 153
153 153 153
152 152 152
151 151 151
150 150 150
150 150 150
152 152 152
152 152 152
152 152 152
151 151 151
151 151 151
150 150 150
150 150 150
150 150 150
150 150 150
150 150 150
150 150 150
151 151 151
151 151 151
152 152 152
152 152 152
152 152 152
150 150 150
150 150 150
150 150 150
151 151 151
151 151 151
152 152 152
152 152 152
152 152 152
151 151 151
151 151 151
151 151 151
151 151 151
151 151 151
151 151 151
151 151 151
151 151 151
150 150 150
150 150 150
150 150 150
150 150 150
150 150 150
150 150 150
150 150 150
150 150 150
150 150 150
150 150 150
150 150 150
151 151 151
151 151 151
152 152 152
152 152 152
152 152 152
152 152 152
152 152 152
152 152 152
152 152 152
152 152 152
152 152 152
152 152 152
152 152 152
154 154 154
154 154 154
155 155 155
155 155 155
155 155 155
155 155 155
155 155 155
155 155 155
155 155 155
155 155 155
155 155 155
155 155 155
155 155 155
155 155 155
155 155 155
155 155 155
155 155 155
155 155 155
155 155 155
155 155 155
155 155 155
155 155 155
155 155 155
155 155 155
155 155 155
155 155 155
152 152 152
152 152 152
153 153 153
154 154 154
154 154 154
155 155 155
155 155 155
155 155 155
151 151 151
151 151 151
151 151 151
151 151 151
151 151 151
151 151 151
151 151 151
151 151 151
153 153 153
153 153 153
153 153 153
153 153 153
153 153 153
153 153 153
153 153 153
153 153 153
155 155 155
155 155 155
155 155 155
154 154 154
154 154 154
153 153 153
153 153 153
153 153 153
152 152 152
152 152 152
152 152 152
152 152 152
153 153 153
153 153 153
154 154 154
154 154 154
150 151 149
150 151 147
151 152 148
151 152 148
151 152 148
152 153 149
152 153 149
152 153 149
152 153 149
152 153 149
152 153 149
152 153 149
152 153 149
152 153 149
152 153 149
152 153 151
154 151 153
155 150 155
155 151 153
155 151 152
154 152 151
154 152 151
154 153 149
154 153 149
152 151 147
153 152 148
153 151 150
153 151 150
155 151 152
155 151 153
155 150 155
155 151 155
152 151 153
152 152 152
152 152 152
153 153 153
153 153 153
154 154 154
154 154 154
154 154 154
152 152 152
152 152 152
152 152 152
152 152 152
152 152 152
152 152 152
152 152 152
152 152 152
152 153 151
152 153 151
152 153 151
152 153 151
153 154 152
153 154 152
154 155 153
154 155 153
155 155 154
155 155 154
155 155 154
155 155 154
155 155 154
155 155 154
155 155 154
155 155 154
155 155 152
155 155 152
155 155 152
155 155 152
155 155 152
155 155 152
155 155 152
155 155 152
155 155 152
155 155 152
155 155 152
155 155 152
155 155 152
155 155 152
155 155 152
155 155 152
155 155 154
155 155 154
155 155 154
155 155 154
155 155 154
155 155 154
155 155 154
155 154 155
155 155 155
155 155 155
155 155 155
155 155 155
155 154 155
155 154 155
155 154 155
155 154 155
155 155 155
155 155 155
155 155 155
154 154 154
154 154 154
153 153 153
153 153 153
153 153 153
151 151 151
153 153 153
155 155 155
155 155 155
155 155 155
155 155 155
153 153 153
151 151 151
152 152 152
152 152 152
152 152 152
152 152 152
152 152 152
152 152 152
152 152 152
152 152 152
153 153 153
153 153 153
153 153 153
153 153 153
153 153 153
153 153 153
153 153 153
153 153 153
155 155 155
154 154 154
154 154 154
153 153 153
152 152 152
151 151 151
151 151 151
151 151 151
153 153 153
152 152 152
152 152 152
152 152 152
151 151 151
151 151 151
151 151 151
150 150 150
150 150 150
151 151 151
151 151 151
151 151 151
152 152 152
152 152 152
152 152 152
153 153 153
150 150 150
151 151 151
151 151 151
151 151 151
152 152 152
152 152 152
152 152 152
153 153 153
152 152 152
152 152 152
152 152 152
152 152 152
152 152 152
152 152 152
152 152 152
152 152 152
151 151 151
151 151 151
151 151 151
151 151 151
151 151 151
151 151 151
151 151 151
151 151 151
150 150 150
151 151 151
151 151 151
151 151 151
152 152 152
152 152 152
152 152 152
153 153 153
152 152 152
152 152 152
152 152 152
152 152 152
152 152 152
152 152 152
152 152 152
152 152 152
155 155 155
155 155 155
155 155 155
155 155 155
155 155 155
155 155 155
155 155 155
155 155 155
155 155 155
155 155 155
155 155 155
155 155 155
155 155 155
155 155 155
155 155 155
155 155 155
155 155 155
155 155 155
155 155 155
155 155 155
155 155 155
155 155 155
155 155 155
155 155 155
155 155 155
155 155 155
152 152 152
152 152 152
153 153 153
154 154 154
154 154 154
155 155 155
155 155 155
155 155 155
150 150 150
150 150 150
150 150 150
150 150 150
150 150 150
150 150 150
150 150 150
150 150 150
153 153 153
153 153 153
153 153 153
153 153 153
153 153 153
153 153 153
153 153 153
153 153 153
155 155 155
155 155 155
155 155 155
154 154 154
154 154 154
153 153 153
153 153 153
153 153 153
152 152 152
152 152 152
153 153 153
153 153 153
153 153 153
154 154 154
154 154 154
154 154 154
151 152 150
151 152 150
152 153 151
152 153 151
152 153 151
153 154 152
153 154 152
153 154 152
152 153 151
152 153 151
152 153 151
152 153 151
152 153 151
152 153 151
152 153 151
152 152 152
152 151 155
154 150 155
154 150 155
154 151 153
154 152 152
154 152 151
155 153 149
155 153 148
155 152 147
155 152 148
153 151 150
154 152 152
154 151 153
155 151 155
155 151 155
153 151 155
153 152 154
153 153 153
153 153 153
154 154 154
154 154 154
155 155 155
155 155 155
155 155 155
152 152 152
152 152 152
152 152 152
152 152 152
152 152 152
152 152 152
152 152 152
152 152 152
150 153 151
150 153 151
151 154 152
151 154 152
153 154 152
154 155 153
154 155 153
154 155 153
155 155 154
155 155 154
155 155 154
155 155 154
155 155 154
155 155 154
155 155 154
155 155 154
155 155 154
155 155 154
155 155 154
155 155 154
155 155 154
155 155 154
155 155 154
155 155 154
153 155 154
153 155 154
153 155 154
153 155 154
153 155 154
153 155 154
153 155 154
155 155 154
155 155 155
155 155 155
155 155 155
155 155 155
155 155 155
155 155 155
155 155 155
155 154 155
155 154 155
155 154 155
155 155 155
155 155 155
155 155 155
155 155 155
155 155 155
155 155 155
155 155 155
155 155 155
155 155 155
154 154 154
154 154 154
153 153 153
153 153 153
153 153 153
151 151 151
153 153 153
155 155 155
155 155 155
155 155 155
155 155 155
153 153 153
151 151 151
152 152 152
152 152 152
152 152 152
152 152 152
152 152 152
152 152 152
152 152 152
152 152 152
153 153 153
153 153 153
153 153 153
153 153 153
153 153 153
153 153 153
153 153 153
153 153 153
155 155 155
155 155 155
154 154 154
154 154 154
153 153 153
152 152 152
151 151 151
151 151 151
153 153 153
153 153 153
153 153 153
152 152 152
152 152 152
151 151 151
151 151 151
151 151 151
151 151 151
151 151 151
151 151 151
152 152 152
152 152 152
153 153 153
153 153 153
153 153 153
151 151 151
151 151 151
151 151 151
152 152 152
152 152 152
153 153 153
153 153 153
153 153 153
152 152 152
152 152 152
152 152 152
152 152 152
152 152 152
152 152 152
152 152 152
152 152 152
152 152 152
152 152 152
152 152 152
152 152 152
152 152 152
152 152 152
152 152 152
152 152 152
151 151 151
151 151 151
151 151 151
152 152 152
152 152 152
153 153 153
153 153 153
153 153 153
152 152 152
152 152 152
152 152 152
152 152 152
152 152 152
152 152 152
152 152 152
152 152 152
155 155 155
155 155 155
155 155 155
155 155 155
155 155 155
155 155 155
155 155 155
155 155 155
155 155 155
155 155 155
155 155 155
155 155 155
155 155 155
155 155 155
155 155 155
155 155 155
155 155 155
155 155 155
155 155 155
155 155 155
155 155 155
155 155 155
155 155 155
155 155 155
155 155 155
155 155 155
152 152 152
152 152 152
153 153 153
154 154 154
154 154 154
155 155 155
155 155 155
155 155 155
150 150 150
150 150 150
150 150 150
150 150 150
150 150 150
150 150 150
150 150 150
150 150 150
154 154 154
154 154 154
154 154 154
154 154 154
154 154 154
154 154 154
154 154 154
154 154 154
155 155 155
155 155 155
155 155 155
154 154 154
154 154 154
153 153 153
153 153 153
153 153 153
153 153 153
153 153 153
153 153 153
153 153 153
154 154 154
154 154 154
154 154 154
155 155 155
152 153 151
152 153 151
153 154 152
153 154 152
153 154 152
154 155 153
154 155 153
154 155 153
152 153 151
152 153 151
152 153 151
152 153 151
152 153 151
152 153 151
152 153 151
152 152 152
152 150 155
152 149 155
154 150 155
154 151 153
154 152 152
154 152 151
155 153 149
155 153 148
155 152 147
155 153 149
154 152 151
154 152 152
155 151 155
153 151 155
153 150 155
153 151 155
148 147 149
148 148 148
148 148 148
149 149 149
149 149 149
149 149 149
150 150 150
150 150 150
152 152 152
152 152 152
152 152 152
152 152 152
152 152 152
152 152 152
152 152 152
152 152 152
151 154 152
151 154 152
151 154 152
151 154 152
154 155 153
154 155 153
154 155 153
155 155 154
155 155 154
155 155 154
155 155 154
155 155 154
155 155 154
155 155 154
155 155 154
155 155 154
155 155 154
155 155 154
155 155 154
155 155 154
155 155 154
155 155 154
155 155 154
153 155 154
153 155 154
153 155 154
153 155 154
153 155 154
153 155 154
153 155 154
153 155 154
153 155 155
153 155 155
153 154 155
155 154 155
155 154 155
155 154 155
155 154 155
155 154 155
155 154 155
155 154 155
155 154 155
155 155 155
155 155 155
155 155 155
155 155 155
155 155 155
155 155 155
155 155 155
155 155 155
155 155 155
154 154 154
154 154 154
153 153 153
153 153 153
153 153 153
151 151 151
153 153 153
155 155 155
155 155 155
155 155 155
155 155 155
153 153 153
151 151 151
151 151 151
151 151 151
151 151 151
151 151 151
151 151 151
151 151 151
151 151 151
151 151 151
154 154 154
154 154 154
154 154 154
154 154 154
154 154 154
154 154 154
154 154 154
154 154 154
155 155 155
155 155 155
155 155 155
154 154 154
153 153 153
152 152 152
152 152 152
151 151 151
153 153 153
153 153 153
153 153 153
153 153 153
152 152 152
152 152 152
152 152 152
151 151 151
151 151 151
152 152 152
152 152 152
152 152 152
153 153 153
153 153 153
153 153 153
153 153 153
151 151 151
152 152 152
152 152 152
152 152 152
153 153 153
153 153 153
153 153 153
153 153 153
152 152 152
152 152 152
152 152 152
152 152 152
152 152 152
152 152 152
152 152 152
152 152 152
153 153 153
153 153 153
153 153 153
153 153 153
153 153 153
153 153 153
153 153 153
153 153 153
151 151 151
152 152 152
152 152 152
152 152 152
153 153 153
153 153 153
153 153 153
153 153 153
152 152 152
152 152 152
152 152 152
152 152 152
152 152 152
152 152 152
152 152 152
152 152 152
152 152 152
152 152 152
155 155 155
155 155 155
155 155 155
155 155 155
155 155 155
155 155 155
155 155 155
155 155 155
155 155 155
155 155 155
155 155 155
155 155 155
155 155 155
155 155 155
155 155 155
155 155 155
155 155 155
155 155 155
155 155 155
155 155 155
155 155 155
155 155 155
155 155 155
155 155 155
152 152 152
152 152 152
153 153 153
154 154 154
154 154 154
155 155 155
155 155 155
155 155 155
150 150 150
150 150 150
150 150 150
150 150 150
150 150 150
150 150 150
150 150 150
150 150 150
154 154 154
154 154 154
154 154 154
154 154 154
154 154 154
154 154 154
154 154 154
154 154 154
155 155 155
155 155 155
155 155 155
154 154 154
154 154 154
153 153 153
153 153 153
153 153 153
153 153 153
153 153 153
153 153 153
154 154 154
154 154 154
154 154 154
155 155 155
155 155 155
151 153 153
151 153 153
151 153 153
152 154 154
152 154 154
152 154 154
153 155 155
153 155 155
151 153 153
151 153 153
151 153 153
151 153 153
151 153 153
151 153 153
151 153 153
151 153 154
151 150 155
151 150 155
153 151 155
153 152 155
155 152 154
155 153 152
155 154 150
155 154 150
155 153 149
155 153 149
154 152 151
155 153 153
153 152 155
153 151 155
154 151 155
152 151 155
155 154 155
155 155 155
155 155 155
155 155 155
155 155 155
155 155 155
155 155 155
155 155 155
152 152 152
152 152 152
152 152 152
152 152 152
152 152 152
152 152 152
152 152 152
152 152 152
151 154 152
151 155 150
151 155 150
152 155 151
154 155 151
154 155 151
155 155 152
155 155 152
155 155 152
155 155 152
155 155 152
155 155 152
155 155 152
155 155 152
155 155 152
155 155 154
155 155 154
155 155 155
155 155 155
155 155 155
153 155 155
153 155 155
153 155 155
153 155 155
153 155 155
151 155 155
151 155 155
151 155 155
151 155 155
151 155 155
151 155 155
151 155 155
151 154 155
151 154 155
153 153 155
153 153 155
153 153 155
153 154 155
153 154 155
155 154 155
155 154 155
155 154 155
155 154 155
155 154 155
155 154 155
155 154 155
155 154 155
155 155 155
155 155 155
155 155 155
155 155 155
154 154 154
154 154 154
153 153 153
153 153 153
153 153 153
151 151 151
153 153 153
155 155 155
155 155 155
155 155 155
155 155 155
153 153 153
151 151 151
151 151 151
151 151 151
151 151 151
151 151 151
151 151 151
151 151 151
151 151 151
151 151 151
154 154 154
154 154 154
154 154 154
154 154 154
154 154 154
154 154 154
154 154 154
154 154 154
155 155 155
155 155 155
155 155 155
154 154 154
153 153 153
153 153 153
152 152 152
152 152 152
154 154 154
154 154 154
153 153 153
153 153 153
153 153 153
152 152 152
152 152 152
152 152 152
152 152 152
152 152 152
152 152 152
153 153 153
153 153 153
153 153 153
154 154 154
154 154 154
152 152 152
152 152 152
152 152 152
153 153 153
153 153 153
153 153 153
154 154 154
154 154 154
153 153 153
153 153 153
153 153 153
153 153 153
153 153 153
153 153 153
153 153 153
153 153 153
154 154 154
154 154 154
154 154 154
154 154 154
154 154 154
154 154 154
154 154 154
154 154 154
152 152 152
152 152 152
152 152 152
153 153 153
153 153 153
153 153 153
154 154 154
154 154 154
152 152 152
152 152 152
152 152 152
152 152 152
152 152 152
152 152 152
152 152 152
152 152 152
149 149 149
149 149 149
155 155 155
155 155 155
155 155 155
155 155 155
155 155 155
155 155 155
155 155 155
155 155 155
155 155 155
155 155 155
155 155 155
155 155 155
155 155 155
155 155 155
155 155 155
155 155 155
155 155 155
155 155 155
155 155 155
155 155 155
155 155 155
155 155 155
155 155 155
155 155 155
152 152 152
152 152 152
153 153 153
154 154 154
154 154 154
155 155 155
155 155 155
155 155 155
149 149 149
149 149 149
149 149 149
149 149 149
149 149 149
149 149 149
149 149 149
149 149 149
154 154 154
154 154 154
154 154 154
154 154 154
154 154 154
154 154 154
154 154 154
154 154 154
155 155 155
155 155 155
155 155 155
154 154 154
154 154 154
153 153 153
153 153 153
153 153 153
153 153 153
153 153 153
154 154 154
154 154 154
154 154 154
155 155 155
155 155 155
155 155 155
151 153 153
151 153 153
152 154 154
152 154 154
152 154 154
153 155 155
153 155 155
153 155 155
151 153 153
151 153 153
151 153 153
151 153 153
151 153 153
151 153 153
151 153 153
151 153 154
151 151 155
151 151 155
153 151 155
153 152 155
155 152 154
155 153 153
155 153 152
155 154 150
155 152 151
154 152 151
154 152 152
155 152 154
153 152 155
154 152 155
152 152 155
152 152 155
151 150 152
152 152 152
152 152 152
152 152 152
153 153 153
153 153 153
153 153 153
153 153 153
152 152 152
152 152 152
152 152 152
152 152 152
152 152 152
152 152 152
152 152 152
152 152 152
151 154 152
151 155 150
152 155 153
152 155 151
154 155 153
155 155 152
155 155 154
155 155 152
155 155 154
155 155 152
155 155 154
155 155 152
155 155 154
155 155 152
155 155 154
155 155 154
155 155 155
155 155 155
155 155 155
155 155 155
153 155 155
153 155 155
153 155 155
153 155 155
153 155 155
151 155 155
153 155 155
151 155 155
153 155 155
151 155 155
151 155 155
151 155 155
151 154 155
151 154 155
153 153 155
153 153 155
153 154 155
153 154 155
153 154 155
153 155 155
155 154 155
155 154 155
155 154 155
155 154 155
155 155 155
155 155 155
155 154 155
155 155 155
155 155 155
155 155 155
155 155 155
154 154 154
154 154 154
153 153 153
153 153 153
153 153 153
151 151 151
153 153 153
155 155 155
155 155 155
155 155 155
155 155 155
153 153 153
151 151 151
151 151 151
151 151 151
151 151 151
151 151 151
151 151 151
151 151 151
151 151 151
151 151 151
154 154 154
154 154 154
154 154 154
154 154 154
154 154 154
154 154 154
154 154 154
154 154 154
155 155 155
155 155 155
155 155 155
155 155 155
154 154 154
153 153 153
152 152 152
152 152 152
154 154 154
154 154 154
154 154 154
153 153 153
153 153 153
152 152 152
152 152 152
152 152 152
152 152 152
152 152 152
152 152 152
153 153 153
153 153 153
154 154 154
154 154 154
154 154 154
152 152 152
152 152 152
152 152 152
153 153 153
153 153 153
154 154 154
154 154 154
154 154 154
153 153 153
153 153 153
153 153 153
153 153 153
153 153 153
153 153 153
153 153 153
153 153 153
154 154 154
154 154 154
154 154 154
154 154 154
154 154 154
154 154 154
154 154 154
154 154 154
152 152 152
152 152 152
152 152 152
153 153 153
153 153 153
154 154 154
154 154 154
154 154 154
152 152 152
152 152 152
152 152 152
152 152 152
152 152 152
152 152 152
152 152 152
152 152 152
147 147 147
147 147 147
155 155 155
155 155 155
155 155 155
155 155 155
155 155 155
155 155 155
155 155 155
155 155 155
155 155 155
155 155 155
155 155 155
155 155 155
155 155 155
155 155 155
155 155 155
155 155 155
155 155 155
155 155 155
155 155 155
155 155 155
155 155 155
155 155 155
155 155 155
155 155 155
155 155 155
155 155 155
154 154 154
153 153 153
152 152 152
152 152 152
151 151 151
151 151 151
154 154 154
154 154 154
154 154 154
154 154 154
154 154 154
154 154 154
154 154 154
154 154 154
151 151 151
151 151 151
152 152 152
152 152 152
153 153 153
154 154 154
155 155 155
155 155 155
155 155 155
155 155 155
155 155 155
155 155 155
155 155 155
155 155 155
155 155 155
155 155 155
155 155 155
155 155 155
155 155 155
155 155 155
155 155 155
155 155 155
155 155 155
155 155 155
155 155 155
155 155 155
155 155 155
155 155 155
155 155 155
155 155 155
155 155 155
155 155 155
155 155 155
155 155 155
155 155 155
155 155 155
155 155 155
155 155 155
155 155 155
155 155 155
155 154 155
155 154 155
155 154 155
155 154 155
155 155 155
155 155 155
155 155 155
155 155 154
155 155 155
155 155 155
155 155 155
155 155 155
155 154 155
155 154 155
155 154 155
155 154 155
155 155 155
155 155 155
155 155 155
155 155 155
155 155 155
155 155 155
155 155 155
155 155 155
155 155 155
155 155 155
154 154 154
154 154 154
154 154 154
153 153 153
153 153 153
153 153 153
154 154 154
154 155 153
155 155 155
155 155 154
155 155 155
155 155 154
155 155 155
155 155 154
155 155 155
155 155 154
155 155 155
155 155 154
155 155 155
155 155 154
155 155 155
155 155 155
155 155 155
155 155 155
155 155 155
155 155 155
155 155 155
155 155 155
155 155 155
155 155 155
155 155 155
153 155 155
155 155 155
153 155 155
155 155 155
153 155 155
153 155 155
153 155 155
153 155 155
153 155 155
155 154 155
155 154 155
155 154 155
155 154 155
155 154 155
155 155 155
155 155 155
155 155 155
155 155 155
155 155 155
155 155 155
155 155 155
155 155 155
155 155 155
155 155 155
155 155 155
155 155 155
155 155 155
155 155 155
155 155 155
155 155 155
155 155 155
150 150 150
151 151 151
151 151 151
152 152 152
153 153 153
154 154 154
155 155 155
155 155 155
155 155 155
155 155 155
155 155 155
154 154 154
154 154 154
154 154 154
153 153 153
153 153 153
152 152 152
152 152 152
153 153 153
154 154 154
154 154 154
155 155 155
155 155 155
155 155 155
155 155 155
155 155 155
155 155 155
155 155 155
155 155 155
155 155 155
155 155 155
155 155 155
155 155 155
155 155 155
155 155 155
155 155 155
155 155 155
155 155 155
155 155 155
155 155 155
155 155 155
155 155 155
155 155 155
155 155 155
155 155 155
155 155 155
155 155 155
155 155 155
155 155 155
155 155 155
155 155 155
155 155 155
155 155 155
155 155 155
155 155 155
155 155 155
155 155 155
155 155 155
155 155 155
155 155 155
155 155 155
155 155 155
155 155 155
155 155 155
155 155 155
155 155 155
155 155 155
155 155 155
155 155 155
155 155 155
155 155 155
155 155 155
155 155 155
155 155 155
155 155 155
155 155 155
155 155 155
155 155 155
155 155 155
155 155 155
154 154 154
154 154 154
153 153 153
153 153 153
153 153 153
152 152 152
152 152 152
152 152 152
155 155 155
155 155 155
155 155 155
155 155 155
155 155 155
155 155 155
155 155 155
155 155 155
155 155 155
155 155 155
155 155 155
155 155 155
155 155 155
155 155 155
155 155 155
155 155 155
155 155 155
155 155 155
155 155 155
155 155 155
155 155 155
155 155 155
155 155 155
155 155 155
155 155 155
155 155 155
155 155 155
155 155 155
154 154 154
153 153 153
152 152 152
152 152 152
151 151 151
151 151 151
154 154 154
154 154 154
154 154 154
154 154 154
154 154 154
154 154 154
154 154 154
154 154 154
151 151 151
151 151 151
152 152 152
152 152 152
153 153 153
154 154 154
155 155 155
155 155 155
155 155 155
155 155 155
155 155 155
155 155 155
155 155 155
155 155 155
155 155 155
155 155 155
155 155 155
155 155 155
155 155 155
155 155 155
155 155 155
155 155 155
155 155 155
155 155 155
155 155 155
155 155 155
155 155 155
155 155 155
155 155 155
155 155 155
155 155 155
155 155 155
155 155 155
155 155 155
155 155 155
155 155 155
155 155 155
155 155 155
155 155 155
155 155 155
155 155 155
155 155 155
155 155 155
155 155 155
155 155 155
155 155 155
155 155 155
155 155 155
155 155 155
155 155 155
155 155 155
155 155 155
155 155 155
155 155 155
155 155 155
155 155 155
155 155 155
155 155 155
155 155 155
155 155 155
155 155 155
155 155 155
155 155 155
155 155 155
155 155 155
155 155 155
155 155 155
154 154 154
154 154 154
154 154 154
153 153 153
153 153 153
154 154 154
154 154 154
155 155 155
155 155 155
155 155 155
155 155 155
155 155 155
155 155 155
155 155 155
155 155 155
155 155 155
155 155 155
155 155 155
155 155 155
155 155 155
155 155 155
155 155 155
155 155 155
155 155 155
155 155 155
155 155 155
155 155 155
155 155 155
155 155 155
155 155 155
155 155 155
155 155 155
155 155 155
155 155 155
155 155 155
155 155 155
155 155 155
155 155 155
155 155 155
155 155 155
155 155 155
155 155 155
155 155 155
155 155 155
155 155 155
155 155 155
155 155 155
155 155 155
155 155 155
155 155 155
155 155 155
155 155 155
155 155 155
155 155 155
155 155 155
155 155 155
155 155 155
155 155 155
155 155 155
155 155 155
155 155 155
151 151 151
151 151 151
152 152 152
153 153 153
153 153 153
154 154 154
154 154 154
155 155 155
155 155 155
155 155 155
154 154 154
154 154 154
154 154 154
153 153 153
153 153 153
153 153 153
152 152 152
152 152 152
153 153 153
154 154 154
154 154 154
155 155 155
155 155 155
155 155 155
155 155 155
155 155 155
155 155 155
155 155 155
155 155 155
155 155 155
155 155 155
155 155 155
155 155 155
155 155 155
155 155 155
155 155 155
155 155 155
155 155 155
155 155 155
155 155 155
155 155 155
155 155 155
155 155 155
155 155 155
155 155 155
155 155 155
155 155 155
155 155 155
155 155 155
155 155 155
155 155 155
155 155 155
155 155 155
155 155 155
155 155 155
155 155 155
155 155 155
155 155 155
155 155 155
155 155 155
155 155 155
155 155 155
155 155 155
155 155 155
155 155 155
155 155 155
155 155 155
155 155 155
155 155 155
155 155 155
155 155 155
155 155 155
155 155 155
155 155 155
155 155 155
155 155 155
155 155 155
155 155 155
155 155 155
155 155 155
154 154 154
154 154 154
154 154 154
153 153 153
153 153 153
152 152 152
152 152 152
152 152 152
155 155 155
155 155 155
155 155 155
155 155 155
155 155 155
155 155 155
155 155 155
155 155 155
155 155 155
155 155 155
155 155 155
155 155 155
155 155 155
155 155 155
155 155 155
155 155 155
155 155 155
155 155 155
155 155 155
155 155 155
155 155 155
155 155 155
155 155 155
155 155 155
155 155 155
155 155 155
155 155 155
155 155 155
154 154 154
153 153 153
152 152 152
152 152 152
151 151 151
151 151 151
154 154 154
154 154 154
154 154 154
154 154 154
154 154 154
154 154 154
154 154 154
154 154 154
151 151 151
151 151 151
152 152 152
152 152 152
153 153 153
154 154 154
155 155 155
155 155 155
155 155 155
155 155 155
155 155 155
155 155 155
155 155 155
155 155 155
155 155 155
155 155 155
155 155 155
155 155 155
155 155 155
155 155 155
155 155 155
155 155 155
155 155 155
155 155 155
155 155 155
155 155 155
155 155 155
155 155 155
155 155 155
155 155 155
155 155 155
155 155 155
155 155 155
155 155 155
155 155 155
155 155 155
155 155 155
155 155 155
155 155 155
155 155 155
155 155 155
155 155 155
155 155 155
155 155 155
155 155 155
155 155 155
155 155 155
155 155 155
155 155 155
155 155 155
155 155 155
155 155 155
155 155 155
155 155 155
155 155 155
155 155 155
155 155 155
155 155 155
155 155 155
155 155 155
155 155 155
155 155 155
155 155 155
155 155 155
155 155 155
155 155 155
155 155 155
155 155 155
154 154 154
154 154 154
154 154 154
153 153 153
154 154 154
154 154 154
155 155 155
155 155 155
155 155 155
155 155 155
155 155 155
155 155 155
155 155 155
155 155 155
155 155 155
155 155 155
155 155 155
155 155 155
155 155 155
155 155 155
155 155 155
155 155 155
155 155 155
155 155 155
155 155 155
155 155 155
155 155 155
155 155 155
155 155 155
155 155 155
155 155 155
155 155 155
155 155 155
155 155 155
155 155 155
155 155 155
155 155 155
155 155 155
155 155 155
155 155 155
155 155 155
155 155 155
155 155 155
155 155 155
155 155 155
155 155 155
155 155 155
155 155 155
155 155 155
155 155 155
155 155 155
155 155 155
155 155 155
155 155 155
155 155 155
155 155 155
155 155 155
155 155 155
155 155 155
155 155 155
152 152 152
152 152 152
153 153 153
153 153 153
153 153 153
153 153 153
153 153 153
153 153 153
155 155 155
154 154 154
154 154 154
154 154 154
153 153 153
153 153 153
153 153 153
153 153 153
152 152 152
152 152 152
153 153 153
154 154 154
154 154 154
155 155 155
155 155 155
155 155 155
155 155 155
155 155 155
155 155 155
155 155 155
155 155 155
155 155 155
155 155 155
155 155 155
155 155 155
155 155 155
155 155 155
155 155 155
155 155 155
155 155 155
155 155 155
155 155 155
155 155 155
155 155 155
155 155 155
155 155 155
155 155 155
155 155 155
155 155 155
155 155 155
155 155 155
155 155 155
155 155 155
155 155 155
155 155 155
155 155 155
155 155 155
155 155 155
155 155 155
155 155 155
155 155 155
155 155 155
155 155 155
155 155 155
155 155 155
155 155 155
155 155 155
155 155 155
155 155 155
155 155 155
155 155 155
155 155 155
155 155 155
155 155 155
155 155 155
155 155 155
155 155 155
155 155 155
155 155 155
155 155 155
155 155 155
155 155 155
154 154 154
154 154 154
154 154 154
154 154 154
153 153 153
153 153 153
152 152 152
152 152 152
155 155 155
155 155 155
155 155 155
155 155 155
155 155 155
155 155 155
155 155 155
155 155 155
155 155 155
155 155 155
155 155 155
155 155 155
155 155 155
155 155 155
155 155 155
155 155 155
155 155 155
155 155 155
155 155 155
155 155 155
155 155 155
155 155 155
155 155 155
155 155 155
155 155 155
155 155 155
155 155 155
155 155 155
154 154 154
153 153 153
152 152 152
152 152 152
151 151 151
151 151 151
153 153 153
153 153 153
153 153 153
153 153 153
153 153 153
153 153 153
153 153 153
153 153 153
151 151 151
151 151 151
152 152 152
152 152 152
153 153 153
154 154 154
155 155 155
155 155 155
155 155 155
155 155 155
155 155 155
155 155 155
155 155 155
155 155 155
155 155 155
155 155 155
155 155 155
155 155 155
155 155 155
155 155 155
155 155 155
155 155 155
155 155 155
155 155 155
155 155 155
155 155 155
155 155 155
155 155 155
155 155 155
155 155 155
155 155 155
155 155 155
155 155 155
155 155 155
155 155 155
155 155 155
155 155 155
155 155 155
155 155 155
155 155 155
155 155 155
155 155 155
155 155 155
155 155 155
155 155 155
155 155 155
155 155 155
155 155 155
155 155 155
155 155 155
155 155 155
155 155 155
155 155 155
155 155 155
155 155 155
155 155 155
155 155 155
155 155 155
155 155 155
155 155 155
155 155 155
155 155 155
155 155 155
155 155 155
155 155 155
155 155 155
155 155 155
155 155 155
155 155 155
154 154 154
154 154 154
154 154 154
154 154 154
154 154 154
155 155 155
155 155 155
155 155 155
155 155 155
155 155 155
155 155 155
155 155 155
155 155 155
155 155 155
155 155 155
155 155 155
155 155 155
155 155 155
155 155 155
155 155 155
155 155 155
155 155 155
155 155 155
155 155 155
155 155 155
155 155 155
155 155 155
155 155 155
155 155 155
155 155 155
155 155 155
155 155 155
155 155 155
155 155 155
155 155 155
155 155 155
155 155 155
155 155 155
155 155 155
155 155 155
155 155 155
155 155 155
155 155 155
155 155 155
155 155 155
155 155 155
155 155 155
155 155 155
155 155 155
155 155 155
155 155 155
155 155 155
155 155 155
155 155 155
155 155 155
155 155 155
155 155 155
155 155 155
155 155 155
154 154 154
154 154 154
154 154 154
153 153 153
153 153 153
152 152 152
152 152 152
152 152 152
154 154 154
154 154 154
154 154 154
153 153 153
153 153 153
153 153 153
152 152 152
152 152 152
152 152 152
152 152 152
153 153 153
154 154 154
154 154 154
155 155 155
155 155 155
155 155 155
155 155 155
155 155 155
155 155 155
155 155 155
155 155 155
155 155 155
155 155 155
155 155 155
155 155 155
155 155 155
155 155 155
155 155 155
155 155 155
155 155 155
155 155 155
155 155 155
155 155 155
155 155 155
155 155 155
155 155 155
155 155 155
155 155 155
155 155 155
155 155 155
155 155 155
155 155 155
155 155 155
155 155 155
155 155 155
155 155 155
155 155 155
155 155 155
155 155 155
155 155 155
155 155 155
155 155 155
155 155 155
155 155 155
155 155 155
155 155 155
155 155 155
155 155 155
155 155 155
155 155 155
155 155 155
155 155 155
155 155 155
155 155 155
155 155 155
155 155 155
155 155 155
155 155 155
155 155 155
155 155 155
155 155 155
155 155 155
155 155 155
155 155 155
154 154 154
154 154 154
154 154 154
153 153 153
153 153 153
153 153 153
155 155 155
155 155 155
